-- MySQL dump 10.13  Distrib 5.6.22, for osx10.10 (x86_64)
--
-- Host: localhost    Database: ccgd_development
-- ------------------------------------------------------
-- Server version	5.6.22

/*!40101 SET @OLD_CHARACTER_SET_CLIENT=@@CHARACTER_SET_CLIENT */;
/*!40101 SET @OLD_CHARACTER_SET_RESULTS=@@CHARACTER_SET_RESULTS */;
/*!40101 SET @OLD_COLLATION_CONNECTION=@@COLLATION_CONNECTION */;
/*!40101 SET NAMES utf8 */;
/*!40103 SET @OLD_TIME_ZONE=@@TIME_ZONE */;
/*!40103 SET TIME_ZONE='+00:00' */;
/*!40014 SET @OLD_UNIQUE_CHECKS=@@UNIQUE_CHECKS, UNIQUE_CHECKS=0 */;
/*!40014 SET @OLD_FOREIGN_KEY_CHECKS=@@FOREIGN_KEY_CHECKS, FOREIGN_KEY_CHECKS=0 */;
/*!40101 SET @OLD_SQL_MODE=@@SQL_MODE, SQL_MODE='NO_AUTO_VALUE_ON_ZERO' */;
/*!40111 SET @OLD_SQL_NOTES=@@SQL_NOTES, SQL_NOTES=0 */;

--
-- Table structure for table `addresses`
--

DROP TABLE IF EXISTS `addresses`;
/*!40101 SET @saved_cs_client     = @@character_set_client */;
/*!40101 SET character_set_client = utf8 */;
CREATE TABLE `addresses` (
  `id` int(11) NOT NULL AUTO_INCREMENT,
  `street` varchar(255) COLLATE utf8_unicode_ci DEFAULT NULL,
  `city` varchar(255) COLLATE utf8_unicode_ci DEFAULT NULL,
  `country` varchar(255) COLLATE utf8_unicode_ci DEFAULT NULL,
  `created_at` datetime NOT NULL,
  `updated_at` datetime NOT NULL,
  `state_id` int(11) DEFAULT NULL,
  PRIMARY KEY (`id`)
) ENGINE=InnoDB AUTO_INCREMENT=79 DEFAULT CHARSET=utf8 COLLATE=utf8_unicode_ci;
/*!40101 SET character_set_client = @saved_cs_client */;

--
-- Dumping data for table `addresses`
--

LOCK TABLES `addresses` WRITE;
/*!40000 ALTER TABLE `addresses` DISABLE KEYS */;
INSERT INTO `addresses` VALUES (1,'44 Binney Street','Boston','NULL','2016-05-02 19:10:49','2016-05-02 19:10:49',21),(2,'7 Cambridge Center','Cambridge','NULL','2016-05-02 19:10:49','2016-05-02 19:10:49',21),(3,'75 Francis Street','Boston','NULL','2016-05-02 19:10:49','2016-05-02 19:10:49',21),(4,'21-27 Burlington Ave.','Boston','NULL','2016-05-02 19:10:49','2016-05-02 19:10:49',21),(5,'55 Fruit Street','Boston','NULL','2016-05-02 19:10:49','2016-05-02 19:10:49',21),(6,'243 Charles St','Boston','NULL','2016-05-02 19:10:49','2016-05-02 19:10:49',21),(7,'1 Blackfan Circle','Boston','NULL','2016-05-02 19:10:49','2016-05-02 19:10:49',21),(8,'20 Shattuck St','Boston','NULL','2016-05-02 19:10:49','2016-05-02 19:10:49',21),(9,'600 Beaver St','Waltham ','NULL','2016-05-02 19:10:49','2016-05-02 19:10:49',21),(10,'221 Longwood Ave','Boston','NULL','2016-05-02 19:10:49','2016-05-02 19:10:49',21),(11,'11-934 Factor Bldg','Los Angeles','NULL','2016-05-02 19:10:49','2016-05-02 19:10:49',5),(12,'3 Blackfan Circle','Boston','NULL','2016-05-02 19:10:49','2016-05-02 19:10:49',21),(13,'250 Mass Ave','Cambridge','NULL','2016-05-02 19:10:49','2016-05-02 19:10:49',21),(14,'50 Blossom Street','Boston','NULL','2016-05-02 19:10:49','2016-05-02 19:10:49',21),(15,'Ireland Cancer Center / University Hospitals 2103 Cornell Road ','Cleveland','NULL','2016-05-02 19:10:49','2016-05-02 19:10:49',35),(16,'78 Memorial Dr.','Cambridge','NULL','2016-05-02 19:10:49','2016-05-02 19:10:49',21),(17,'375 Longwood','Boston','NULL','2016-05-02 19:10:49','2016-05-02 19:10:49',21),(18,'St Andrews Place','Melbourne','Victoria','2016-05-02 19:10:49','2016-05-02 19:10:49',0),(19,'15 Parkman Street',' Wang 460','Boston','2016-05-02 19:10:49','2016-05-02 19:10:49',0),(20,'Irwondong 50',' Kangnamgu','Seoul','2016-05-02 19:10:49','2016-05-02 19:10:49',0),(21,'Box 91006',' B232 LSRC','Durham','2016-05-02 19:10:49','2016-05-02 19:10:49',0),(22,'149 13th Street','Charlestown','NULL','2016-05-02 19:10:49','2016-05-02 19:10:49',21),(23,'65 Landsdowne Street','Cambridge','NULL','2016-05-02 19:10:49','2016-05-02 19:10:49',21),(24,'550 First Avenue','New York','NULL','2016-05-02 19:10:49','2016-05-02 19:10:49',32),(25,'61 Binney Street','Boston','NULL','2016-05-02 19:10:49','2016-05-02 19:10:49',21),(26,'88',' Stuart Street',' Queen\'s University','2016-05-02 19:10:49','2016-05-02 19:10:49',0),(27,'50 Irwon-dong Gangnam-gu','Seoul','Korea','2016-05-02 19:10:49','2016-05-02 19:10:49',0),(28,'650 Charles E Young Dr. South','Los Angeles','NULL','2016-05-02 19:10:49','2016-05-02 19:10:49',5),(29,'780 Memorial Drive','Cambridge','NULL','2016-05-02 19:10:49','2016-05-02 19:10:49',21),(30,'70 Francis Street','Boston','NULL','2016-05-02 19:10:49','2016-05-02 19:10:49',21),(31,'301 Binney Street','Cambridge','NULL','2016-05-02 19:10:49','2016-05-02 19:10:49',21),(32,'270 Albany Street','Cambridge','NULL','2016-05-02 19:10:49','2016-05-02 19:10:49',21),(33,'450 Brookline Avenue','Boston','NULL','2016-05-02 19:10:49','2016-05-02 19:10:49',21),(34,'123-34',' GIL','SEOUL','2016-05-02 19:10:49','2016-05-02 19:10:49',0),(35,'101 Science Drive','Durham','NULL','2016-05-02 19:10:49','2016-05-02 19:10:49',33),(36,'1 joslin Place','Boston','NULL','2016-05-02 19:10:49','2016-05-02 19:10:49',21),(37,'27 Drydock Avenue','Boston','NULL','2016-05-02 19:10:49','2016-05-02 19:10:49',21),(38,'77 Avenue Louis Pasteur','Boston','NULL','2016-05-02 19:10:49','2016-05-02 19:10:49',21),(39,'330 Brookline Ave','Boston','NULL','2016-05-02 19:10:49','2016-05-02 19:10:49',21),(40,'99 Brookline Avenue','Boston','NULL','2016-05-02 19:10:49','2016-05-02 19:10:49',21),(41,'450 Brookline Ave','Boston','NULL','2016-05-02 19:10:50','2016-05-02 19:10:50',21),(42,'4 Blackfan street','Boston','NULL','2016-05-02 19:10:50','2016-05-02 19:10:50',21),(43,'Dana 15',' 450 Brookline Avenue','Boston','2016-05-02 19:10:50','2016-05-02 19:10:50',0),(44,'450 Brookline Ave',' JF208B','Boston','2016-05-02 19:10:50','2016-05-02 19:10:50',0),(45,'5 Blackfan Circle','Boston','NULL','2016-05-02 19:10:50','2016-05-02 19:10:50',21),(46,'221 Longwood Avenue','Boston','NULL','2016-05-02 19:10:50','2016-05-02 19:10:50',21),(47,'nowhere','boston','NULL','2016-05-02 19:10:50','2016-05-02 19:10:50',21),(48,'94 heritage dr','lowell','NULL','2016-05-02 19:10:50','2016-05-02 19:10:50',21),(49,'450 Brookline Ave.','Boston','NULL','2016-05-02 19:10:50','2016-05-02 19:10:50',21),(50,'555 University Avenue','Toronto','Ontario','2016-05-02 19:10:50','2016-05-02 19:10:50',0),(51,'450 Brookline Ave. SM1010','Boston','NULL','2016-05-02 19:10:50','2016-05-02 19:10:50',21),(52,'Dana Farber','Boston','NULL','2016-05-02 19:10:50','2016-05-02 19:10:50',21),(53,'450 Brookline Av','Boston','NULL','2016-05-02 19:10:50','2016-05-02 19:10:50',21),(54,'Turnhoutseweg 30','Beerse','Belgium','2016-05-02 19:10:50','2016-05-02 19:10:50',0),(55,'300 Longwood Avenue','Boston','NULL','2016-05-02 19:10:50','2016-05-02 19:10:50',21),(56,'250 Longwood Avenue','Boston','NULL','2016-05-02 19:10:50','2016-05-02 19:10:50',21),(57,'251 Sir Frederick Banting Driveway','Ottawa','Ontario','2016-05-02 19:10:50','2016-05-02 19:10:50',0),(58,'450 Brookline Avenue',' Dana 1514','Boston','2016-05-02 19:10:50','2016-05-02 19:10:50',0),(59,'1450 Brookline  Avenue','Boston','NULL','2016-05-02 19:10:50','2016-05-02 19:10:50',21),(60,'44 Binney St','Boston','NULL','2016-05-02 19:10:50','2016-05-02 19:10:50',21),(61,'Dana-Farber Cancer Institute',' 44 Binney St.','Boston','2016-05-02 19:10:50','2016-05-02 19:10:50',0),(62,'77 Ave Louis Pasteur','Boston','NULL','2016-05-02 19:10:50','2016-05-02 19:10:50',21),(63,'440 Brookline Ave.','Boston','NULL','2016-05-02 19:10:50','2016-05-02 19:10:50',21),(64,'450 Brookline Ave M534','Boston','NULL','2016-05-02 19:10:50','2016-05-02 19:10:50',21),(65,'301 Binney Street','Boston','NULL','2016-05-02 19:10:50','2016-05-02 19:10:50',21),(66,'5323 Harry Hines Blvd.','Dallas','NULL','2016-05-02 19:10:50','2016-05-02 19:10:50',43),(67,'Karp 7',' One Blackfan Circle','Boston','2016-05-02 19:10:50','2016-05-02 19:10:50',0),(68,'Marchioninistr. 25','Munich','Germany','2016-05-02 19:10:50','2016-05-02 19:10:50',0),(69,'1470 Madison Avenue','New York','NULL','2016-05-02 19:10:50','2016-05-02 19:10:50',32),(70,'Henricistrasse 92','Essen','Germany','2016-05-02 19:10:50','2016-05-02 19:10:50',0),(71,'1 Jimmy Fund Way',' Sm-1022','Boston','2016-05-02 19:10:50','2016-05-02 19:10:50',0),(72,'1 Jimmy Fund Way','Boston','NULL','2016-05-02 19:10:50','2016-05-02 19:10:50',21),(73,'Muellner Hauptstraße 48','Salzburg','Salzburg Austria','2016-05-02 19:10:50','2016-05-02 19:10:50',0),(74,'4 Blackfan St','Boston','NULL','2016-05-02 19:10:50','2016-05-02 19:10:50',21),(75,'tbd','tbd','tbd','2016-05-02 19:10:50','2016-05-02 19:10:50',0),(76,'3755 Cote Sainte-Catherine Road','Montreal','Canada','2016-05-02 19:10:50','2016-05-02 19:10:50',0),(77,'75 Francis St',' Dept of Pathology',' Amory 3','2016-05-02 19:10:50','2016-05-02 19:10:50',0),(78,'1 Blackfan Cir','Boston','NULL','2016-05-02 19:10:50','2016-05-02 19:10:50',21);
/*!40000 ALTER TABLE `addresses` ENABLE KEYS */;
UNLOCK TABLES;

--
-- Table structure for table `lab_groups`
--

DROP TABLE IF EXISTS `lab_groups`;
/*!40101 SET @saved_cs_client     = @@character_set_client */;
/*!40101 SET character_set_client = utf8 */;
CREATE TABLE `lab_groups` (
  `id` int(11) NOT NULL AUTO_INCREMENT,
  `name` varchar(255) COLLATE utf8_unicode_ci DEFAULT NULL,
  `code` varchar(255) COLLATE utf8_unicode_ci DEFAULT NULL,
  `created_at` datetime NOT NULL,
  `updated_at` datetime NOT NULL,
  `location_id` int(11) DEFAULT NULL,
  PRIMARY KEY (`id`)
) ENGINE=InnoDB AUTO_INCREMENT=203 DEFAULT CHARSET=utf8 COLLATE=utf8_unicode_ci;
/*!40101 SET character_set_client = @saved_cs_client */;

--
-- Dumping data for table `lab_groups`
--

LOCK TABLES `lab_groups` WRITE;
/*!40000 ALTER TABLE `lab_groups` DISABLE KEYS */;
INSERT INTO `lab_groups` VALUES (1,'CCGD Administration','CCGD','2016-05-02 19:10:53','2016-05-02 19:10:53',1),(2,'CCGD Genotyping','CCGD','2016-05-02 19:10:53','2016-05-02 19:10:53',1),(3,'Freedman Lab','FRDMAN','2016-05-02 19:10:53','2016-05-02 19:10:53',3),(4,'Garraway Lab','GARRWY','2016-05-02 19:10:53','2016-05-02 19:10:53',2),(5,'Golub Broad Lab','GOLBBI','2016-05-02 19:10:53','2016-05-02 19:10:53',4),(6,'Golub DFCI Lab','GOLUB','2016-05-02 19:10:53','2016-05-02 19:10:53',2),(7,'Hahn Lab','HAHN','2016-05-02 19:10:53','2016-05-02 19:10:53',2),(8,'Loda Lab','LODA','2016-05-02 19:10:53','2016-05-02 19:10:53',2),(9,'Kinome','MRSNBI','2016-05-02 19:10:53','2016-05-02 19:10:53',4),(10,'Meyerson DFCI Lab','MYRSON','2016-05-02 19:10:53','2016-05-02 19:10:53',2),(11,'Polyak Lab','POLYAK','2016-05-02 19:10:53','2016-05-02 19:10:53',2),(12,'ramesh shivdasani','SHIV','2016-05-02 19:10:53','2016-05-02 19:10:53',3),(13,'Janne Lab','JANNE','2016-05-02 19:10:53','2016-05-02 19:10:53',5),(14,'Rani George','GEORGE','2016-05-02 19:10:53','2016-05-02 19:10:53',6),(15,'Thomas Roberts','RBERTS','2016-05-02 19:10:53','2016-05-02 19:10:53',7),(16,'Thomas Look','LOOK','2016-05-02 19:10:53','2016-05-02 19:10:53',8),(17,'Jerome Ritz','RITZ','2016-05-02 19:10:53','2016-05-02 19:10:53',10),(18,'Matthew Kulke','KULKE','2016-05-02 19:10:53','2016-05-02 19:10:53',11),(19,'Margaret Shipp','SHIPP','2016-05-02 19:10:53','2016-05-02 19:10:53',12),(20,'Philip Kantoff','KNTOFF','2016-05-02 19:10:53','2016-05-02 19:10:53',13),(21,'Robert Ross','ROSS','2016-05-02 19:10:53','2016-05-02 19:10:53',13),(22,'Myles Brown','BROWN','2016-05-02 19:10:53','2016-05-02 19:10:53',14),(23,'Jennifer R. Brown','JRBRWN','2016-05-02 19:10:53','2016-05-02 19:10:53',15),(24,'Rollins','ROLLNS','2016-05-02 19:10:53','2016-05-02 19:10:53',16),(25,'Stiles Lab','STILES','2016-05-02 19:10:53','2016-05-02 19:10:53',21),(26,'Chirieac','CHIRI','2016-05-02 19:10:53','2016-05-02 19:10:53',22),(27,'CCGD Pilot','CCGD','2016-05-02 19:10:53','2016-05-02 19:10:53',1),(28,'Microarray Core','CHPLAB','2016-05-02 19:10:53','2016-05-02 19:10:53',23),(29,'Sarcoma Lab','DUAN','2016-05-02 19:10:53','2016-05-02 19:10:53',24),(30,'Ebert Lab','EBERT','2016-05-02 19:10:53','2016-05-02 19:10:53',22),(31,'Gilliland','GLLLND','2016-05-02 19:10:53','2016-05-02 19:10:53',22),(32,'Hezel','HEZEL','2016-05-02 19:10:53','2016-05-02 19:10:53',24),(33,'Kim','KIM','2016-05-02 19:10:53','2016-05-02 19:10:53',25),(34,'Henske','HENSKE','2016-05-02 19:10:53','2016-05-02 19:10:53',22),(35,'Chin Lab','CHIN','2016-05-02 19:10:53','2016-05-02 19:10:53',26),(36,'Hornicek','HRNCEK','2016-05-02 19:10:53','2016-05-02 19:10:53',27),(37,'Fletcher lab','FLTCHR','2016-05-02 19:10:53','2016-05-02 19:10:53',28),(38,'Ng','NG','2016-05-02 19:10:53','2016-05-02 19:10:53',30),(39,'Ribas','RIBAS','2016-05-02 19:10:53','2016-05-02 19:10:53',31),(40,'Christopher Walsh','WALSH','2016-05-02 19:10:53','2016-05-02 19:10:53',32),(41,'BIACS','BIACS','2016-05-02 19:10:53','2016-05-02 19:10:53',33),(42,'Ligon Lab','LIGON','2016-05-02 19:10:53','2016-05-02 19:10:53',35),(43,'Monahan','MONHAN','2016-05-02 19:10:53','2016-05-02 19:10:53',36),(44,'Chung Lab','CHUNG','2016-05-02 19:10:53','2016-05-02 19:10:53',40),(45,'Koon lab','KOON','2016-05-02 19:10:53','2016-05-02 19:10:53',42),(46,'Infinity','INFI','2016-05-02 19:10:53','2016-05-02 19:10:53',43),(47,'Infinity','INFI','2016-05-02 19:10:53','2016-05-02 19:10:53',43),(48,'Ovarian Cancer Genomics','LEVEL3','2016-05-02 19:10:53','2016-05-02 19:10:53',45),(49,'Rosenberg','RSNBRG','2016-05-02 19:10:53','2016-05-02 19:10:53',13),(50,'Tenen Lab','TENEN','2016-05-02 19:10:53','2016-05-02 19:10:53',46),(51,'Segal lab','Segallab','2016-05-02 19:10:53','2016-05-02 19:10:53',47),(52,'4th floor','Kinome','2016-05-02 19:10:53','2016-05-02 19:10:53',48),(53,'Cancer Program','GOLUB','2016-05-02 19:10:53','2016-05-02 19:10:53',2),(54,'BJ Rollins','BJR grou','2016-05-02 19:10:53','2016-05-02 19:10:53',50),(55,'Armstrong Lab','SAA','2016-05-02 19:10:53','2016-05-02 19:10:53',51),(56,'HIV Therapeutics','kuritzke','2016-05-02 19:10:53','2016-05-02 19:10:53',52),(57,'Garraway Lab','Garraway','2016-05-02 19:10:53','2016-05-02 19:10:53',53),(58,'genetics','Kwiatkow','2016-05-02 19:10:53','2016-05-02 19:10:53',54),(59,'Thyroid Cancer','214741','2016-05-02 19:10:53','2016-05-02 19:10:53',55),(60,'Panc Adeno Project',' Ferrone Lab','2016-05-02 19:10:53','2016-05-02 19:10:53',0),(61,'Fredenburgh Lab','FREDEN','2016-05-02 19:10:53','2016-05-02 19:10:53',57),(62,'Kwiatkowski Lab','RB06005A','2016-05-02 19:10:53','2016-05-02 19:10:53',58),(63,'15th floor','Meyerson','2016-05-02 19:10:53','2016-05-02 19:10:53',59),(64,'Medical Oncology - 8th floor',' Ghobrial lab','2016-05-02 19:10:53','2016-05-02 19:10:53',123456),(65,'Ghobrial lab','1234567','2016-05-02 19:10:53','2016-05-02 19:10:53',60),(66,'Oncology','ONC','2016-05-02 19:10:53','2016-05-02 19:10:53',62),(67,'CAMD','CAMD','2016-05-02 19:10:53','2016-05-02 19:10:53',22),(68,'Thyroid Surgery Lab Thier 603 Parangi Lab','1151983','2016-05-02 19:10:53','2016-05-02 19:10:53',63),(69,'ORF and RNAi work','HahnLab','2016-05-02 19:10:53','2016-05-02 19:10:53',64),(70,'Kirsch Lab',' ','2016-05-02 19:10:53','2016-05-02 19:10:53',65),(71,'Dana 15','Garraway','2016-05-02 19:10:53','2016-05-02 19:10:53',53),(72,'Bowtell Lab','LEVEL3','2016-05-02 19:10:53','2016-05-02 19:10:53',45),(73,'Cancer','zonlab','2016-05-02 19:10:53','2016-05-02 19:10:53',67),(74,'Dyson Lab','NDYSON','2016-05-02 19:10:53','2016-05-02 19:10:53',68),(75,'DePinho lab','depinho1','2016-05-02 19:10:53','2016-05-02 19:10:53',69),(76,'Mayer 4','DeCaprio','2016-05-02 19:10:53','2016-05-02 19:10:53',70),(77,'Kuritzkes Lab','87654321','2016-05-02 19:10:53','2016-05-02 19:10:53',71),(78,'Lab of Benjamin L. Ebert','ebert201','2016-05-02 19:10:53','2016-05-02 19:10:53',72),(79,'Pathology Dpt.','EHL305','2016-05-02 19:10:54','2016-05-02 19:10:54',73),(80,'Ribas Lab','31262','2016-05-02 19:10:54','2016-05-02 19:10:54',74),(81,'Translational Research','Fleming','2016-05-02 19:10:54','2016-05-02 19:10:54',75),(82,'Chin-Lee Wu','Wu Lab','2016-05-02 19:10:54','2016-05-02 19:10:54',76),(83,'Pediatric Oncology','KSteg','2016-05-02 19:10:54','2016-05-02 19:10:54',77),(84,'Cancer cytogenetics','JSOVCA','2016-05-02 19:10:54','2016-05-02 19:10:54',78),(85,'Nanomed','Nanomed','2016-05-02 19:10:54','2016-05-02 19:10:54',79),(86,'Antoni Ribas','RIBAS','2016-05-02 19:10:54','2016-05-02 19:10:54',31),(87,'Mark Kieran','Kieran','2016-05-02 19:10:54','2016-05-02 19:10:54',6),(88,'Ligon Lab','Ligon208','2016-05-02 19:10:54','2016-05-02 19:10:54',83),(89,'Leiomyosarcoma','EHL305','2016-05-02 19:10:54','2016-05-02 19:10:54',73),(90,'15th floor','prostate','2016-05-02 19:10:54','2016-05-02 19:10:54',84),(91,'Infinity','Infinity','2016-05-02 19:10:54','2016-05-02 19:10:54',85),(92,'Heme Malignancies','BrownCLL','2016-05-02 19:10:54','2016-05-02 19:10:54',86),(93,'Cancer Program','BSP','2016-05-02 19:10:54','2016-05-02 19:10:54',90),(94,'CCCB','CCCB','2016-05-02 19:10:54','2016-05-02 19:10:54',91),(95,'DeCaprio','DcCaprio','2016-05-02 19:10:54','2016-05-02 19:10:54',70),(96,'Gastroenterology','Kokkotou','2016-05-02 19:10:54','2016-05-02 19:10:54',92),(97,'Meyerson Lab','Meyerson','2016-05-02 19:10:54','2016-05-02 19:10:54',59),(98,'Cancer Bio','YUG310J','2016-05-02 19:10:54','2016-05-02 19:10:54',94),(99,'CMOP','CMOP','2016-05-02 19:10:54','2016-05-02 19:10:54',35),(100,'Choueiri-Signoretti','Choueiri','2016-05-02 19:10:54','2016-05-02 19:10:54',22),(101,'Swanson Research','Swanson','2016-05-02 19:10:54','2016-05-02 19:10:54',95),(102,'Cancer Biology','unknown','2016-05-02 19:10:54','2016-05-02 19:10:54',96),(103,'Saurin Lab','1234','2016-05-02 19:10:54','2016-05-02 19:10:54',22),(104,'Wong','7644','2016-05-02 19:10:54','2016-05-02 19:10:54',97),(105,'Pedi Onc','unknown','2016-05-02 19:10:54','2016-05-02 19:10:54',96),(106,'Beroukhim Lab','rameen','2016-05-02 19:10:54','2016-05-02 19:10:54',100),(107,'Pedatric Oncology','snf5','2016-05-02 19:10:54','2016-05-02 19:10:54',101),(108,'Cantley Lab','NA','2016-05-02 19:10:54','2016-05-02 19:10:54',102),(109,'Makrigiorgos','coldpcr','2016-05-02 19:10:54','2016-05-02 19:10:54',103),(110,'AML','1','2016-05-02 19:10:54','2016-05-02 19:10:54',8),(111,'Jeff Krane',' Head and Neck Pathology','2016-05-02 19:10:54','2016-05-02 19:10:54',11911),(112,'Breast Oncology','none','2016-05-02 19:10:54','2016-05-02 19:10:54',107),(113,'Shipp Lab','Shipp La','2016-05-02 19:10:54','2016-05-02 19:10:54',108),(114,'Santagata Lab','103964','2016-05-02 19:10:54','2016-05-02 19:10:54',110),(115,'Hematologic Neoplasia','D512WEIN','2016-05-02 19:10:54','2016-05-02 19:10:54',111),(116,'GI Genomics','Hsu_lab','2016-05-02 19:10:54','2016-05-02 19:10:54',112),(117,'Hsu lab','hsu','2016-05-02 19:10:54','2016-05-02 19:10:54',113),(118,'medulloblastoma','Segallab','2016-05-02 19:10:54','2016-05-02 19:10:54',47),(119,'OBSGYN','GYNONCOL','2016-05-02 19:10:54','2016-05-02 19:10:54',123),(120,'Choueiri-Signoretti','12345','2016-05-02 19:10:54','2016-05-02 19:10:54',124),(121,'Wagers Lab','Jos630 ','2016-05-02 19:10:54','2016-05-02 19:10:54',125),(122,'HIM346','MITSIAD','2016-05-02 19:10:54','2016-05-02 19:10:54',126),(123,'C-NExT','Ligonext','2016-05-02 19:10:54','2016-05-02 19:10:54',127),(124,'Weinstock lab','weinstoc','2016-05-02 19:10:54','2016-05-02 19:10:54',128),(125,'Meyerson','??','2016-05-02 19:10:54','2016-05-02 19:10:54',131),(126,'Mitsiades lab','Mitsiade','2016-05-02 19:10:54','2016-05-02 19:10:54',132),(127,'BIDMC Cancer Center Cantley','none','2016-05-02 19:10:54','2016-05-02 19:10:54',107),(128,'Thyroid Cancer Translational','212354','2016-05-02 19:10:54','2016-05-02 19:10:54',134),(129,'Conrad','WRN-4-40','2016-05-02 19:10:54','2016-05-02 19:10:54',135),(130,'Human Thyroid Cancers Translational Research','CNUCERA','2016-05-02 19:10:54','2016-05-02 19:10:54',136),(131,'Gyn Rad Onc','GynRO','2016-05-02 19:10:54','2016-05-02 19:10:54',137),(132,'Choueiri-Signoretti','522','2016-05-02 19:10:54','2016-05-02 19:10:54',138),(133,'JF5','DANDREA','2016-05-02 19:10:54','2016-05-02 19:10:54',139),(134,'Belfer','Belfer','2016-05-02 19:10:54','2016-05-02 19:10:54',140),(135,'Bass Laboratory','Bass','2016-05-02 19:10:54','2016-05-02 19:10:54',66),(136,'Shipp lab','lymphoma','2016-05-02 19:10:54','2016-05-02 19:10:54',142),(137,'Keith Ligon Lab @ DFCI','1234567','2016-05-02 19:10:54','2016-05-02 19:10:54',60),(138,'Ghobrial Lab','HUM237','2016-05-02 19:10:54','2016-05-02 19:10:54',144),(139,'Keith Ligon\'s Lab','1234567','2016-05-02 19:10:54','2016-05-02 19:10:54',60),(140,'Division of Gynecologic Oncology','RSBLAB','2016-05-02 19:10:54','2016-05-02 19:10:54',146),(141,'Barbie Lab','dana819','2016-05-02 19:10:54','2016-05-02 19:10:54',147),(142,'none','123','2016-05-02 19:10:54','2016-05-02 19:10:54',148),(143,'Beckman','Beckman','2016-05-02 19:10:54','2016-05-02 19:10:54',149),(144,'Garraway Lab','LAG','2016-05-02 19:10:54','2016-05-02 19:10:54',150),(145,'Thyroid','WASS','2016-05-02 19:10:54','2016-05-02 19:10:54',151),(146,'Bass Lab DFCI/MCO Dana 8','Bass','2016-05-02 19:10:54','2016-05-02 19:10:54',66),(147,'Bradner Lab','BRADNER','2016-05-02 19:10:54','2016-05-02 19:10:54',153),(148,'Beroukhim Lab','Berouk','2016-05-02 19:10:54','2016-05-02 19:10:54',154),(149,'Genomics','9617589','2016-05-02 19:10:54','2016-05-02 19:10:54',155),(150,'Gyn Oncology','LIU','2016-05-02 19:10:54','2016-05-02 19:10:54',156),(151,'Meyerson Cancer Program Lab','1111','2016-05-02 19:10:54','2016-05-02 19:10:54',157),(152,'Bioinformatics','000','2016-05-02 19:10:54','2016-05-02 19:10:54',158),(153,'PedOnc','PellmanM','2016-05-02 19:10:54','2016-05-02 19:10:54',159),(154,'MPS','BTP','2016-05-02 19:10:54','2016-05-02 19:10:54',160),(155,'Haining Lab','Haining','2016-05-02 19:10:54','2016-05-02 19:10:54',161),(156,'Cancer Program',' Broad','2016-05-02 19:10:54','2016-05-02 19:10:54',0),(157,'T-ALL','aglab','2016-05-02 19:10:54','2016-05-02 19:10:54',163),(158,'Long Lab Group','CFCE','2016-05-02 19:10:54','2016-05-02 19:10:54',164),(159,'Sorger Lab Group','plx4032','2016-05-02 19:10:54','2016-05-02 19:10:54',165),(160,'CMOP','JF208','2016-05-02 19:10:54','2016-05-02 19:10:54',166),(161,'Kaelin','Kaelin','2016-05-02 19:10:54','2016-05-02 19:10:54',167),(162,'Medical Oncology','........','2016-05-02 19:10:54','2016-05-02 19:10:54',2),(163,'Stem Cell Group','BGTDSCL','2016-05-02 19:10:54','2016-05-02 19:10:54',168),(164,'Hahn Lab','HahnLab','2016-05-02 19:10:54','2016-05-02 19:10:54',64),(165,'Stegmaier 6th Floor Group','STEGLAB','2016-05-02 19:10:54','2016-05-02 19:10:54',170),(166,'Kidney Cancer','GU Oncol','2016-05-02 19:10:54','2016-05-02 19:10:54',171),(167,'Biostatistics and Computational Biology DFCI Group','BCB','2016-05-02 19:10:54','2016-05-02 19:10:54',91),(168,'Polyak Lab Group','POLYAK','2016-05-02 19:10:54','2016-05-02 19:10:54',2),(169,'Brown PDX Group','BROWN','2016-05-02 19:10:54','2016-05-02 19:10:54',14),(170,'15th floor','HAHN','2016-05-02 19:10:54','2016-05-02 19:10:54',2),(171,'Medical Oncology','Ghobrial','2016-05-02 19:10:54','2016-05-02 19:10:54',177),(172,'Pediatric Oncology','76325281','2016-05-02 19:10:54','2016-05-02 19:10:54',178),(173,'Griffin',' J','2016-05-02 19:10:54','2016-05-02 19:10:54',0),(174,'Bladder Cancer Center','40888','2016-05-02 19:10:54','2016-05-02 19:10:54',180),(175,'Meyerson Lab Group','Meyerson','2016-05-02 19:10:54','2016-05-02 19:10:54',59),(176,'Joaquim Bellmunt','40888','2016-05-02 19:10:54','2016-05-02 19:10:54',180),(177,'Amatruda lab group','UTAMAT','2016-05-02 19:10:54','2016-05-02 19:10:54',182),(178,'Daley','Daley','2016-05-02 19:10:54','2016-05-02 19:10:54',183),(179,'Collaboration with Weinstock Lab','002a','2016-05-02 19:10:54','2016-05-02 19:10:54',184),(180,'Dana15','HahnLab','2016-05-02 19:10:54','2016-05-02 19:10:54',64),(181,'Med Onc - Hematologic Malignancies','TBD','2016-05-02 19:10:54','2016-05-02 19:10:54',186),(182,'Celebi','Celebi','2016-05-02 19:10:54','2016-05-02 19:10:54',187),(183,'GlenDranoff','524','2016-05-02 19:10:54','2016-05-02 19:10:54',188),(184,'Weinstock lab','510B','2016-05-02 19:10:54','2016-05-02 19:10:54',128),(185,'Medical Oncology','HER2','2016-05-02 19:10:54','2016-05-02 19:10:54',189),(186,'Chin Lab Group','Chinlab1','2016-05-02 19:10:54','2016-05-02 19:10:54',190),(187,'Department for Gynecologic Oncology','\"\"GynOnc_','2016-05-02 19:10:55','2016-05-02 19:10:55',191),(188,'Beroukhim Lab Group ','N/A','2016-05-02 19:10:55','2016-05-02 19:10:55',192),(189,'Lane Lab Group','Lane','2016-05-02 19:10:55','2016-05-02 19:10:55',97),(190,'Cancer Biology','N/A','2016-05-02 19:10:55','2016-05-02 19:10:55',192),(191,'D\'Andrea Lab Genomics','D\'Andrea','2016-05-02 19:10:55','2016-05-02 19:10:55',195),(192,'Egles Group','LIMCR','2016-05-02 19:10:55','2016-05-02 19:10:55',196),(193,'Gutierrez Lab','aglab','2016-05-02 19:10:55','2016-05-02 19:10:55',163),(194,'Target Discovery','Belfer','2016-05-02 19:10:55','2016-05-02 19:10:55',140),(195,'tbd','TBD','2016-05-02 19:10:55','2016-05-02 19:10:55',186),(196,'PTCL','D512','2016-05-02 19:10:55','2016-05-02 19:10:55',200),(197,'Blank Lab Group','cncmaf','2016-05-02 19:10:55','2016-05-02 19:10:55',201),(198,'GYN mesenchymal tumors group','BHMNBQ','2016-05-02 19:10:55','2016-05-02 19:10:55',203),(199,'BWH Hematology','EbertLab','2016-05-02 19:10:55','2016-05-02 19:10:55',204),(200,'CMOP','LIGON','2016-05-02 19:10:55','2016-05-02 19:10:55',35),(201,'Ped Onc 6th floor','PedOnc','2016-05-02 19:10:55','2016-05-02 19:10:55',206),(202,'CFCE','CFCE','2016-05-02 19:10:55','2016-05-02 19:10:55',164);
/*!40000 ALTER TABLE `lab_groups` ENABLE KEYS */;
UNLOCK TABLES;

--
-- Table structure for table `locations`
--

DROP TABLE IF EXISTS `locations`;
/*!40101 SET @saved_cs_client     = @@character_set_client */;
/*!40101 SET character_set_client = utf8 */;
CREATE TABLE `locations` (
  `id` int(11) NOT NULL AUTO_INCREMENT,
  `building` varchar(255) COLLATE utf8_unicode_ci DEFAULT NULL,
  `room` varchar(255) COLLATE utf8_unicode_ci DEFAULT NULL,
  `created_at` datetime NOT NULL,
  `updated_at` datetime NOT NULL,
  `address_id` int(11) DEFAULT NULL,
  PRIMARY KEY (`id`)
) ENGINE=InnoDB AUTO_INCREMENT=208 DEFAULT CHARSET=utf8 COLLATE=utf8_unicode_ci;
/*!40101 SET character_set_client = @saved_cs_client */;

--
-- Dumping data for table `locations`
--

LOCK TABLES `locations` WRITE;
/*!40000 ALTER TABLE `locations` DISABLE KEYS */;
INSERT INTO `locations` VALUES (1,'Dana','1539','2016-05-02 19:10:50','2016-05-02 19:10:50',1),(2,'Dana','15th Floor','2016-05-02 19:10:50','2016-05-02 19:10:50',1),(3,'Dana','7th Floor','2016-05-02 19:10:50','2016-05-02 19:10:50',1),(4,'7CC','4th Floor','2016-05-02 19:10:50','2016-05-02 19:10:50',2),(5,'Dana','820','2016-05-02 19:10:50','2016-05-02 19:10:50',1),(6,'Dana','D3-JFC','2016-05-02 19:10:50','2016-05-02 19:10:50',1),(7,'Smith','970','2016-05-02 19:10:50','2016-05-02 19:10:50',1),(8,'Mayer','630','2016-05-02 19:10:50','2016-05-02 19:10:50',1),(10,'Mayer','530','2016-05-02 19:10:50','2016-05-02 19:10:50',1),(11,'Dana','1220','2016-05-02 19:10:50','2016-05-02 19:10:50',1),(12,'Mayer','513','2016-05-02 19:10:50','2016-05-02 19:10:50',1),(13,'Dana','1230','2016-05-02 19:10:50','2016-05-02 19:10:50',1),(14,'Dana','730','2016-05-02 19:10:50','2016-05-02 19:10:50',1),(15,'Dana','1B30','2016-05-02 19:10:50','2016-05-02 19:10:50',1),(16,'Mayer','430','2016-05-02 19:10:50','2016-05-02 19:10:50',1),(21,'Smith','1070','2016-05-02 19:10:50','2016-05-02 19:10:50',1),(22,'BWH','','2016-05-02 19:10:50','2016-05-02 19:10:50',3),(23,'21-27 Burlington Ave.','464','2016-05-02 19:10:50','2016-05-02 19:10:50',4),(24,'MGH','','2016-05-02 19:10:50','2016-05-02 19:10:50',5),(25,'Ophthalmology-Retina Service','','2016-05-02 19:10:50','2016-05-02 19:10:50',6),(26,'Mayer','448','2016-05-02 19:10:50','2016-05-02 19:10:50',1),(27,'MGH','Yawkey 3700','2016-05-02 19:10:50','2016-05-02 19:10:50',5),(28,'Thorn ','528','2016-05-02 19:10:50','2016-05-02 19:10:50',8),(29,'N-Of-One','','2016-05-02 19:10:50','2016-05-02 19:10:50',9),(30,'BWH','BLI-449A','2016-05-02 19:10:50','2016-05-02 19:10:50',10),(31,'Factor','','2016-05-02 19:10:50','2016-05-02 19:10:50',11),(32,'Neurology','','2016-05-02 19:10:50','2016-05-02 19:10:50',12),(33,'21-27 Burlington Ave.','B452A','2016-05-02 19:10:50','2016-05-02 19:10:50',4),(35,'Jimmy Fund','JF215','2016-05-02 19:10:50','2016-05-02 19:10:50',1),(36,'NIBR','','2016-05-02 19:10:50','2016-05-02 19:10:50',13),(40,'50 Blossom Street','GRJ 825','2016-05-02 19:10:50','2016-05-02 19:10:50',17),(42,'WRB','2-143','2016-05-02 19:10:50','2016-05-02 19:10:50',18),(43,'Infinity Pharmaceuticals','','2016-05-02 19:10:50','2016-05-02 19:10:50',19),(44,'375 Longwood','226','2016-05-02 19:10:50','2016-05-02 19:10:50',20),(45,'Peter Mac Research','3539','2016-05-02 19:10:50','2016-05-02 19:10:50',21),(46,'CLS','428','2016-05-02 19:10:50','2016-05-02 19:10:50',74),(47,'Smith','1054','2016-05-02 19:10:50','2016-05-02 19:10:50',1),(48,'Main building','4175-B','2016-05-02 19:10:50','2016-05-02 19:10:50',2),(49,'7CC','4175-X','2016-05-02 19:10:50','2016-05-02 19:10:50',2),(50,'Smith','742','2016-05-02 19:10:51','2016-05-02 19:10:51',1),(51,'Karp','08211','2016-05-02 19:10:51','2016-05-02 19:10:51',7),(52,'65 Landsdowne','435','2016-05-02 19:10:51','2016-05-02 19:10:51',34),(53,'Dana','D1541','2016-05-02 19:10:51','2016-05-02 19:10:51',1),(54,'Karp','6-216','2016-05-02 19:10:51','2016-05-02 19:10:51',7),(55,'Thier','6 floor','2016-05-02 19:10:51','2016-05-02 19:10:51',5),(56,'WANG','460','2016-05-02 19:10:51','2016-05-02 19:10:51',26),(57,'Thorn','932','2016-05-02 19:10:51','2016-05-02 19:10:51',3),(58,'Karp','RB06005A','2016-05-02 19:10:51','2016-05-02 19:10:51',7),(59,'Dana','1526','2016-05-02 19:10:51','2016-05-02 19:10:51',1),(60,'Dana','802','2016-05-02 19:10:51','2016-05-02 19:10:51',1),(61,'Karp','Rm 08006A','2016-05-02 19:10:51','2016-05-02 19:10:51',7),(62,'Samsung Cancer Center','11th floor','2016-05-02 19:10:51','2016-05-02 19:10:51',29),(63,'Thier','603','2016-05-02 19:10:51','2016-05-02 19:10:51',5),(64,'7CC','4034','2016-05-02 19:10:51','2016-05-02 19:10:51',2),(65,'LSRC','232','2016-05-02 19:10:51','2016-05-02 19:10:51',31),(66,'Dana','Lab','2016-05-02 19:10:51','2016-05-02 19:10:51',1),(67,'Karp','RB-07005A','2016-05-02 19:10:51','2016-05-02 19:10:51',7),(68,'149','7330','2016-05-02 19:10:51','2016-05-02 19:10:51',33),(69,'Mayer','415','2016-05-02 19:10:51','2016-05-02 19:10:51',1),(70,'Mayer','440','2016-05-02 19:10:51','2016-05-02 19:10:51',1),(71,'Partners Research bldg','441','2016-05-02 19:10:51','2016-05-02 19:10:51',34),(72,'Karp','5.210','2016-05-02 19:10:51','2016-05-02 19:10:51',7),(73,'Smilow','305','2016-05-02 19:10:51','2016-05-02 19:10:51',36),(74,'Factor','14-635','2016-05-02 19:10:51','2016-05-02 19:10:51',42),(75,'Enders','1174','2016-05-02 19:10:51','2016-05-02 19:10:51',38),(76,'WRN','3-324','2016-05-02 19:10:51','2016-05-02 19:10:51',5),(77,'Dana','640A','2016-05-02 19:10:51','2016-05-02 19:10:51',1),(78,'Richardson Laboratory','401','2016-05-02 19:10:51','2016-05-02 19:10:51',39),(79,'Samsung Cancer Center','188 B4','2016-05-02 19:10:51','2016-05-02 19:10:51',41),(81,'Factor','14-638','2016-05-02 19:10:51','2016-05-02 19:10:51',42),(83,'JF','208','2016-05-02 19:10:51','2016-05-02 19:10:51',1),(84,'Dana','1516','2016-05-02 19:10:51','2016-05-02 19:10:51',1),(85,'780 Memorial Drive','780 Memorial Drive','2016-05-02 19:10:51','2016-05-02 19:10:51',44),(86,'Mayer','1B29','2016-05-02 19:10:51','2016-05-02 19:10:51',1),(87,'Dana','1210','2016-05-02 19:10:51','2016-05-02 19:10:51',1),(88,'Dana','740','2016-05-02 19:10:51','2016-05-02 19:10:51',1),(90,'B301','5019','2016-05-02 19:10:51','2016-05-02 19:10:51',46),(91,'Smith','824','2016-05-02 19:10:51','2016-05-02 19:10:51',1),(92,'BIDMC Dana','536','2016-05-02 19:10:51','2016-05-02 19:10:51',74),(93,'Dana','15th floor','2016-05-02 19:10:51','2016-05-02 19:10:51',1),(94,'270 Albany','G310J','2016-05-02 19:10:51','2016-05-02 19:10:51',49),(95,'Peter Bent Brigham','CA 355','2016-05-02 19:10:51','2016-05-02 19:10:51',3),(96,'270 Albany','G310I','2016-05-02 19:10:51','2016-05-02 19:10:51',49),(97,'Mayer','413','2016-05-02 19:10:51','2016-05-02 19:10:51',50),(98,'Dana','630F','2016-05-02 19:10:51','2016-05-02 19:10:51',50),(99,'Smith','708','2016-05-02 19:10:51','2016-05-02 19:10:51',50),(100,'Smith','1022C','2016-05-02 19:10:51','2016-05-02 19:10:51',50),(101,'Mayer','654','2016-05-02 19:10:51','2016-05-02 19:10:51',50),(102,'CLS ','417','2016-05-02 19:10:51','2016-05-02 19:10:51',12),(103,'Jimmy Fund','614','2016-05-02 19:10:51','2016-05-02 19:10:51',50),(104,'Dana','1526','2016-05-02 19:10:51','2016-05-02 19:10:51',1),(105,'Mayer','457','2016-05-02 19:10:51','2016-05-02 19:10:51',50),(107,'Yawkey','1257','2016-05-02 19:10:51','2016-05-02 19:10:51',50),(108,'Mayer','563','2016-05-02 19:10:51','2016-05-02 19:10:51',1),(110,'Amory','360U','2016-05-02 19:10:51','2016-05-02 19:10:51',3),(111,'Dana','D512','2016-05-02 19:10:51','2016-05-02 19:10:51',1),(112,'CIEMAS','2323','2016-05-02 19:10:51','2016-05-02 19:10:51',57),(113,'CIEMAS','2323','2016-05-02 19:10:51','2016-05-02 19:10:51',57),(122,'Smith','1052','2016-05-02 19:10:51','2016-05-02 19:10:51',50),(123,'BLI','449B','2016-05-02 19:10:51','2016-05-02 19:10:51',10),(124,'Dana','1230','2016-05-02 19:10:51','2016-05-02 19:10:51',1),(125,'Joslin','630','2016-05-02 19:10:51','2016-05-02 19:10:51',68),(126,'Harvard Institutes of Medicine Building (4 Blackfan Circle)','HIM346','2016-05-02 19:10:51','2016-05-02 19:10:51',50),(127,'27 Drydock','DD466S','2016-05-02 19:10:51','2016-05-02 19:10:51',70),(128,'Dana','510B','2016-05-02 19:10:51','2016-05-02 19:10:51',50),(131,'7CC','4027','2016-05-02 19:10:51','2016-05-02 19:10:51',2),(132,'HIM','309','2016-05-02 19:10:51','2016-05-02 19:10:51',74),(133,'Center for Life Sciences','CLS441','2016-05-02 19:10:51','2016-05-02 19:10:51',75),(134,'Research North','2 floor','2016-05-02 19:10:51','2016-05-02 19:10:51',76),(135,'Warren','WRN-4-408C','2016-05-02 19:10:51','2016-05-02 19:10:51',5),(136,'BIDMC Pathology','','2016-05-02 19:10:51','2016-05-02 19:10:51',76),(137,'CWN-L2','Brachy','2016-05-02 19:10:51','2016-05-02 19:10:51',3),(138,'Dana','1230','2016-05-02 19:10:51','2016-05-02 19:10:51',50),(139,'Jimmy Fund','521','2016-05-02 19:10:51','2016-05-02 19:10:51',77),(140,'HIM ','344','2016-05-02 19:10:51','2016-05-02 19:10:51',78),(141,'Dana','15','2016-05-02 19:10:51','2016-05-02 19:10:51',79),(142,'mayer','515','2016-05-02 19:10:51','2016-05-02 19:10:51',77),(143,'Jimmy Fund','208B','2016-05-02 19:10:51','2016-05-02 19:10:51',80),(144,'HIM','240','2016-05-02 19:10:51','2016-05-02 19:10:51',81),(145,'Jimmy Fund','208B','2016-05-02 19:10:51','2016-05-02 19:10:51',77),(146,'Boston Lying-In','429A','2016-05-02 19:10:51','2016-05-02 19:10:51',82),(147,'Dana','819','2016-05-02 19:10:51','2016-05-02 19:10:51',77),(148,'bldg','rm','2016-05-02 19:10:51','2016-05-02 19:10:51',83),(149,'Smith','1234','2016-05-02 19:10:52','2016-05-02 19:10:52',84),(150,'Dana','1524','2016-05-02 19:10:52','2016-05-02 19:10:52',85),(151,'HSC','5445','2016-05-02 19:10:52','2016-05-02 19:10:52',86),(152,'Dana','8th Floor','2016-05-02 19:10:52','2016-05-02 19:10:52',1),(153,'Dana','510','2016-05-02 19:10:52','2016-05-02 19:10:52',1),(154,'Smith','1010','2016-05-02 19:10:52','2016-05-02 19:10:52',87),(155,'Dana','1234','2016-05-02 19:10:52','2016-05-02 19:10:52',85),(156,'Yawkey','1425','2016-05-02 19:10:52','2016-05-02 19:10:52',50),(157,'7CC','4175-J','2016-05-02 19:10:52','2016-05-02 19:10:52',2),(158,'DA','8','2016-05-02 19:10:52','2016-05-02 19:10:52',88),(159,'Mayer','620','2016-05-02 19:10:52','2016-05-02 19:10:52',89),(160,'020','0G4','2016-05-02 19:10:52','2016-05-02 19:10:52',90),(161,'Dana','D644','2016-05-02 19:10:52','2016-05-02 19:10:52',50),(162,'7CC','4th floor','2016-05-02 19:10:52','2016-05-02 19:10:52',50),(163,'Karp','08-212','2016-05-02 19:10:52','2016-05-02 19:10:52',91),(164,'Dana','757','2016-05-02 19:10:52','2016-05-02 19:10:52',50),(165,'WAB','444','2016-05-02 19:10:52','2016-05-02 19:10:52',92),(166,'Jimmy Fund','208C','2016-05-02 19:10:52','2016-05-02 19:10:52',1),(167,'Mayer','457','2016-05-02 19:10:52','2016-05-02 19:10:52',77),(168,'Banting Building','E110','2016-05-02 19:10:52','2016-05-02 19:10:52',93),(169,'Dana','1514','2016-05-02 19:10:52','2016-05-02 19:10:52',94),(170,'Dana','D628','2016-05-02 19:10:52','2016-05-02 19:10:52',95),(171,'Dana Building','1230','2016-05-02 19:10:52','2016-05-02 19:10:52',77),(172,'Smith','822C','2016-05-02 19:10:52','2016-05-02 19:10:52',77),(173,'Dana','D740B','2016-05-02 19:10:52','2016-05-02 19:10:52',50),(174,'Dana','D614','2016-05-02 19:10:52','2016-05-02 19:10:52',96),(175,'Dana','728','2016-05-02 19:10:52','2016-05-02 19:10:52',96),(176,'Dana','1514','2016-05-02 19:10:52','2016-05-02 19:10:52',97),(177,'HIM','237','2016-05-02 19:10:52','2016-05-02 19:10:52',98),(178,'Dana','640A','2016-05-02 19:10:52','2016-05-02 19:10:52',99),(179,'Mayer ','534','2016-05-02 19:10:52','2016-05-02 19:10:52',100),(180,'Dana ','1230','2016-05-02 19:10:52','2016-05-02 19:10:52',77),(181,'Broad','5064D','2016-05-02 19:10:52','2016-05-02 19:10:52',101),(182,'ND3','136','2016-05-02 19:10:52','2016-05-02 19:10:52',102),(183,'Karp','7004','2016-05-02 19:10:52','2016-05-02 19:10:52',103),(184,'Haematologicum','007','2016-05-02 19:10:52','2016-05-02 19:10:52',104),(185,'Dana','1514','2016-05-02 19:10:52','2016-05-02 19:10:52',77),(186,'Karp','5th floor','2016-05-02 19:10:52','2016-05-02 19:10:52',50),(187,'Hess','5-108','2016-05-02 19:10:52','2016-05-02 19:10:52',105),(188,'Dana','524','2016-05-02 19:10:52','2016-05-02 19:10:52',96),(189,'Dana','1240F','2016-05-02 19:10:52','2016-05-02 19:10:52',77),(190,'CLS','628C','2016-05-02 19:10:52','2016-05-02 19:10:52',75),(191,'Haupthaus','E.408','2016-05-02 19:10:52','2016-05-02 19:10:52',106),(192,'Smith','1022','2016-05-02 19:10:52','2016-05-02 19:10:52',107),(193,'Smith','1010','2016-05-02 19:10:52','2016-05-02 19:10:52',108),(194,'Dana Building','630D','2016-05-02 19:10:52','2016-05-02 19:10:52',1),(195,'Mayer','640','2016-05-02 19:10:52','2016-05-02 19:10:52',85),(196,'C','1.1','2016-05-02 19:10:52','2016-05-02 19:10:52',109),(197,'Karp','08006C','2016-05-02 19:10:52','2016-05-02 19:10:52',7),(198,'HIM','343','2016-05-02 19:10:52','2016-05-02 19:10:52',110),(199,'tbd','tbd','2016-05-02 19:10:52','2016-05-02 19:10:52',111),(200,'Dana','512','2016-05-02 19:10:52','2016-05-02 19:10:52',1),(201,'Pavillon F','623','2016-05-02 19:10:52','2016-05-02 19:10:52',112),(202,'Dana','512','2016-05-02 19:10:52','2016-05-02 19:10:52',77),(203,'Medical Research Building','7th floor','2016-05-02 19:10:52','2016-05-02 19:10:52',113),(204,'Karp','520','2016-05-02 19:10:52','2016-05-02 19:10:52',114),(205,'Jimmy Fund','208','2016-05-02 19:10:52','2016-05-02 19:10:52',77),(206,'Dana','628','2016-05-02 19:10:52','2016-05-02 19:10:52',77),(207,'Dana','730B','2016-05-02 19:10:52','2016-05-02 19:10:52',77);
/*!40000 ALTER TABLE `locations` ENABLE KEYS */;
UNLOCK TABLES;

--
-- Table structure for table `memberships`
--

DROP TABLE IF EXISTS `memberships`;
/*!40101 SET @saved_cs_client     = @@character_set_client */;
/*!40101 SET character_set_client = utf8 */;
CREATE TABLE `memberships` (
  `id` int(11) NOT NULL AUTO_INCREMENT,
  `user_id` int(11) DEFAULT NULL,
  `lab_group_id` int(11) DEFAULT NULL,
  `created_at` datetime NOT NULL,
  `updated_at` datetime NOT NULL,
  PRIMARY KEY (`id`)
) ENGINE=InnoDB AUTO_INCREMENT=269 DEFAULT CHARSET=utf8 COLLATE=utf8_unicode_ci;
/*!40101 SET character_set_client = @saved_cs_client */;

--
-- Dumping data for table `memberships`
--

LOCK TABLES `memberships` WRITE;
/*!40000 ALTER TABLE `memberships` DISABLE KEYS */;
INSERT INTO `memberships` VALUES (1,2,1,'2016-05-02 19:11:25','2016-05-02 19:11:25'),(2,3,1,'2016-05-02 19:11:25','2016-05-02 19:11:25'),(3,4,1,'2016-05-02 19:11:25','2016-05-02 19:11:25'),(4,50,1,'2016-05-02 19:11:25','2016-05-02 19:11:25'),(5,58,1,'2016-05-02 19:11:25','2016-05-02 19:11:25'),(6,61,1,'2016-05-02 19:11:25','2016-05-02 19:11:25'),(7,65,1,'2016-05-02 19:11:25','2016-05-02 19:11:25'),(8,73,1,'2016-05-02 19:11:25','2016-05-02 19:11:25'),(9,78,1,'2016-05-02 19:11:25','2016-05-02 19:11:25'),(10,81,1,'2016-05-02 19:11:25','2016-05-02 19:11:25'),(11,93,1,'2016-05-02 19:11:25','2016-05-02 19:11:25'),(12,108,1,'2016-05-02 19:11:25','2016-05-02 19:11:25'),(13,126,1,'2016-05-02 19:11:25','2016-05-02 19:11:25'),(14,137,1,'2016-05-02 19:11:25','2016-05-02 19:11:25'),(15,160,1,'2016-05-02 19:11:25','2016-05-02 19:11:25'),(16,171,1,'2016-05-02 19:11:25','2016-05-02 19:11:25'),(17,246,1,'2016-05-02 19:11:25','2016-05-02 19:11:25'),(18,250,1,'2016-05-02 19:11:25','2016-05-02 19:11:25'),(19,267,1,'2016-05-02 19:11:25','2016-05-02 19:11:25'),(20,317,1,'2016-05-02 19:11:25','2016-05-02 19:11:25'),(21,5,1,'2016-05-02 19:11:25','2016-05-02 19:11:25'),(22,6,1,'2016-05-02 19:11:25','2016-05-02 19:11:25'),(23,7,1,'2016-05-02 19:11:26','2016-05-02 19:11:26'),(24,40,1,'2016-05-02 19:11:26','2016-05-02 19:11:26'),(25,72,1,'2016-05-02 19:11:26','2016-05-02 19:11:26'),(26,154,1,'2016-05-02 19:11:26','2016-05-02 19:11:26'),(27,173,1,'2016-05-02 19:11:26','2016-05-02 19:11:26'),(28,175,1,'2016-05-02 19:11:26','2016-05-02 19:11:26'),(29,233,1,'2016-05-02 19:11:26','2016-05-02 19:11:26'),(30,266,1,'2016-05-02 19:11:26','2016-05-02 19:11:26'),(31,269,1,'2016-05-02 19:11:26','2016-05-02 19:11:26'),(32,38,1,'2016-05-02 19:11:26','2016-05-02 19:11:26'),(33,8,2,'2016-05-02 19:11:26','2016-05-02 19:11:26'),(34,27,2,'2016-05-02 19:11:26','2016-05-02 19:11:26'),(35,31,2,'2016-05-02 19:11:26','2016-05-02 19:11:26'),(36,36,2,'2016-05-02 19:11:26','2016-05-02 19:11:26'),(37,39,2,'2016-05-02 19:11:26','2016-05-02 19:11:26'),(38,43,2,'2016-05-02 19:11:26','2016-05-02 19:11:26'),(39,44,2,'2016-05-02 19:11:26','2016-05-02 19:11:26'),(40,45,2,'2016-05-02 19:11:26','2016-05-02 19:11:26'),(41,79,2,'2016-05-02 19:11:26','2016-05-02 19:11:26'),(42,80,2,'2016-05-02 19:11:26','2016-05-02 19:11:26'),(43,146,2,'2016-05-02 19:11:26','2016-05-02 19:11:26'),(44,9,3,'2016-05-02 19:11:26','2016-05-02 19:11:26'),(45,28,3,'2016-05-02 19:11:26','2016-05-02 19:11:26'),(46,10,4,'2016-05-02 19:11:26','2016-05-02 19:11:26'),(47,47,4,'2016-05-02 19:11:26','2016-05-02 19:11:26'),(48,10,5,'2016-05-02 19:11:26','2016-05-02 19:11:26'),(49,85,5,'2016-05-02 19:11:26','2016-05-02 19:11:26'),(50,11,6,'2016-05-02 19:11:26','2016-05-02 19:11:26'),(51,62,6,'2016-05-02 19:11:26','2016-05-02 19:11:26'),(52,122,6,'2016-05-02 19:11:26','2016-05-02 19:11:26'),(53,157,6,'2016-05-02 19:11:26','2016-05-02 19:11:26'),(54,161,6,'2016-05-02 19:11:26','2016-05-02 19:11:26'),(55,278,6,'2016-05-02 19:11:26','2016-05-02 19:11:26'),(56,12,7,'2016-05-02 19:11:26','2016-05-02 19:11:26'),(57,33,7,'2016-05-02 19:11:26','2016-05-02 19:11:26'),(58,113,7,'2016-05-02 19:11:26','2016-05-02 19:11:26'),(59,13,8,'2016-05-02 19:11:26','2016-05-02 19:11:26'),(60,49,8,'2016-05-02 19:11:26','2016-05-02 19:11:26'),(61,51,8,'2016-05-02 19:11:26','2016-05-02 19:11:26'),(62,13,9,'2016-05-02 19:11:26','2016-05-02 19:11:26'),(63,46,9,'2016-05-02 19:11:26','2016-05-02 19:11:26'),(64,97,9,'2016-05-02 19:11:26','2016-05-02 19:11:26'),(65,14,10,'2016-05-02 19:11:26','2016-05-02 19:11:26'),(66,141,10,'2016-05-02 19:11:26','2016-05-02 19:11:26'),(67,275,10,'2016-05-02 19:11:26','2016-05-02 19:11:26'),(68,15,11,'2016-05-02 19:11:26','2016-05-02 19:11:26'),(69,16,12,'2016-05-02 19:11:26','2016-05-02 19:11:26'),(70,17,13,'2016-05-02 19:11:26','2016-05-02 19:11:26'),(71,18,14,'2016-05-02 19:11:26','2016-05-02 19:11:26'),(72,19,15,'2016-05-02 19:11:26','2016-05-02 19:11:26'),(73,30,15,'2016-05-02 19:11:26','2016-05-02 19:11:26'),(74,20,16,'2016-05-02 19:11:26','2016-05-02 19:11:26'),(75,21,17,'2016-05-02 19:11:26','2016-05-02 19:11:26'),(76,22,18,'2016-05-02 19:11:26','2016-05-02 19:11:26'),(77,23,19,'2016-05-02 19:11:26','2016-05-02 19:11:26'),(78,24,20,'2016-05-02 19:11:26','2016-05-02 19:11:26'),(79,25,21,'2016-05-02 19:11:26','2016-05-02 19:11:26'),(80,277,21,'2016-05-02 19:11:26','2016-05-02 19:11:26'),(81,26,22,'2016-05-02 19:11:26','2016-05-02 19:11:26'),(82,34,24,'2016-05-02 19:11:26','2016-05-02 19:11:26'),(83,35,24,'2016-05-02 19:11:26','2016-05-02 19:11:26'),(84,37,25,'2016-05-02 19:11:26','2016-05-02 19:11:26'),(85,41,26,'2016-05-02 19:11:26','2016-05-02 19:11:26'),(86,42,27,'2016-05-02 19:11:26','2016-05-02 19:11:26'),(87,48,28,'2016-05-02 19:11:26','2016-05-02 19:11:26'),(88,52,30,'2016-05-02 19:11:26','2016-05-02 19:11:26'),(89,63,30,'2016-05-02 19:11:26','2016-05-02 19:11:26'),(90,53,31,'2016-05-02 19:11:26','2016-05-02 19:11:26'),(91,54,32,'2016-05-02 19:11:26','2016-05-02 19:11:26'),(92,55,33,'2016-05-02 19:11:26','2016-05-02 19:11:26'),(93,142,33,'2016-05-02 19:11:26','2016-05-02 19:11:26'),(94,143,33,'2016-05-02 19:11:26','2016-05-02 19:11:26'),(95,56,34,'2016-05-02 19:11:26','2016-05-02 19:11:26'),(96,57,35,'2016-05-02 19:11:26','2016-05-02 19:11:26'),(97,59,36,'2016-05-02 19:11:26','2016-05-02 19:11:26'),(98,60,37,'2016-05-02 19:11:26','2016-05-02 19:11:26'),(99,132,37,'2016-05-02 19:11:26','2016-05-02 19:11:26'),(100,64,39,'2016-05-02 19:11:26','2016-05-02 19:11:26'),(101,88,39,'2016-05-02 19:11:26','2016-05-02 19:11:26'),(102,282,39,'2016-05-02 19:11:26','2016-05-02 19:11:26'),(103,66,40,'2016-05-02 19:11:26','2016-05-02 19:11:26'),(104,92,40,'2016-05-02 19:11:26','2016-05-02 19:11:26'),(105,314,40,'2016-05-02 19:11:26','2016-05-02 19:11:26'),(106,70,42,'2016-05-02 19:11:26','2016-05-02 19:11:26'),(107,71,43,'2016-05-02 19:11:26','2016-05-02 19:11:26'),(108,74,45,'2016-05-02 19:11:26','2016-05-02 19:11:26'),(109,76,46,'2016-05-02 19:11:26','2016-05-02 19:11:26'),(110,130,46,'2016-05-02 19:11:26','2016-05-02 19:11:26'),(111,77,47,'2016-05-02 19:11:26','2016-05-02 19:11:26'),(112,82,48,'2016-05-02 19:11:26','2016-05-02 19:11:26'),(113,101,48,'2016-05-02 19:11:26','2016-05-02 19:11:26'),(114,215,48,'2016-05-02 19:11:26','2016-05-02 19:11:26'),(115,83,49,'2016-05-02 19:11:26','2016-05-02 19:11:26'),(116,176,49,'2016-05-02 19:11:26','2016-05-02 19:11:26'),(117,86,50,'2016-05-02 19:11:26','2016-05-02 19:11:26'),(118,87,51,'2016-05-02 19:11:26','2016-05-02 19:11:26'),(119,89,52,'2016-05-02 19:11:26','2016-05-02 19:11:26'),(120,90,53,'2016-05-02 19:11:26','2016-05-02 19:11:26'),(121,234,53,'2016-05-02 19:11:26','2016-05-02 19:11:26'),(122,107,53,'2016-05-02 19:11:26','2016-05-02 19:11:26'),(123,91,54,'2016-05-02 19:11:26','2016-05-02 19:11:26'),(124,94,55,'2016-05-02 19:11:26','2016-05-02 19:11:26'),(125,95,56,'2016-05-02 19:11:26','2016-05-02 19:11:26'),(126,96,57,'2016-05-02 19:11:26','2016-05-02 19:11:26'),(127,98,58,'2016-05-02 19:11:26','2016-05-02 19:11:26'),(128,99,59,'2016-05-02 19:11:26','2016-05-02 19:11:26'),(129,123,59,'2016-05-02 19:11:26','2016-05-02 19:11:26'),(130,291,59,'2016-05-02 19:11:26','2016-05-02 19:11:26'),(131,152,59,'2016-05-02 19:11:26','2016-05-02 19:11:26'),(132,174,59,'2016-05-02 19:11:26','2016-05-02 19:11:26'),(133,285,59,'2016-05-02 19:11:26','2016-05-02 19:11:26'),(134,100,60,'2016-05-02 19:11:26','2016-05-02 19:11:26'),(135,238,61,'2016-05-02 19:11:26','2016-05-02 19:11:26'),(136,102,63,'2016-05-02 19:11:26','2016-05-02 19:11:26'),(137,140,63,'2016-05-02 19:11:26','2016-05-02 19:11:26'),(138,103,64,'2016-05-02 19:11:26','2016-05-02 19:11:26'),(139,145,64,'2016-05-02 19:11:27','2016-05-02 19:11:27'),(140,159,64,'2016-05-02 19:11:27','2016-05-02 19:11:27'),(141,104,65,'2016-05-02 19:11:27','2016-05-02 19:11:27'),(142,105,66,'2016-05-02 19:11:27','2016-05-02 19:11:27'),(143,272,66,'2016-05-02 19:11:27','2016-05-02 19:11:27'),(144,289,66,'2016-05-02 19:11:27','2016-05-02 19:11:27'),(145,106,67,'2016-05-02 19:11:27','2016-05-02 19:11:27'),(146,109,68,'2016-05-02 19:11:27','2016-05-02 19:11:27'),(147,110,69,'2016-05-02 19:11:27','2016-05-02 19:11:27'),(148,111,70,'2016-05-02 19:11:27','2016-05-02 19:11:27'),(149,112,71,'2016-05-02 19:11:27','2016-05-02 19:11:27'),(150,133,71,'2016-05-02 19:11:27','2016-05-02 19:11:27'),(151,114,72,'2016-05-02 19:11:27','2016-05-02 19:11:27'),(152,116,73,'2016-05-02 19:11:27','2016-05-02 19:11:27'),(153,117,74,'2016-05-02 19:11:27','2016-05-02 19:11:27'),(154,119,75,'2016-05-02 19:11:27','2016-05-02 19:11:27'),(155,120,76,'2016-05-02 19:11:27','2016-05-02 19:11:27'),(156,121,77,'2016-05-02 19:11:27','2016-05-02 19:11:27'),(157,125,77,'2016-05-02 19:11:27','2016-05-02 19:11:27'),(158,124,78,'2016-05-02 19:11:27','2016-05-02 19:11:27'),(159,127,79,'2016-05-02 19:11:27','2016-05-02 19:11:27'),(160,128,80,'2016-05-02 19:11:27','2016-05-02 19:11:27'),(161,129,80,'2016-05-02 19:11:27','2016-05-02 19:11:27'),(162,134,81,'2016-05-02 19:11:27','2016-05-02 19:11:27'),(163,135,82,'2016-05-02 19:11:27','2016-05-02 19:11:27'),(164,136,83,'2016-05-02 19:11:27','2016-05-02 19:11:27'),(165,138,84,'2016-05-02 19:11:27','2016-05-02 19:11:27'),(166,139,85,'2016-05-02 19:11:27','2016-05-02 19:11:27'),(167,144,86,'2016-05-02 19:11:27','2016-05-02 19:11:27'),(168,147,87,'2016-05-02 19:11:27','2016-05-02 19:11:27'),(169,148,88,'2016-05-02 19:11:27','2016-05-02 19:11:27'),(170,150,89,'2016-05-02 19:11:27','2016-05-02 19:11:27'),(171,153,90,'2016-05-02 19:11:27','2016-05-02 19:11:27'),(172,155,91,'2016-05-02 19:11:27','2016-05-02 19:11:27'),(173,283,91,'2016-05-02 19:11:27','2016-05-02 19:11:27'),(174,156,93,'2016-05-02 19:11:27','2016-05-02 19:11:27'),(175,183,93,'2016-05-02 19:11:27','2016-05-02 19:11:27'),(176,158,94,'2016-05-02 19:11:27','2016-05-02 19:11:27'),(177,165,94,'2016-05-02 19:11:27','2016-05-02 19:11:27'),(178,258,94,'2016-05-02 19:11:27','2016-05-02 19:11:27'),(179,164,96,'2016-05-02 19:11:27','2016-05-02 19:11:27'),(180,167,97,'2016-05-02 19:11:27','2016-05-02 19:11:27'),(181,182,97,'2016-05-02 19:11:27','2016-05-02 19:11:27'),(182,168,98,'2016-05-02 19:11:27','2016-05-02 19:11:27'),(183,169,99,'2016-05-02 19:11:27','2016-05-02 19:11:27'),(184,172,100,'2016-05-02 19:11:27','2016-05-02 19:11:27'),(185,177,101,'2016-05-02 19:11:27','2016-05-02 19:11:27'),(186,178,102,'2016-05-02 19:11:27','2016-05-02 19:11:27'),(187,179,103,'2016-05-02 19:11:27','2016-05-02 19:11:27'),(188,226,103,'2016-05-02 19:11:27','2016-05-02 19:11:27'),(189,180,104,'2016-05-02 19:11:27','2016-05-02 19:11:27'),(190,184,106,'2016-05-02 19:11:27','2016-05-02 19:11:27'),(191,185,107,'2016-05-02 19:11:27','2016-05-02 19:11:27'),(192,186,108,'2016-05-02 19:11:27','2016-05-02 19:11:27'),(193,188,109,'2016-05-02 19:11:27','2016-05-02 19:11:27'),(194,216,112,'2016-05-02 19:11:27','2016-05-02 19:11:27'),(195,217,113,'2016-05-02 19:11:27','2016-05-02 19:11:27'),(196,218,114,'2016-05-02 19:11:27','2016-05-02 19:11:27'),(197,219,115,'2016-05-02 19:11:27','2016-05-02 19:11:27'),(198,220,116,'2016-05-02 19:11:27','2016-05-02 19:11:27'),(199,221,117,'2016-05-02 19:11:27','2016-05-02 19:11:27'),(200,309,117,'2016-05-02 19:11:27','2016-05-02 19:11:27'),(201,311,117,'2016-05-02 19:11:27','2016-05-02 19:11:27'),(202,224,118,'2016-05-02 19:11:27','2016-05-02 19:11:27'),(203,225,119,'2016-05-02 19:11:27','2016-05-02 19:11:27'),(204,261,119,'2016-05-02 19:11:27','2016-05-02 19:11:27'),(205,227,120,'2016-05-02 19:11:27','2016-05-02 19:11:27'),(206,228,121,'2016-05-02 19:11:27','2016-05-02 19:11:27'),(207,229,123,'2016-05-02 19:11:27','2016-05-02 19:11:27'),(208,230,124,'2016-05-02 19:11:27','2016-05-02 19:11:27'),(209,231,125,'2016-05-02 19:11:27','2016-05-02 19:11:27'),(210,232,126,'2016-05-02 19:11:27','2016-05-02 19:11:27'),(211,307,126,'2016-05-02 19:11:27','2016-05-02 19:11:27'),(212,245,127,'2016-05-02 19:11:27','2016-05-02 19:11:27'),(213,235,128,'2016-05-02 19:11:27','2016-05-02 19:11:27'),(214,237,129,'2016-05-02 19:11:27','2016-05-02 19:11:27'),(215,239,130,'2016-05-02 19:11:27','2016-05-02 19:11:27'),(216,240,131,'2016-05-02 19:11:27','2016-05-02 19:11:27'),(217,242,133,'2016-05-02 19:11:27','2016-05-02 19:11:27'),(218,243,134,'2016-05-02 19:11:27','2016-05-02 19:11:27'),(219,244,135,'2016-05-02 19:11:27','2016-05-02 19:11:27'),(220,247,136,'2016-05-02 19:11:27','2016-05-02 19:11:27'),(221,251,138,'2016-05-02 19:11:27','2016-05-02 19:11:27'),(222,252,139,'2016-05-02 19:11:27','2016-05-02 19:11:27'),(223,253,140,'2016-05-02 19:11:27','2016-05-02 19:11:27'),(224,254,141,'2016-05-02 19:11:27','2016-05-02 19:11:27'),(225,290,141,'2016-05-02 19:11:27','2016-05-02 19:11:27'),(226,305,141,'2016-05-02 19:11:27','2016-05-02 19:11:27'),(227,316,141,'2016-05-02 19:11:27','2016-05-02 19:11:27'),(228,255,142,'2016-05-02 19:11:27','2016-05-02 19:11:27'),(229,256,143,'2016-05-02 19:11:27','2016-05-02 19:11:27'),(230,257,144,'2016-05-02 19:11:27','2016-05-02 19:11:27'),(231,276,144,'2016-05-02 19:11:27','2016-05-02 19:11:27'),(232,259,145,'2016-05-02 19:11:27','2016-05-02 19:11:27'),(233,306,145,'2016-05-02 19:11:27','2016-05-02 19:11:27'),(234,260,146,'2016-05-02 19:11:27','2016-05-02 19:11:27'),(235,318,146,'2016-05-02 19:11:27','2016-05-02 19:11:27'),(236,262,147,'2016-05-02 19:11:27','2016-05-02 19:11:27'),(237,265,148,'2016-05-02 19:11:27','2016-05-02 19:11:27'),(238,268,149,'2016-05-02 19:11:27','2016-05-02 19:11:27'),(239,270,150,'2016-05-02 19:11:27','2016-05-02 19:11:27'),(240,271,151,'2016-05-02 19:11:27','2016-05-02 19:11:27'),(241,273,152,'2016-05-02 19:11:27','2016-05-02 19:11:27'),(242,274,153,'2016-05-02 19:11:27','2016-05-02 19:11:27'),(243,279,155,'2016-05-02 19:11:27','2016-05-02 19:11:27'),(244,280,156,'2016-05-02 19:11:27','2016-05-02 19:11:27'),(245,281,157,'2016-05-02 19:11:27','2016-05-02 19:11:27'),(246,284,158,'2016-05-02 19:11:27','2016-05-02 19:11:27'),(247,286,159,'2016-05-02 19:11:27','2016-05-02 19:11:27'),(248,287,160,'2016-05-02 19:11:27','2016-05-02 19:11:27'),(249,288,161,'2016-05-02 19:11:27','2016-05-02 19:11:27'),(250,292,162,'2016-05-02 19:11:27','2016-05-02 19:11:27'),(251,308,162,'2016-05-02 19:11:27','2016-05-02 19:11:27'),(252,293,163,'2016-05-02 19:11:27','2016-05-02 19:11:27'),(253,294,164,'2016-05-02 19:11:27','2016-05-02 19:11:27'),(254,295,165,'2016-05-02 19:11:27','2016-05-02 19:11:27'),(255,303,165,'2016-05-02 19:11:27','2016-05-02 19:11:27'),(256,296,166,'2016-05-02 19:11:27','2016-05-02 19:11:27'),(257,297,167,'2016-05-02 19:11:27','2016-05-02 19:11:27'),(258,298,168,'2016-05-02 19:11:27','2016-05-02 19:11:27'),(259,299,169,'2016-05-02 19:11:27','2016-05-02 19:11:27'),(260,301,169,'2016-05-02 19:11:27','2016-05-02 19:11:27'),(261,300,170,'2016-05-02 19:11:27','2016-05-02 19:11:27'),(262,302,171,'2016-05-02 19:11:27','2016-05-02 19:11:27'),(263,304,172,'2016-05-02 19:11:27','2016-05-02 19:11:27'),(264,310,174,'2016-05-02 19:11:27','2016-05-02 19:11:27'),(265,312,175,'2016-05-02 19:11:27','2016-05-02 19:11:27'),(266,313,176,'2016-05-02 19:11:27','2016-05-02 19:11:27'),(267,315,177,'2016-05-02 19:11:27','2016-05-02 19:11:27'),(268,319,141,'2016-05-02 19:11:27','2016-05-02 19:11:27');
/*!40000 ALTER TABLE `memberships` ENABLE KEYS */;
UNLOCK TABLES;

--
-- Table structure for table `organizations`
--

DROP TABLE IF EXISTS `organizations`;
/*!40101 SET @saved_cs_client     = @@character_set_client */;
/*!40101 SET character_set_client = utf8 */;
CREATE TABLE `organizations` (
  `id` int(11) NOT NULL AUTO_INCREMENT,
  `name` varchar(255) COLLATE utf8_unicode_ci DEFAULT NULL,
  `phone` varchar(255) COLLATE utf8_unicode_ci DEFAULT NULL,
  `email` varchar(255) COLLATE utf8_unicode_ci DEFAULT NULL,
  `created_at` datetime NOT NULL,
  `updated_at` datetime NOT NULL,
  `address_id` int(11) DEFAULT NULL,
  PRIMARY KEY (`id`)
) ENGINE=InnoDB AUTO_INCREMENT=76 DEFAULT CHARSET=utf8 COLLATE=utf8_unicode_ci;
/*!40101 SET character_set_client = @saved_cs_client */;

--
-- Dumping data for table `organizations`
--

LOCK TABLES `organizations` WRITE;
/*!40000 ALTER TABLE `organizations` DISABLE KEYS */;
INSERT INTO `organizations` VALUES (1,'Dana-Farber Cancer Institute','','','2016-05-02 19:10:52','2016-05-02 19:10:52',1),(2,'Broad Institute','','','2016-05-02 19:10:52','2016-05-02 19:10:52',2),(5,'Massachusetts Eye and Ear Infirmary','617 573 3367','inetwebmaster@meei.harvard.edu','2016-05-02 19:10:52','2016-05-02 19:10:52',6),(6,'N-Of-One','617 669 1706','jkinoshita@n-of-one.com','2016-05-02 19:10:52','2016-05-02 19:10:52',9),(7,'UCLA','3108259111','somwebmaster@mednet.ucla.edu','2016-05-02 19:10:52','2016-05-02 19:10:52',11),(11,'Novartis NIBR','6178718000','nibr@novartis.com','2016-05-02 19:10:52','2016-05-02 19:10:52',13),(12,'Case Western Reserve University','','Henry.Koon@UHhospitals.org','2016-05-02 19:10:52','2016-05-02 19:10:52',18),(13,'Peter MacCallum Cancer Centre','NULL','NULL','2016-05-02 19:10:52','2016-05-02 19:10:52',21),(14,'BIDMC','NULL','NULL','2016-05-02 19:10:52','2016-05-02 19:10:52',75),(16,'Brigham and Women\'s Hospital','NULL','NULL','2016-05-02 19:10:52','2016-05-02 19:10:52',34),(23,'Samsung Medical Center','NULL','NULL','2016-05-02 19:10:52','2016-05-02 19:10:52',29),(24,'Massachusetts General Hospital','NULL','NULL','2016-05-02 19:10:52','2016-05-02 19:10:52',5),(26,'Duke University Medical Center','NULL','NULL','2016-05-02 19:10:52','2016-05-02 19:10:52',31),(30,'Partners Healthcare-Virology','NULL','NULL','2016-05-02 19:10:52','2016-05-02 19:10:52',34),(31,'NYU School of Medicine','NULL','NULL','2016-05-02 19:10:52','2016-05-02 19:10:52',36),(32,'Children\'s Hospital Boston','NULL','NULL','2016-05-02 19:10:52','2016-05-02 19:10:52',38),(33,'Queen\'s University','NULL','NULL','2016-05-02 19:10:52','2016-05-02 19:10:52',39),(35,'Infinity Pharmaceuticals','NULL','NULL','2016-05-02 19:10:52','2016-05-02 19:10:52',44),(36,'Harvard University','NULL','NULL','2016-05-02 19:10:52','2016-05-02 19:10:52',75),(38,'Sanofi-Aventis','NULL','NULL','2016-05-02 19:10:52','2016-05-02 19:10:52',49),(40,'DFCI /HCC','NULL','NULL','2016-05-02 19:10:52','2016-05-02 19:10:52',12),(44,'Duke University','NULL','NULL','2016-05-02 19:10:52','2016-05-02 19:10:52',57),(48,'Center for Novel Exp Therapeutics','NULL','NULL','2016-05-02 19:10:53','2016-05-02 19:10:53',70),(51,'Beth Israel Deaconess Medical Center Harvard Medical School','NULL','NULL','2016-05-02 19:10:53','2016-05-02 19:10:53',76),(52,'DFCI','NULL','NULL','2016-05-02 19:10:53','2016-05-02 19:10:53',77),(53,'Dana Farber Cancer Institute','NULL','NULL','2016-05-02 19:10:53','2016-05-02 19:10:53',78),(54,'BWH','NULL','NULL','2016-05-02 19:10:53','2016-05-02 19:10:53',82),(55,'Beckman Coulter','NULL','NULL','2016-05-02 19:10:53','2016-05-02 19:10:53',84),(56,'Hospital For Sick CHildren','NULL','NULL','2016-05-02 19:10:53','2016-05-02 19:10:53',86),(57,'DFCI/Harvard','NULL','NULL','2016-05-02 19:10:53','2016-05-02 19:10:53',1),(58,'The Broad Institute of Harvard and MIT','NULL','NULL','2016-05-02 19:10:53','2016-05-02 19:10:53',2),(59,'Janssen Pharmaceutica','NULL','NULL','2016-05-02 19:10:53','2016-05-02 19:10:53',90),(60,'Boston Children\'s Hospital','NULL','NULL','2016-05-02 19:10:53','2016-05-02 19:10:53',91),(61,'Harvard Medical School','NULL','NULL','2016-05-02 19:10:53','2016-05-02 19:10:53',92),(62,'Health Canada','NULL','NULL','2016-05-02 19:10:53','2016-05-02 19:10:53',93),(63,'DFCI/Broad/BCH','NULL','NULL','2016-05-02 19:10:53','2016-05-02 19:10:53',94),(64,'Dana Farber','NULL','NULL','2016-05-02 19:10:53','2016-05-02 19:10:53',99),(65,'University of Texas Southwestern Medical Center','NULL','NULL','2016-05-02 19:10:53','2016-05-02 19:10:53',102),(66,'University of Munich','NULL','NULL','2016-05-02 19:10:53','2016-05-02 19:10:53',104),(67,'Mount Sinai','NULL','NULL','2016-05-02 19:10:53','2016-05-02 19:10:53',105),(68,'BIDMC',' Harvard Medical School','NULL','2016-05-02 19:10:53','2016-05-02 19:10:53',0),(69,'Kliniken Essen-Mitte','NULL','NULL','2016-05-02 19:10:53','2016-05-02 19:10:53',106),(70,'DFCI / BWH','NULL','NULL','2016-05-02 19:10:53','2016-05-02 19:10:53',107),(71,'Salzburg Cancer Research Institute','NULL','NULL','2016-05-02 19:10:53','2016-05-02 19:10:53',109),(72,'Lady Davis Institute','NULL','NULL','2016-05-02 19:10:53','2016-05-02 19:10:53',112),(73,'BWH Pathology','NULL','NULL','2016-05-02 19:10:53','2016-05-02 19:10:53',113),(74,'DFCI/BWH','NULL','NULL','2016-05-02 19:10:53','2016-05-02 19:10:53',114),(75,'DFCI-MO','NULL','NULL','2016-05-02 19:10:53','2016-05-02 19:10:53',77);
/*!40000 ALTER TABLE `organizations` ENABLE KEYS */;
UNLOCK TABLES;

--
-- Table structure for table `platforms`
--

DROP TABLE IF EXISTS `platforms`;
/*!40101 SET @saved_cs_client     = @@character_set_client */;
/*!40101 SET character_set_client = utf8 */;
CREATE TABLE `platforms` (
  `id` int(11) NOT NULL AUTO_INCREMENT,
  `name` varchar(255) DEFAULT NULL,
  `code` varchar(4) DEFAULT NULL,
  `created_at` datetime NOT NULL,
  `updated_at` datetime NOT NULL,
  PRIMARY KEY (`id`)
) ENGINE=InnoDB AUTO_INCREMENT=20 DEFAULT CHARSET=latin1;
/*!40101 SET character_set_client = @saved_cs_client */;

--
-- Dumping data for table `platforms`
--

LOCK TABLES `platforms` WRITE;
/*!40000 ALTER TABLE `platforms` DISABLE KEYS */;
INSERT INTO `platforms` VALUES (1,'Sequenom Genotyping','GT','2016-05-12 19:52:02','2016-05-12 19:52:02'),(2,'Illumina Whole Genome Sequencing','WG','2016-05-12 19:52:02','2016-05-12 19:52:02'),(3,'Sanger Sequencing','AS','2016-05-12 19:52:02','2016-05-12 19:52:02'),(4,'Illumina Whole Exome Sequencing (v2)','WE','2016-05-12 19:52:02','2016-05-12 19:52:02'),(5,'Illumina Targeted Sequencing (Oncopanel version 2)','TS','2016-05-12 19:52:02','2016-05-12 19:52:02'),(6,'Affymetrix SNP Array','A6','2016-05-12 19:52:02','2016-05-12 19:52:02'),(7,'DNA Fingerprinting','FP','2016-05-12 19:52:02','2016-05-12 19:52:02'),(8,'Affymetrix Gene Expression','AG','2016-05-12 19:52:02','2016-05-12 19:52:02'),(9,'Illumina Sequencing of Prepared Libraries','IS','2016-05-12 19:52:02','2016-05-12 19:52:02'),(10,'Whole Transcriptome Shotgun Sequencing (RNA-Seq)','RS','2016-05-12 19:52:02','2016-05-12 19:52:02'),(11,'ChIP-Sequencing','CS','2016-05-12 19:52:02','2016-05-12 19:52:02'),(12,'Amplicon Sequencing','AS','2016-05-12 19:52:02','2016-05-12 19:52:02'),(13,'Illumina Targeted Sequencing (Custom Bait set)','CB','2016-05-12 19:52:02','2016-05-12 19:52:02'),(14,'Illumina Targeted Sequencing (Profile Oncopanel version 1)','PP','2016-05-12 19:52:02','2016-05-12 19:52:02'),(15,'Illumina Targeted Sequencing (Oncopanel version 3)','P3','2016-05-12 19:52:02','2016-05-12 19:52:02'),(16,'Illumina Targeted Sequencing (Oncopanel version 3 w/ Trl)','3T','2016-05-12 19:52:02','2016-05-12 19:52:02'),(17,'Illumina Whole Exome Sequencing (v5)','E5','2016-05-12 19:52:02','2016-05-12 19:52:02'),(18,'Illumina Whole Exome Sequencing w/ Trl (v5)','ET','2016-05-12 19:52:02','2016-05-12 19:52:02'),(19,'Illumina Whole Exome Sequencing - Mouse (v1)','ME','2016-05-12 19:52:02','2016-05-12 19:52:02');
/*!40000 ALTER TABLE `platforms` ENABLE KEYS */;
UNLOCK TABLES;

--
-- Table structure for table `privileges`
--

DROP TABLE IF EXISTS `privileges`;
/*!40101 SET @saved_cs_client     = @@character_set_client */;
/*!40101 SET character_set_client = utf8 */;
CREATE TABLE `privileges` (
  `id` int(11) NOT NULL AUTO_INCREMENT,
  `created_at` datetime NOT NULL,
  `updated_at` datetime NOT NULL,
  `user_id` int(11) NOT NULL,
  `role_id` int(11) NOT NULL,
  PRIMARY KEY (`id`),
  KEY `index_privileges_on_role_id` (`role_id`) USING BTREE,
  KEY `index_privileges_on_user_id` (`user_id`) USING BTREE
) ENGINE=InnoDB AUTO_INCREMENT=397 DEFAULT CHARSET=utf8 COLLATE=utf8_unicode_ci;
/*!40101 SET character_set_client = @saved_cs_client */;

--
-- Dumping data for table `privileges`
--

LOCK TABLES `privileges` WRITE;
/*!40000 ALTER TABLE `privileges` DISABLE KEYS */;
INSERT INTO `privileges` VALUES (1,'2016-05-02 19:11:27','2016-05-02 19:11:27',2,1),(2,'2016-05-02 19:11:27','2016-05-02 19:11:27',3,1),(3,'2016-05-02 19:11:27','2016-05-02 19:11:27',73,1),(4,'2016-05-02 19:11:27','2016-05-02 19:11:27',108,1),(5,'2016-05-02 19:11:27','2016-05-02 19:11:27',123,1),(6,'2016-05-02 19:11:28','2016-05-02 19:11:28',137,1),(7,'2016-05-02 19:11:28','2016-05-02 19:11:28',154,1),(8,'2016-05-02 19:11:28','2016-05-02 19:11:28',160,1),(9,'2016-05-02 19:11:28','2016-05-02 19:11:28',171,1),(10,'2016-05-02 19:11:28','2016-05-02 19:11:28',233,1),(11,'2016-05-02 19:11:28','2016-05-02 19:11:28',246,1),(12,'2016-05-02 19:11:28','2016-05-02 19:11:28',250,1),(13,'2016-05-02 19:11:28','2016-05-02 19:11:28',267,1),(14,'2016-05-02 19:11:28','2016-05-02 19:11:28',316,1),(15,'2016-05-02 19:11:28','2016-05-02 19:11:28',317,1),(16,'2016-05-02 19:11:28','2016-05-02 19:11:28',8,2),(17,'2016-05-02 19:11:28','2016-05-02 19:11:28',9,2),(18,'2016-05-02 19:11:28','2016-05-02 19:11:28',10,2),(19,'2016-05-02 19:11:28','2016-05-02 19:11:28',11,2),(20,'2016-05-02 19:11:28','2016-05-02 19:11:28',12,2),(21,'2016-05-02 19:11:28','2016-05-02 19:11:28',13,2),(22,'2016-05-02 19:11:28','2016-05-02 19:11:28',14,2),(23,'2016-05-02 19:11:28','2016-05-02 19:11:28',46,2),(24,'2016-05-02 19:11:28','2016-05-02 19:11:28',167,2),(25,'2016-05-02 19:11:28','2016-05-02 19:11:28',263,2),(26,'2016-05-02 19:11:28','2016-05-02 19:11:28',264,2),(27,'2016-05-02 19:11:28','2016-05-02 19:11:28',2,3),(28,'2016-05-02 19:11:28','2016-05-02 19:11:28',3,3),(29,'2016-05-02 19:11:28','2016-05-02 19:11:28',4,3),(30,'2016-05-02 19:11:28','2016-05-02 19:11:28',5,3),(31,'2016-05-02 19:11:28','2016-05-02 19:11:28',7,3),(32,'2016-05-02 19:11:28','2016-05-02 19:11:28',27,3),(33,'2016-05-02 19:11:28','2016-05-02 19:11:28',40,3),(34,'2016-05-02 19:11:28','2016-05-02 19:11:28',61,3),(35,'2016-05-02 19:11:28','2016-05-02 19:11:28',65,3),(36,'2016-05-02 19:11:28','2016-05-02 19:11:28',81,3),(37,'2016-05-02 19:11:28','2016-05-02 19:11:28',108,3),(38,'2016-05-02 19:11:28','2016-05-02 19:11:28',123,3),(39,'2016-05-02 19:11:28','2016-05-02 19:11:28',126,3),(40,'2016-05-02 19:11:28','2016-05-02 19:11:28',137,3),(41,'2016-05-02 19:11:28','2016-05-02 19:11:28',145,3),(42,'2016-05-02 19:11:28','2016-05-02 19:11:28',154,3),(43,'2016-05-02 19:11:28','2016-05-02 19:11:28',160,3),(44,'2016-05-02 19:11:28','2016-05-02 19:11:28',171,3),(45,'2016-05-02 19:11:28','2016-05-02 19:11:28',173,3),(46,'2016-05-02 19:11:28','2016-05-02 19:11:28',233,3),(47,'2016-05-02 19:11:28','2016-05-02 19:11:28',246,3),(48,'2016-05-02 19:11:28','2016-05-02 19:11:28',250,3),(49,'2016-05-02 19:11:28','2016-05-02 19:11:28',266,3),(50,'2016-05-02 19:11:28','2016-05-02 19:11:28',267,3),(51,'2016-05-02 19:11:28','2016-05-02 19:11:28',269,3),(52,'2016-05-02 19:11:28','2016-05-02 19:11:28',290,3),(53,'2016-05-02 19:11:28','2016-05-02 19:11:28',305,3),(54,'2016-05-02 19:11:28','2016-05-02 19:11:28',2,5),(55,'2016-05-02 19:11:28','2016-05-02 19:11:28',3,5),(56,'2016-05-02 19:11:28','2016-05-02 19:11:28',4,5),(57,'2016-05-02 19:11:28','2016-05-02 19:11:28',5,5),(58,'2016-05-02 19:11:28','2016-05-02 19:11:28',8,5),(59,'2016-05-02 19:11:28','2016-05-02 19:11:28',9,5),(60,'2016-05-02 19:11:28','2016-05-02 19:11:28',10,5),(61,'2016-05-02 19:11:28','2016-05-02 19:11:28',11,5),(62,'2016-05-02 19:11:28','2016-05-02 19:11:28',12,5),(63,'2016-05-02 19:11:28','2016-05-02 19:11:28',13,5),(64,'2016-05-02 19:11:28','2016-05-02 19:11:28',14,5),(65,'2016-05-02 19:11:28','2016-05-02 19:11:28',15,5),(66,'2016-05-02 19:11:28','2016-05-02 19:11:28',16,5),(67,'2016-05-02 19:11:28','2016-05-02 19:11:28',17,5),(68,'2016-05-02 19:11:28','2016-05-02 19:11:28',18,5),(69,'2016-05-02 19:11:28','2016-05-02 19:11:28',19,5),(70,'2016-05-02 19:11:28','2016-05-02 19:11:28',20,5),(71,'2016-05-02 19:11:28','2016-05-02 19:11:28',21,5),(72,'2016-05-02 19:11:28','2016-05-02 19:11:28',22,5),(73,'2016-05-02 19:11:28','2016-05-02 19:11:28',23,5),(74,'2016-05-02 19:11:28','2016-05-02 19:11:28',24,5),(75,'2016-05-02 19:11:28','2016-05-02 19:11:28',25,5),(76,'2016-05-02 19:11:28','2016-05-02 19:11:28',26,5),(77,'2016-05-02 19:11:28','2016-05-02 19:11:28',34,5),(78,'2016-05-02 19:11:28','2016-05-02 19:11:28',37,5),(79,'2016-05-02 19:11:28','2016-05-02 19:11:28',38,5),(80,'2016-05-02 19:11:28','2016-05-02 19:11:28',39,5),(81,'2016-05-02 19:11:28','2016-05-02 19:11:28',41,5),(82,'2016-05-02 19:11:28','2016-05-02 19:11:28',42,5),(83,'2016-05-02 19:11:28','2016-05-02 19:11:28',50,5),(84,'2016-05-02 19:11:28','2016-05-02 19:11:28',51,5),(85,'2016-05-02 19:11:28','2016-05-02 19:11:28',52,5),(86,'2016-05-02 19:11:28','2016-05-02 19:11:28',53,5),(87,'2016-05-02 19:11:28','2016-05-02 19:11:28',56,5),(88,'2016-05-02 19:11:28','2016-05-02 19:11:28',57,5),(89,'2016-05-02 19:11:28','2016-05-02 19:11:28',58,5),(90,'2016-05-02 19:11:28','2016-05-02 19:11:28',59,5),(91,'2016-05-02 19:11:28','2016-05-02 19:11:28',60,5),(92,'2016-05-02 19:11:28','2016-05-02 19:11:28',63,5),(93,'2016-05-02 19:11:28','2016-05-02 19:11:28',66,5),(94,'2016-05-02 19:11:28','2016-05-02 19:11:28',70,5),(95,'2016-05-02 19:11:28','2016-05-02 19:11:28',71,5),(96,'2016-05-02 19:11:28','2016-05-02 19:11:28',72,5),(97,'2016-05-02 19:11:28','2016-05-02 19:11:28',76,5),(98,'2016-05-02 19:11:28','2016-05-02 19:11:28',77,5),(99,'2016-05-02 19:11:28','2016-05-02 19:11:28',79,5),(100,'2016-05-02 19:11:28','2016-05-02 19:11:28',87,5),(101,'2016-05-02 19:11:28','2016-05-02 19:11:28',91,5),(102,'2016-05-02 19:11:28','2016-05-02 19:11:28',95,5),(103,'2016-05-02 19:11:28','2016-05-02 19:11:28',96,5),(104,'2016-05-02 19:11:28','2016-05-02 19:11:28',99,5),(105,'2016-05-02 19:11:28','2016-05-02 19:11:28',102,5),(106,'2016-05-02 19:11:28','2016-05-02 19:11:28',103,5),(107,'2016-05-02 19:11:28','2016-05-02 19:11:28',112,5),(108,'2016-05-02 19:11:28','2016-05-02 19:11:28',114,5),(109,'2016-05-02 19:11:28','2016-05-02 19:11:28',117,5),(110,'2016-05-02 19:11:28','2016-05-02 19:11:28',125,5),(111,'2016-05-02 19:11:28','2016-05-02 19:11:28',134,5),(112,'2016-05-02 19:11:28','2016-05-02 19:11:28',137,5),(113,'2016-05-02 19:11:28','2016-05-02 19:11:28',138,5),(114,'2016-05-02 19:11:28','2016-05-02 19:11:28',139,5),(115,'2016-05-02 19:11:28','2016-05-02 19:11:28',140,5),(116,'2016-05-02 19:11:28','2016-05-02 19:11:28',145,5),(117,'2016-05-02 19:11:28','2016-05-02 19:11:28',153,5),(118,'2016-05-02 19:11:28','2016-05-02 19:11:28',154,5),(119,'2016-05-02 19:11:28','2016-05-02 19:11:28',155,5),(120,'2016-05-02 19:11:28','2016-05-02 19:11:28',156,5),(121,'2016-05-02 19:11:28','2016-05-02 19:11:28',158,5),(122,'2016-05-02 19:11:28','2016-05-02 19:11:28',161,5),(123,'2016-05-02 19:11:28','2016-05-02 19:11:28',164,5),(124,'2016-05-02 19:11:28','2016-05-02 19:11:28',167,5),(125,'2016-05-02 19:11:28','2016-05-02 19:11:28',168,5),(126,'2016-05-02 19:11:28','2016-05-02 19:11:28',169,5),(127,'2016-05-02 19:11:28','2016-05-02 19:11:28',177,5),(128,'2016-05-02 19:11:28','2016-05-02 19:11:28',178,5),(129,'2016-05-02 19:11:28','2016-05-02 19:11:28',179,5),(130,'2016-05-02 19:11:28','2016-05-02 19:11:28',184,5),(131,'2016-05-02 19:11:28','2016-05-02 19:11:28',186,5),(132,'2016-05-02 19:11:28','2016-05-02 19:11:28',216,5),(133,'2016-05-02 19:11:28','2016-05-02 19:11:28',217,5),(134,'2016-05-02 19:11:28','2016-05-02 19:11:28',219,5),(135,'2016-05-02 19:11:28','2016-05-02 19:11:28',221,5),(136,'2016-05-02 19:11:28','2016-05-02 19:11:28',226,5),(137,'2016-05-02 19:11:28','2016-05-02 19:11:28',227,5),(138,'2016-05-02 19:11:28','2016-05-02 19:11:28',228,5),(139,'2016-05-02 19:11:28','2016-05-02 19:11:28',229,5),(140,'2016-05-02 19:11:28','2016-05-02 19:11:28',231,5),(141,'2016-05-02 19:11:28','2016-05-02 19:11:28',234,5),(142,'2016-05-02 19:11:28','2016-05-02 19:11:28',239,5),(143,'2016-05-02 19:11:28','2016-05-02 19:11:28',240,5),(144,'2016-05-02 19:11:28','2016-05-02 19:11:28',243,5),(145,'2016-05-02 19:11:29','2016-05-02 19:11:29',244,5),(146,'2016-05-02 19:11:29','2016-05-02 19:11:29',245,5),(147,'2016-05-02 19:11:29','2016-05-02 19:11:29',246,5),(148,'2016-05-02 19:11:29','2016-05-02 19:11:29',250,5),(149,'2016-05-02 19:11:29','2016-05-02 19:11:29',251,5),(150,'2016-05-02 19:11:29','2016-05-02 19:11:29',252,5),(151,'2016-05-02 19:11:29','2016-05-02 19:11:29',256,5),(152,'2016-05-02 19:11:29','2016-05-02 19:11:29',259,5),(153,'2016-05-02 19:11:29','2016-05-02 19:11:29',269,5),(154,'2016-05-02 19:11:29','2016-05-02 19:11:29',270,5),(155,'2016-05-02 19:11:29','2016-05-02 19:11:29',271,5),(156,'2016-05-02 19:11:29','2016-05-02 19:11:29',286,5),(157,'2016-05-02 19:11:29','2016-05-02 19:11:29',288,5),(158,'2016-05-02 19:11:29','2016-05-02 19:11:29',292,5),(159,'2016-05-02 19:11:29','2016-05-02 19:11:29',293,5),(160,'2016-05-02 19:11:29','2016-05-02 19:11:29',295,5),(161,'2016-05-02 19:11:29','2016-05-02 19:11:29',296,5),(162,'2016-05-02 19:11:29','2016-05-02 19:11:29',297,5),(163,'2016-05-02 19:11:29','2016-05-02 19:11:29',298,5),(164,'2016-05-02 19:11:29','2016-05-02 19:11:29',300,5),(165,'2016-05-02 19:11:29','2016-05-02 19:11:29',310,5),(166,'2016-05-02 19:11:29','2016-05-02 19:11:29',312,5),(167,'2016-05-02 19:11:29','2016-05-02 19:11:29',318,5),(168,'2016-05-02 19:11:29','2016-05-02 19:11:29',5,5),(169,'2016-05-02 19:11:29','2016-05-02 19:11:29',6,5),(170,'2016-05-02 19:11:29','2016-05-02 19:11:29',27,5),(171,'2016-05-02 19:11:29','2016-05-02 19:11:29',28,5),(172,'2016-05-02 19:11:29','2016-05-02 19:11:29',30,5),(173,'2016-05-02 19:11:29','2016-05-02 19:11:29',31,5),(174,'2016-05-02 19:11:29','2016-05-02 19:11:29',33,5),(175,'2016-05-02 19:11:29','2016-05-02 19:11:29',35,5),(176,'2016-05-02 19:11:29','2016-05-02 19:11:29',36,5),(177,'2016-05-02 19:11:29','2016-05-02 19:11:29',39,5),(178,'2016-05-02 19:11:29','2016-05-02 19:11:29',40,5),(179,'2016-05-02 19:11:29','2016-05-02 19:11:29',43,5),(180,'2016-05-02 19:11:29','2016-05-02 19:11:29',44,5),(181,'2016-05-02 19:11:29','2016-05-02 19:11:29',45,5),(182,'2016-05-02 19:11:29','2016-05-02 19:11:29',46,5),(183,'2016-05-02 19:11:29','2016-05-02 19:11:29',47,5),(184,'2016-05-02 19:11:29','2016-05-02 19:11:29',48,5),(185,'2016-05-02 19:11:29','2016-05-02 19:11:29',49,5),(186,'2016-05-02 19:11:29','2016-05-02 19:11:29',50,5),(187,'2016-05-02 19:11:29','2016-05-02 19:11:29',54,5),(188,'2016-05-02 19:11:29','2016-05-02 19:11:29',55,5),(189,'2016-05-02 19:11:29','2016-05-02 19:11:29',61,5),(190,'2016-05-02 19:11:29','2016-05-02 19:11:29',62,5),(191,'2016-05-02 19:11:29','2016-05-02 19:11:29',64,5),(192,'2016-05-02 19:11:29','2016-05-02 19:11:29',65,5),(193,'2016-05-02 19:11:29','2016-05-02 19:11:29',74,5),(194,'2016-05-02 19:11:29','2016-05-02 19:11:29',78,5),(195,'2016-05-02 19:11:29','2016-05-02 19:11:29',80,5),(196,'2016-05-02 19:11:29','2016-05-02 19:11:29',81,5),(197,'2016-05-02 19:11:29','2016-05-02 19:11:29',82,5),(198,'2016-05-02 19:11:29','2016-05-02 19:11:29',83,5),(199,'2016-05-02 19:11:29','2016-05-02 19:11:29',85,5),(200,'2016-05-02 19:11:29','2016-05-02 19:11:29',86,5),(201,'2016-05-02 19:11:29','2016-05-02 19:11:29',88,5),(202,'2016-05-02 19:11:29','2016-05-02 19:11:29',89,5),(203,'2016-05-02 19:11:29','2016-05-02 19:11:29',90,5),(204,'2016-05-02 19:11:29','2016-05-02 19:11:29',92,5),(205,'2016-05-02 19:11:29','2016-05-02 19:11:29',93,5),(206,'2016-05-02 19:11:29','2016-05-02 19:11:29',94,5),(207,'2016-05-02 19:11:29','2016-05-02 19:11:29',97,5),(208,'2016-05-02 19:11:29','2016-05-02 19:11:29',98,5),(209,'2016-05-02 19:11:29','2016-05-02 19:11:29',99,5),(210,'2016-05-02 19:11:29','2016-05-02 19:11:29',100,5),(211,'2016-05-02 19:11:29','2016-05-02 19:11:29',101,5),(212,'2016-05-02 19:11:29','2016-05-02 19:11:29',104,5),(213,'2016-05-02 19:11:29','2016-05-02 19:11:29',105,5),(214,'2016-05-02 19:11:29','2016-05-02 19:11:29',106,5),(215,'2016-05-02 19:11:29','2016-05-02 19:11:29',107,5),(216,'2016-05-02 19:11:29','2016-05-02 19:11:29',108,5),(217,'2016-05-02 19:11:29','2016-05-02 19:11:29',109,5),(218,'2016-05-02 19:11:29','2016-05-02 19:11:29',110,5),(219,'2016-05-02 19:11:29','2016-05-02 19:11:29',111,5),(220,'2016-05-02 19:11:29','2016-05-02 19:11:29',113,5),(221,'2016-05-02 19:11:29','2016-05-02 19:11:29',116,5),(222,'2016-05-02 19:11:29','2016-05-02 19:11:29',119,5),(223,'2016-05-02 19:11:29','2016-05-02 19:11:29',120,5),(224,'2016-05-02 19:11:29','2016-05-02 19:11:29',121,5),(225,'2016-05-02 19:11:29','2016-05-02 19:11:29',122,5),(226,'2016-05-02 19:11:29','2016-05-02 19:11:29',124,5),(227,'2016-05-02 19:11:29','2016-05-02 19:11:29',127,5),(228,'2016-05-02 19:11:29','2016-05-02 19:11:29',128,5),(229,'2016-05-02 19:11:29','2016-05-02 19:11:29',129,5),(230,'2016-05-02 19:11:29','2016-05-02 19:11:29',130,5),(231,'2016-05-02 19:11:29','2016-05-02 19:11:29',132,5),(232,'2016-05-02 19:11:29','2016-05-02 19:11:29',133,5),(233,'2016-05-02 19:11:29','2016-05-02 19:11:29',136,5),(234,'2016-05-02 19:11:29','2016-05-02 19:11:29',137,5),(235,'2016-05-02 19:11:29','2016-05-02 19:11:29',141,5),(236,'2016-05-02 19:11:29','2016-05-02 19:11:29',144,5),(237,'2016-05-02 19:11:29','2016-05-02 19:11:29',145,5),(238,'2016-05-02 19:11:29','2016-05-02 19:11:29',146,5),(239,'2016-05-02 19:11:29','2016-05-02 19:11:29',148,5),(240,'2016-05-02 19:11:29','2016-05-02 19:11:29',150,5),(241,'2016-05-02 19:11:29','2016-05-02 19:11:29',152,5),(242,'2016-05-02 19:11:29','2016-05-02 19:11:29',157,5),(243,'2016-05-02 19:11:29','2016-05-02 19:11:29',159,5),(244,'2016-05-02 19:11:29','2016-05-02 19:11:29',160,5),(245,'2016-05-02 19:11:29','2016-05-02 19:11:29',161,5),(246,'2016-05-02 19:11:29','2016-05-02 19:11:29',164,5),(247,'2016-05-02 19:11:29','2016-05-02 19:11:29',165,5),(248,'2016-05-02 19:11:29','2016-05-02 19:11:29',168,5),(249,'2016-05-02 19:11:29','2016-05-02 19:11:29',171,5),(250,'2016-05-02 19:11:29','2016-05-02 19:11:29',172,5),(251,'2016-05-02 19:11:29','2016-05-02 19:11:29',173,5),(252,'2016-05-02 19:11:29','2016-05-02 19:11:29',174,5),(253,'2016-05-02 19:11:29','2016-05-02 19:11:29',175,5),(254,'2016-05-02 19:11:29','2016-05-02 19:11:29',176,5),(255,'2016-05-02 19:11:29','2016-05-02 19:11:29',177,5),(256,'2016-05-02 19:11:29','2016-05-02 19:11:29',180,5),(257,'2016-05-02 19:11:29','2016-05-02 19:11:29',182,5),(258,'2016-05-02 19:11:29','2016-05-02 19:11:29',183,5),(259,'2016-05-02 19:11:29','2016-05-02 19:11:29',185,5),(260,'2016-05-02 19:11:29','2016-05-02 19:11:29',188,5),(261,'2016-05-02 19:11:29','2016-05-02 19:11:29',215,5),(262,'2016-05-02 19:11:29','2016-05-02 19:11:29',217,5),(263,'2016-05-02 19:11:29','2016-05-02 19:11:29',218,5),(264,'2016-05-02 19:11:29','2016-05-02 19:11:29',220,5),(265,'2016-05-02 19:11:29','2016-05-02 19:11:29',224,5),(266,'2016-05-02 19:11:29','2016-05-02 19:11:29',225,5),(267,'2016-05-02 19:11:29','2016-05-02 19:11:29',230,5),(268,'2016-05-02 19:11:29','2016-05-02 19:11:29',231,5),(269,'2016-05-02 19:11:29','2016-05-02 19:11:29',232,5),(270,'2016-05-02 19:11:29','2016-05-02 19:11:29',233,5),(271,'2016-05-02 19:11:29','2016-05-02 19:11:29',235,5),(272,'2016-05-02 19:11:29','2016-05-02 19:11:29',237,5),(273,'2016-05-02 19:11:29','2016-05-02 19:11:29',238,5),(274,'2016-05-02 19:11:29','2016-05-02 19:11:29',242,5),(275,'2016-05-02 19:11:29','2016-05-02 19:11:29',243,5),(276,'2016-05-02 19:11:29','2016-05-02 19:11:29',246,5),(277,'2016-05-02 19:11:29','2016-05-02 19:11:29',247,5),(278,'2016-05-02 19:11:29','2016-05-02 19:11:29',250,5),(279,'2016-05-02 19:11:29','2016-05-02 19:11:29',253,5),(280,'2016-05-02 19:11:29','2016-05-02 19:11:29',255,5),(281,'2016-05-02 19:11:29','2016-05-02 19:11:29',257,5),(282,'2016-05-02 19:11:30','2016-05-02 19:11:30',258,5),(283,'2016-05-02 19:11:30','2016-05-02 19:11:30',260,5),(284,'2016-05-02 19:11:30','2016-05-02 19:11:30',261,5),(285,'2016-05-02 19:11:30','2016-05-02 19:11:30',262,5),(286,'2016-05-02 19:11:30','2016-05-02 19:11:30',265,5),(287,'2016-05-02 19:11:30','2016-05-02 19:11:30',267,5),(288,'2016-05-02 19:11:30','2016-05-02 19:11:30',268,5),(289,'2016-05-02 19:11:30','2016-05-02 19:11:30',269,5),(290,'2016-05-02 19:11:30','2016-05-02 19:11:30',270,5),(291,'2016-05-02 19:11:30','2016-05-02 19:11:30',272,5),(292,'2016-05-02 19:11:30','2016-05-02 19:11:30',273,5),(293,'2016-05-02 19:11:30','2016-05-02 19:11:30',274,5),(294,'2016-05-02 19:11:30','2016-05-02 19:11:30',275,5),(295,'2016-05-02 19:11:30','2016-05-02 19:11:30',276,5),(296,'2016-05-02 19:11:30','2016-05-02 19:11:30',277,5),(297,'2016-05-02 19:11:30','2016-05-02 19:11:30',278,5),(298,'2016-05-02 19:11:30','2016-05-02 19:11:30',279,5),(299,'2016-05-02 19:11:30','2016-05-02 19:11:30',280,5),(300,'2016-05-02 19:11:30','2016-05-02 19:11:30',281,5),(301,'2016-05-02 19:11:30','2016-05-02 19:11:30',282,5),(302,'2016-05-02 19:11:30','2016-05-02 19:11:30',283,5),(303,'2016-05-02 19:11:30','2016-05-02 19:11:30',284,5),(304,'2016-05-02 19:11:30','2016-05-02 19:11:30',285,5),(305,'2016-05-02 19:11:30','2016-05-02 19:11:30',287,5),(306,'2016-05-02 19:11:30','2016-05-02 19:11:30',289,5),(307,'2016-05-02 19:11:30','2016-05-02 19:11:30',290,5),(308,'2016-05-02 19:11:30','2016-05-02 19:11:30',291,5),(309,'2016-05-02 19:11:30','2016-05-02 19:11:30',294,5),(310,'2016-05-02 19:11:30','2016-05-02 19:11:30',299,5),(311,'2016-05-02 19:11:30','2016-05-02 19:11:30',301,5),(312,'2016-05-02 19:11:30','2016-05-02 19:11:30',302,5),(313,'2016-05-02 19:11:30','2016-05-02 19:11:30',303,5),(314,'2016-05-02 19:11:30','2016-05-02 19:11:30',304,5),(315,'2016-05-02 19:11:30','2016-05-02 19:11:30',306,5),(316,'2016-05-02 19:11:30','2016-05-02 19:11:30',307,5),(317,'2016-05-02 19:11:30','2016-05-02 19:11:30',308,5),(318,'2016-05-02 19:11:30','2016-05-02 19:11:30',309,5),(319,'2016-05-02 19:11:30','2016-05-02 19:11:30',311,5),(320,'2016-05-02 19:11:30','2016-05-02 19:11:30',313,5),(321,'2016-05-02 19:11:30','2016-05-02 19:11:30',314,5),(322,'2016-05-02 19:11:30','2016-05-02 19:11:30',315,5),(323,'2016-05-02 19:11:30','2016-05-02 19:11:30',5,5),(324,'2016-05-02 19:11:30','2016-05-02 19:11:30',27,5),(325,'2016-05-02 19:11:30','2016-05-02 19:11:30',30,5),(326,'2016-05-02 19:11:30','2016-05-02 19:11:30',31,5),(327,'2016-05-02 19:11:30','2016-05-02 19:11:30',36,5),(328,'2016-05-02 19:11:30','2016-05-02 19:11:30',39,5),(329,'2016-05-02 19:11:30','2016-05-02 19:11:30',40,5),(330,'2016-05-02 19:11:30','2016-05-02 19:11:30',44,5),(331,'2016-05-02 19:11:30','2016-05-02 19:11:30',50,5),(332,'2016-05-02 19:11:30','2016-05-02 19:11:30',61,5),(333,'2016-05-02 19:11:30','2016-05-02 19:11:30',65,5),(334,'2016-05-02 19:11:30','2016-05-02 19:11:30',81,5),(335,'2016-05-02 19:11:30','2016-05-02 19:11:30',90,5),(336,'2016-05-02 19:11:30','2016-05-02 19:11:30',108,5),(337,'2016-05-02 19:11:30','2016-05-02 19:11:30',123,5),(338,'2016-05-02 19:11:30','2016-05-02 19:11:30',126,5),(339,'2016-05-02 19:11:30','2016-05-02 19:11:30',135,5),(340,'2016-05-02 19:11:30','2016-05-02 19:11:30',142,5),(341,'2016-05-02 19:11:30','2016-05-02 19:11:30',143,5),(342,'2016-05-02 19:11:30','2016-05-02 19:11:30',147,5),(343,'2016-05-02 19:11:30','2016-05-02 19:11:30',154,5),(344,'2016-05-02 19:11:30','2016-05-02 19:11:30',160,5),(345,'2016-05-02 19:11:30','2016-05-02 19:11:30',164,5),(346,'2016-05-02 19:11:30','2016-05-02 19:11:30',165,5),(347,'2016-05-02 19:11:30','2016-05-02 19:11:30',168,5),(348,'2016-05-02 19:11:30','2016-05-02 19:11:30',173,5),(349,'2016-05-02 19:11:30','2016-05-02 19:11:30',175,5),(350,'2016-05-02 19:11:30','2016-05-02 19:11:30',180,5),(351,'2016-05-02 19:11:30','2016-05-02 19:11:30',182,5),(352,'2016-05-02 19:11:30','2016-05-02 19:11:30',183,5),(353,'2016-05-02 19:11:30','2016-05-02 19:11:30',233,5),(354,'2016-05-02 19:11:30','2016-05-02 19:11:30',237,5),(355,'2016-05-02 19:11:30','2016-05-02 19:11:30',250,5),(356,'2016-05-02 19:11:30','2016-05-02 19:11:30',254,5),(357,'2016-05-02 19:11:30','2016-05-02 19:11:30',266,5),(358,'2016-05-02 19:11:30','2016-05-02 19:11:30',269,5),(359,'2016-05-02 19:11:30','2016-05-02 19:11:30',290,5),(360,'2016-05-02 19:11:30','2016-05-02 19:11:30',305,5),(361,'2016-05-02 19:11:30','2016-05-02 19:11:30',316,5),(362,'2016-05-02 19:11:30','2016-05-02 19:11:30',317,5),(363,'2016-05-02 19:11:30','2016-05-02 19:11:30',2,4),(364,'2016-05-02 19:11:30','2016-05-02 19:11:30',3,4),(365,'2016-05-02 19:11:30','2016-05-02 19:11:30',5,4),(366,'2016-05-02 19:11:30','2016-05-02 19:11:30',8,4),(367,'2016-05-02 19:11:30','2016-05-02 19:11:30',9,4),(368,'2016-05-02 19:11:30','2016-05-02 19:11:30',10,4),(369,'2016-05-02 19:11:30','2016-05-02 19:11:30',12,4),(370,'2016-05-02 19:11:30','2016-05-02 19:11:30',13,4),(371,'2016-05-02 19:11:30','2016-05-02 19:11:30',14,4),(372,'2016-05-02 19:11:30','2016-05-02 19:11:30',15,4),(373,'2016-05-02 19:11:30','2016-05-02 19:11:30',16,4),(374,'2016-05-02 19:11:30','2016-05-02 19:11:30',17,4),(375,'2016-05-02 19:11:30','2016-05-02 19:11:30',18,4),(376,'2016-05-02 19:11:30','2016-05-02 19:11:30',19,4),(377,'2016-05-02 19:11:30','2016-05-02 19:11:30',20,4),(378,'2016-05-02 19:11:30','2016-05-02 19:11:30',21,4),(379,'2016-05-02 19:11:30','2016-05-02 19:11:30',22,4),(380,'2016-05-02 19:11:30','2016-05-02 19:11:30',23,4),(381,'2016-05-02 19:11:30','2016-05-02 19:11:30',46,4),(382,'2016-05-02 19:11:30','2016-05-02 19:11:30',123,4),(383,'2016-05-02 19:11:30','2016-05-02 19:11:30',137,4),(384,'2016-05-02 19:11:30','2016-05-02 19:11:30',145,4),(385,'2016-05-02 19:11:30','2016-05-02 19:11:30',167,4),(386,'2016-05-02 19:11:30','2016-05-02 19:11:30',246,4),(387,'2016-05-02 19:11:30','2016-05-02 19:11:30',250,4),(388,'2016-05-02 19:11:30','2016-05-02 19:11:30',266,4),(389,'2016-05-02 19:11:30','2016-05-02 19:11:30',269,4),(390,'2016-05-02 19:11:30','2016-05-02 19:11:30',305,4),(391,'2016-05-02 19:11:30','2016-05-02 19:11:30',316,4),(392,'2016-05-02 19:11:30','2016-05-02 19:11:30',318,1),(393,'2016-05-02 19:11:30','2016-05-02 19:11:30',319,1),(394,'2016-05-02 19:11:30','2016-05-02 19:11:30',319,5),(395,'2016-05-03 20:14:34','2016-05-03 20:14:34',320,5);
/*!40000 ALTER TABLE `privileges` ENABLE KEYS */;
UNLOCK TABLES;

--
-- Table structure for table `proposal_platforms`
--

DROP TABLE IF EXISTS `proposal_platforms`;
/*!40101 SET @saved_cs_client     = @@character_set_client */;
/*!40101 SET character_set_client = utf8 */;
CREATE TABLE `proposal_platforms` (
  `id` int(11) NOT NULL AUTO_INCREMENT,
  `proposal_id` int(11) DEFAULT NULL,
  `platform_id` int(11) DEFAULT NULL,
  `created_at` datetime NOT NULL,
  `updated_at` datetime NOT NULL,
  PRIMARY KEY (`id`)
) ENGINE=InnoDB AUTO_INCREMENT=2 DEFAULT CHARSET=latin1;
/*!40101 SET character_set_client = @saved_cs_client */;

--
-- Dumping data for table `proposal_platforms`
--

LOCK TABLES `proposal_platforms` WRITE;
/*!40000 ALTER TABLE `proposal_platforms` DISABLE KEYS */;
INSERT INTO `proposal_platforms` VALUES (1,1,4,'2016-05-20 20:15:55','2016-05-20 20:15:55');
/*!40000 ALTER TABLE `proposal_platforms` ENABLE KEYS */;
UNLOCK TABLES;

--
-- Table structure for table `proposal_statuses`
--

DROP TABLE IF EXISTS `proposal_statuses`;
/*!40101 SET @saved_cs_client     = @@character_set_client */;
/*!40101 SET character_set_client = utf8 */;
CREATE TABLE `proposal_statuses` (
  `id` int(11) NOT NULL AUTO_INCREMENT,
  `name` varchar(255) DEFAULT NULL,
  `code` varchar(255) DEFAULT NULL,
  `created_at` datetime NOT NULL,
  `updated_at` datetime NOT NULL,
  PRIMARY KEY (`id`)
) ENGINE=InnoDB AUTO_INCREMENT=8 DEFAULT CHARSET=latin1;
/*!40101 SET character_set_client = @saved_cs_client */;

--
-- Dumping data for table `proposal_statuses`
--

LOCK TABLES `proposal_statuses` WRITE;
/*!40000 ALTER TABLE `proposal_statuses` DISABLE KEYS */;
INSERT INTO `proposal_statuses` VALUES (1,'Draft/private proposal','draft','2016-05-12 19:52:02','2016-05-12 19:52:02'),(2,'Pending review','pending','2016-05-12 19:52:02','2016-05-12 19:52:02'),(3,'Under committee review','review','2016-05-12 19:52:02','2016-05-12 19:52:02'),(4,'Accepted/project initiated','accepted','2016-05-12 19:52:02','2016-05-12 19:52:02'),(5,'Rejected','rejected','2016-05-12 19:52:02','2016-05-12 19:52:02'),(6,'Abandoned','abandoned','2016-05-12 19:52:02','2016-05-12 19:52:02'),(7,'Complete/deprecated','complete','2016-05-12 19:52:02','2016-05-12 19:52:02');
/*!40000 ALTER TABLE `proposal_statuses` ENABLE KEYS */;
UNLOCK TABLES;

--
-- Table structure for table `proposals`
--

DROP TABLE IF EXISTS `proposals`;
/*!40101 SET @saved_cs_client     = @@character_set_client */;
/*!40101 SET character_set_client = utf8 */;
CREATE TABLE `proposals` (
  `id` int(11) NOT NULL AUTO_INCREMENT,
  `name` varchar(255) DEFAULT NULL,
  `code` varchar(10) DEFAULT NULL,
  `objectives` text,
  `background` text,
  `design_details` text,
  `sample_availability` text,
  `contributions` text,
  `comments` text,
  `financial_contact` varchar(255) DEFAULT NULL,
  `billing_dept` varchar(255) DEFAULT NULL,
  `billing_street` varchar(255) DEFAULT NULL,
  `billing_building` varchar(255) DEFAULT NULL,
  `billing_room` varchar(255) DEFAULT NULL,
  `billing_city` varchar(255) DEFAULT NULL,
  `billing_zip` varchar(255) DEFAULT NULL,
  `billing_email` varchar(255) DEFAULT NULL,
  `billing_phone` varchar(255) DEFAULT NULL,
  `state_id` int(11) DEFAULT NULL,
  `proposal_status_id` int(11) DEFAULT NULL,
  `user_id` int(11) DEFAULT NULL,
  `lab_group_id` int(11) DEFAULT NULL,
  `submitted` tinyint(1) DEFAULT '0',
  `created_at` datetime NOT NULL,
  `updated_at` datetime NOT NULL,
  PRIMARY KEY (`id`),
  KEY `index_proposals_on_state_id` (`state_id`),
  KEY `index_proposals_on_proposal_status_id` (`proposal_status_id`),
  KEY `index_proposals_on_user_id` (`user_id`),
  KEY `index_proposals_on_lab_group_id` (`lab_group_id`)
) ENGINE=InnoDB AUTO_INCREMENT=2 DEFAULT CHARSET=latin1;
/*!40101 SET character_set_client = @saved_cs_client */;

--
-- Dumping data for table `proposals`
--

LOCK TABLES `proposals` WRITE;
/*!40000 ALTER TABLE `proposals` DISABLE KEYS */;
INSERT INTO `proposals` VALUES (1,'Test proposal',NULL,'Test objectives','Test background','Test design details','Test sample availability','Test contributions','Test comments','Test contact','Test dept','Test street','Test building','Test room','Test city','Test zip','Test email','Test phone',21,NULL,319,27,0,'2016-05-20 20:15:55','2016-05-20 20:15:55');
/*!40000 ALTER TABLE `proposals` ENABLE KEYS */;
UNLOCK TABLES;

--
-- Table structure for table `roles`
--

DROP TABLE IF EXISTS `roles`;
/*!40101 SET @saved_cs_client     = @@character_set_client */;
/*!40101 SET character_set_client = utf8 */;
CREATE TABLE `roles` (
  `id` int(11) NOT NULL AUTO_INCREMENT,
  `name` varchar(255) COLLATE utf8_unicode_ci DEFAULT NULL,
  `description` varchar(255) COLLATE utf8_unicode_ci DEFAULT NULL,
  `created_at` datetime NOT NULL,
  `updated_at` datetime NOT NULL,
  PRIMARY KEY (`id`)
) ENGINE=InnoDB AUTO_INCREMENT=6 DEFAULT CHARSET=utf8 COLLATE=utf8_unicode_ci;
/*!40101 SET character_set_client = @saved_cs_client */;

--
-- Dumping data for table `roles`
--

LOCK TABLES `roles` WRITE;
/*!40000 ALTER TABLE `roles` DISABLE KEYS */;
INSERT INTO `roles` VALUES (1,'CCGD Administrator','admin','2016-05-02 19:11:27','2016-05-02 19:11:27'),(2,'CCGD Faculty','faculty','2016-05-02 19:11:27','2016-05-02 19:11:27'),(3,'CCGD Lab Staff','staff','2016-05-02 19:11:27','2016-05-02 19:11:27'),(4,'CCGD Scientific Advisor','advisor','2016-05-02 19:11:27','2016-05-02 19:11:27'),(5,'CCGD Submitter','submitter','2016-05-02 19:11:27','2016-05-02 19:11:27');
/*!40000 ALTER TABLE `roles` ENABLE KEYS */;
UNLOCK TABLES;

--
-- Table structure for table `schema_migrations`
--

DROP TABLE IF EXISTS `schema_migrations`;
/*!40101 SET @saved_cs_client     = @@character_set_client */;
/*!40101 SET character_set_client = utf8 */;
CREATE TABLE `schema_migrations` (
  `version` varchar(255) COLLATE utf8_unicode_ci NOT NULL,
  UNIQUE KEY `unique_schema_migrations` (`version`)
) ENGINE=InnoDB DEFAULT CHARSET=utf8 COLLATE=utf8_unicode_ci;
/*!40101 SET character_set_client = @saved_cs_client */;

--
-- Dumping data for table `schema_migrations`
--

LOCK TABLES `schema_migrations` WRITE;
/*!40000 ALTER TABLE `schema_migrations` DISABLE KEYS */;
INSERT INTO `schema_migrations` VALUES ('20160315193611'),('20160315194655'),('20160317142741'),('20160317193242'),('20160317194419'),('20160317202841'),('20160317202953'),('20160317204633'),('20160317205018'),('20160317211647'),('20160317211754'),('20160320233537'),('20160321220211'),('20160323145314'),('20160323150814'),('20160323193542'),('20160323193614'),('20160324175341'),('20160418170856'),('20160425171716'),('20160502160730'),('20160502160753'),('20160502162508'),('20160512194731'),('20160512194754'),('20160516193224'),('20160518202334');
/*!40000 ALTER TABLE `schema_migrations` ENABLE KEYS */;
UNLOCK TABLES;

--
-- Table structure for table `states`
--

DROP TABLE IF EXISTS `states`;
/*!40101 SET @saved_cs_client     = @@character_set_client */;
/*!40101 SET character_set_client = utf8 */;
CREATE TABLE `states` (
  `id` int(11) NOT NULL AUTO_INCREMENT,
  `name` varchar(255) COLLATE utf8_unicode_ci DEFAULT NULL,
  `code` varchar(255) COLLATE utf8_unicode_ci DEFAULT NULL,
  `created_at` datetime NOT NULL,
  `updated_at` datetime NOT NULL,
  PRIMARY KEY (`id`)
) ENGINE=InnoDB AUTO_INCREMENT=52 DEFAULT CHARSET=utf8 COLLATE=utf8_unicode_ci;
/*!40101 SET character_set_client = @saved_cs_client */;

--
-- Dumping data for table `states`
--

LOCK TABLES `states` WRITE;
/*!40000 ALTER TABLE `states` DISABLE KEYS */;
INSERT INTO `states` VALUES (1,'Alabama','AL','2016-05-02 19:10:48','2016-05-02 19:10:48'),(2,'Alaska','AK','2016-05-02 19:10:48','2016-05-02 19:10:48'),(3,'Arizona','AZ','2016-05-02 19:10:48','2016-05-02 19:10:48'),(4,'Arkansas','AR','2016-05-02 19:10:48','2016-05-02 19:10:48'),(5,'California','CA','2016-05-02 19:10:48','2016-05-02 19:10:48'),(6,'Colorado','CO','2016-05-02 19:10:48','2016-05-02 19:10:48'),(7,'Connecticut','CT','2016-05-02 19:10:49','2016-05-02 19:10:49'),(8,'Delaware','DE','2016-05-02 19:10:49','2016-05-02 19:10:49'),(9,'Florida','FL','2016-05-02 19:10:49','2016-05-02 19:10:49'),(10,'Georgia','GA','2016-05-02 19:10:49','2016-05-02 19:10:49'),(11,'Hawaii','HI','2016-05-02 19:10:49','2016-05-02 19:10:49'),(12,'Idaho','ID','2016-05-02 19:10:49','2016-05-02 19:10:49'),(13,'Illinois','IL','2016-05-02 19:10:49','2016-05-02 19:10:49'),(14,'Indiana','IN','2016-05-02 19:10:49','2016-05-02 19:10:49'),(15,'Iowa','IA','2016-05-02 19:10:49','2016-05-02 19:10:49'),(16,'Kansas','KS','2016-05-02 19:10:49','2016-05-02 19:10:49'),(17,'Kentucky','KY','2016-05-02 19:10:49','2016-05-02 19:10:49'),(18,'Louisiana','LA','2016-05-02 19:10:49','2016-05-02 19:10:49'),(19,'Maine','ME','2016-05-02 19:10:49','2016-05-02 19:10:49'),(20,'Maryland','MD','2016-05-02 19:10:49','2016-05-02 19:10:49'),(21,'Massachusetts','MA','2016-05-02 19:10:49','2016-05-02 19:10:49'),(22,'Michigan','MI','2016-05-02 19:10:49','2016-05-02 19:10:49'),(23,'Minnesota','MN','2016-05-02 19:10:49','2016-05-02 19:10:49'),(24,'Mississippi','MS','2016-05-02 19:10:49','2016-05-02 19:10:49'),(25,'Missouri','MO','2016-05-02 19:10:49','2016-05-02 19:10:49'),(26,'Montana','MT','2016-05-02 19:10:49','2016-05-02 19:10:49'),(27,'Nebraska','NE','2016-05-02 19:10:49','2016-05-02 19:10:49'),(28,'Nevada','NV','2016-05-02 19:10:49','2016-05-02 19:10:49'),(29,'New Hampshire','NH','2016-05-02 19:10:49','2016-05-02 19:10:49'),(30,'New Jersey','NJ','2016-05-02 19:10:49','2016-05-02 19:10:49'),(31,'New Mexico','NM','2016-05-02 19:10:49','2016-05-02 19:10:49'),(32,'New York','NY','2016-05-02 19:10:49','2016-05-02 19:10:49'),(33,'North Carolina','NC','2016-05-02 19:10:49','2016-05-02 19:10:49'),(34,'North Dakota','ND','2016-05-02 19:10:49','2016-05-02 19:10:49'),(35,'Ohio','OH','2016-05-02 19:10:49','2016-05-02 19:10:49'),(36,'Oklahoma','OK','2016-05-02 19:10:49','2016-05-02 19:10:49'),(37,'Oregon','OR','2016-05-02 19:10:49','2016-05-02 19:10:49'),(38,'Pennsylvania','PA','2016-05-02 19:10:49','2016-05-02 19:10:49'),(39,'Rhode Island','RI','2016-05-02 19:10:49','2016-05-02 19:10:49'),(40,'South Carolina','SC','2016-05-02 19:10:49','2016-05-02 19:10:49'),(41,'South Dakota','SD','2016-05-02 19:10:49','2016-05-02 19:10:49'),(42,'Tennessee','TN','2016-05-02 19:10:49','2016-05-02 19:10:49'),(43,'Texas','TX','2016-05-02 19:10:49','2016-05-02 19:10:49'),(44,'Utah','UT','2016-05-02 19:10:49','2016-05-02 19:10:49'),(45,'Vermont','VT','2016-05-02 19:10:49','2016-05-02 19:10:49'),(46,'Virginia','VA','2016-05-02 19:10:49','2016-05-02 19:10:49'),(47,'Washington','WA','2016-05-02 19:10:49','2016-05-02 19:10:49'),(48,'West Virginia','WV','2016-05-02 19:10:49','2016-05-02 19:10:49'),(49,'Wisconsin','WI','2016-05-02 19:10:49','2016-05-02 19:10:49'),(50,'Wyoming','WY','2016-05-02 19:10:49','2016-05-02 19:10:49'),(51,'District of Columbia','DC','2016-05-02 19:10:49','2016-05-02 19:10:49');
/*!40000 ALTER TABLE `states` ENABLE KEYS */;
UNLOCK TABLES;

--
-- Table structure for table `user_custom_labgroups`
--

DROP TABLE IF EXISTS `user_custom_labgroups`;
/*!40101 SET @saved_cs_client     = @@character_set_client */;
/*!40101 SET character_set_client = utf8 */;
CREATE TABLE `user_custom_labgroups` (
  `id` int(11) NOT NULL AUTO_INCREMENT,
  `custom_labgroup_name` varchar(255) DEFAULT NULL,
  `custom_labgroup_code` varchar(255) DEFAULT NULL,
  `custom_labgroup_building` varchar(255) DEFAULT NULL,
  `custom_labgroup_room` varchar(255) DEFAULT NULL,
  `custom_street` varchar(255) DEFAULT NULL,
  `custom_city` varchar(255) DEFAULT NULL,
  `custom_country` varchar(255) DEFAULT NULL,
  `state_id` int(11) DEFAULT NULL,
  `user_id` int(11) DEFAULT NULL,
  `created_at` datetime NOT NULL,
  `updated_at` datetime NOT NULL,
  PRIMARY KEY (`id`)
) ENGINE=InnoDB AUTO_INCREMENT=3 DEFAULT CHARSET=utf8;
/*!40101 SET character_set_client = @saved_cs_client */;

--
-- Dumping data for table `user_custom_labgroups`
--

LOCK TABLES `user_custom_labgroups` WRITE;
/*!40000 ALTER TABLE `user_custom_labgroups` DISABLE KEYS */;
INSERT INTO `user_custom_labgroups` VALUES (1,'Custom lab name','CLN','The big shiny building','777','221B Baker St','London','England',NULL,320,'2016-05-10 15:14:46','2016-05-10 15:16:31'),(2,NULL,NULL,NULL,NULL,NULL,NULL,NULL,NULL,2,'2016-05-20 14:20:59','2016-05-20 14:20:59');
/*!40000 ALTER TABLE `user_custom_labgroups` ENABLE KEYS */;
UNLOCK TABLES;

--
-- Table structure for table `user_custom_organizations`
--

DROP TABLE IF EXISTS `user_custom_organizations`;
/*!40101 SET @saved_cs_client     = @@character_set_client */;
/*!40101 SET character_set_client = utf8 */;
CREATE TABLE `user_custom_organizations` (
  `id` int(11) NOT NULL AUTO_INCREMENT,
  `custom_org_name` varchar(255) DEFAULT NULL,
  `custom_org_phone` varchar(255) DEFAULT NULL,
  `custom_org_email` varchar(255) DEFAULT NULL,
  `custom_street` varchar(255) DEFAULT NULL,
  `custom_city` varchar(255) DEFAULT NULL,
  `custom_country` varchar(255) DEFAULT NULL,
  `state_id` int(11) DEFAULT NULL,
  `user_id` int(11) DEFAULT NULL,
  `created_at` datetime NOT NULL,
  `updated_at` datetime NOT NULL,
  PRIMARY KEY (`id`)
) ENGINE=InnoDB AUTO_INCREMENT=3 DEFAULT CHARSET=utf8;
/*!40101 SET character_set_client = @saved_cs_client */;

--
-- Dumping data for table `user_custom_organizations`
--

LOCK TABLES `user_custom_organizations` WRITE;
/*!40000 ALTER TABLE `user_custom_organizations` DISABLE KEYS */;
INSERT INTO `user_custom_organizations` VALUES (1,'Custom org name','555-555-5555','custom_org@customorg.com','22 Acacia Avenu','Boston','',21,320,'2016-05-10 15:14:46','2016-05-10 15:16:31'),(2,NULL,NULL,NULL,NULL,NULL,NULL,NULL,2,'2016-05-20 14:20:58','2016-05-20 14:20:58');
/*!40000 ALTER TABLE `user_custom_organizations` ENABLE KEYS */;
UNLOCK TABLES;

--
-- Table structure for table `users`
--

DROP TABLE IF EXISTS `users`;
/*!40101 SET @saved_cs_client     = @@character_set_client */;
/*!40101 SET character_set_client = utf8 */;
CREATE TABLE `users` (
  `id` int(11) NOT NULL AUTO_INCREMENT,
  `firstname` varchar(255) COLLATE utf8_unicode_ci DEFAULT NULL,
  `lastname` varchar(255) COLLATE utf8_unicode_ci DEFAULT NULL,
  `email` varchar(255) COLLATE utf8_unicode_ci DEFAULT NULL,
  `phone` varchar(255) COLLATE utf8_unicode_ci DEFAULT NULL,
  `created_at` datetime NOT NULL,
  `updated_at` datetime NOT NULL,
  `username` varchar(255) COLLATE utf8_unicode_ci DEFAULT NULL,
  `password_digest` varchar(255) COLLATE utf8_unicode_ci DEFAULT NULL,
  `organization_id` int(11) DEFAULT NULL,
  `status` varchar(2) COLLATE utf8_unicode_ci DEFAULT NULL,
  `password_reset_token` varchar(255) COLLATE utf8_unicode_ci DEFAULT NULL,
  `password_reset_sent_at` datetime DEFAULT NULL,
  PRIMARY KEY (`id`)
) ENGINE=InnoDB AUTO_INCREMENT=321 DEFAULT CHARSET=utf8 COLLATE=utf8_unicode_ci;
/*!40101 SET character_set_client = @saved_cs_client */;

--
-- Dumping data for table `users`
--

LOCK TABLES `users` WRITE;
/*!40000 ALTER TABLE `users` DISABLE KEYS */;
INSERT INTO `users` VALUES (2,'Laura','Macconaill','laura_macconaill@dfci.harvard.edu','617-582-7754','2016-05-02 19:10:55','2016-05-02 19:10:55','laura','$2a$10$qEOV..frlY34f7rVWHJSeupbZbribbxx0EhHO/.PxDn1fA7huJNpi',1,'A',NULL,NULL),(3,'Megan','Hanna','mhanna@broad.mit.edu','617-324-4824','2016-05-02 19:10:55','2016-05-02 19:10:55','megan','$2a$10$lcjYVoF9V2wAO.g1zazMm.AUxT8cRKUYVBwD4i7DSJ.uURvwYXTjC',1,'A',NULL,NULL),(4,'Karen','Coughlan','karen_coughlan@dfci.harvard.edu','617-582-8736','2016-05-02 19:10:55','2016-05-02 19:10:55','karen','$2a$10$1hmW3.Qp.3VRhBJa1ScINehLt./172bI34YS3X/kySR744sY.7KEC',1,'I',NULL,NULL),(5,'Katie','Campbell','catarina_campbell@dfci.harvard.edu','617-632-2930','2016-05-02 19:10:55','2016-05-02 19:10:55','katie','$2a$10$xw0wW8sf4dvAFneKBux6j.o67CRSsxXI7yPno/7dty/rhJpXHsxtK',1,'I',NULL,NULL),(6,'Nick','Wyhs','nwyhs@broad.mit.edu','617 582 8731','2016-05-02 19:10:55','2016-05-02 19:10:55','nick','$2a$10$QWI2i79THTCXiC07Llzwv.fVVvajEmtWS5cg5h5eNL4suDMPtLVnC',1,'I',NULL,NULL),(7,'Su','Huang','suhuang@dfci.harvard.edu','','2016-05-02 19:10:55','2016-05-02 19:10:55','su','$2a$10$IHXAd/JFe.h/234TInreKuHNmCDUvR1GDwv/GAuHyt3Kyt0loDZ/.',1,'I',NULL,NULL),(8,'Matt','Freedman','matthew_freedman@dfci.harvard.edu','617-582-8598','2016-05-02 19:10:56','2016-05-02 19:10:56','matt','$2a$10$43hFnntYf0KmWt3MtGeyiOSVqqR9bKFZK/7D1A02MaA9vGRzJeOsG',1,'A',NULL,NULL),(9,'Levi','Garraway','levi_garraway@dfci.harvard.edu','617-632-6689','2016-05-02 19:10:56','2016-05-02 19:10:56','levi','$2a$10$OHFeN91TPYyjth.Qzi7tC.1R6JbOqpURCeT2bGaJzFoHIgZCPUI92',1,'A',NULL,NULL),(10,'Todd','Golub','golub@broad.mit.edu','617-632-4903','2016-05-02 19:10:56','2016-05-02 19:10:56','todd','$2a$10$tdDgzPQXeuoAJmJ5breVTe0I86YwG5NpLmk2GpxhtQd8R55hEPDBK',1,'A',NULL,NULL),(11,'William','Hahn','william_hahn@dfci.harvard.edu','617-632-2641','2016-05-02 19:10:56','2016-05-02 19:10:56','wchahn','$2a$10$GKZeH1lThnoQXxFNhvO3meWkrxwKxP5ae7gBzEcMU1Rh5hV5vIZzO',1,'A',NULL,NULL),(12,'Max','Loda','massimo_loda@dfci.harvard.edu','617-632-4001','2016-05-02 19:10:56','2016-05-02 19:10:56','max','$2a$10$3HCW1GX62amJbVTxbLu3Su5yNMFpxI8nXcYTf3HBAqVvDif/DuwUu',1,'A',NULL,NULL),(13,'Matthew','Meyerson','matthew_meyerson@dfci.harvard.edu','617-632-4768','2016-05-02 19:10:56','2016-05-02 19:10:56','matthew','$2a$10$7ypV4VcIJeqGc2CrnqvKJezYnaM7f7EBfPJUY0ZvC2C3KKZcF2Oe.',1,'A',NULL,NULL),(14,'Nelly','Polyak','kornelia_polyak@dfci.harvard.edu','617-632-5746','2016-05-02 19:10:56','2016-05-02 19:10:56','nelly','$2a$10$gLGEZtTlEUJ5LsmqkczuoO2iKgP4cfvJp6iI5V1As9hoeBtv3c3gC',1,'A',NULL,NULL),(15,'Ramesh','Shivdasani','ramesh_shivdasani@dfci.harvard.edu','617-632-5746','2016-05-02 19:10:56','2016-05-02 19:10:56','Ramesh','$2a$10$N98WYiiQyi.yih6bqwgq5OgEHz1Eucjd9t2RI0EWISy8xkEg/moh.',1,'A',NULL,NULL),(16,'Pasi','Janne','pasi_janne@dfci.harvard.edu','617-632-6036','2016-05-02 19:10:56','2016-05-02 19:10:56','Pasi','$2a$10$GuOyRBRHMmp/4Pos9W5S1uNuTaUIaTo5wyC0JKs/N0wHuu.Fo1r0C',1,'A',NULL,NULL),(17,'Rani','George','rani_george@dfci.harvard.edu','617-632-5281','2016-05-02 19:10:56','2016-05-02 19:10:56','rani','$2a$10$M..ojqEHeaXilxoTUdFFc.vBhvuz83C.RLobjdPV5m68.UvdvUMBa',1,'A',NULL,NULL),(18,'Thomas','Roberts','thomas_roberts@dfci.harvard.edu','617-632-3049','2016-05-02 19:10:57','2016-05-02 19:10:57','Thomas','$2a$10$zwMoHUVrhHncxcqNMp8Hme3GIbxvOQ7mm8C7FSCA9f8fPn9kliadK',1,'A',NULL,NULL),(19,'Thomas','Look','thomas_look@dfci.harvard.edu','617-632-5826','2016-05-02 19:10:57','2016-05-02 19:10:57','Thomaslook','$2a$10$oWO/ZRHwT/lw8vzAdzuR1.mSj93l/HJXI13.6mCt0gJ.7KRy/wBFK',1,'A',NULL,NULL),(20,'Jerome','Ritz','jerome_ritz@dfci.harvard.edu','617-632-3465','2016-05-02 19:10:57','2016-05-02 19:10:57','JRitz','$2a$10$/vDc8y/3RbaaPnhVIcm5ZOjjNPO5PJRv6MiqpgDa8SWqYvm8uN5.W',1,'A',NULL,NULL),(21,'Matthew','Kulke','matthew_kulke@dfci.harvard.edu','617-632-5136','2016-05-02 19:10:57','2016-05-02 19:10:57','MatthewK','$2a$10$UbORj8/jZEjZ3OcKzrZdZeRgiWzt2UzCaTeNJ6UZTSgu6gXjFEPTm',1,'A',NULL,NULL),(22,'Margaret','Shipp','margaret_shipp@dfci.harvard.edu','617-632-3874','2016-05-02 19:10:57','2016-05-02 19:10:57','Margaret','$2a$10$80eu6TgsgN.be5iPy09Y0.VlF.XflFfTVpV6r1QgNz9yJ7rslCI1m',1,'A',NULL,NULL),(23,'Philip','Kantoff','philip_kantoff@dfci.harvard.edu','617-632-1914','2016-05-02 19:10:57','2016-05-02 19:10:57','Philip','$2a$10$TUEy/Gmae5sxscDOpTCKv.gPnda65twTiwtQoGR53aWbIj9vlzyji',1,'A',NULL,NULL),(24,'Robert','Ross','robert_ross@dfci.harvard.edu','617-632-3237','2016-05-02 19:10:57','2016-05-02 19:10:57','RobertRoss','$2a$10$ZX.QvLGmKqQp6FPCemD02uvnhZfA4vAe0HDatWRoelSa7QRnnVOmK',1,'A',NULL,NULL),(25,'Myles','Brown','myles_brown@dfci.harvard.edu','617-632-3948','2016-05-02 19:10:57','2016-05-02 19:10:57','mbrown','$2a$10$1OgkvedUwmi2U37IfdMy/Osr3rZyGXBF1OVLsBqgH6Uro7U6HrDAi',1,'A',NULL,NULL),(26,'Jennifer','Brown','jennifer_brown@dfci.harvard.edu','617-632-6692','2016-05-02 19:10:57','2016-05-02 19:10:57','JRBrown','$2a$10$QXnMSm2hGfDRLMXcUqx6HOFgDURaheZKnLtUIY2gtGi.87T2k5FGi',1,'A',NULL,NULL),(27,'Nasim','Ahmadiyeh','nahmadiyeh@partners.org','617-582-8682','2016-05-02 19:10:57','2016-05-02 19:10:57','nah495','$2a$10$Dhe8WfW8tjNerAP10WoqWOw5l7Gn7AQgYIGV5NLXGJG4D.grLVXA2',1,'A',NULL,NULL),(28,'Carrie','Emery','CarolineM_Emery@dfci.harvard.edu','617 632 1923','2016-05-02 19:10:57','2016-05-02 19:10:57','carrie','$2a$10$OacGr7X5S6PxwU9U7Bvtvelf2eocZDroxeroz9Rn4Ku0HivoWIIwK',1,'A',NULL,NULL),(30,'Alejandro','Gutierrez','alejandro_gutierrez@dfci.harvard.edu','617-632-2079','2016-05-02 19:10:58','2016-05-02 19:10:58','ag832','$2a$10$/hugJvAhqswrFR59LOTMR./pes0NpoBCoGVSOOPbu5tQ9iA/YBixK',1,'A',NULL,NULL),(31,'Kathryn','Penney','kpenney@hsph.harvard.edu','','2016-05-02 19:10:58','2016-05-02 19:10:58','kpenney','$2a$10$CmeS21xT/fSo7sGwtretjemiHlIhQmH230Je.sNn75OBbezV4rrj6',1,'A',NULL,NULL),(33,'elisa','benedettini','elisa_benedettini@dfci.harvard.edu','6176322148','2016-05-02 19:10:58','2016-05-02 19:10:58','eb802','$2a$10$f4hf.F9N1b.bwuBIdoCqRuNwiwU3AkfubAJ/bKbkiqn0Gs5Eyi2/K',1,'A',NULL,NULL),(34,'charles','stiles','charles_stiles@dfci.harvard.edu','617 632-3512','2016-05-02 19:10:58','2016-05-02 19:10:58','cds10','$2a$10$OpWBMhTzFc1vvm39fYBhMe4gQ.EexnA/eRsWwzQXjdUo6d69N.U.u',1,'A',NULL,NULL),(35,'Deborah','Goff','deborah_goff@dfci.harvard.edu','Feb-16','2016-05-02 19:10:58','2016-05-02 19:10:58','djg19','$2a$10$YJGKiTOOkUT6SlaBFjSRbOeup/FC8UIMaMkgMYNIOd7sVGOgl/QAS',1,'A',NULL,NULL),(36,'Christine','Beckwith','christine_beckwith@dfci.harvard.edu','6033876921','2016-05-02 19:10:58','2016-05-02 19:10:58','cb960','$2a$10$3SDzIeZPO3hQUma6Tmwhc.1MmAHPZgnjlR3GNhloaiqy.6suwRhrq',1,'A',NULL,NULL),(37,'Lucian','Chirieac','LCHIRIEAC@PARTNERS.ORG','617 732 8126','2016-05-02 19:10:58','2016-05-02 19:10:58','lchirieac','$2a$10$dsUNkaDHsWCWocqlTTnX8uyh/OjPb0AuM0C6xPCJ8REh28Mr/TVJi',1,'A',NULL,NULL),(38,'Pat','Collaborator','ccgd@dfci.harvard.edu','27515','2016-05-02 19:10:58','2016-05-02 19:10:58','dfci_user','$2a$10$yhF3G/A7KEE0banG6PMigeZz3Bb7IFc9h9aItbWr1KjNRiwXvIQm.',1,'I',NULL,NULL),(39,'mark','pomerantz','mpomerantz@partners.org','617-632-2312','2016-05-02 19:10:59','2016-05-02 19:10:59','mp91','$2a$10$1iqDl4RwiRS5neWSfxLg9.0ZCWFEkaDOZnL2oioou/PaY5zSTN0kK',1,'A',NULL,NULL),(40,'Keluo','Yao','keluo_yao@dfci.harvard.edu','617-582-8731','2016-05-02 19:10:59','2016-05-02 19:10:59','ky058','$2a$10$3Fs8drfvi61r.GpLJeezMeUvD99oRL.PYnFyUiZrdyfj2QQ61GGLS',1,'I',NULL,NULL),(41,'Edward','Fox','edward_fox@dfci.harvard.edu','617-632-2116','2016-05-02 19:10:59','2016-05-02 19:10:59','foxedward','$2a$10$TeuuVvUf72Vt7fXWnK1DZeuQ0Td8xx25ejFSI5xKAIWv6QNO1fa4.',1,'A',NULL,NULL),(42,'Edwin','Choy','echoy@partners.org','617-459-6804','2016-05-02 19:10:59','2016-05-02 19:10:59','ec952','$2a$10$mc9a8y8PDAfs0VV2bNYZcOuWWo6yiMV89CgmJkqvK0p6lxU15gY7S',24,'A',NULL,NULL),(43,'Mark','Pomerantz','mark_pomerantz@dfci.harvard.edu','617-632-1914','2016-05-02 19:10:59','2016-05-02 19:10:59','mp37','$2a$10$zvrycmyfbzsZ5rTDbtqeYedXeAYSj1YTM2bjeCKWWNHMdx/r8766W',1,'A',NULL,NULL),(44,'HIROKI','YAMADA','yamada_hiroki@dfci.harvard.edu','617.935.6863','2016-05-02 19:10:59','2016-05-02 19:10:59','YH058','$2a$10$veAlW23gE/dHDU.fS8vN.OMY7mZDTMNEDm5EKAi1i.swGgzoqdhv2',1,'A',NULL,NULL),(45,'Mark','Pomerantz','nosman@partners.org','617-632-1914','2016-05-02 19:10:59','2016-05-02 19:10:59','mpomerantz','$2a$10$6e8F54V/w.NTVbwwwePEMOln82EDU2/W73be9hbGiHN7Ly4PMvHzi',1,'I',NULL,NULL),(46,'Adam','Bass','ajbass@partners.org','617-407-9275','2016-05-02 19:10:59','2016-05-02 19:10:59','ajbass','$2a$10$/vM1y6qQk8grsmifd7Ts9.wKhMKx6NFdb.Jqf0sx2H9DUH3YTtD96',1,'A',NULL,NULL),(47,'Hao','Zhang','zhangh@broad.mit.edu','919-423-5077','2016-05-02 19:10:59','2016-05-02 19:10:59','haozhang','$2a$10$QQtC.MrcGwRDRXuCLQj1HeXBuXTsahuc1oAeJE.kOBFWQomGgUG6.',2,'A',NULL,NULL),(48,'Rafael','Bejar','rbejar@partners.org','617-732-6510','2016-05-02 19:10:59','2016-05-02 19:10:59','rb850','$2a$10$HOTGXsNXODtFBGpud9C0P.Oe1.6S35xX1wM61hV2e8qn32M.fT29y',16,'A',NULL,NULL),(49,'Derek','Chiang','dchiang@broad.mit.edu','(617) 324-2239','2016-05-02 19:11:00','2016-05-02 19:11:00','dychiang','$2a$10$L7X9104JYJ4QMPDbKC5XDuKf88jcjzNPBPiqDrjxPZcy23JY.ZgcG',1,'A',NULL,NULL),(50,'Sarah','Kehoe','sarahm_kehoe@dfci.harvard.edu','617-632-5783','2016-05-02 19:11:00','2016-05-02 19:11:00','sk580','$2a$10$CnCywA56oCONAAAnAc98X.nD2ncCW03SLA2LRS/7IDWI0RUraDeVm',1,'I',NULL,NULL),(51,'Amit','Dutt','amitdutt@broad.mit.edu','8578911975','2016-05-02 19:11:00','2016-05-02 19:11:00','amitdutt','$2a$10$IOg3HvBnZhKeCRxr0yOzTOyBkt0Xu5n1qCk2q5ReOKvPWM0Qt8Kl6',1,'A',NULL,NULL),(52,'Aram','Hezel','ahezel@partners.org','617 643 3813','2016-05-02 19:11:00','2016-05-02 19:11:00','ahezel','$2a$10$rN4./JEw4kNm/PfNo0FXEe5JMqT1FyrYuPA/w62UocE37PMgrSO8m',24,'A',NULL,NULL),(53,'Ivana','Kim','ivana_kim@meei.harvard.edu','617 573 3367','2016-05-02 19:11:00','2016-05-02 19:11:00','ivana','$2a$10$JXZY4cFOMfAoKrLpvtiCWuioz/Kc7DlkH2oIMgd.sxwWUn6PDt6Qm',5,'A',NULL,NULL),(54,'Douglas','Medvetz','dmedvetz@partners.org','617-355-9103','2016-05-02 19:11:00','2016-05-02 19:11:00','dam90','$2a$10$2oFR/KOKn.IL.ed0HcakouNBwxI6.dYhSu352yTdMKDRwOvXZOF1K',16,'A',NULL,NULL),(55,'Ryan','Bender','rpbender@partners.org','582-8614','2016-05-02 19:11:00','2016-05-02 19:11:00','ChinLab2008','$2a$10$IMSb2KqvY.9YPSkiVCBjSOLpThC4hCdh8JAiT2zaA.c2dro6NDOm2',1,'A',NULL,NULL),(56,'Fran','Hornicek','fhornicek@partners.org','617 724 6802','2016-05-02 19:11:00','2016-05-02 19:11:00','hornicek','$2a$10$aE1Z0eWe.hG84LAPEEIfoOnDQM5Qq4oMmhzqEc.bsmVRC6fT3RqOi',24,'A',NULL,NULL),(57,'Jonathan','Fletcher','jfletcher@partners.org','617 732 7883','2016-05-02 19:11:00','2016-05-02 19:11:00','fletcher','$2a$10$1KpIRT5eFyBaztMuzfgcMeKu/PQ4chpwvMrgfBPogOJGGqtZbD8NS',16,'A',NULL,NULL),(58,'June','Kinoshita','jkinoshita@n-of-one.com','617 669 1706','2016-05-02 19:11:01','2016-05-02 19:11:01','kinoshita','$2a$10$bUzjzcWsSwO5X3bJQTaXwuUixIabFB50BlG0pc8ijp/CMuA78O52q',6,'I',NULL,NULL),(59,'Alex','Ng','sng@rics.bwh.harvard.edu','617-278-0072','2016-05-02 19:11:01','2016-05-02 19:11:01','Alexng','$2a$10$NRZ158nI6r3egYB47c4dfe5b/MRThspJs7oG64faNJ5UH7ljUUiS.',16,'A',NULL,NULL),(60,'Antoni','Ribas','aribas@mednet.ucla.edu','3102063928','2016-05-02 19:11:01','2016-05-02 19:11:01','ribas','$2a$10$23Lpp3x/JeySY9qodaIY.uEZcf25VqYYmuRrCPatVWs68ppI8EMdi',7,'A',NULL,NULL),(61,'Chandrani','Mondal','Chandrani_Mondal@dfci.harvard.edu','6175826688','2016-05-02 19:11:01','2016-05-02 19:11:01','cm315','$2a$10$Q3HboiGVdMZ9LO2t8Esxgu0Fkf6ZYWqoTxVlr9I7wPj8AKNrtdRlq',1,'I',NULL,NULL),(62,'Anna','Schinzel','anna_schinzel@dfci.harvard.edu','617 632 2376','2016-05-02 19:11:01','2016-05-02 19:11:01','Schinzel','$2a$10$RjXK1U/TiK85LvmwJuI9j.ANLMWpKqe2bVhlSsVydr5PBI4XQFSP2',1,'A',NULL,NULL),(63,'vikram','Deshpande','vdeshpande@partners.org','6177247741','2016-05-02 19:11:01','2016-05-02 19:11:01','vd019','$2a$10$noU1ll0pYJkVaNn1x55sAOIh18IZiooRZqG7auozcgj4yakHBdvx6',24,'A',NULL,NULL),(64,'John','McGrath','johnp_mcgrath@dfci.harvard.edu','6175828668','2016-05-02 19:11:01','2016-05-02 19:11:01','jpmcgrath','$2a$10$M6tOuEyLsv5TJG7Jwt3/XOn588MauCjps1DComxQOZjrlofp6PrdO',1,'A',NULL,NULL),(65,'Lauren','Luongo','LaurenA_Luongo@DFCI.HARVARD.EDU','6176325950','2016-05-02 19:11:01','2016-05-02 19:11:01','lal62','$2a$10$F3DRVx6J3vNvg1WDaepoE.lehmYpehk3Peyc2Ug0iNf9.tYotYJWy',1,'I',NULL,NULL),(66,'Keith','Ligon','keith_ligon@dfci.harvard.edu','617-632-2357','2016-05-02 19:11:01','2016-05-02 19:11:01','ligonlab','$2a$10$v4DxBj7QpC9gmz627QlvEeIjNZxbLmeD.qqGeELVpKtEHpRo.ulhW',1,'A',NULL,NULL),(70,'Daniel','Chung','dchung@partners.org','617-726-8687','2016-05-02 19:11:02','2016-05-02 19:11:02','dchung','$2a$10$K0.IJ73E/udb7PYcABvw6OK/iFP8POuE0m7PfW.aUfvT3mOjkUWDy',24,'A',NULL,NULL),(71,'Henry','Koon','Henry.Koon@UHhospitals.org','(216) 368-1175','2016-05-02 19:11:02','2016-05-02 19:11:02','henrykoon','$2a$10$tPM./ydXvH0ydQG.17VcMu4WBFWTFFmLiME.VnTB62iZTwzCVLEk2',12,'A',NULL,NULL),(72,'Irene','Ghobrial','irene_ghobrial@dfci.harvard.edu','2.4198','2016-05-02 19:11:02','2016-05-02 19:11:02','ghobrial','$2a$10$jBlxrkrVFf6YmVNFU2aGmO7qHBk9z1ddBQwiGAPjKYrPZ2gcUEBFK',1,'A',NULL,NULL),(73,'Ashley','Fairbank','ashley_fairbank@dfci.harvard.edu','617-632-4606','2016-05-02 19:11:02','2016-05-02 19:11:02','afairbank','$2a$10$1OEDM8QTpWwaGNFfPblU2ebE2BvygEAocvtH1jCKTLP6QM6bF3aBu',1,'A',NULL,NULL),(74,'Michael','Anglesio','michael.anglesio@petermac.org','+61 3 9656 1287','2016-05-02 19:11:02','2016-05-02 19:11:02','michael.angl','$2a$10$3vg0.Q.EHzAIuA.HNzzEoeUd3/rjhJtb0I/AfbbHKVYdvEB2vAiOW',13,'A',NULL,NULL),(76,'Jonathan','Rosenberg','jonathan_rosenberg@dfci.harvard.edu','617 632 5456','2016-05-02 19:11:02','2016-05-02 19:11:02','rosenberg','$2a$10$lXkiyHEK4RItyPgY.H08vOtYrHlw2UYSJlCfKf3HxkqT.knR0.b0i',1,'A',NULL,NULL),(77,'Daniel','Costa','dbcosta@bidmc.harvard.edu','617-667-9236','2016-05-02 19:11:02','2016-05-02 19:11:02','dbcosta@bidm','$2a$10$zS/atGsmE6BqcqQJsWHeIeOb8Uz.UW28Nz9tpj1c2/MQyT3J.SUoK',14,'A',NULL,NULL),(78,'Peter','Guillen','pguillen06@gmail.com','617-956-2004','2016-05-02 19:11:02','2016-05-02 19:11:02','pguillen','$2a$10$gfC0rwHthwnHQNQ3cD98.ehDhdhQNhM868iDrJvnFJKmEVjFYfw5G',1,'I',NULL,NULL),(79,'Toni','Choueiri','toni_choueiri@dfci.harvard.edu','617-632-5456','2016-05-02 19:11:03','2016-05-02 19:11:03','tc46','$2a$10$RE9EMEMqghtFdvXxhkwvQusX8WEw2A907o3mXr429ZMJrv8SvFXEa',1,'A',NULL,NULL),(80,'Fabio','Schutz','FabioA_Schutz@DFCI.harvard.edu','617-632-4622','2016-05-02 19:11:03','2016-05-02 19:11:03','fs975','$2a$10$cXsHe9e/u46IGFSV8EP8Iu3ORCNXNC4y4rvrFSY10eslwEh1pmcMW',1,'A',NULL,NULL),(81,'Aimee','Pike','AimeeM_Pike@dfci.harvard.edu','','2016-05-02 19:11:03','2016-05-02 19:11:03','AP595','$2a$10$jmpL.AdYa2VxK6M7QkTZ6u2n0FMQOATmXcYYEVy9T9OFdDX.8dVQy',1,'I',NULL,NULL),(82,'Mariella','Gruber-Olipitz','mariella_gruber-olipitz@dfci.harvard.edu','6177550949','2016-05-02 19:11:03','2016-05-02 19:11:03','mgo6','$2a$10$D3RyIp0GMYoiEnEXzXbiiecs9ERBjPasOKZUcv2GR/2TTjjd11JUS',1,'A',NULL,NULL),(83,'Patrick','Oberholzer','oberholz@broadinstitute.org','617-714-7552','2016-05-02 19:11:03','2016-05-02 19:11:03','oberholz','$2a$10$HggGMewPEnL.94NACisHpuhDif9x7tixlTDIekTREev28e7wieccO',2,'A',NULL,NULL),(85,'Mike','Chapman','mchapman@broadinstitute.org','617 714 7572','2016-05-02 19:11:03','2016-05-02 19:11:03','mchapman','$2a$10$mg9iXQ2XHh/zRT5j7/bBpuFkfs18ksnwKxU4s9pU9PYMR5jOBRTL.',2,'A',NULL,NULL),(86,'Gayane','Badalian','gayane_badalianvery@dfci.harvard.edu','857-488-9804','2016-05-02 19:11:03','2016-05-02 19:11:03','GBadalian','$2a$10$w6XQLGIOiJz0kFlGD.QQkuX3NsVjIQ.RZcxAqcPULq9D5c6OSQMv2',1,'A',NULL,NULL),(87,'Scott','Armstrong','scott.armstrong@childrens.harvard.edu','617-919-2507','2016-05-02 19:11:03','2016-05-02 19:11:03','sa30','$2a$10$C7t/W.4tOheCLLtXj1SZvuNUz8R64v2gGuyXyz8BilbQ9fRUTQH6W',32,'A',NULL,NULL),(88,'Tim','Heffernan','theffernan@partners.org','582-8338','2016-05-02 19:11:03','2016-05-02 19:11:03','theff','$2a$10$EuFZwyoXPG5nKs9i8Ky9c.2uGCvDAfQHv8fDydgnpWrLIMJyF1Cvq',1,'A',NULL,NULL),(89,'Athe','Tsibris','atsibris@partners.org','(617)417-1162','2016-05-02 19:11:04','2016-05-02 19:11:04','stethant','$2a$10$Jf91Sj475B2GrC01BdlKjuJ2BbA90AS8hkscH0ZYQzak4qv6aqX7u',16,'A',NULL,NULL),(90,'Michael','Berger','berger@broadinstitute.org','617-714-7553','2016-05-02 19:11:04','2016-05-02 19:11:04','mfberger','$2a$10$yXSAdv5QdKdeXAwBmLpQdeUtmBctj0O635JjH5vrS3R8PW6AZSs3K',2,'A',NULL,NULL),(91,'David','Kwiatkowski','dk@rics.bwh.harvard.edu','617-355-9005','2016-05-02 19:11:04','2016-05-02 19:11:04','dk','$2a$10$7l6wJ9g/hzHs/mni05.LsuUQBtLDReRornfRHyRyqbalgjUN.Hu7i',16,'A',NULL,NULL),(92,'Benjamin','Rich','brich@partners.org','','2016-05-02 19:11:04','2016-05-02 19:11:04','brich','$2a$10$XBy0WlDVsRavr2znO8L6WuP/T7poDegz7V/kng6XCdm1qgsPV9/ae',1,'A',NULL,NULL),(93,'Christine','Obierika','christine_obierika@dfci.harvard.edu','6172596490','2016-05-02 19:11:04','2016-05-02 19:11:04','co932','$2a$10$5L3zsKnZcznQEPF0My/8BO.66dBXcqt/d0qnRKz.N34NQ6s7Ux8gK',1,'I',NULL,NULL),(94,'Carmelo','Nucera','cnucera@bidmc.harvard.edu','617-5990515','2016-05-02 19:11:04','2016-05-02 19:11:04','cnucera','$2a$10$9lKs94TkFNC1SA.2ys8kZuqH6KzEb0ZyYcMpA1RanYFAM75HfUSja',24,'I',NULL,NULL),(95,'Cristina','Ferrone','cferrone@partners.org','617 643 6819','2016-05-02 19:11:04','2016-05-02 19:11:04','cferrone','$2a$10$aGm.US1qlcbrBUwrE7yTpO1w0Vtshsr3w5JKbm4bV0oeXkGUqL7o2',24,'A',NULL,NULL),(96,'Laura','Fredenburgh','lfredenburgh@rics.bwh.harvard.edu','617 525-9563','2016-05-02 19:11:04','2016-05-02 19:11:04','lf063','$2a$10$eF8FudOJRgKmiDOMNhT33.EH9yZ.hqL8yIeLG.dw5zIrHAllH0RO6',16,'A',NULL,NULL),(97,'Hideo','Watanabe','hideo_watanabe@dfci.harvard.edu','617-632-4777','2016-05-02 19:11:04','2016-05-02 19:11:04','hw022','$2a$10$JrhK4Wyyi2JeVdNlHRTGrOxg0jB5gPkPSEpi0VN/DgfiSWT.uyM/.',1,'A',NULL,NULL),(98,'Yanan','Guo','yguo5@rics.bwh.harvard.edu','617-355-9039','2016-05-02 19:11:04','2016-05-02 19:11:04','yg067','$2a$10$TnXGLuNc4u6fh6TdxVDbJ.jzT1ANqObWFHIhSAbRuOB8NsJtUS1yW',16,'A',NULL,NULL),(99,'Peter','Hammerman','phammerman@partners.org','617-852-6224','2016-05-02 19:11:04','2016-05-02 19:11:04','phammerman','$2a$10$prJqtsyoZzwINnqczNrs3ehOjjBd7ue3kBzG0.P1xAA15hkhN5D1W',1,'A',NULL,NULL),(100,'Yang','Liu','Yang_Liu2@DFCI.HARVARD.EDU','617-582-8535','2016-05-02 19:11:05','2016-05-02 19:11:05','tiger','$2a$10$noHvZuNWNroLQ8D/HNFsW.eHPzm8rvK4ZmGwahFibbalkAJDxKz2u',1,'A',NULL,NULL),(101,'Lars','Bullinger','lars.bullinger@childrens.harvard.edu','617-919-2510','2016-05-02 19:11:05','2016-05-02 19:11:05','lars.bulling','$2a$10$FqEiZB6I/aTWkvOCZGH6d.a49y3vg2p3PYQzhHjVGHn9EWV1HSyOe',32,'A',NULL,NULL),(102,'Jeeyun','Lee','jyunlee@skku.edu','-4367','2016-05-02 19:11:05','2016-05-02 19:11:05','taro111','$2a$10$QgEZJ7wktw2zahEeGMHiNuV4fSf0OCYTy12kf2c4cGlJpLpbEQUDK',23,'A',NULL,NULL),(103,'Frank','Kuo','fkuo@partners.org','1-857-307-1534','2016-05-02 19:11:05','2016-05-02 19:11:05','fkuo','$2a$10$hp4EIPrU5hgN4iB1Ffp4/./RoCvT1cmbTP3LXcTmoxrVNwshRlAA2',16,'A',NULL,NULL),(104,'Sushruta','Nagarkatti','snagarkatti@partners.org','6177266192','2016-05-02 19:11:05','2016-05-02 19:11:05','sn881','$2a$10$7A1YOJEh8NiUXgSS1MCKyevhgImEANDROxbEVrQVERFo/T7B5pfnm',24,'A',NULL,NULL),(105,'Jesse','Boehm','boehm@broadinstitute.org','617-714-7494','2016-05-02 19:11:05','2016-05-02 19:11:05','jboehm','$2a$10$8i8BMyfPsWy0P0mBYp1C7eiYl5aA/fJMyjKv77qyqPWTOyQL1SaU2',2,'A',NULL,NULL),(106,'Jeffrey','Mito','jeffrey.mito@duke.edu','919-681-8683','2016-05-02 19:11:05','2016-05-02 19:11:05','jmito','$2a$10$BLKo8mhS/FKu1amN2cNwEOJIot.VIlMnhtiIn5H/7CHA0AOeT7Qvy',26,'A',NULL,NULL),(107,'Nikhil','Wagle','nwagle@partners.org','617 596-3957','2016-05-02 19:11:05','2016-05-02 19:11:05','nwagle','$2a$10$GKk1ykG3zpppiguLCIu4uuEn33slwVPQiROPSx0gCvfc2JG7On/Ma',1,'A',NULL,NULL),(108,'Robert','Jones','RobertT_Jones@dfci.harvard.edu','6176325950','2016-05-02 19:11:05','2016-05-02 19:11:05','rj956','$2a$10$gY4zns2iXj8VHglNsZ63Zey3bAYa82wp.AFgui0j2R7jurFifHZVW',1,'A',NULL,NULL),(109,'Yariv','Houvras','yhouvras@enders.tch.harvard.edu','(617) 919-2074','2016-05-02 19:11:05','2016-05-02 19:11:05','yhouvras','$2a$10$C9zCrCYUtq8RMsCOOMGNheDQ4BWuloIM9.yYZ1rggg.lMaH8FCDWC',32,'A',NULL,NULL),(110,'Amity','Manning','almanning@partners.org','857-526-1728','2016-05-02 19:11:05','2016-05-02 19:11:05','almanning','$2a$10$ZVR9DmIO7NT8BYW3Dbp6eOhl6ORfa2HVoaaJ814JXsi1JLvv1mfHu',24,'A',NULL,NULL),(111,'Katherine','Dunn','katherine_dunn@dfci.harvard.edu','617-955-3417','2016-05-02 19:11:06','2016-05-02 19:11:06','kdunn','$2a$10$Hy9Q3Dd39uyvCexKHXNIOe9ayfvyvaQGkq8WrDwb.2m9LuZp0yX36',1,'A',NULL,NULL),(112,'James','DeCaprio','james_decaprio@dfci.harvard.edu','617 632-3825','2016-05-02 19:11:06','2016-05-02 19:11:06','jd017','$2a$10$c4a.wxTG1c6oUdFpGuZgE.fnqM5fQjnvFYHKRkF.drCTWhcKfcNti',1,'A',NULL,NULL),(113,'Shamini','Selvarajah','Shamini_Selvarajah@dfci.harvard.edu','6174558513','2016-05-02 19:11:06','2016-05-02 19:11:06','shamini','$2a$10$PYubpMgLQeuhxmIgOhJ/5.uwPqTY15zdeBkGuBnUzWlriPoAp6S7.',1,'A',NULL,NULL),(114,'Nina','Lin','nhlin@partners.org','617-768-8479','2016-05-02 19:11:06','2016-05-02 19:11:06','ninalin','$2a$10$sHu5p91whYevNuzea2mSFufN7qVn.09Nu2nGa8jkrhpCVKiKlGy3m',30,'A',NULL,NULL),(116,'Ann','Mullally','amullally@partners.org','6173559091','2016-05-02 19:11:06','2016-05-02 19:11:06','amullal','$2a$10$tp7sD3wy7xqxgSwq3gkwMeg332VpP0zNBmOlIuFaIJUpgT2tJ7Gsy',16,'A',NULL,NULL),(117,'Eva','Hernando','eva.hernando@med.nyu.edu','1-212-263 9054','2016-05-02 19:11:06','2016-05-02 19:11:06','hernandoeva','$2a$10$dfUufHZOhVcMuU4BfU01BOYYRUuGvQJ5Qn5WGK1Dsr/xUoeAsLHXa',31,'A',NULL,NULL),(119,'Antoni','Ribas','evoneuw@mednet.ucla.edu','310-983-1262','2016-05-02 19:11:06','2016-05-02 19:11:06','oncomap3','$2a$10$VSM.4n9Izi3Efh1NTlcIouUq0DKRY/i9rjxs3gzjOd3KepCrbXSdy',7,'A',NULL,NULL),(120,'Monica','Calicchio','monica.calicchio@childrens.harvard.edu','617.919.2495','2016-05-02 19:11:06','2016-05-02 19:11:06','mlcalicchio','$2a$10$uEGYAt29omZgNUT/pXc3WeNzohshrcHgly5sDAS.En0m7u5ianJmm',32,'A',NULL,NULL),(121,'Sandra','Kirley','skirley@partners.org','617-726-8480','2016-05-02 19:11:07','2016-05-02 19:11:07','sdk3','$2a$10$AXaElR0WR8lro674wjBWLeEaNEI9IUw/J0XBfkgvBnagGU2KOfxfe',24,'A',NULL,NULL),(122,'Eejung','Kim','eejung_kim@dfci.harvard.edu','22383','2016-05-02 19:11:07','2016-05-02 19:11:07','ek831','$2a$10$qWHQSaF0hbT8WS.104WHPe3nwjpxqvSQk3aqOwyut.TpObE7H7hCm',1,'A',NULL,NULL),(123,'Matt','Ducar','MatthewD_Ducar@DFCI.HARVARD.EDU','','2016-05-02 19:11:07','2016-05-02 19:11:07','mducar','$2a$10$75nZ78O2akNk3Woa9NvlIOdW73208h2Xa4nKs72j4MniIOqAySAc.',1,'A',NULL,NULL),(124,'Brian','Crompton','brian.crompton@childrens.harvard.edu','617-582-8553','2016-05-02 19:11:07','2016-05-02 19:11:07','bcrompton','$2a$10$R7dTIac95c/jgrBsWU2OuugyK.VL8rDI1GyX4KPOoi3BgVlBAwm6.',1,'A',NULL,NULL),(125,'Chin-Lee','Wu','CWU2@PARTNERS.ORG','617-726-8454','2016-05-02 19:11:07','2016-05-02 19:11:07','ChinLee','$2a$10$i3KzFIjdNa8vmt4jsxzGfuXcUeZFFJtahy/fp0JKLRhjZ6i2S/Shy',24,'A',NULL,NULL),(126,'Meghan','Comeau','comeau.meghan@dfci.harvard.edu','9785058544','2016-05-02 19:11:07','2016-05-02 19:11:07','nc869','$2a$10$LeIx2yfbGM01uheAb125ae08AMHTJ4WZpC2kUJx2oS/9ED9s.jLWO',1,'I',NULL,NULL),(127,'Madhuri','Koti','madhurikoti@gmail.com','613-5332000 x 79055','2016-05-02 19:11:07','2016-05-02 19:11:07','jeremysquire','$2a$10$iqHAca2z4ZLyYoN.WJM96O2veTCZgzo/om9J.5V.xeSLAc813ji1C',33,'A',NULL,NULL),(128,'Youngwook','Kim','young_w_.kim@sbri.co.kr','82-2-2148-7349','2016-05-02 19:11:07','2016-05-02 19:11:07','Youngwook.Ki','$2a$10$ouCvFTrCd1z1MJ2myD4/D.2ZibGAgXDG4QEo9WL9bRMLPfjNtXgs.',23,'A',NULL,NULL),(129,'Youngwook','Kim','qedos@hotmail.com','82-2-2148-7349','2016-05-02 19:11:07','2016-05-02 19:11:07','Youngwook.Ki','$2a$10$RAfwU81cHBuZFpe5dY.u3uVLfStazRqfiAZAXOekzoCoFfRcUImhC',23,'A',NULL,NULL),(130,'shamini','selvarajah','sselvarajah@partners.org','6174558513','2016-05-02 19:11:07','2016-05-02 19:11:07','shamrose','$2a$10$v/DW8hiLJea8aLm0v.0d0OVsgjXSVXZ2dXxlp.Ib4HM3DjTvS/vD2',16,'A',NULL,NULL),(132,'Stephen','Mok','smok@mednet.ucla.edu','3108252676','2016-05-02 19:11:08','2016-05-02 19:11:08','ribaslab','$2a$10$ZLqFDDWxZFUdVpFOh6jzue4zcgjrpHqp.CKOM9mY26FBjjPHO43AS',7,'A',NULL,NULL),(133,'Jingwei','Cheng','jingwei_cheng@dfci.harvard.edu','617-632-4797','2016-05-02 19:11:08','2016-05-02 19:11:08','JC221','$2a$10$F9wR1HF3v5X9njmI5LawTeBRfOkcBSxRL8YXweQCV22P3DxKHzKi6',1,'A',NULL,NULL),(134,'Mark','Kieran','mark_kieran@dfci.harvard.edu','(617) 632-4907','2016-05-02 19:11:08','2016-05-02 19:11:08','mwk0','$2a$10$Lri2ba62dG0ETOdDs4w0leo.XEEK9WvEMJRIPQPYI1qxN.jISkVQG',1,'A',NULL,NULL),(135,'Matt','Theisen','matthewa_theisen@dfci.harvard.edu','6175828767','2016-05-02 19:11:08','2016-05-02 19:11:08','matheisen','$2a$10$Mc5WWwUW4QHsFRs53mfCD.uFcuzzJcaZ84R57RsFTqjC6YI86gFla',1,'A',NULL,NULL),(136,'Carmen','Priolo','carmen__priolo@dfci.harvard.edu','6176326461','2016-05-02 19:11:08','2016-05-02 19:11:08','CPriolo','$2a$10$6e4x9iTVRYomFszGKEmS/uB2DDk6j5HCxTD3VVjpRls.daMTXA7Ku',1,'A',NULL,NULL),(137,'Paul','VanHummelen','paul_vanhummelen@dfci.harvard.edu','','2016-05-02 19:11:08','2016-05-02 19:11:08','paulvan','$2a$10$c/ywu5MaBXTy5ga09hWLSOKPqEvCaQvUP/8L9CPyAsYCM3a00u/5e',1,'A',NULL,NULL),(138,'John','Keilty','john.keilty@infi.com','617-453-1000','2016-05-02 19:11:08','2016-05-02 19:11:08','jkeilty','$2a$10$zoz.aAKTZurKXMWUs2PUs.CcYOjHFOxVd7fAQCfH3wC1ZFNIY25za',35,'A',NULL,NULL),(139,'Jennifer','Brown','jbrown2@partners.org','617-632-4894','2016-05-02 19:11:08','2016-05-02 19:11:08','jb916','$2a$10$JQdCWed.JgUUkr70IsmrHO2Q4e45IAjtk9QQy8PlL4AZzupiS7YmS',1,'A',NULL,NULL),(140,'Alexi','Wright','alexi_wright@dfci.harvard.edu','617-632-3547','2016-05-02 19:11:08','2016-05-02 19:11:08','alexiwright','$2a$10$TKdMIBLku5PHFfEApQFDh.BWNvUWjHjgjHFCAqIwRU1JQuwjnAJMa',1,'A',NULL,NULL),(141,'Filipe','Martins','filipe_martins@dfci.harvard.edu','6175828073','2016-05-02 19:11:09','2016-05-02 19:11:09','filipecorrei','$2a$10$EeMcBmpBl4JuH.5dIINWi.6zWwRFfdOPFHxWRxDJPMAY6MBNGmNje',1,'A',NULL,NULL),(142,'Xiangqing','Yang','xiangqing_yang@dfci.harvard.edu','(617)582-8803','2016-05-02 19:11:09','2016-05-02 19:11:09','xyang','$2a$10$3Y/oPDDfeC76pouflb1Ne.4WfwPSsr1854JZNKEgDVuqIQvcl4OS2',1,'A',NULL,NULL),(143,'Xiangqing','Yang','xiangqingy@gmail.com','(617)582-8803','2016-05-02 19:11:09','2016-05-02 19:11:09','xyang126','$2a$10$D/z5HepvN56iiU0notyoKuVvkRTjJy.g9.GgjDNw/.exRv1oX8rp2',1,'A',NULL,NULL),(144,'Daniel','Auclair','dauclair@broadinstitute.org','617-714-8644','2016-05-02 19:11:09','2016-05-02 19:11:09','auclaird','$2a$10$zd6pUg6O//CKob3kse6TReiChHBj6JsysRbOKmyip745KpfSpxaG2',2,'A',NULL,NULL),(145,'Elizabeth','Garcia','egarcia7@partners.org','','2016-05-02 19:11:09','2016-05-02 19:11:09','eg804','$2a$10$BgklpVrJwwDCJyEhxiRW8uXn2tpsgVDL5Xt6N7AJ9wvQScxbTAJl.',16,'A',NULL,NULL),(146,'Victoria','Brown','vebrown@partners.org','617 525 3168','2016-05-02 19:11:09','2016-05-02 19:11:09','vbrown88','$2a$10$FD4H.R7ta/76yPROFGpm9.FRLxHzrxCz2.h4.emGwlHjUyN3rB2ce',16,'A',NULL,NULL),(147,'Lan','Hu','lanhu@jimmy.harvard.edu','','2016-05-02 19:11:09','2016-05-02 19:11:09','hulan','$2a$10$c1wR959GPWOAz8PAygsik.b/8hjSO04w/Slvy7jNXicSjGGMPU8se',1,'A',NULL,NULL),(148,'Jacek','Wardzala','jacek_wardzala@gmail.com','617 632 2204','2016-05-02 19:11:09','2016-05-02 19:11:09','jw500','$2a$10$8t.FQG6UidkDTFLp7.MER.Jo3TAkEfDXWb4xGAFeJeCXvnAZcGL2m',1,'A',NULL,NULL),(150,'Efi','Kokkotou','kthall@bidmc.harvard.edu','617 818 2111','2016-05-02 19:11:09','2016-05-02 19:11:09','kthall','$2a$10$JtZMgDldrsb98P5x8pk.A.FrPFNmkHA13kcYGhLPtngG7Wg14nuTG',36,'A',NULL,NULL),(152,'Joonil','Jung','joonilj@broadinstitute.org','617-714-7579','2016-05-02 19:11:10','2016-05-02 19:11:10','joonilj','$2a$10$HiyzQjI3l.iLenkuHqZ8huAL3k/L7SkRWpokGhuNmJLI1Z4f3Kg26',2,'A',NULL,NULL),(153,'Kin','Yu','kin.yu@sanofi-aventis.com','6176654222','2016-05-02 19:11:10','2016-05-02 19:11:10','ktysaoncobu','$2a$10$H5N8nRHL7EAbJvW9gMvb2eCAP/l9GwyqOSE3cn.1xAtuGQhGS9waO',38,'A',NULL,NULL),(154,'Ravali','Adusumilli','ravali_adusumilli@dfci.harvard.edu','','2016-05-02 19:11:10','2016-05-02 19:11:10','ravali','$2a$10$53UkJyrylbRdVaVut0M13.6bBGak8EOL9w5Sc1tP5gVVds695.5dm',1,'A',NULL,NULL),(155,'Edward','Stack','edward_stack@dfci.harvard.edu','7818373367','2016-05-02 19:11:10','2016-05-02 19:11:10','ecstack','$2a$10$tVZO7iHuxrPkTLiF/zS5D.1GiRhzFS6FB1X9xut/zPmjNJ0hanFvq',1,'A',NULL,NULL),(156,'Scott','Swanson','sjswanson@partners.org','6175257532','2016-05-02 19:11:10','2016-05-02 19:11:10','SJS','$2a$10$iWjutY3elNBHeIBtlDFsx.bwHyDSLxiVKyX0UY6MZBzVghb1fex/m',16,'A',NULL,NULL),(157,'Jeff','DeFrank','jeff_defrank@dfci.harvard.edu','Feb-64','2016-05-02 19:11:10','2016-05-02 19:11:10','JSD1','$2a$10$a9YVQwZXRDfxnt.YGT1lNu9G0tF7WRurQWOJz1YE6KtqM0djuizK2',1,'A',NULL,NULL),(158,'Alex','Huang','alex.huang@sanofi-aventis.com','617-665-4221','2016-05-02 19:11:10','2016-05-02 19:11:10','i0138401','$2a$10$FbRVtFVaNLqNBq2vjzgrbO2dENGAF.lsbb7MO1uxZukY6dvMu0DPO',38,'A',NULL,NULL),(159,'ruchi','joshi','rjoshi1@partners.org','','2016-05-02 19:11:10','2016-05-02 19:11:10','rjoshi','$2a$10$MeU6rs6B38xGemt.Cawc3eHS5CF/rO03rCHBoKo0zKuoz6HwAUIja',16,'A',NULL,NULL),(160,'Adri','Mills','adri_mills@dfci.harvard.edu','607-229-9054','2016-05-02 19:11:10','2016-05-02 19:11:10','am20','$2a$10$EH97hmZfS9RY6Pgbea1GHOffsISHXO9GxZoBMvUrotiXrup9Ce/bO',1,'I',NULL,NULL),(161,'Priscilla','Brastianos','pbrastianos@partners.org','617-632-2199','2016-05-02 19:11:10','2016-05-02 19:11:10','brastianos','$2a$10$8e/bUmbwfK4q9dOcDDFBZ.OJy6ZAAeQyxB1znXKOyapADkYcxxWhS',1,'A',NULL,NULL),(164,'Takeshi','Shimamura','takeshi_shimamura@dfci.harvard.edu','617-582-7644','2016-05-02 19:11:11','2016-05-02 19:11:11','tshimamura','$2a$10$QiajXW4xTeJJkPivCGn5geI9Ryh1yGdPZKH9dsk.ht57F.4kS50cG',1,'A',NULL,NULL),(165,'Brenton','Mar','brenton.mar@childrens.harvard.edu','617-632-4689','2016-05-02 19:11:11','2016-05-02 19:11:11','brentonmar','$2a$10$o1DN/BxRKz7E94KWWX8fSOf3FBjsts/kme8Fwscby33kC6cv0V5y.',1,'A',NULL,NULL),(167,'Rameen','Beroukhim','rameen@broadinstitute.org','617-582-7941','2016-05-02 19:11:11','2016-05-02 19:11:11','rameen','$2a$10$NOur/4noIL1Xc6QZwd8qBOeIrRzQ/F9aov5r5PsGmnIN.OHJ7ZZ8S',1,'A',NULL,NULL),(168,'Youngha','Kim','youngha_kim@dfci.harvard.edu','617-582-4132','2016-05-02 19:11:11','2016-05-02 19:11:11','CMR','$2a$10$OuCkDkah0r414ZfVtZHtaOO5bf0fMGc3rSCKv2AedymXmcND.JxYC',1,'A',NULL,NULL),(169,'Andrea','Myers','apmyers@partners.org','650-714-5706','2016-05-02 19:11:11','2016-05-02 19:11:11','apmyers','$2a$10$rTBlfBr17IAblvJgKUPCuOxjGc5x3PRY5iXxZcGPEZSbfuDcogYkq',40,'A',NULL,NULL),(171,'Ashwini','Sunkavalli','ashwini_sunkavalli@dfci.harvard.edu','6176326439','2016-05-02 19:11:11','2016-05-02 19:11:11','az975','$2a$10$RqOOo7VHEbAgmmECUJNp0uYJg8Wz1UogdXdOhZle3A8bUthjs7xE.',1,'A',NULL,NULL),(172,'Coren','Milbury','coren_milbury@dfci.harvard.edu','617-632-4120','2016-05-02 19:11:12','2016-05-02 19:11:12','cmilbury','$2a$10$.vLJ0Ix99eW3SltEZnXfMe1rQf1.aAwEV6V1FjuAps1g8E6.q30MW',1,'A',NULL,NULL),(173,'Sung-Min','Chun','alsl1000@hanmail.net','8.21034E+11','2016-05-02 19:11:12','2016-05-02 19:11:12','tez','$2a$10$8uHWi3VJ9lOUUwDsqhZBOO.J/.Kx4mP2A3BgyV8m7wTPdngcWEqZ2',1,'A',NULL,NULL),(174,'Josh','Francis','joshua_francis@dfci.harvard.edu','617-714-7586','2016-05-02 19:11:12','2016-05-02 19:11:12','jmf83','$2a$10$D.tOLp0JfR6YY01mM/w/5.CqydISpesz2Hc7TWQ20DJkhoiIZWs7i',1,'A',NULL,NULL),(175,'Sung-Min','Chun','smchun@amc.seoul.kr','82230105999','2016-05-02 19:11:12','2016-05-02 19:11:12','alsl1000','$2a$10$0mFRj7LI.uY/dW5JCOrUB.aWjlm5KdRGdoKCr55ywwNUiOc.tSIsu',1,'A',NULL,NULL),(176,'Steven','Bair','stevenm_bair@dfci.harvard.edu','6176324610','2016-05-02 19:11:12','2016-05-02 19:11:12','sb670','$2a$10$uQWWEw2zBOGAGR2L0EdoruXT/mneNDEhMf2w3Fk27yN1kumEEmpKq',1,'A',NULL,NULL),(177,'Alex','Kentsis','alex.kentsis@childrens.harvard.edu','6176324130','2016-05-02 19:11:12','2016-05-02 19:11:12','kentsis','$2a$10$yLHJl4FBDse4TTtX4MJ6vOWAMEC8NSccAscj/sAatEzR2TQDR4n8y',32,'A',NULL,NULL),(178,'Sewanti','Limaye','slimaye@partners.org','617-632-3090','2016-05-02 19:11:12','2016-05-02 19:11:12','sl113','$2a$10$I83ZhcR24T4sXEeBsh7F6ehwPFmRt5MBZgVF/xG9D8rIUYw1T.VmK',16,'A',NULL,NULL),(179,'SARA','TOLANEY','stolaney@partners.org','617-632-5743','2016-05-02 19:11:12','2016-05-02 19:11:12','stolaney','$2a$10$uutFSVAH9nCRa4lRBshFS.EMmIoxLU91M5vl7ajCMkYW/9sr1WRB.',1,'A',NULL,NULL),(180,'Bjoern','Chapuy','Bjoern_Chapuy@dfci.harvard.edu','1(617)6323881','2016-05-02 19:11:12','2016-05-02 19:11:12','bchapuy','$2a$10$8UqpI1vpZuExAcz5GS1Lc.p3ZsirPV/Uw51UeRG5arM6b0ediS0Qa',1,'A',NULL,NULL),(182,'Peleg','Horowitz','phorowitz@partners.org','773-480-5987','2016-05-02 19:11:12','2016-05-02 19:11:12','horowitz','$2a$10$o..M2iaXtulO292H.bkTz.kw4BXavRuY5SMhaYbnuJZ4lnYG40qIe',2,'A',NULL,NULL),(183,'Brian','Goodman','bmgoodman@partners.org','617-525-6784','2016-05-02 19:11:13','2016-05-02 19:11:13','bmgoodman','$2a$10$425olnPDRJmbDPvvcCaS1e9YkupWOdJP.IVn4OQvrW1M289b9Ytfi',16,'A',NULL,NULL),(184,'Sandro','Santagata','ssantagata@partners.org','617-732-7532','2016-05-02 19:11:13','2016-05-02 19:11:13','santas01','$2a$10$1jI1e23QiaB8WFVpPi9rVOMvW2Qg839K7oV.YHij6Nw2dd/x2IStW',16,'A',NULL,NULL),(185,'Oliver','Weigert','oliver_weigert@dfci.harvard.edu','617-582-8868','2016-05-02 19:11:13','2016-05-02 19:11:13','oweigert','$2a$10$8zdZ2grb3Dsv8Yqtm2AKaOLrAv/1WYQnZfosxgdu3HuB7Aaxz0crm',1,'A',NULL,NULL),(186,'David','Hsu','hsu00018@dm.duke.edu','919-684-1739','2016-05-02 19:11:13','2016-05-02 19:11:13','swdhsu','$2a$10$5RS.Hi60Mv/KuUe6GZL33OMZceWjvaVhiLMcHiIjSVS/sbZggJeom',44,'A',NULL,NULL),(188,'Joshua','Uronis','ju12@duke.edu','+1 919 684 1591','2016-05-02 19:11:13','2016-05-02 19:11:13','hsulab','$2a$10$JS1R/I9N6qOlBjYvHTWtc.e74jJXSk3bVhKK7KmUyY/tMbrQO8a1a',44,'A',NULL,NULL),(215,'Xuesong','Zhao','xuesong_zhao@dfci.harvard.edu','617 632 6174','2016-05-02 19:11:16','2016-05-02 19:11:16','snowpine','$2a$10$n/9hZoA.dUhWYzCQiNXFree50vmfR4CYFFshcbfTw5fICLeBXbkWO',1,'A',NULL,NULL),(216,'YF','Wong','yfwong@partners.org','6172780196','2016-05-02 19:11:16','2016-05-02 19:11:16','yfwong','$2a$10$/8/8rzr3Q1wIzzY7e7gHje6.ryDMp6engLloBbs5Gq8Ly2wA0.22u',16,'A',NULL,NULL),(217,'Aymen','Elfiky','Aymen_Elfiky@dfci.harvard.edu','617-632-5456','2016-05-02 19:11:16','2016-05-02 19:11:16','ae955','$2a$10$UYI22PddGlfXLvb4KomNZO4oh2CUe3xMJuJRq/FGN9WKQ/gzZcJCa',1,'A',NULL,NULL),(218,'Simone','Hettmer','simone_hettmer@dfci.harvard.edu','617 632-4550','2016-05-02 19:11:16','2016-05-02 19:11:16','Wagerslab','$2a$10$7B8lglmYaTucIyTHc/xsBe3Qenoe0oorobBffYWLN1nzoYPJ0HbrO',1,'A',NULL,NULL),(219,'Constantine','Mitsiades','constantine_mitsiades@dfci.harvard.edu','617-632-1962','2016-05-02 19:11:16','2016-05-02 19:11:16','cmitsiades','$2a$10$47AktaOiYVASHFYM/nU/C.TzMSKX6y8h.4UeSGBRuPoCWLutZUHxa',1,'A',NULL,NULL),(220,'Louise','Koopman','louise_koopman@dfci.harvard.edu','617-632-6922','2016-05-02 19:11:16','2016-05-02 19:11:16','lkoopman','$2a$10$YxBftXrXElh0dVUavHbTWeURlx9wZxsaSp767lQvNWF6.eh6kTUYG',48,'A',NULL,NULL),(221,'David','Weinstock','dweinstock@partners.org','24245','2016-05-02 19:11:16','2016-05-02 19:11:16','weinstod','$2a$10$/xKDpvQ9TxKpjnMGMHebwu7iH5RFLuv5//mAqftcsoOo5FR9pTb/O',1,'A',NULL,NULL),(224,'Heidi','Greulich','heidig@broadinstitute.org','617-714-7475','2016-05-02 19:11:16','2016-05-02 19:11:16','heidigreulic','$2a$10$P0nq7oq5XHgqdlRE6S4IVugbcYI9Nhhc54YmZZ/1RAJG0vYey3sFK',1,'A',NULL,NULL),(225,'Catriona','Hayes','catrionaa_hayes@dfci.harvard.edu','6175829895','2016-05-02 19:11:16','2016-05-02 19:11:16','cathayes','$2a$10$GO1mqV/97r/ZSS9Cw1CKnOEUZNsdr0BZ3RJC8E1A3QwcVaqZxQEh6',1,'A',NULL,NULL),(226,'Gerburg','Wulf','gwulf@bidmc.harvard.edu','617 331 7772','2016-05-02 19:11:17','2016-05-02 19:11:17','gwulf','$2a$10$65pNruOJH19B08lUW5Hhke2dmq5SCNB042KYrkqBN4q4RmRlZ1gEG',14,'A',NULL,NULL),(227,'Carmelo','Nucera','carmnuce@libero.it','617-599-0515','2016-05-02 19:11:17','2016-05-02 19:11:17','carmnuce','$2a$10$zIMRhOxz6Jfp6OUBvgIE3.L.hm/6puyR88P2gQKtuekaZCRgMuO1C',51,'A',NULL,NULL),(228,'Claudius','Conrad','cconrad@partners.org','617-726-2000 pager 1','2016-05-02 19:11:17','2016-05-02 19:11:17','cconrad','$2a$10$e./vKHqVdzyBC.GWww46WOAmJ6sLFpVYKIgZm0HVXlVjkHSxGRela',24,'A',NULL,NULL),(229,'Larissa','Lee','llee@lroc.harvard.edu','617 331-9665','2016-05-02 19:11:17','2016-05-02 19:11:17','ljl14','$2a$10$9ySy42Ej35tIfTq7sFwDXeJBixoTPW3X/d7KhRVCf3cSTRgZxyjFK',16,'A',NULL,NULL),(230,'Megan','Lampron','Megan_Lampron@dfci.harvard.edu','617-632-5914','2016-05-02 19:11:17','2016-05-02 19:11:17','mel89','$2a$10$1HinElk3IT38JXOeTXZ8RuXiWQ63ymrcmzKZitgIuKbn8wFREhjNK',1,'A',NULL,NULL),(231,'David','Kozono','dkozono@lroc.harvard.edu','617-582-8237','2016-05-02 19:11:17','2016-05-02 19:11:17','dkozono','$2a$10$X1cp0M7lDaJvp9uOTaXoXufonNVGwVIqE7hskUG4WgqWhjomay9x6',52,'A',NULL,NULL),(232,'Sushma','Gurumurthy','sguru0@gmail.com','617-582-6598','2016-05-02 19:11:17','2016-05-02 19:11:17','sushguru','$2a$10$4R1Si2zdkTyOMV28mtwUvOQ28a8y7PTT6UpqHC5cCsoNLn3zw72FO',53,'A',NULL,NULL),(233,'Laura','Schubert','laura_schubert@dfci.harvard.edu','6176326688','2016-05-02 19:11:17','2016-05-02 19:11:17','ls298','$2a$10$yFvBLTZhf3nM1vDGySD0keYrH5T8WfAGsIVDqXvMTy7cGMXcZdeem',52,'A',NULL,NULL),(234,'franklin','huang','fwhuang@partners.org','6175555555','2016-05-02 19:11:17','2016-05-02 19:11:17','fhuang','$2a$10$.UG98ELhdNjQmfLspuk5Z.dHv1UMjvgPfSJB4JYXvJCOmwQLB2bvm',52,'A',NULL,NULL),(235,'himabindu','ramachandrareddy','himabindu_ramachandrareddy@dfci.harvard.edu','617-632-4749','2016-05-02 19:11:17','2016-05-02 19:11:17','bindubcl6','$2a$10$OpJNUNiCXOu3AchXQkvcHeOEarZukXqHdbutvNmG/P9fsQCQWzpmK',1,'A',NULL,NULL),(237,'Yuji','Mishima','yuji_mishima@dfci.harvard.edu','617-582-8535','2016-05-02 19:11:18','2016-05-02 19:11:18','yuji_mishima','$2a$10$8eUuZhjSPYj6BNNlG54MTOVtPeR2TM39DNTx7ZPS2UU2UrfNCAYhO',53,'A',NULL,NULL),(238,'Shakti','Ramkissoon','sramkissoon@partners.org','617-582-8767','2016-05-02 19:11:18','2016-05-02 19:11:18','Shak2012','$2a$10$/Xnztwzc2ne9IftRJ3IPB.5B6f7DV5CBVtbGNnEmg/IuXWkxqZm5u',52,'A',NULL,NULL),(239,'Kevin','Elias','kelias1@partners.org','6154280480','2016-05-02 19:11:18','2016-05-02 19:11:18','kevinelias','$2a$10$pbgXL4DRtF3b2qMuhQ4uceZMxHK0aHtQ0S88EIHk4m3SkYvtB39qa',54,'A',NULL,NULL),(240,'David','Barbie','dbarbie@partners.org','617-632-3614','2016-05-02 19:11:18','2016-05-02 19:11:18','dbarbie','$2a$10$ETmrn5O7hxn6o9WEhC.kxu.A8az1.mFfFiiV6CtMy0lx8AuiObu02',1,'A',NULL,NULL),(242,'Michael','DiGiovanni','mjdigiovanni@beckman.com','978-204-3110','2016-05-02 19:11:18','2016-05-02 19:11:18','Michael','$2a$10$omqbSHeofcb21jkmNnSDSu9BzGPvfgpREeiWNhREpwqls2MFbg/Ei',55,'A',NULL,NULL),(243,'Eva','Goetz','evam_goetz@dfci.harvard.edu','214-478-9836','2016-05-02 19:11:18','2016-05-02 19:11:18','evagoetz','$2a$10$gXM6.mtwXEYgmORUr3tfZezDsXLyGlmQqQKVwUxzydgbpIukdbtiS',52,'A',NULL,NULL),(244,'Jonathan','Wasserman','jonathan.wasserman@sickkids.ca','4168137654x28949','2016-05-02 19:11:18','2016-05-02 19:11:18','jdwass','$2a$10$HsZvGKMVY1WNxRQ3i1lOJe8svAqIvOHHWb2PoDEKf3RhlnswhnMDC',56,'A',NULL,NULL),(245,'Adam','Bass','adam_bass@dfci.harvard.edu','617-407-9275','2016-05-02 19:11:18','2016-05-02 19:11:18','ajb12','$2a$10$JfyBrbZ7j.0Iwwu5fIPAl.Cko32kOVhA21ptynSuhMMb8fiwitr9.',52,'A',NULL,NULL),(246,'Anna','Cooley','AnnaC_Cooley@DFCI.HARVARD.EDU','617 58-28643','2016-05-02 19:11:18','2016-05-02 19:11:18','cooleya','$2a$10$pXIZozjtldz4rKPVBWMlm.SmR8sO/p4mweIa0cuv42iDhsFbr88Ti',52,'A',NULL,NULL),(247,'Rhamy','Zeid','rhamyzeid@fas.harvard.edu','617-632-4658','2016-05-02 19:11:18','2016-05-02 19:11:18','rz042','$2a$10$2YIEeWuiQrpXOv8hh.7sAeXT68ANp02oHySNEYjWBrRJ2/V4iWztK',57,'P',NULL,NULL),(249,'Brenton','Paolella','brenton_paolella@dfci.harvard.edu','(617) 582-7948','2016-05-02 19:11:19','2016-05-02 19:11:19','snomiester','$2a$10$C3Umg8OdgwJOQsE46WvCreKMHtdW2KG14yvO6IAyjevnI05DmOLHK',52,'P',NULL,NULL),(250,'Aaron','Thorner','Aaron_Thorner@dfci.harvard.edu','27253','2016-05-02 19:11:19','2016-05-02 19:11:19','athorner','$2a$10$Eh.wGtZtqRDVKdrd2u5q9.aUWslJk5o6t4fyTJmabwal4/JvHAfWC',52,'A',NULL,NULL),(251,'Geoffrey','Oxnard','goxnard@partners.org','617-632-6049','2016-05-02 19:11:19','2016-05-02 19:11:19','gro4','$2a$10$9iWh1pJazifnrVjxZQTbn.e/HHKRQQTxvCpTSNW1I4Zcf5wQhjROS',1,'A',NULL,NULL),(252,'Joyce','Liu','joyce_liu@dfci.harvard.edu','617-632-5269','2016-05-02 19:11:19','2016-05-02 19:11:19','joyceliu','$2a$10$Pk2P3a8iPLgBmUIVdtVRlepLoizQvCfyBwKSUb3E6nL9BYjJGDZjO',1,'A',NULL,NULL),(253,'Rachel','Liao','rienstra@broadinstitute.org','6177147557','2016-05-02 19:11:19','2016-05-02 19:11:19','rliao','$2a$10$voPv1h6DvdwRVHvVs1yd8uk7XjFfo1xjgDU6LBcFcurnK8hl0CjrK',58,'A',NULL,NULL),(254,'Adri','Mills','aamills@gmail.com','123-456-7890','2016-05-02 19:11:19','2016-05-02 19:11:19','am20b','$2a$10$Vk0Wm.PaDEQGNyj7FCS25uVpguzoJz8TIaa9MTG/3qVAMPaEItMZC',52,'I',NULL,NULL),(255,'Hauke','Cornils','hauke_cornils@dfci.harvard.edu','617-632-4343','2016-05-02 19:11:19','2016-05-02 19:11:19','hauke_cornil','$2a$10$n2YwR3xTK/dcrgERIixYKOpyTzCaR3fwIdsQsUm6mUxmfl/6CXyTW',53,'A',NULL,NULL),(256,'Emanuele','Palescandolo','epalesca@its.jnj.com','3214604741','2016-05-02 19:11:19','2016-05-02 19:11:19','epalesca','$2a$10$RsPJT5RT.c9GqT/u2RCG0exDWXDsOkk55e0bTS76wICqgLevC7tje',59,'A',NULL,NULL),(257,'Kathleen','Yates','kathleen_yates@dfci.harvard.edu','617-582-8874','2016-05-02 19:11:19','2016-05-02 19:11:19','kb686','$2a$10$q2VD25Tgn4MgUTVVkdeQYOPzFa3LKEQl7yMMQBNCYF1/V.icb07w.',1,'A',NULL,NULL),(258,'Ami','Bhatt','asbhatt@broadinstitute.org','617-714-7559','2016-05-02 19:11:19','2016-05-02 19:11:19','asbhatt','$2a$10$rI30qOiMKiFCnG0HeT40eOLM/ABGBxCeNweZQ6Lr8kQs4hMmPkAju',52,'A',NULL,NULL),(259,'Alejandro','Gutierrez','alejandro.gutierrez@childrens.harvard.edu','617-919-3660','2016-05-02 19:11:20','2016-05-02 19:11:20','alejandro.gu','$2a$10$ODPP8sWTyLgqjUI7ZA0C2uFc49Z.CbC1DKKlaEil83rhoZTV51G1i',60,'A',NULL,NULL),(260,'Prakash','Rao','prakash_rao@dfci.harvard.edu','617 582 9813','2016-05-02 19:11:20','2016-05-02 19:11:20','prakashrao','$2a$10$u3SSeiE7Sb61PfqNL9JTk.p6YlWzAoicRM/1aMUgVaSLmq/SPchr2',53,'A',NULL,NULL),(261,'Jeffrey','Sorrell','jeffrey_sorrell@dfci.harvard.edu','617-632-1952','2016-05-02 19:11:20','2016-05-02 19:11:20','jds53','$2a$10$apAFQd8vaVZaJXQ2OB30weKZ04noRJlpnXAkfmEesV9UwphbFg2fq',53,'A',NULL,NULL),(262,'Nathan','Moerke','nathanmoerke@gmail.com','8572252576','2016-05-02 19:11:20','2016-05-02 19:11:20','nmoerke','$2a$10$2Rlw9ryQ.j/AXh0hzLUyrub3xl6rydVfiHKp6v4b0xZKN7/52PmFe',61,'A',NULL,NULL),(263,'Charles','Roberts','charles_roberts@dfci.harvard.edu','617-632-6497','2016-05-02 19:11:20','2016-05-02 19:11:20','kim','$2a$10$FhatIGzMoJmyjIFf9mai0eIeZj.1MkTk8BWdVkPu.3i3vvl1m91W2',1,'A',NULL,NULL),(264,'Kimberly','Stegmaier','kimberly_stegmaier@dfci.harvard.edu','617-632-4985','2016-05-02 19:11:20','2016-05-02 19:11:20','charles','$2a$10$vXQ/dsDoXI1qYorsTfqOuOSBggySLCF.CS9P66MrdR/1oHHe9v/7a',1,'A',NULL,NULL),(265,'Cecile','Maire','cecile_maire@dfci.harvard.edu','617 582 8765','2016-05-02 19:11:20','2016-05-02 19:11:20','cecilemaire','$2a$10$RgG0Kh0XqlNAU5MkYf56mudR/8dYQvKmmI0jK1SzZQBHzcQoaDaJ2',52,'A',NULL,NULL),(266,'Ryan','Abo','ryanp_abo@dfci.harvard.edu','','2016-05-02 19:11:20','2016-05-02 19:11:20','rpa4','$2a$10$HasMIqZQ354Xk5bQ1cLjjeNZnGJuxW.prnNIbg8bBMyRX4DAZt5JC',53,'A',NULL,NULL),(267,'Jack','Lepine','jackr_lepine@dfci.harvard.edu','617-582-8643','2016-05-02 19:11:20','2016-05-02 19:11:20','lepinej','$2a$10$135O0DfUT/8LJVcWeX/UCOh6AuQpJZSEclvIKfvCMz.ZZZxxjS1DS',1,'A',NULL,NULL),(268,'Abhishek','Chakraborty','abhishek_chakraborty@dfci.harvard.edu','6176324745','2016-05-02 19:11:20','2016-05-02 19:11:20','achakraborty','$2a$10$0iJSEUzzbPTnvs8byBWbi.JqIka0Ot99w2DntEZ6/CAJrpNk67Mqi',52,'A',NULL,NULL),(269,'Ling','Lin','ling_lin@dfci.harvard.edu','617-582-8893','2016-05-02 19:11:20','2016-05-02 19:11:20','ll620','$2a$10$frmnYVLEU2SGviljW2Ksv.U4ISVgUQvJlZ8J3BtyNKF12gkwQwp2G',53,'A',NULL,NULL),(270,'Akinyemi','Ojesina','ojesina@broadinstitute.org','617-714-7570','2016-05-02 19:11:21','2016-05-02 19:11:21','ojesina','$2a$10$7tGGkyYbfqVaw2AKSKcUuuRN6GFFGCrRW0U.ItKLFExajbmcD6nBa',1,'A',NULL,NULL),(271,'Michael','Rosu-Myles','michael.rosu-myles@hc-sc.gc.ca','613-954-8742','2016-05-02 19:11:21','2016-05-02 19:11:21','mrosumyl','$2a$10$m56SX5k2c7cTXSUOh2Zew.C6MBJEvDSBB7jwTJryNOxuKQKxIEp/m',62,'A',NULL,NULL),(272,'Andrew','Hong','andrew.hong@childrens.harvard.edu','6176323270','2016-05-02 19:11:21','2016-05-02 19:11:21','ah90','$2a$10$SdJx/YXPmdmptMeXqqJUUOntopFKqKW5BWqVpIWIZQ68XHHO7rlpC',63,'A',NULL,NULL),(273,'Giovanni','Roti','Giovanni_Roti@dfci.harvard.edu','6175827631','2016-05-02 19:11:21','2016-05-02 19:11:21','rotigiova','$2a$10$9HwjwrQQEiL0lPmVm/059.hMOay6UcZbDjoiPIzsZh5ocOQj8kaq2',1,'A',NULL,NULL),(274,'Andre','Fay','Andre_Fay@DFCI.HARVARD.EDU','6175139895','2016-05-02 19:11:21','2016-05-02 19:11:21','af638','$2a$10$OZRvLUcmOzfGT77oU//lEe31JHDjzPxD44BVswQlIMSzv8XWGsgay',1,'A',NULL,NULL),(275,'Michalina','Janiszewska','michalina_janiszewska@dfci.harvard.edu','618-582-8755','2016-05-02 19:11:21','2016-05-02 19:11:21','mjanisze','$2a$10$ARxU.pmzPG8Idm0dDhX7kuYgx71E0DkfoG5kHkBPb5UxierIKhPaa',52,'A',NULL,NULL),(276,'Robert','Barnitz','robert_barnitz@dfci.harvard.edu','6175827625','2016-05-02 19:11:21','2016-05-02 19:11:21','rab72','$2a$10$fCgB8wwC957tLQvXGSx9aum8rMA3XcZYur9b5caqTUtFDREWYeIJq',1,'A',NULL,NULL),(277,'Shiliang','Cao','Shiliang_Cao@dfci.harvard.edu','7044514511','2016-05-02 19:11:21','2016-05-02 19:11:21','sc20','$2a$10$Y3d6oJgeZ/t7HcHFPDTah.5f7n27cBas6uArLZTDAsxqf3NaOaluO',53,'A',NULL,NULL),(278,'Susan','Moody','semoody@partners.org','267-980-8978','2016-05-02 19:11:21','2016-05-02 19:11:21','sem42','$2a$10$SeJqZeYeI1pE.421fcXc0e5vuVkZklJ819r/qzWU.udmqhWNyf8p.',1,'A',NULL,NULL),(279,'Salomon','Manier','salomon_manier@dfci.harvard.edu','8573996947','2016-05-02 19:11:21','2016-05-02 19:11:21','Salomonmanie','$2a$10$OTEQuASUfGUW03WaelJrFO8XsBUvMgzQdaAya5TZZxX3Nv44.N2sC',52,'A',NULL,NULL),(280,'Srunphut','Pukma','pukmas@emmanuel.edu','6178510303','2016-05-02 19:11:22','2016-05-02 19:11:22','pukmas1991','$2a$10$ADw/8NPsl8J8J/pSk3Syv.HbawSCOOBbm/eMcq2B1OEgHIsSmf2Mu',64,'P',NULL,NULL),(281,'Atsush','Nonami','Atsushi_Nonami@dfci.harvard.edu','8572419779','2016-05-02 19:11:22','2016-05-02 19:11:22','an892','$2a$10$oli2HhH7KKzsr0eMRiV...qW8zBFOBDPj5Oh//fOpu2SnPlocEKaq',52,'A',NULL,NULL),(282,'ASLI','MUVAFFAK','asli_muvaffak@dfci.harvard.edu','617-582-8789','2016-05-02 19:11:22','2016-05-02 19:11:22','aslim','$2a$10$xvT2BuunDqbkwjV605ncMO0aq17OJLiovUfb1eyXbljzva52a.rw2',52,'A',NULL,NULL),(283,'Melanie','Prasol','Melanie_Prasol@dfci.harvard.edu','','2016-05-02 19:11:22','2016-05-02 19:11:22','mp197','$2a$10$RHcYZpT3X6pP3BZqjHikdOpr7Qf.cLF3RaIBlhqJKlWEJVyJdc8YC',53,'P',NULL,NULL),(284,'Stephanie','Mullane','stephanie_mullane@dfci.harvard.edu','617-632-2397','2016-05-02 19:11:22','2016-05-02 19:11:22','smullane','$2a$10$tYrhd5R4i5O0xswVRsI6ruF2yw/bgRDKAs7TGhnA0BlOpSDR84zlC',52,'A',NULL,NULL),(285,'Ganesh','Shankar','gshankar@partners.org','805-796-0878','2016-05-02 19:11:22','2016-05-02 19:11:22','gshankar','$2a$10$nG7XUmQnWiPncWUDJaqDTOGyzIAZTEDymVRbvxwX.CGENbLMac1YS',2,'A',NULL,NULL),(286,'James','Amatruda','james.amatruda@utsouthwestern.edu','214-648-1645','2016-05-02 19:11:22','2016-05-02 19:11:22','amatrudalab','$2a$10$vgcWumULSA2xmxXLkSb5IeVsZz0RI9MDPakuD3TDOuZw4ujGqvDrO',65,'A',NULL,NULL),(287,'Ho-Chou','Tu','hochoutu@gmail.com','3145181002','2016-05-02 19:11:22','2016-05-02 19:11:22','Daleylab','$2a$10$HNX8yPtIOydeBVylLI/eVOG/u5JXaNMbK3IJ3tfzYjTezWD6pRz7O',32,'A',NULL,NULL),(288,'Oliver','Weigert','olver.weigert@helmholtz-muenchen.de','+49.89.3187.1402','2016-05-02 19:11:22','2016-05-02 19:11:22','oliver.weige','$2a$10$rNygrFZ4f0MCz5nDl/RLMuFQVUjVhigP91U4SDZWw0hR4PQynW0Km',66,'A',NULL,NULL),(289,'Atish','Choudhury','achoudhury@partners.org','6176324524','2016-05-02 19:11:22','2016-05-02 19:11:22','achoudhury','$2a$10$FDoSbObpnpiyySZlUqg9Quzl9sbfknR0K9WkFdpjlnSdXenwG1iZu',1,'A',NULL,NULL),(290,'Johann','Hoeftberger','johann_hoeftberger@dfci.harvard.edu','','2016-05-02 19:11:23','2016-05-02 19:11:23','JHoeftberger','$2a$10$r53AE8Aj6MSnEH7bj.MXXOJMabyJy8fp2Nfymxhn0iT5z5cj.FV9G',53,'A',NULL,NULL),(291,'Peter','Choi','peter_choi@dfci.harvard.edu','6176322930','2016-05-02 19:11:23','2016-05-02 19:11:23','pchoi','$2a$10$o6VgCDqsDiAj1OODKBoP1unwptvvvtHuV.O0PAMP86AXmo3uA.7P.',1,'A',NULL,NULL),(292,'Coleman','Lindsley','coleman_lindsley@dfci.harvard.edu','617-997-3715','2016-05-02 19:11:23','2016-05-02 19:11:23','clindsley','$2a$10$3OQzgND16QkVMP1/Cg23fu9N49G1JcTSw9w6xQvHAHNRGQcMvj/Pe',52,'A',NULL,NULL),(293,'Julide','Celebi','julide.celebi@mountsinai.org','347-247-1576','2016-05-02 19:11:23','2016-05-02 19:11:23','julidecelebi','$2a$10$RICE8qpLgseaNhx2f7FcseHSCv/gnC7IWZu2jGQJeYXgJWk73RUUS',67,'A',NULL,NULL),(294,'Michael','Nehil','michael_nehil@dfci.harvard.edu','8312477018','2016-05-02 19:11:23','2016-05-02 19:11:23','mnehil','$2a$10$Twdivi4jxCMiDCJ4fCIkP.zbf4CJWmAccXJkbWY1J4MnUlZwWT8C6',52,'A',NULL,NULL),(295,'Abner','Louissaint','alouissaint@partners.org','(617) 943-2890','2016-05-02 19:11:23','2016-05-02 19:11:23','alouissa','$2a$10$72j7jT4QymFZ0Ts0gFmfaOehN4YZoM2cAgMQwpcgR2nMERXC0OwQq',52,'A',NULL,NULL),(296,'Leena','Gandhi','Leena_Gandhi@dfci.harvard.edu','617-632-6049','2016-05-02 19:11:23','2016-05-02 19:11:23','lgandhi','$2a$10$WYMRZzxBbSYDbj4J0GKwRe77Ysi08s1PvE6SwRxy2/m02fI/xShZS',52,'A',NULL,NULL),(297,'Rebecca','Chin','rchin1@bidmc.harvard.edu','6177352484','2016-05-02 19:11:23','2016-05-02 19:11:23','chinlab','$2a$10$d4uTrbKWKss25X8N84nMbu7zjaUnzICfaZ9rP7/Ig5vO8rpncMATy',68,'A',NULL,NULL),(298,'Florian','Heitz','florian.heitz@gmx.net','4.92012E+12','2016-05-02 19:11:23','2016-05-02 19:11:23','Fheitz','$2a$10$hRA5AMZvesFES.2W376BeuripkI2rnPFeFLK9OOm/eISOGg.kJwyi',69,'A',NULL,NULL),(299,'Linda','Bi','lbi@partners.org','203-645-9485','2016-05-02 19:11:23','2016-05-02 19:11:23','wbi','$2a$10$S4LpYS36kIOiu239LVai4.wCqbJw8DgkiA7GxE2Cah6eMqaOgRHcy',70,'A',NULL,NULL),(300,'Andrew','Lane','andrew_lane@dfci.harvard.edu','617-632-4589','2016-05-02 19:11:23','2016-05-02 19:11:23','aal17','$2a$10$yYg7/nRFTNuQGmfOQW2BpuT8x22r/VeakLe.uAE1A9TlKx84O8oaq',52,'A',NULL,NULL),(301,'Pankaj','Agarwalla','agarwalla@gmail.com','617-726-2000','2016-05-02 19:11:24','2016-05-02 19:11:24','agarwalla','$2a$10$spf/xe4bQfPfiQvmCbFhgerJIzExf6xOl40aDkOJkZ0KkTaFBcRiS',52,'A',NULL,NULL),(302,'Kent','Mouw','kmouw@partners.org','617-632-5145','2016-05-02 19:11:24','2016-05-02 19:11:24','kmouw','$2a$10$V4PMpRr3gO31IOS.lfpNBu8gSs/tVrhLAPZ9oqctAto5oFQxYTRo.',1,'A',NULL,NULL),(303,'Mark','Murakami','Mark_Murakami@DFCI.harvard.edu','617-582-9171','2016-05-02 19:11:24','2016-05-02 19:11:24','mym97','$2a$10$gnDRKmA1xB3wOdm.HbA7reczd7uZWkozeb8rDzhxatGINdHND7ijO',53,'A',NULL,NULL),(304,'Thomas','Melchardt','t.melchardt@salk.at','0043-662-4482','2016-05-02 19:11:24','2016-05-02 19:11:24','t.melchardt@','$2a$10$X2gh0GAiYWn/dmlmtIRYcOzQ/lnaDhVB5CHgQ2v70pSmr/b/wtFOm',71,'A',NULL,NULL),(305,'Sam','Hunter','samuels_hunter@dfci.harvard.edu','208-546-9229','2016-05-02 19:11:24','2016-05-02 19:11:24','shunter','$2a$10$9ZodKoro.5vpzV/HueywpOhiThifCEdLit/LkvSdVsvemV/gTyfTS',53,'A',NULL,NULL),(306,'Melissa','Burns','melissa.burns@childrens.harvard.edu','617-919-7011','2016-05-02 19:11:24','2016-05-02 19:11:24','melissa.burn','$2a$10$iRDPo3vhSa2G21aZ0mRGGevJt9zEPY3.o/jY8uWe6Lt6MuUo1YmR6',60,'A',NULL,NULL),(307,'Sima','Zacharek','sima_zacharek@dfci.harvard.edu','617-582-8026','2016-05-02 19:11:24','2016-05-02 19:11:24','simazac','$2a$10$PSVZ4NxqvIciPONH1bYPtuORpHWZSJe8idXFVV3AnBJzy7efd0uL2',52,'A',NULL,NULL),(308,'Harshabad','Singh','hsingh3@partners.org','617-620-3201','2016-05-02 19:11:24','2016-05-02 19:11:24','harshabadsin','$2a$10$iK600jBj5qHNzAYqSsusjO7ghpNWNjGzE1qpkhORiWeCZbhhkZttG',53,'A',NULL,NULL),(309,'Raphael','Koch','raphael_koch@dfci.harvard.edu','6174879588','2016-05-02 19:11:24','2016-05-02 19:11:24','rkoch','$2a$10$8LsMxa1.S0aVu4PL5ZMvq.O2Bz9abNFX5u9c1MAkZNX8FxLIpBumu',53,'A',NULL,NULL),(310,'Volker','Blank','volker.blank@mcgill.ca','5145 340 8260','2016-05-02 19:11:24','2016-05-02 19:11:24','Volker','$2a$10$9.lJ99TezXlXMk65qDuCfOe869XKvQyssy7QXV1up9tn.zyV/7q9i',72,'P',NULL,NULL),(311,'Elizabeth','Townsend','elizabethc_townsend@dfci.harvard.edu','617 582-8868','2016-05-02 19:11:24','2016-05-02 19:11:24','Townsend','$2a$10$126epLHN7nRDAB8dZL8ZE.CiNeacC/01IIYyMw0fHwmZ54BrVKDgS',64,'A',NULL,NULL),(312,'Brooke','Howitt','bhowitt@partners.org','6175257295','2016-05-02 19:11:25','2016-05-02 19:11:25','brookehowitt','$2a$10$zFjNV10Lyi7sjZhvXkdz/Oug1o.RoD27u/4KHg0JPvY1Wc.1I8E0q',73,'A',NULL,NULL),(313,'Christopher','Gibson','christopher_gibson@dfci.harvard.edu','617-510-9454','2016-05-02 19:11:25','2016-05-02 19:11:25','christopher_','$2a$10$wZ/MEzOJemm518zWJ7bhU.gPx7dxgdHhclX4BfC9aXUXkfjZ8rZIC',74,'A',NULL,NULL),(314,'Lori','Ramkissoon','lori_ramkissoon@dfci.harvard.edu','617-582-8768','2016-05-02 19:11:25','2016-05-02 19:11:25','ramkissl','$2a$10$9udoH0kCqq43IldbJcQ5eelOcyb5U6B4DsEtLQcL2E/XxdOaht1ae',52,'A',NULL,NULL),(315,'Amanda','Balboni','amandal_balboni@dfci.harvard.edu','3397881634','2016-05-02 19:11:25','2016-05-02 19:11:25','balbonia','$2a$10$sY0gHZPF2V7jzPecNxNh7ezVJSzZdN7xbDnAtkB7gY243TNsDJMc.',52,'P',NULL,NULL),(316,'Monica','Manam','monicad_manam@dfci.harvard.edu','7036597016','2016-05-02 19:11:25','2016-05-02 19:11:25','mdm68','$2a$10$6JbUMHVBx5iEnk9H0C6OaO7Om4KYRnVYXJNs50VGjCfycRizrl682',52,'A',NULL,NULL),(317,'Catherine','Coleman','Catherine_Coleman@DFCI.HARVARD.EDU','617-632-5078','2016-05-02 19:11:25','2016-05-02 19:11:25','ccoleman','$2a$10$lfM2ukP7lMEZas8tQXXB4uS8dBJLV4KeQXpSa8vc0GRaU9GqKUmXa',52,'A',NULL,NULL),(318,'HENRY','LONG','henry_long@dfci.harvard.edu','8576543824','2016-05-02 19:11:25','2016-05-02 19:11:25','henry_long@d','$2a$10$f1PJLkAYAfzXCbyU8jF8ZehocX7aRKAVe9HzETLxPACX93jRfK71q',75,'A',NULL,NULL),(319,'Dave','Rothfarb','dave.rothfarb@daverothfarb.com','555-555-5555','2016-05-02 19:11:25','2016-05-02 19:11:25','rothfarb-test','$2a$10$Njn.f7bietkDyAUTqbGDUuNXj8JZ/e/P4nNFHgf6TIRvP6kFyI5wG',52,'A',NULL,NULL),(320,'Dave','Rothfarb','healthcommdave@gmail.com','555-555-5555','2016-05-03 20:14:34','2016-05-04 17:47:34','davemanroth_custom_fields','$2a$10$xegVTACfZPOgEXh18fytsul/F7XElqymtZ5jPCk28mcip.v4Ti5dG',NULL,'P',NULL,NULL);
/*!40000 ALTER TABLE `users` ENABLE KEYS */;
UNLOCK TABLES;
/*!40103 SET TIME_ZONE=@OLD_TIME_ZONE */;

/*!40101 SET SQL_MODE=@OLD_SQL_MODE */;
/*!40014 SET FOREIGN_KEY_CHECKS=@OLD_FOREIGN_KEY_CHECKS */;
/*!40014 SET UNIQUE_CHECKS=@OLD_UNIQUE_CHECKS */;
/*!40101 SET CHARACTER_SET_CLIENT=@OLD_CHARACTER_SET_CLIENT */;
/*!40101 SET CHARACTER_SET_RESULTS=@OLD_CHARACTER_SET_RESULTS */;
/*!40101 SET COLLATION_CONNECTION=@OLD_COLLATION_CONNECTION */;
/*!40111 SET SQL_NOTES=@OLD_SQL_NOTES */;

-- Dump completed on 2016-05-20 16:27:58
