-- MySQL dump 10.13  Distrib 5.1.73, for redhat-linux-gnu (x86_64)
--
-- Host: localhost    Database: ccgd_test
-- ------------------------------------------------------
-- Server version	5.1.73

/*!40101 SET @OLD_CHARACTER_SET_CLIENT=@@CHARACTER_SET_CLIENT */;
/*!40101 SET @OLD_CHARACTER_SET_RESULTS=@@CHARACTER_SET_RESULTS */;
/*!40101 SET @OLD_COLLATION_CONNECTION=@@COLLATION_CONNECTION */;
/*!40101 SET NAMES utf8 */;
/*!40103 SET @OLD_TIME_ZONE=@@TIME_ZONE */;
/*!40103 SET TIME_ZONE='+00:00' */;
/*!40014 SET @OLD_UNIQUE_CHECKS=@@UNIQUE_CHECKS, UNIQUE_CHECKS=0 */;
/*!40014 SET @OLD_FOREIGN_KEY_CHECKS=@@FOREIGN_KEY_CHECKS, FOREIGN_KEY_CHECKS=0 */;
/*!40101 SET @OLD_SQL_MODE=@@SQL_MODE, SQL_MODE='NO_AUTO_VALUE_ON_ZERO' */;
/*!40111 SET @OLD_SQL_NOTES=@@SQL_NOTES, SQL_NOTES=0 */;

--
-- Table structure for table `addresses`
--

DROP TABLE IF EXISTS `addresses`;
/*!40101 SET @saved_cs_client     = @@character_set_client */;
/*!40101 SET character_set_client = utf8 */;
CREATE TABLE `addresses` (
  `id` int(11) NOT NULL AUTO_INCREMENT,
  `street` varchar(255) COLLATE utf8_unicode_ci DEFAULT NULL,
  `city` varchar(255) COLLATE utf8_unicode_ci DEFAULT NULL,
  `country` varchar(255) COLLATE utf8_unicode_ci DEFAULT NULL,
  `created_at` datetime NOT NULL,
  `updated_at` datetime NOT NULL,
  `state_id` int(11) DEFAULT NULL,
  PRIMARY KEY (`id`)
) ENGINE=InnoDB AUTO_INCREMENT=79 DEFAULT CHARSET=utf8 COLLATE=utf8_unicode_ci;
/*!40101 SET character_set_client = @saved_cs_client */;

--
-- Dumping data for table `addresses`
--

LOCK TABLES `addresses` WRITE;
/*!40000 ALTER TABLE `addresses` DISABLE KEYS */;
INSERT INTO `addresses` VALUES (1,'44 Binney Street','Boston','NULL','2016-07-21 15:26:39','2016-07-21 15:26:39',21),(2,'7 Cambridge Center','Cambridge','NULL','2016-07-21 15:26:39','2016-07-21 15:26:39',21),(3,'75 Francis Street','Boston','NULL','2016-07-21 15:26:39','2016-07-21 15:26:39',21),(4,'21-27 Burlington Ave.','Boston','NULL','2016-07-21 15:26:39','2016-07-21 15:26:39',21),(5,'55 Fruit Street','Boston','NULL','2016-07-21 15:26:39','2016-07-21 15:26:39',21),(6,'243 Charles St','Boston','NULL','2016-07-21 15:26:39','2016-07-21 15:26:39',21),(7,'1 Blackfan Circle','Boston','NULL','2016-07-21 15:26:39','2016-07-21 15:26:39',21),(8,'20 Shattuck St','Boston','NULL','2016-07-21 15:26:39','2016-07-21 15:26:39',21),(9,'600 Beaver St','Waltham ','NULL','2016-07-21 15:26:39','2016-07-21 15:26:39',21),(10,'221 Longwood Ave','Boston','NULL','2016-07-21 15:26:39','2016-07-21 15:26:39',21),(11,'11-934 Factor Bldg','Los Angeles','NULL','2016-07-21 15:26:39','2016-07-21 15:26:39',5),(12,'3 Blackfan Circle','Boston','NULL','2016-07-21 15:26:39','2016-07-21 15:26:39',21),(13,'250 Mass Ave','Cambridge','NULL','2016-07-21 15:26:40','2016-07-21 15:26:40',21),(14,'50 Blossom Street','Boston','NULL','2016-07-21 15:26:40','2016-07-21 15:26:40',21),(15,'Ireland Cancer Center / University Hospitals 2103 Cornell Road ','Cleveland','NULL','2016-07-21 15:26:40','2016-07-21 15:26:40',35),(16,'78 Memorial Dr.','Cambridge','NULL','2016-07-21 15:26:40','2016-07-21 15:26:40',21),(17,'375 Longwood','Boston','NULL','2016-07-21 15:26:40','2016-07-21 15:26:40',21),(18,'St Andrews Place','Melbourne','Victoria','2016-07-21 15:26:40','2016-07-21 15:26:40',0),(19,'15 Parkman Street',' Wang 460','Boston','2016-07-21 15:26:40','2016-07-21 15:26:40',0),(20,'Irwondong 50',' Kangnamgu','Seoul','2016-07-21 15:26:40','2016-07-21 15:26:40',0),(21,'Box 91006',' B232 LSRC','Durham','2016-07-21 15:26:40','2016-07-21 15:26:40',0),(22,'149 13th Street','Charlestown','NULL','2016-07-21 15:26:40','2016-07-21 15:26:40',21),(23,'65 Landsdowne Street','Cambridge','NULL','2016-07-21 15:26:40','2016-07-21 15:26:40',21),(24,'550 First Avenue','New York','NULL','2016-07-21 15:26:40','2016-07-21 15:26:40',32),(25,'61 Binney Street','Boston','NULL','2016-07-21 15:26:40','2016-07-21 15:26:40',21),(26,'88',' Stuart Street',' Queen\'s University','2016-07-21 15:26:40','2016-07-21 15:26:40',0),(27,'50 Irwon-dong Gangnam-gu','Seoul','Korea','2016-07-21 15:26:40','2016-07-21 15:26:40',0),(28,'650 Charles E Young Dr. South','Los Angeles','NULL','2016-07-21 15:26:40','2016-07-21 15:26:40',5),(29,'780 Memorial Drive','Cambridge','NULL','2016-07-21 15:26:40','2016-07-21 15:26:40',21),(30,'70 Francis Street','Boston','NULL','2016-07-21 15:26:40','2016-07-21 15:26:40',21),(31,'301 Binney Street','Cambridge','NULL','2016-07-21 15:26:40','2016-07-21 15:26:40',21),(32,'270 Albany Street','Cambridge','NULL','2016-07-21 15:26:40','2016-07-21 15:26:40',21),(33,'450 Brookline Avenue','Boston','NULL','2016-07-21 15:26:40','2016-07-21 15:26:40',21),(34,'123-34',' GIL','SEOUL','2016-07-21 15:26:40','2016-07-21 15:26:40',0),(35,'101 Science Drive','Durham','NULL','2016-07-21 15:26:40','2016-07-21 15:26:40',33),(36,'1 joslin Place','Boston','NULL','2016-07-21 15:26:40','2016-07-21 15:26:40',21),(37,'27 Drydock Avenue','Boston','NULL','2016-07-21 15:26:40','2016-07-21 15:26:40',21),(38,'77 Avenue Louis Pasteur','Boston','NULL','2016-07-21 15:26:40','2016-07-21 15:26:40',21),(39,'330 Brookline Ave','Boston','NULL','2016-07-21 15:26:40','2016-07-21 15:26:40',21),(40,'99 Brookline Avenue','Boston','NULL','2016-07-21 15:26:40','2016-07-21 15:26:40',21),(41,'450 Brookline Ave','Boston','NULL','2016-07-21 15:26:40','2016-07-21 15:26:40',21),(42,'4 Blackfan street','Boston','NULL','2016-07-21 15:26:40','2016-07-21 15:26:40',21),(43,'Dana 15',' 450 Brookline Avenue','Boston','2016-07-21 15:26:40','2016-07-21 15:26:40',0),(44,'450 Brookline Ave',' JF208B','Boston','2016-07-21 15:26:40','2016-07-21 15:26:40',0),(45,'5 Blackfan Circle','Boston','NULL','2016-07-21 15:26:40','2016-07-21 15:26:40',21),(46,'221 Longwood Avenue','Boston','NULL','2016-07-21 15:26:40','2016-07-21 15:26:40',21),(47,'nowhere','boston','NULL','2016-07-21 15:26:40','2016-07-21 15:26:40',21),(48,'94 heritage dr','lowell','NULL','2016-07-21 15:26:40','2016-07-21 15:26:40',21),(49,'450 Brookline Ave.','Boston','NULL','2016-07-21 15:26:40','2016-07-21 15:26:40',21),(50,'555 University Avenue','Toronto','Ontario','2016-07-21 15:26:40','2016-07-21 15:26:40',0),(51,'450 Brookline Ave. SM1010','Boston','NULL','2016-07-21 15:26:40','2016-07-21 15:26:40',21),(52,'Dana Farber','Boston','NULL','2016-07-21 15:26:40','2016-07-21 15:26:40',21),(53,'450 Brookline Av','Boston','NULL','2016-07-21 15:26:40','2016-07-21 15:26:40',21),(54,'Turnhoutseweg 30','Beerse','Belgium','2016-07-21 15:26:40','2016-07-21 15:26:40',0),(55,'300 Longwood Avenue','Boston','NULL','2016-07-21 15:26:40','2016-07-21 15:26:40',21),(56,'250 Longwood Avenue','Boston','NULL','2016-07-21 15:26:40','2016-07-21 15:26:40',21),(57,'251 Sir Frederick Banting Driveway','Ottawa','Ontario','2016-07-21 15:26:40','2016-07-21 15:26:40',0),(58,'450 Brookline Avenue',' Dana 1514','Boston','2016-07-21 15:26:40','2016-07-21 15:26:40',0),(59,'1450 Brookline  Avenue','Boston','NULL','2016-07-21 15:26:40','2016-07-21 15:26:40',21),(60,'44 Binney St','Boston','NULL','2016-07-21 15:26:40','2016-07-21 15:26:40',21),(61,'Dana-Farber Cancer Institute',' 44 Binney St.','Boston','2016-07-21 15:26:40','2016-07-21 15:26:40',0),(62,'77 Ave Louis Pasteur','Boston','NULL','2016-07-21 15:26:40','2016-07-21 15:26:40',21),(63,'440 Brookline Ave.','Boston','NULL','2016-07-21 15:26:40','2016-07-21 15:26:40',21),(64,'450 Brookline Ave M534','Boston','NULL','2016-07-21 15:26:40','2016-07-21 15:26:40',21),(65,'301 Binney Street','Boston','NULL','2016-07-21 15:26:40','2016-07-21 15:26:40',21),(66,'5323 Harry Hines Blvd.','Dallas','NULL','2016-07-21 15:26:40','2016-07-21 15:26:40',43),(67,'Karp 7',' One Blackfan Circle','Boston','2016-07-21 15:26:40','2016-07-21 15:26:40',0),(68,'Marchioninistr. 25','Munich','Germany','2016-07-21 15:26:40','2016-07-21 15:26:40',0),(69,'1470 Madison Avenue','New York','NULL','2016-07-21 15:26:40','2016-07-21 15:26:40',32),(70,'Henricistrasse 92','Essen','Germany','2016-07-21 15:26:40','2016-07-21 15:26:40',0),(71,'1 Jimmy Fund Way',' Sm-1022','Boston','2016-07-21 15:26:40','2016-07-21 15:26:40',0),(72,'1 Jimmy Fund Way','Boston','NULL','2016-07-21 15:26:40','2016-07-21 15:26:40',21),(73,'Muellner Hauptstraße 48','Salzburg','Salzburg Austria','2016-07-21 15:26:40','2016-07-21 15:26:40',0),(74,'4 Blackfan St','Boston','NULL','2016-07-21 15:26:40','2016-07-21 15:26:40',21),(75,'tbd','tbd','tbd','2016-07-21 15:26:40','2016-07-21 15:26:40',0),(76,'3755 Cote Sainte-Catherine Road','Montreal','Canada','2016-07-21 15:26:40','2016-07-21 15:26:40',0),(77,'75 Francis St',' Dept of Pathology',' Amory 3','2016-07-21 15:26:40','2016-07-21 15:26:40',0),(78,'1 Blackfan Cir','Boston','NULL','2016-07-21 15:26:40','2016-07-21 15:26:40',21);
/*!40000 ALTER TABLE `addresses` ENABLE KEYS */;
UNLOCK TABLES;

--
-- Table structure for table `committees`
--

DROP TABLE IF EXISTS `committees`;
/*!40101 SET @saved_cs_client     = @@character_set_client */;
/*!40101 SET character_set_client = utf8 */;
CREATE TABLE `committees` (
  `id` int(11) NOT NULL AUTO_INCREMENT,
  `proposal_id` int(11) DEFAULT NULL,
  `deadline` datetime DEFAULT NULL,
  `created_at` datetime NOT NULL,
  `updated_at` datetime NOT NULL,
  PRIMARY KEY (`id`),
  KEY `index_committees_on_proposal_id` (`proposal_id`) USING BTREE
) ENGINE=InnoDB AUTO_INCREMENT=79 DEFAULT CHARSET=utf8 COLLATE=utf8_unicode_ci;
/*!40101 SET character_set_client = @saved_cs_client */;

--
-- Dumping data for table `committees`
--

LOCK TABLES `committees` WRITE;
/*!40000 ALTER TABLE `committees` DISABLE KEYS */;
/*!40000 ALTER TABLE `committees` ENABLE KEYS */;
UNLOCK TABLES;

--
-- Table structure for table `lab_groups`
--

DROP TABLE IF EXISTS `lab_groups`;
/*!40101 SET @saved_cs_client     = @@character_set_client */;
/*!40101 SET character_set_client = utf8 */;
CREATE TABLE `lab_groups` (
  `id` int(11) NOT NULL AUTO_INCREMENT,
  `name` varchar(255) COLLATE utf8_unicode_ci DEFAULT NULL,
  `code` varchar(255) COLLATE utf8_unicode_ci DEFAULT NULL,
  `created_at` datetime NOT NULL,
  `updated_at` datetime NOT NULL,
  `location_id` int(11) DEFAULT NULL,
  PRIMARY KEY (`id`)
) ENGINE=InnoDB AUTO_INCREMENT=203 DEFAULT CHARSET=utf8 COLLATE=utf8_unicode_ci;
/*!40101 SET character_set_client = @saved_cs_client */;

--
-- Dumping data for table `lab_groups`
--

LOCK TABLES `lab_groups` WRITE;
/*!40000 ALTER TABLE `lab_groups` DISABLE KEYS */;
INSERT INTO `lab_groups` VALUES (1,'CCGD Administration','CCGD','2016-07-21 15:26:41','2016-07-21 15:26:41',1),(2,'CCGD Genotyping','CCGD','2016-07-21 15:26:41','2016-07-21 15:26:41',1),(3,'Freedman Lab','FRDMAN','2016-07-21 15:26:41','2016-07-21 15:26:41',3),(4,'Garraway Lab','GARRWY','2016-07-21 15:26:41','2016-07-21 15:26:41',2),(5,'Golub Broad Lab','GOLBBI','2016-07-21 15:26:41','2016-07-21 15:26:41',4),(6,'Golub DFCI Lab','GOLUB','2016-07-21 15:26:41','2016-07-21 15:26:41',2),(7,'Hahn Lab','HAHN','2016-07-21 15:26:41','2016-07-21 15:26:41',2),(8,'Loda Lab','LODA','2016-07-21 15:26:41','2016-07-21 15:26:41',2),(9,'Kinome','MRSNBI','2016-07-21 15:26:41','2016-07-21 15:26:41',4),(10,'Meyerson DFCI Lab','MYRSON','2016-07-21 15:26:41','2016-07-21 15:26:41',2),(11,'Polyak Lab','POLYAK','2016-07-21 15:26:41','2016-07-21 15:26:41',2),(12,'ramesh shivdasani','SHIV','2016-07-21 15:26:41','2016-07-21 15:26:41',3),(13,'Janne Lab','JANNE','2016-07-21 15:26:41','2016-07-21 15:26:41',5),(14,'Rani George','GEORGE','2016-07-21 15:26:41','2016-07-21 15:26:41',6),(15,'Thomas Roberts','RBERTS','2016-07-21 15:26:41','2016-07-21 15:26:41',7),(16,'Thomas Look','LOOK','2016-07-21 15:26:41','2016-07-21 15:26:41',8),(17,'Jerome Ritz','RITZ','2016-07-21 15:26:41','2016-07-21 15:26:41',10),(18,'Matthew Kulke','KULKE','2016-07-21 15:26:41','2016-07-21 15:26:41',11),(19,'Margaret Shipp','SHIPP','2016-07-21 15:26:41','2016-07-21 15:26:41',12),(20,'Philip Kantoff','KNTOFF','2016-07-21 15:26:41','2016-07-21 15:26:41',13),(21,'Robert Ross','ROSS','2016-07-21 15:26:41','2016-07-21 15:26:41',13),(22,'Myles Brown','BROWN','2016-07-21 15:26:41','2016-07-21 15:26:41',14),(23,'Jennifer R. Brown','JRBRWN','2016-07-21 15:26:41','2016-07-21 15:26:41',15),(24,'Rollins','ROLLNS','2016-07-21 15:26:41','2016-07-21 15:26:41',16),(25,'Stiles Lab','STILES','2016-07-21 15:26:41','2016-07-21 15:26:41',21),(26,'Chirieac','CHIRI','2016-07-21 15:26:41','2016-07-21 15:26:41',22),(27,'CCGD Pilot','CCGD','2016-07-21 15:26:41','2016-07-21 15:26:41',1),(28,'Microarray Core','CHPLAB','2016-07-21 15:26:41','2016-07-21 15:26:41',23),(29,'Sarcoma Lab','DUAN','2016-07-21 15:26:41','2016-07-21 15:26:41',24),(30,'Ebert Lab','EBERT','2016-07-21 15:26:41','2016-07-21 15:26:41',22),(31,'Gilliland','GLLLND','2016-07-21 15:26:41','2016-07-21 15:26:41',22),(32,'Hezel','HEZEL','2016-07-21 15:26:41','2016-07-21 15:26:41',24),(33,'Kim','KIM','2016-07-21 15:26:41','2016-07-21 15:26:41',25),(34,'Henske','HENSKE','2016-07-21 15:26:41','2016-07-21 15:26:41',22),(35,'Chin Lab','CHIN','2016-07-21 15:26:41','2016-07-21 15:26:41',26),(36,'Hornicek','HRNCEK','2016-07-21 15:26:41','2016-07-21 15:26:41',27),(37,'Fletcher lab','FLTCHR','2016-07-21 15:26:41','2016-07-21 15:26:41',28),(38,'Ng','NG','2016-07-21 15:26:41','2016-07-21 15:26:41',30),(39,'Ribas','RIBAS','2016-07-21 15:26:41','2016-07-21 15:26:41',31),(40,'Christopher Walsh','WALSH','2016-07-21 15:26:41','2016-07-21 15:26:41',32),(41,'BIACS','BIACS','2016-07-21 15:26:41','2016-07-21 15:26:41',33),(42,'Ligon Lab','LIGON','2016-07-21 15:26:41','2016-07-21 15:26:41',35),(43,'Monahan','MONHAN','2016-07-21 15:26:41','2016-07-21 15:26:41',36),(44,'Chung Lab','CHUNG','2016-07-21 15:26:41','2016-07-21 15:26:41',40),(45,'Koon lab','KOON','2016-07-21 15:26:41','2016-07-21 15:26:41',42),(46,'Infinity','INFI','2016-07-21 15:26:41','2016-07-21 15:26:41',43),(47,'Infinity','INFI','2016-07-21 15:26:41','2016-07-21 15:26:41',43),(48,'Ovarian Cancer Genomics','LEVEL3','2016-07-21 15:26:41','2016-07-21 15:26:41',45),(49,'Rosenberg','RSNBRG','2016-07-21 15:26:41','2016-07-21 15:26:41',13),(50,'Tenen Lab','TENEN','2016-07-21 15:26:41','2016-07-21 15:26:41',46),(51,'Segal lab','Segallab','2016-07-21 15:26:41','2016-07-21 15:26:41',47),(52,'4th floor','Kinome','2016-07-21 15:26:41','2016-07-21 15:26:41',48),(53,'Cancer Program','GOLUB','2016-07-21 15:26:41','2016-07-21 15:26:41',2),(54,'BJ Rollins','BJR grou','2016-07-21 15:26:41','2016-07-21 15:26:41',50),(55,'Armstrong Lab','SAA','2016-07-21 15:26:41','2016-07-21 15:26:41',51),(56,'HIV Therapeutics','kuritzke','2016-07-21 15:26:41','2016-07-21 15:26:41',52),(57,'Garraway Lab','Garraway','2016-07-21 15:26:41','2016-07-21 15:26:41',53),(58,'genetics','Kwiatkow','2016-07-21 15:26:41','2016-07-21 15:26:41',54),(59,'Thyroid Cancer','214741','2016-07-21 15:26:41','2016-07-21 15:26:41',55),(60,'Panc Adeno Project',' Ferrone Lab','2016-07-21 15:26:42','2016-07-21 15:26:42',0),(61,'Fredenburgh Lab','FREDEN','2016-07-21 15:26:42','2016-07-21 15:26:42',57),(62,'Kwiatkowski Lab','RB06005A','2016-07-21 15:26:42','2016-07-21 15:26:42',58),(63,'15th floor','Meyerson','2016-07-21 15:26:42','2016-07-21 15:26:42',59),(64,'Medical Oncology - 8th floor',' Ghobrial lab','2016-07-21 15:26:42','2016-07-21 15:26:42',123456),(65,'Ghobrial lab','1234567','2016-07-21 15:26:42','2016-07-21 15:26:42',60),(66,'Oncology','ONC','2016-07-21 15:26:42','2016-07-21 15:26:42',62),(67,'CAMD','CAMD','2016-07-21 15:26:42','2016-07-21 15:26:42',22),(68,'Thyroid Surgery Lab Thier 603 Parangi Lab','1151983','2016-07-21 15:26:42','2016-07-21 15:26:42',63),(69,'ORF and RNAi work','HahnLab','2016-07-21 15:26:42','2016-07-21 15:26:42',64),(70,'Kirsch Lab',' ','2016-07-21 15:26:42','2016-07-21 15:26:42',65),(71,'Dana 15','Garraway','2016-07-21 15:26:42','2016-07-21 15:26:42',53),(72,'Bowtell Lab','LEVEL3','2016-07-21 15:26:42','2016-07-21 15:26:42',45),(73,'Cancer','zonlab','2016-07-21 15:26:42','2016-07-21 15:26:42',67),(74,'Dyson Lab','NDYSON','2016-07-21 15:26:42','2016-07-21 15:26:42',68),(75,'DePinho lab','depinho1','2016-07-21 15:26:42','2016-07-21 15:26:42',69),(76,'Mayer 4','DeCaprio','2016-07-21 15:26:42','2016-07-21 15:26:42',70),(77,'Kuritzkes Lab','87654321','2016-07-21 15:26:42','2016-07-21 15:26:42',71),(78,'Lab of Benjamin L. Ebert','ebert201','2016-07-21 15:26:42','2016-07-21 15:26:42',72),(79,'Pathology Dpt.','EHL305','2016-07-21 15:26:42','2016-07-21 15:26:42',73),(80,'Ribas Lab','31262','2016-07-21 15:26:42','2016-07-21 15:26:42',74),(81,'Translational Research','Fleming','2016-07-21 15:26:42','2016-07-21 15:26:42',75),(82,'Chin-Lee Wu','Wu Lab','2016-07-21 15:26:42','2016-07-21 15:26:42',76),(83,'Pediatric Oncology','KSteg','2016-07-21 15:26:42','2016-07-21 15:26:42',77),(84,'Cancer cytogenetics','JSOVCA','2016-07-21 15:26:42','2016-07-21 15:26:42',78),(85,'Nanomed','Nanomed','2016-07-21 15:26:42','2016-07-21 15:26:42',79),(86,'Antoni Ribas','RIBAS','2016-07-21 15:26:42','2016-07-21 15:26:42',31),(87,'Mark Kieran','Kieran','2016-07-21 15:26:42','2016-07-21 15:26:42',6),(88,'Ligon Lab','Ligon208','2016-07-21 15:26:42','2016-07-21 15:26:42',83),(89,'Leiomyosarcoma','EHL305','2016-07-21 15:26:42','2016-07-21 15:26:42',73),(90,'15th floor','prostate','2016-07-21 15:26:42','2016-07-21 15:26:42',84),(91,'Infinity','Infinity','2016-07-21 15:26:42','2016-07-21 15:26:42',85),(92,'Heme Malignancies','BrownCLL','2016-07-21 15:26:42','2016-07-21 15:26:42',86),(93,'Cancer Program','BSP','2016-07-21 15:26:42','2016-07-21 15:26:42',90),(94,'CCCB','CCCB','2016-07-21 15:26:42','2016-07-21 15:26:42',91),(95,'DeCaprio','DcCaprio','2016-07-21 15:26:42','2016-07-21 15:26:42',70),(96,'Gastroenterology','Kokkotou','2016-07-21 15:26:42','2016-07-21 15:26:42',92),(97,'Meyerson Lab','Meyerson','2016-07-21 15:26:42','2016-07-21 15:26:42',59),(98,'Cancer Bio','YUG310J','2016-07-21 15:26:42','2016-07-21 15:26:42',94),(99,'CMOP','CMOP','2016-07-21 15:26:42','2016-07-21 15:26:42',35),(100,'Choueiri-Signoretti','Choueiri','2016-07-21 15:26:42','2016-07-21 15:26:42',22),(101,'Swanson Research','Swanson','2016-07-21 15:26:42','2016-07-21 15:26:42',95),(102,'Cancer Biology','unknown','2016-07-21 15:26:42','2016-07-21 15:26:42',96),(103,'Saurin Lab','1234','2016-07-21 15:26:42','2016-07-21 15:26:42',22),(104,'Wong','7644','2016-07-21 15:26:42','2016-07-21 15:26:42',97),(105,'Pedi Onc','unknown','2016-07-21 15:26:42','2016-07-21 15:26:42',96),(106,'Beroukhim Lab','rameen','2016-07-21 15:26:42','2016-07-21 15:26:42',100),(107,'Pedatric Oncology','snf5','2016-07-21 15:26:42','2016-07-21 15:26:42',101),(108,'Cantley Lab','NA','2016-07-21 15:26:42','2016-07-21 15:26:42',102),(109,'Makrigiorgos','coldpcr','2016-07-21 15:26:42','2016-07-21 15:26:42',103),(110,'AML','1','2016-07-21 15:26:42','2016-07-21 15:26:42',8),(111,'Jeff Krane',' Head and Neck Pathology','2016-07-21 15:26:42','2016-07-21 15:26:42',11911),(112,'Breast Oncology','none','2016-07-21 15:26:42','2016-07-21 15:26:42',107),(113,'Shipp Lab','Shipp La','2016-07-21 15:26:42','2016-07-21 15:26:42',108),(114,'Santagata Lab','103964','2016-07-21 15:26:42','2016-07-21 15:26:42',110),(115,'Hematologic Neoplasia','D512WEIN','2016-07-21 15:26:42','2016-07-21 15:26:42',111),(116,'GI Genomics','Hsu_lab','2016-07-21 15:26:42','2016-07-21 15:26:42',112),(117,'Hsu lab','hsu','2016-07-21 15:26:42','2016-07-21 15:26:42',113),(118,'medulloblastoma','Segallab','2016-07-21 15:26:42','2016-07-21 15:26:42',47),(119,'OBSGYN','GYNONCOL','2016-07-21 15:26:42','2016-07-21 15:26:42',123),(120,'Choueiri-Signoretti','12345','2016-07-21 15:26:42','2016-07-21 15:26:42',124),(121,'Wagers Lab','Jos630 ','2016-07-21 15:26:42','2016-07-21 15:26:42',125),(122,'HIM346','MITSIAD','2016-07-21 15:26:42','2016-07-21 15:26:42',126),(123,'C-NExT','Ligonext','2016-07-21 15:26:42','2016-07-21 15:26:42',127),(124,'Weinstock lab','weinstoc','2016-07-21 15:26:42','2016-07-21 15:26:42',128),(125,'Meyerson','??','2016-07-21 15:26:42','2016-07-21 15:26:42',131),(126,'Mitsiades lab','Mitsiade','2016-07-21 15:26:42','2016-07-21 15:26:42',132),(127,'BIDMC Cancer Center Cantley','none','2016-07-21 15:26:42','2016-07-21 15:26:42',107),(128,'Thyroid Cancer Translational','212354','2016-07-21 15:26:42','2016-07-21 15:26:42',134),(129,'Conrad','WRN-4-40','2016-07-21 15:26:42','2016-07-21 15:26:42',135),(130,'Human Thyroid Cancers Translational Research','CNUCERA','2016-07-21 15:26:42','2016-07-21 15:26:42',136),(131,'Gyn Rad Onc','GynRO','2016-07-21 15:26:42','2016-07-21 15:26:42',137),(132,'Choueiri-Signoretti','522','2016-07-21 15:26:42','2016-07-21 15:26:42',138),(133,'JF5','DANDREA','2016-07-21 15:26:42','2016-07-21 15:26:42',139),(134,'Belfer','Belfer','2016-07-21 15:26:42','2016-07-21 15:26:42',140),(135,'Bass Laboratory','Bass','2016-07-21 15:26:42','2016-07-21 15:26:42',66),(136,'Shipp lab','lymphoma','2016-07-21 15:26:42','2016-07-21 15:26:42',142),(137,'Keith Ligon Lab @ DFCI','1234567','2016-07-21 15:26:42','2016-07-21 15:26:42',60),(138,'Ghobrial Lab','HUM237','2016-07-21 15:26:42','2016-07-21 15:26:42',144),(139,'Keith Ligon\'s Lab','1234567','2016-07-21 15:26:42','2016-07-21 15:26:42',60),(140,'Division of Gynecologic Oncology','RSBLAB','2016-07-21 15:26:42','2016-07-21 15:26:42',146),(141,'Barbie Lab','dana819','2016-07-21 15:26:42','2016-07-21 15:26:42',147),(142,'none','123','2016-07-21 15:26:42','2016-07-21 15:26:42',148),(143,'Beckman','Beckman','2016-07-21 15:26:42','2016-07-21 15:26:42',149),(144,'Garraway Lab','LAG','2016-07-21 15:26:42','2016-07-21 15:26:42',150),(145,'Thyroid','WASS','2016-07-21 15:26:42','2016-07-21 15:26:42',151),(146,'Bass Lab DFCI/MCO Dana 8','Bass','2016-07-21 15:26:42','2016-07-21 15:26:42',66),(147,'Bradner Lab','BRADNER','2016-07-21 15:26:42','2016-07-21 15:26:42',153),(148,'Beroukhim Lab','Berouk','2016-07-21 15:26:42','2016-07-21 15:26:42',154),(149,'Genomics','9617589','2016-07-21 15:26:42','2016-07-21 15:26:42',155),(150,'Gyn Oncology','LIU','2016-07-21 15:26:42','2016-07-21 15:26:42',156),(151,'Meyerson Cancer Program Lab','1111','2016-07-21 15:26:42','2016-07-21 15:26:42',157),(152,'Bioinformatics','000','2016-07-21 15:26:42','2016-07-21 15:26:42',158),(153,'PedOnc','PellmanM','2016-07-21 15:26:42','2016-07-21 15:26:42',159),(154,'MPS','BTP','2016-07-21 15:26:42','2016-07-21 15:26:42',160),(155,'Haining Lab','Haining','2016-07-21 15:26:42','2016-07-21 15:26:42',161),(156,'Cancer Program',' Broad','2016-07-21 15:26:42','2016-07-21 15:26:42',0),(157,'T-ALL','aglab','2016-07-21 15:26:42','2016-07-21 15:26:42',163),(158,'Long Lab Group','CFCE','2016-07-21 15:26:42','2016-07-21 15:26:42',164),(159,'Sorger Lab Group','plx4032','2016-07-21 15:26:42','2016-07-21 15:26:42',165),(160,'CMOP','JF208','2016-07-21 15:26:42','2016-07-21 15:26:42',166),(161,'Kaelin','Kaelin','2016-07-21 15:26:42','2016-07-21 15:26:42',167),(162,'Medical Oncology','........','2016-07-21 15:26:42','2016-07-21 15:26:42',2),(163,'Stem Cell Group','BGTDSCL','2016-07-21 15:26:42','2016-07-21 15:26:42',168),(164,'Hahn Lab','HahnLab','2016-07-21 15:26:42','2016-07-21 15:26:42',64),(165,'Stegmaier 6th Floor Group','STEGLAB','2016-07-21 15:26:42','2016-07-21 15:26:42',170),(166,'Kidney Cancer','GU Oncol','2016-07-21 15:26:42','2016-07-21 15:26:42',171),(167,'Biostatistics and Computational Biology DFCI Group','BCB','2016-07-21 15:26:42','2016-07-21 15:26:42',91),(168,'Polyak Lab Group','POLYAK','2016-07-21 15:26:42','2016-07-21 15:26:42',2),(169,'Brown PDX Group','BROWN','2016-07-21 15:26:42','2016-07-21 15:26:42',14),(170,'15th floor','HAHN','2016-07-21 15:26:42','2016-07-21 15:26:42',2),(171,'Medical Oncology','Ghobrial','2016-07-21 15:26:42','2016-07-21 15:26:42',177),(172,'Pediatric Oncology','76325281','2016-07-21 15:26:42','2016-07-21 15:26:42',178),(173,'Griffin',' J','2016-07-21 15:26:42','2016-07-21 15:26:42',0),(174,'Bladder Cancer Center','40888','2016-07-21 15:26:42','2016-07-21 15:26:42',180),(175,'Meyerson Lab Group','Meyerson','2016-07-21 15:26:42','2016-07-21 15:26:42',59),(176,'Joaquim Bellmunt','40888','2016-07-21 15:26:42','2016-07-21 15:26:42',180),(177,'Amatruda lab group','UTAMAT','2016-07-21 15:26:42','2016-07-21 15:26:42',182),(178,'Daley','Daley','2016-07-21 15:26:42','2016-07-21 15:26:42',183),(179,'Collaboration with Weinstock Lab','002a','2016-07-21 15:26:42','2016-07-21 15:26:42',184),(180,'Dana15','HahnLab','2016-07-21 15:26:42','2016-07-21 15:26:42',64),(181,'Med Onc - Hematologic Malignancies','TBD','2016-07-21 15:26:42','2016-07-21 15:26:42',186),(182,'Celebi','Celebi','2016-07-21 15:26:42','2016-07-21 15:26:42',187),(183,'GlenDranoff','524','2016-07-21 15:26:42','2016-07-21 15:26:42',188),(184,'Weinstock lab','510B','2016-07-21 15:26:42','2016-07-21 15:26:42',128),(185,'Medical Oncology','HER2','2016-07-21 15:26:42','2016-07-21 15:26:42',189),(186,'Chin Lab Group','Chinlab1','2016-07-21 15:26:42','2016-07-21 15:26:42',190),(187,'Department for Gynecologic Oncology','\"\"GynOnc_','2016-07-21 15:26:42','2016-07-21 15:26:42',191),(188,'Beroukhim Lab Group ','N/A','2016-07-21 15:26:42','2016-07-21 15:26:42',192),(189,'Lane Lab Group','Lane','2016-07-21 15:26:42','2016-07-21 15:26:42',97),(190,'Cancer Biology','N/A','2016-07-21 15:26:42','2016-07-21 15:26:42',192),(191,'D\'Andrea Lab Genomics','D\'Andrea','2016-07-21 15:26:42','2016-07-21 15:26:42',195),(192,'Egles Group','LIMCR','2016-07-21 15:26:42','2016-07-21 15:26:42',196),(193,'Gutierrez Lab','aglab','2016-07-21 15:26:42','2016-07-21 15:26:42',163),(194,'Target Discovery','Belfer','2016-07-21 15:26:42','2016-07-21 15:26:42',140),(195,'tbd','TBD','2016-07-21 15:26:42','2016-07-21 15:26:42',186),(196,'PTCL','D512','2016-07-21 15:26:42','2016-07-21 15:26:42',200),(197,'Blank Lab Group','cncmaf','2016-07-21 15:26:42','2016-07-21 15:26:42',201),(198,'GYN mesenchymal tumors group','BHMNBQ','2016-07-21 15:26:42','2016-07-21 15:26:42',203),(199,'BWH Hematology','EbertLab','2016-07-21 15:26:42','2016-07-21 15:26:42',204),(200,'CMOP','LIGON','2016-07-21 15:26:42','2016-07-21 15:26:42',35),(201,'Ped Onc 6th floor','PedOnc','2016-07-21 15:26:42','2016-07-21 15:26:42',206),(202,'CFCE','CFCE','2016-07-21 15:26:42','2016-07-21 15:26:42',164);
/*!40000 ALTER TABLE `lab_groups` ENABLE KEYS */;
UNLOCK TABLES;

--
-- Table structure for table `locations`
--

DROP TABLE IF EXISTS `locations`;
/*!40101 SET @saved_cs_client     = @@character_set_client */;
/*!40101 SET character_set_client = utf8 */;
CREATE TABLE `locations` (
  `id` int(11) NOT NULL AUTO_INCREMENT,
  `building` varchar(255) COLLATE utf8_unicode_ci DEFAULT NULL,
  `room` varchar(255) COLLATE utf8_unicode_ci DEFAULT NULL,
  `created_at` datetime NOT NULL,
  `updated_at` datetime NOT NULL,
  `address_id` int(11) DEFAULT NULL,
  PRIMARY KEY (`id`)
) ENGINE=InnoDB AUTO_INCREMENT=208 DEFAULT CHARSET=utf8 COLLATE=utf8_unicode_ci;
/*!40101 SET character_set_client = @saved_cs_client */;

--
-- Dumping data for table `locations`
--

LOCK TABLES `locations` WRITE;
/*!40000 ALTER TABLE `locations` DISABLE KEYS */;
INSERT INTO `locations` VALUES (1,'Dana','1539','2016-07-21 15:26:40','2016-07-21 15:26:40',1),(2,'Dana','15th Floor','2016-07-21 15:26:40','2016-07-21 15:26:40',1),(3,'Dana','7th Floor','2016-07-21 15:26:40','2016-07-21 15:26:40',1),(4,'7CC','4th Floor','2016-07-21 15:26:40','2016-07-21 15:26:40',2),(5,'Dana','820','2016-07-21 15:26:40','2016-07-21 15:26:40',1),(6,'Dana','D3-JFC','2016-07-21 15:26:40','2016-07-21 15:26:40',1),(7,'Smith','970','2016-07-21 15:26:40','2016-07-21 15:26:40',1),(8,'Mayer','630','2016-07-21 15:26:40','2016-07-21 15:26:40',1),(10,'Mayer','530','2016-07-21 15:26:40','2016-07-21 15:26:40',1),(11,'Dana','1220','2016-07-21 15:26:40','2016-07-21 15:26:40',1),(12,'Mayer','513','2016-07-21 15:26:40','2016-07-21 15:26:40',1),(13,'Dana','1230','2016-07-21 15:26:40','2016-07-21 15:26:40',1),(14,'Dana','730','2016-07-21 15:26:40','2016-07-21 15:26:40',1),(15,'Dana','1B30','2016-07-21 15:26:40','2016-07-21 15:26:40',1),(16,'Mayer','430','2016-07-21 15:26:40','2016-07-21 15:26:40',1),(21,'Smith','1070','2016-07-21 15:26:40','2016-07-21 15:26:40',1),(22,'BWH','','2016-07-21 15:26:40','2016-07-21 15:26:40',3),(23,'21-27 Burlington Ave.','464','2016-07-21 15:26:40','2016-07-21 15:26:40',4),(24,'MGH','','2016-07-21 15:26:40','2016-07-21 15:26:40',5),(25,'Ophthalmology-Retina Service','','2016-07-21 15:26:40','2016-07-21 15:26:40',6),(26,'Mayer','448','2016-07-21 15:26:40','2016-07-21 15:26:40',1),(27,'MGH','Yawkey 3700','2016-07-21 15:26:40','2016-07-21 15:26:40',5),(28,'Thorn ','528','2016-07-21 15:26:40','2016-07-21 15:26:40',8),(29,'N-Of-One','','2016-07-21 15:26:40','2016-07-21 15:26:40',9),(30,'BWH','BLI-449A','2016-07-21 15:26:40','2016-07-21 15:26:40',10),(31,'Factor','','2016-07-21 15:26:40','2016-07-21 15:26:40',11),(32,'Neurology','','2016-07-21 15:26:40','2016-07-21 15:26:40',12),(33,'21-27 Burlington Ave.','B452A','2016-07-21 15:26:40','2016-07-21 15:26:40',4),(35,'Jimmy Fund','JF215','2016-07-21 15:26:40','2016-07-21 15:26:40',1),(36,'NIBR','','2016-07-21 15:26:40','2016-07-21 15:26:40',13),(40,'50 Blossom Street','GRJ 825','2016-07-21 15:26:40','2016-07-21 15:26:40',17),(42,'WRB','2-143','2016-07-21 15:26:40','2016-07-21 15:26:40',18),(43,'Infinity Pharmaceuticals','','2016-07-21 15:26:40','2016-07-21 15:26:40',19),(44,'375 Longwood','226','2016-07-21 15:26:40','2016-07-21 15:26:40',20),(45,'Peter Mac Research','3539','2016-07-21 15:26:40','2016-07-21 15:26:40',21),(46,'CLS','428','2016-07-21 15:26:40','2016-07-21 15:26:40',74),(47,'Smith','1054','2016-07-21 15:26:40','2016-07-21 15:26:40',1),(48,'Main building','4175-B','2016-07-21 15:26:40','2016-07-21 15:26:40',2),(49,'7CC','4175-X','2016-07-21 15:26:40','2016-07-21 15:26:40',2),(50,'Smith','742','2016-07-21 15:26:40','2016-07-21 15:26:40',1),(51,'Karp','08211','2016-07-21 15:26:40','2016-07-21 15:26:40',7),(52,'65 Landsdowne','435','2016-07-21 15:26:40','2016-07-21 15:26:40',34),(53,'Dana','D1541','2016-07-21 15:26:40','2016-07-21 15:26:40',1),(54,'Karp','6-216','2016-07-21 15:26:40','2016-07-21 15:26:40',7),(55,'Thier','6 floor','2016-07-21 15:26:40','2016-07-21 15:26:40',5),(56,'WANG','460','2016-07-21 15:26:40','2016-07-21 15:26:40',26),(57,'Thorn','932','2016-07-21 15:26:40','2016-07-21 15:26:40',3),(58,'Karp','RB06005A','2016-07-21 15:26:40','2016-07-21 15:26:40',7),(59,'Dana','1526','2016-07-21 15:26:40','2016-07-21 15:26:40',1),(60,'Dana','802','2016-07-21 15:26:40','2016-07-21 15:26:40',1),(61,'Karp','Rm 08006A','2016-07-21 15:26:40','2016-07-21 15:26:40',7),(62,'Samsung Cancer Center','11th floor','2016-07-21 15:26:40','2016-07-21 15:26:40',29),(63,'Thier','603','2016-07-21 15:26:40','2016-07-21 15:26:40',5),(64,'7CC','4034','2016-07-21 15:26:40','2016-07-21 15:26:40',2),(65,'LSRC','232','2016-07-21 15:26:40','2016-07-21 15:26:40',31),(66,'Dana','Lab','2016-07-21 15:26:40','2016-07-21 15:26:40',1),(67,'Karp','RB-07005A','2016-07-21 15:26:40','2016-07-21 15:26:40',7),(68,'149','7330','2016-07-21 15:26:40','2016-07-21 15:26:40',33),(69,'Mayer','415','2016-07-21 15:26:40','2016-07-21 15:26:40',1),(70,'Mayer','440','2016-07-21 15:26:40','2016-07-21 15:26:40',1),(71,'Partners Research bldg','441','2016-07-21 15:26:40','2016-07-21 15:26:40',34),(72,'Karp','5.210','2016-07-21 15:26:40','2016-07-21 15:26:40',7),(73,'Smilow','305','2016-07-21 15:26:40','2016-07-21 15:26:40',36),(74,'Factor','14-635','2016-07-21 15:26:40','2016-07-21 15:26:40',42),(75,'Enders','1174','2016-07-21 15:26:40','2016-07-21 15:26:40',38),(76,'WRN','3-324','2016-07-21 15:26:40','2016-07-21 15:26:40',5),(77,'Dana','640A','2016-07-21 15:26:40','2016-07-21 15:26:40',1),(78,'Richardson Laboratory','401','2016-07-21 15:26:40','2016-07-21 15:26:40',39),(79,'Samsung Cancer Center','188 B4','2016-07-21 15:26:40','2016-07-21 15:26:40',41),(81,'Factor','14-638','2016-07-21 15:26:40','2016-07-21 15:26:40',42),(83,'JF','208','2016-07-21 15:26:40','2016-07-21 15:26:40',1),(84,'Dana','1516','2016-07-21 15:26:40','2016-07-21 15:26:40',1),(85,'780 Memorial Drive','780 Memorial Drive','2016-07-21 15:26:40','2016-07-21 15:26:40',44),(86,'Mayer','1B29','2016-07-21 15:26:40','2016-07-21 15:26:40',1),(87,'Dana','1210','2016-07-21 15:26:40','2016-07-21 15:26:40',1),(88,'Dana','740','2016-07-21 15:26:40','2016-07-21 15:26:40',1),(90,'B301','5019','2016-07-21 15:26:40','2016-07-21 15:26:40',46),(91,'Smith','824','2016-07-21 15:26:40','2016-07-21 15:26:40',1),(92,'BIDMC Dana','536','2016-07-21 15:26:40','2016-07-21 15:26:40',74),(93,'Dana','15th floor','2016-07-21 15:26:40','2016-07-21 15:26:40',1),(94,'270 Albany','G310J','2016-07-21 15:26:40','2016-07-21 15:26:40',49),(95,'Peter Bent Brigham','CA 355','2016-07-21 15:26:40','2016-07-21 15:26:40',3),(96,'270 Albany','G310I','2016-07-21 15:26:40','2016-07-21 15:26:40',49),(97,'Mayer','413','2016-07-21 15:26:40','2016-07-21 15:26:40',50),(98,'Dana','630F','2016-07-21 15:26:40','2016-07-21 15:26:40',50),(99,'Smith','708','2016-07-21 15:26:40','2016-07-21 15:26:40',50),(100,'Smith','1022C','2016-07-21 15:26:40','2016-07-21 15:26:40',50),(101,'Mayer','654','2016-07-21 15:26:40','2016-07-21 15:26:40',50),(102,'CLS ','417','2016-07-21 15:26:40','2016-07-21 15:26:40',12),(103,'Jimmy Fund','614','2016-07-21 15:26:40','2016-07-21 15:26:40',50),(104,'Dana','1526','2016-07-21 15:26:40','2016-07-21 15:26:40',1),(105,'Mayer','457','2016-07-21 15:26:40','2016-07-21 15:26:40',50),(107,'Yawkey','1257','2016-07-21 15:26:40','2016-07-21 15:26:40',50),(108,'Mayer','563','2016-07-21 15:26:40','2016-07-21 15:26:40',1),(110,'Amory','360U','2016-07-21 15:26:40','2016-07-21 15:26:40',3),(111,'Dana','D512','2016-07-21 15:26:40','2016-07-21 15:26:40',1),(112,'CIEMAS','2323','2016-07-21 15:26:40','2016-07-21 15:26:40',57),(113,'CIEMAS','2323','2016-07-21 15:26:40','2016-07-21 15:26:40',57),(122,'Smith','1052','2016-07-21 15:26:40','2016-07-21 15:26:40',50),(123,'BLI','449B','2016-07-21 15:26:40','2016-07-21 15:26:40',10),(124,'Dana','1230','2016-07-21 15:26:40','2016-07-21 15:26:40',1),(125,'Joslin','630','2016-07-21 15:26:40','2016-07-21 15:26:40',68),(126,'Harvard Institutes of Medicine Building (4 Blackfan Circle)','HIM346','2016-07-21 15:26:40','2016-07-21 15:26:40',50),(127,'27 Drydock','DD466S','2016-07-21 15:26:40','2016-07-21 15:26:40',70),(128,'Dana','510B','2016-07-21 15:26:40','2016-07-21 15:26:40',50),(131,'7CC','4027','2016-07-21 15:26:40','2016-07-21 15:26:40',2),(132,'HIM','309','2016-07-21 15:26:40','2016-07-21 15:26:40',74),(133,'Center for Life Sciences','CLS441','2016-07-21 15:26:40','2016-07-21 15:26:40',75),(134,'Research North','2 floor','2016-07-21 15:26:40','2016-07-21 15:26:40',76),(135,'Warren','WRN-4-408C','2016-07-21 15:26:40','2016-07-21 15:26:40',5),(136,'BIDMC Pathology','','2016-07-21 15:26:40','2016-07-21 15:26:40',76),(137,'CWN-L2','Brachy','2016-07-21 15:26:40','2016-07-21 15:26:40',3),(138,'Dana','1230','2016-07-21 15:26:40','2016-07-21 15:26:40',50),(139,'Jimmy Fund','521','2016-07-21 15:26:40','2016-07-21 15:26:40',77),(140,'HIM ','344','2016-07-21 15:26:40','2016-07-21 15:26:40',78),(141,'Dana','15','2016-07-21 15:26:40','2016-07-21 15:26:40',79),(142,'mayer','515','2016-07-21 15:26:40','2016-07-21 15:26:40',77),(143,'Jimmy Fund','208B','2016-07-21 15:26:40','2016-07-21 15:26:40',80),(144,'HIM','240','2016-07-21 15:26:40','2016-07-21 15:26:40',81),(145,'Jimmy Fund','208B','2016-07-21 15:26:40','2016-07-21 15:26:40',77),(146,'Boston Lying-In','429A','2016-07-21 15:26:40','2016-07-21 15:26:40',82),(147,'Dana','819','2016-07-21 15:26:40','2016-07-21 15:26:40',77),(148,'bldg','rm','2016-07-21 15:26:40','2016-07-21 15:26:40',83),(149,'Smith','1234','2016-07-21 15:26:40','2016-07-21 15:26:40',84),(150,'Dana','1524','2016-07-21 15:26:40','2016-07-21 15:26:40',85),(151,'HSC','5445','2016-07-21 15:26:40','2016-07-21 15:26:40',86),(152,'Dana','8th Floor','2016-07-21 15:26:40','2016-07-21 15:26:40',1),(153,'Dana','510','2016-07-21 15:26:40','2016-07-21 15:26:40',1),(154,'Smith','1010','2016-07-21 15:26:40','2016-07-21 15:26:40',87),(155,'Dana','1234','2016-07-21 15:26:40','2016-07-21 15:26:40',85),(156,'Yawkey','1425','2016-07-21 15:26:40','2016-07-21 15:26:40',50),(157,'7CC','4175-J','2016-07-21 15:26:40','2016-07-21 15:26:40',2),(158,'DA','8','2016-07-21 15:26:40','2016-07-21 15:26:40',88),(159,'Mayer','620','2016-07-21 15:26:40','2016-07-21 15:26:40',89),(160,'020','0G4','2016-07-21 15:26:40','2016-07-21 15:26:40',90),(161,'Dana','D644','2016-07-21 15:26:41','2016-07-21 15:26:41',50),(162,'7CC','4th floor','2016-07-21 15:26:41','2016-07-21 15:26:41',50),(163,'Karp','08-212','2016-07-21 15:26:41','2016-07-21 15:26:41',91),(164,'Dana','757','2016-07-21 15:26:41','2016-07-21 15:26:41',50),(165,'WAB','444','2016-07-21 15:26:41','2016-07-21 15:26:41',92),(166,'Jimmy Fund','208C','2016-07-21 15:26:41','2016-07-21 15:26:41',1),(167,'Mayer','457','2016-07-21 15:26:41','2016-07-21 15:26:41',77),(168,'Banting Building','E110','2016-07-21 15:26:41','2016-07-21 15:26:41',93),(169,'Dana','1514','2016-07-21 15:26:41','2016-07-21 15:26:41',94),(170,'Dana','D628','2016-07-21 15:26:41','2016-07-21 15:26:41',95),(171,'Dana Building','1230','2016-07-21 15:26:41','2016-07-21 15:26:41',77),(172,'Smith','822C','2016-07-21 15:26:41','2016-07-21 15:26:41',77),(173,'Dana','D740B','2016-07-21 15:26:41','2016-07-21 15:26:41',50),(174,'Dana','D614','2016-07-21 15:26:41','2016-07-21 15:26:41',96),(175,'Dana','728','2016-07-21 15:26:41','2016-07-21 15:26:41',96),(176,'Dana','1514','2016-07-21 15:26:41','2016-07-21 15:26:41',97),(177,'HIM','237','2016-07-21 15:26:41','2016-07-21 15:26:41',98),(178,'Dana','640A','2016-07-21 15:26:41','2016-07-21 15:26:41',99),(179,'Mayer ','534','2016-07-21 15:26:41','2016-07-21 15:26:41',100),(180,'Dana ','1230','2016-07-21 15:26:41','2016-07-21 15:26:41',77),(181,'Broad','5064D','2016-07-21 15:26:41','2016-07-21 15:26:41',101),(182,'ND3','136','2016-07-21 15:26:41','2016-07-21 15:26:41',102),(183,'Karp','7004','2016-07-21 15:26:41','2016-07-21 15:26:41',103),(184,'Haematologicum','007','2016-07-21 15:26:41','2016-07-21 15:26:41',104),(185,'Dana','1514','2016-07-21 15:26:41','2016-07-21 15:26:41',77),(186,'Karp','5th floor','2016-07-21 15:26:41','2016-07-21 15:26:41',50),(187,'Hess','5-108','2016-07-21 15:26:41','2016-07-21 15:26:41',105),(188,'Dana','524','2016-07-21 15:26:41','2016-07-21 15:26:41',96),(189,'Dana','1240F','2016-07-21 15:26:41','2016-07-21 15:26:41',77),(190,'CLS','628C','2016-07-21 15:26:41','2016-07-21 15:26:41',75),(191,'Haupthaus','E.408','2016-07-21 15:26:41','2016-07-21 15:26:41',106),(192,'Smith','1022','2016-07-21 15:26:41','2016-07-21 15:26:41',107),(193,'Smith','1010','2016-07-21 15:26:41','2016-07-21 15:26:41',108),(194,'Dana Building','630D','2016-07-21 15:26:41','2016-07-21 15:26:41',1),(195,'Mayer','640','2016-07-21 15:26:41','2016-07-21 15:26:41',85),(196,'C','1.1','2016-07-21 15:26:41','2016-07-21 15:26:41',109),(197,'Karp','08006C','2016-07-21 15:26:41','2016-07-21 15:26:41',7),(198,'HIM','343','2016-07-21 15:26:41','2016-07-21 15:26:41',110),(199,'tbd','tbd','2016-07-21 15:26:41','2016-07-21 15:26:41',111),(200,'Dana','512','2016-07-21 15:26:41','2016-07-21 15:26:41',1),(201,'Pavillon F','623','2016-07-21 15:26:41','2016-07-21 15:26:41',112),(202,'Dana','512','2016-07-21 15:26:41','2016-07-21 15:26:41',77),(203,'Medical Research Building','7th floor','2016-07-21 15:26:41','2016-07-21 15:26:41',113),(204,'Karp','520','2016-07-21 15:26:41','2016-07-21 15:26:41',114),(205,'Jimmy Fund','208','2016-07-21 15:26:41','2016-07-21 15:26:41',77),(206,'Dana','628','2016-07-21 15:26:41','2016-07-21 15:26:41',77),(207,'Dana','730B','2016-07-21 15:26:41','2016-07-21 15:26:41',77);
/*!40000 ALTER TABLE `locations` ENABLE KEYS */;
UNLOCK TABLES;

--
-- Table structure for table `member_votes`
--

DROP TABLE IF EXISTS `member_votes`;
/*!40101 SET @saved_cs_client     = @@character_set_client */;
/*!40101 SET character_set_client = utf8 */;
CREATE TABLE `member_votes` (
  `id` int(11) NOT NULL AUTO_INCREMENT,
  `committee_id` int(11) DEFAULT NULL,
  `vote_id` int(11) DEFAULT NULL,
  `user_id` int(11) DEFAULT NULL,
  `comment` text COLLATE utf8_unicode_ci,
  `created_at` datetime NOT NULL,
  `updated_at` datetime NOT NULL,
  `member_role` int(11) DEFAULT NULL,
  PRIMARY KEY (`id`),
  KEY `index_member_votes_on_user_id` (`user_id`) USING BTREE,
  KEY `index_member_votes_on_vote_id` (`vote_id`) USING BTREE
) ENGINE=InnoDB AUTO_INCREMENT=129 DEFAULT CHARSET=utf8 COLLATE=utf8_unicode_ci;
/*!40101 SET character_set_client = @saved_cs_client */;

--
-- Dumping data for table `member_votes`
--

LOCK TABLES `member_votes` WRITE;
/*!40000 ALTER TABLE `member_votes` DISABLE KEYS */;
/*!40000 ALTER TABLE `member_votes` ENABLE KEYS */;
UNLOCK TABLES;

--
-- Table structure for table `memberships`
--

DROP TABLE IF EXISTS `memberships`;
/*!40101 SET @saved_cs_client     = @@character_set_client */;
/*!40101 SET character_set_client = utf8 */;
CREATE TABLE `memberships` (
  `id` int(11) NOT NULL AUTO_INCREMENT,
  `user_id` int(11) DEFAULT NULL,
  `lab_group_id` int(11) DEFAULT NULL,
  `created_at` datetime NOT NULL,
  `updated_at` datetime NOT NULL,
  PRIMARY KEY (`id`)
) ENGINE=InnoDB AUTO_INCREMENT=269 DEFAULT CHARSET=utf8 COLLATE=utf8_unicode_ci;
/*!40101 SET character_set_client = @saved_cs_client */;

--
-- Dumping data for table `memberships`
--

LOCK TABLES `memberships` WRITE;
/*!40000 ALTER TABLE `memberships` DISABLE KEYS */;
INSERT INTO `memberships` VALUES (1,2,1,'2016-07-21 15:26:44','2016-07-21 15:26:44'),(2,3,1,'2016-07-21 15:26:44','2016-07-21 15:26:44'),(3,4,1,'2016-07-21 15:26:44','2016-07-21 15:26:44'),(4,50,1,'2016-07-21 15:26:44','2016-07-21 15:26:44'),(5,58,1,'2016-07-21 15:26:44','2016-07-21 15:26:44'),(6,61,1,'2016-07-21 15:26:44','2016-07-21 15:26:44'),(7,65,1,'2016-07-21 15:26:44','2016-07-21 15:26:44'),(8,73,1,'2016-07-21 15:26:44','2016-07-21 15:26:44'),(9,78,1,'2016-07-21 15:26:44','2016-07-21 15:26:44'),(10,81,1,'2016-07-21 15:26:44','2016-07-21 15:26:44'),(11,93,1,'2016-07-21 15:26:44','2016-07-21 15:26:44'),(12,108,1,'2016-07-21 15:26:44','2016-07-21 15:26:44'),(13,126,1,'2016-07-21 15:26:44','2016-07-21 15:26:44'),(14,137,1,'2016-07-21 15:26:44','2016-07-21 15:26:44'),(15,160,1,'2016-07-21 15:26:44','2016-07-21 15:26:44'),(16,171,1,'2016-07-21 15:26:44','2016-07-21 15:26:44'),(17,246,1,'2016-07-21 15:26:44','2016-07-21 15:26:44'),(18,250,1,'2016-07-21 15:26:44','2016-07-21 15:26:44'),(19,267,1,'2016-07-21 15:26:44','2016-07-21 15:26:44'),(20,317,1,'2016-07-21 15:26:44','2016-07-21 15:26:44'),(21,5,1,'2016-07-21 15:26:44','2016-07-21 15:26:44'),(22,6,1,'2016-07-21 15:26:44','2016-07-21 15:26:44'),(23,7,1,'2016-07-21 15:26:44','2016-07-21 15:26:44'),(24,40,1,'2016-07-21 15:26:44','2016-07-21 15:26:44'),(25,72,1,'2016-07-21 15:26:44','2016-07-21 15:26:44'),(26,154,1,'2016-07-21 15:26:44','2016-07-21 15:26:44'),(27,173,1,'2016-07-21 15:26:44','2016-07-21 15:26:44'),(28,175,1,'2016-07-21 15:26:44','2016-07-21 15:26:44'),(29,233,1,'2016-07-21 15:26:44','2016-07-21 15:26:44'),(30,266,1,'2016-07-21 15:26:44','2016-07-21 15:26:44'),(31,269,1,'2016-07-21 15:26:44','2016-07-21 15:26:44'),(32,38,1,'2016-07-21 15:26:44','2016-07-21 15:26:44'),(33,8,2,'2016-07-21 15:26:44','2016-07-21 15:26:44'),(34,27,2,'2016-07-21 15:26:44','2016-07-21 15:26:44'),(35,31,2,'2016-07-21 15:26:44','2016-07-21 15:26:44'),(36,36,2,'2016-07-21 15:26:44','2016-07-21 15:26:44'),(37,39,2,'2016-07-21 15:26:44','2016-07-21 15:26:44'),(38,43,2,'2016-07-21 15:26:44','2016-07-21 15:26:44'),(39,44,2,'2016-07-21 15:26:44','2016-07-21 15:26:44'),(40,45,2,'2016-07-21 15:26:44','2016-07-21 15:26:44'),(41,79,2,'2016-07-21 15:26:44','2016-07-21 15:26:44'),(42,80,2,'2016-07-21 15:26:44','2016-07-21 15:26:44'),(43,146,2,'2016-07-21 15:26:44','2016-07-21 15:26:44'),(44,9,3,'2016-07-21 15:26:44','2016-07-21 15:26:44'),(45,28,3,'2016-07-21 15:26:44','2016-07-21 15:26:44'),(46,10,4,'2016-07-21 15:26:44','2016-07-21 15:26:44'),(47,47,4,'2016-07-21 15:26:44','2016-07-21 15:26:44'),(48,10,5,'2016-07-21 15:26:44','2016-07-21 15:26:44'),(49,85,5,'2016-07-21 15:26:44','2016-07-21 15:26:44'),(50,11,6,'2016-07-21 15:26:44','2016-07-21 15:26:44'),(51,62,6,'2016-07-21 15:26:44','2016-07-21 15:26:44'),(52,122,6,'2016-07-21 15:26:44','2016-07-21 15:26:44'),(53,157,6,'2016-07-21 15:26:44','2016-07-21 15:26:44'),(54,161,6,'2016-07-21 15:26:44','2016-07-21 15:26:44'),(55,278,6,'2016-07-21 15:26:44','2016-07-21 15:26:44'),(56,12,7,'2016-07-21 15:26:44','2016-07-21 15:26:44'),(57,33,7,'2016-07-21 15:26:44','2016-07-21 15:26:44'),(58,113,7,'2016-07-21 15:26:44','2016-07-21 15:26:44'),(59,13,8,'2016-07-21 15:26:44','2016-07-21 15:26:44'),(60,49,8,'2016-07-21 15:26:44','2016-07-21 15:26:44'),(61,51,8,'2016-07-21 15:26:44','2016-07-21 15:26:44'),(62,13,9,'2016-07-21 15:26:44','2016-07-21 15:26:44'),(63,46,9,'2016-07-21 15:26:44','2016-07-21 15:26:44'),(64,97,9,'2016-07-21 15:26:44','2016-07-21 15:26:44'),(65,14,10,'2016-07-21 15:26:45','2016-07-21 15:26:45'),(66,141,10,'2016-07-21 15:26:45','2016-07-21 15:26:45'),(67,275,10,'2016-07-21 15:26:45','2016-07-21 15:26:45'),(68,15,11,'2016-07-21 15:26:45','2016-07-21 15:26:45'),(69,16,12,'2016-07-21 15:26:45','2016-07-21 15:26:45'),(70,17,13,'2016-07-21 15:26:45','2016-07-21 15:26:45'),(71,18,14,'2016-07-21 15:26:45','2016-07-21 15:26:45'),(72,19,15,'2016-07-21 15:26:45','2016-07-21 15:26:45'),(73,30,15,'2016-07-21 15:26:45','2016-07-21 15:26:45'),(74,20,16,'2016-07-21 15:26:45','2016-07-21 15:26:45'),(75,21,17,'2016-07-21 15:26:45','2016-07-21 15:26:45'),(76,22,18,'2016-07-21 15:26:45','2016-07-21 15:26:45'),(77,23,19,'2016-07-21 15:26:45','2016-07-21 15:26:45'),(78,24,20,'2016-07-21 15:26:45','2016-07-21 15:26:45'),(79,25,21,'2016-07-21 15:26:45','2016-07-21 15:26:45'),(80,277,21,'2016-07-21 15:26:45','2016-07-21 15:26:45'),(81,26,22,'2016-07-21 15:26:45','2016-07-21 15:26:45'),(82,34,24,'2016-07-21 15:26:45','2016-07-21 15:26:45'),(83,35,24,'2016-07-21 15:26:45','2016-07-21 15:26:45'),(84,37,25,'2016-07-21 15:26:45','2016-07-21 15:26:45'),(85,41,26,'2016-07-21 15:26:45','2016-07-21 15:26:45'),(86,42,27,'2016-07-21 15:26:45','2016-07-21 15:26:45'),(87,48,28,'2016-07-21 15:26:45','2016-07-21 15:26:45'),(88,52,30,'2016-07-21 15:26:45','2016-07-21 15:26:45'),(89,63,30,'2016-07-21 15:26:45','2016-07-21 15:26:45'),(90,53,31,'2016-07-21 15:26:45','2016-07-21 15:26:45'),(91,54,32,'2016-07-21 15:26:45','2016-07-21 15:26:45'),(92,55,33,'2016-07-21 15:26:45','2016-07-21 15:26:45'),(93,142,33,'2016-07-21 15:26:45','2016-07-21 15:26:45'),(94,143,33,'2016-07-21 15:26:45','2016-07-21 15:26:45'),(95,56,34,'2016-07-21 15:26:45','2016-07-21 15:26:45'),(96,57,35,'2016-07-21 15:26:45','2016-07-21 15:26:45'),(97,59,36,'2016-07-21 15:26:45','2016-07-21 15:26:45'),(98,60,37,'2016-07-21 15:26:45','2016-07-21 15:26:45'),(99,132,37,'2016-07-21 15:26:45','2016-07-21 15:26:45'),(100,64,39,'2016-07-21 15:26:45','2016-07-21 15:26:45'),(101,88,39,'2016-07-21 15:26:45','2016-07-21 15:26:45'),(102,282,39,'2016-07-21 15:26:45','2016-07-21 15:26:45'),(103,66,40,'2016-07-21 15:26:45','2016-07-21 15:26:45'),(104,92,40,'2016-07-21 15:26:45','2016-07-21 15:26:45'),(105,314,40,'2016-07-21 15:26:45','2016-07-21 15:26:45'),(106,70,42,'2016-07-21 15:26:45','2016-07-21 15:26:45'),(107,71,43,'2016-07-21 15:26:45','2016-07-21 15:26:45'),(108,74,45,'2016-07-21 15:26:45','2016-07-21 15:26:45'),(109,76,46,'2016-07-21 15:26:45','2016-07-21 15:26:45'),(110,130,46,'2016-07-21 15:26:45','2016-07-21 15:26:45'),(111,77,47,'2016-07-21 15:26:45','2016-07-21 15:26:45'),(112,82,48,'2016-07-21 15:26:45','2016-07-21 15:26:45'),(113,101,48,'2016-07-21 15:26:45','2016-07-21 15:26:45'),(114,215,48,'2016-07-21 15:26:45','2016-07-21 15:26:45'),(115,83,49,'2016-07-21 15:26:45','2016-07-21 15:26:45'),(116,176,49,'2016-07-21 15:26:45','2016-07-21 15:26:45'),(117,86,50,'2016-07-21 15:26:45','2016-07-21 15:26:45'),(118,87,51,'2016-07-21 15:26:45','2016-07-21 15:26:45'),(119,89,52,'2016-07-21 15:26:45','2016-07-21 15:26:45'),(120,90,53,'2016-07-21 15:26:45','2016-07-21 15:26:45'),(121,234,53,'2016-07-21 15:26:45','2016-07-21 15:26:45'),(122,107,53,'2016-07-21 15:26:45','2016-07-21 15:26:45'),(123,91,54,'2016-07-21 15:26:45','2016-07-21 15:26:45'),(124,94,55,'2016-07-21 15:26:45','2016-07-21 15:26:45'),(125,95,56,'2016-07-21 15:26:45','2016-07-21 15:26:45'),(126,96,57,'2016-07-21 15:26:45','2016-07-21 15:26:45'),(127,98,58,'2016-07-21 15:26:45','2016-07-21 15:26:45'),(128,99,59,'2016-07-21 15:26:45','2016-07-21 15:26:45'),(129,123,59,'2016-07-21 15:26:45','2016-07-21 15:26:45'),(130,291,59,'2016-07-21 15:26:45','2016-07-21 15:26:45'),(131,152,59,'2016-07-21 15:26:45','2016-07-21 15:26:45'),(132,174,59,'2016-07-21 15:26:45','2016-07-21 15:26:45'),(133,285,59,'2016-07-21 15:26:45','2016-07-21 15:26:45'),(134,100,60,'2016-07-21 15:26:45','2016-07-21 15:26:45'),(135,238,61,'2016-07-21 15:26:45','2016-07-21 15:26:45'),(136,102,63,'2016-07-21 15:26:45','2016-07-21 15:26:45'),(137,140,63,'2016-07-21 15:26:45','2016-07-21 15:26:45'),(138,103,64,'2016-07-21 15:26:45','2016-07-21 15:26:45'),(139,145,64,'2016-07-21 15:26:45','2016-07-21 15:26:45'),(140,159,64,'2016-07-21 15:26:45','2016-07-21 15:26:45'),(141,104,65,'2016-07-21 15:26:45','2016-07-21 15:26:45'),(142,105,66,'2016-07-21 15:26:45','2016-07-21 15:26:45'),(143,272,66,'2016-07-21 15:26:45','2016-07-21 15:26:45'),(144,289,66,'2016-07-21 15:26:45','2016-07-21 15:26:45'),(145,106,67,'2016-07-21 15:26:45','2016-07-21 15:26:45'),(146,109,68,'2016-07-21 15:26:45','2016-07-21 15:26:45'),(147,110,69,'2016-07-21 15:26:45','2016-07-21 15:26:45'),(148,111,70,'2016-07-21 15:26:45','2016-07-21 15:26:45'),(149,112,71,'2016-07-21 15:26:45','2016-07-21 15:26:45'),(150,133,71,'2016-07-21 15:26:45','2016-07-21 15:26:45'),(151,114,72,'2016-07-21 15:26:45','2016-07-21 15:26:45'),(152,116,73,'2016-07-21 15:26:45','2016-07-21 15:26:45'),(153,117,74,'2016-07-21 15:26:45','2016-07-21 15:26:45'),(154,119,75,'2016-07-21 15:26:45','2016-07-21 15:26:45'),(155,120,76,'2016-07-21 15:26:45','2016-07-21 15:26:45'),(156,121,77,'2016-07-21 15:26:45','2016-07-21 15:26:45'),(157,125,77,'2016-07-21 15:26:45','2016-07-21 15:26:45'),(158,124,78,'2016-07-21 15:26:45','2016-07-21 15:26:45'),(159,127,79,'2016-07-21 15:26:45','2016-07-21 15:26:45'),(160,128,80,'2016-07-21 15:26:45','2016-07-21 15:26:45'),(161,129,80,'2016-07-21 15:26:45','2016-07-21 15:26:45'),(162,134,81,'2016-07-21 15:26:45','2016-07-21 15:26:45'),(163,135,82,'2016-07-21 15:26:45','2016-07-21 15:26:45'),(164,136,83,'2016-07-21 15:26:45','2016-07-21 15:26:45'),(165,138,84,'2016-07-21 15:26:45','2016-07-21 15:26:45'),(166,139,85,'2016-07-21 15:26:45','2016-07-21 15:26:45'),(167,144,86,'2016-07-21 15:26:45','2016-07-21 15:26:45'),(168,147,87,'2016-07-21 15:26:45','2016-07-21 15:26:45'),(169,148,88,'2016-07-21 15:26:45','2016-07-21 15:26:45'),(170,150,89,'2016-07-21 15:26:45','2016-07-21 15:26:45'),(171,153,90,'2016-07-21 15:26:45','2016-07-21 15:26:45'),(172,155,91,'2016-07-21 15:26:45','2016-07-21 15:26:45'),(173,283,91,'2016-07-21 15:26:45','2016-07-21 15:26:45'),(174,156,93,'2016-07-21 15:26:45','2016-07-21 15:26:45'),(175,183,93,'2016-07-21 15:26:45','2016-07-21 15:26:45'),(176,158,94,'2016-07-21 15:26:45','2016-07-21 15:26:45'),(177,165,94,'2016-07-21 15:26:45','2016-07-21 15:26:45'),(178,258,94,'2016-07-21 15:26:45','2016-07-21 15:26:45'),(179,164,96,'2016-07-21 15:26:45','2016-07-21 15:26:45'),(180,167,97,'2016-07-21 15:26:45','2016-07-21 15:26:45'),(181,182,97,'2016-07-21 15:26:45','2016-07-21 15:26:45'),(182,168,98,'2016-07-21 15:26:45','2016-07-21 15:26:45'),(183,169,99,'2016-07-21 15:26:45','2016-07-21 15:26:45'),(184,172,100,'2016-07-21 15:26:45','2016-07-21 15:26:45'),(185,177,101,'2016-07-21 15:26:45','2016-07-21 15:26:45'),(186,178,102,'2016-07-21 15:26:45','2016-07-21 15:26:45'),(187,179,103,'2016-07-21 15:26:45','2016-07-21 15:26:45'),(188,226,103,'2016-07-21 15:26:45','2016-07-21 15:26:45'),(189,180,104,'2016-07-21 15:26:45','2016-07-21 15:26:45'),(190,184,106,'2016-07-21 15:26:45','2016-07-21 15:26:45'),(191,185,107,'2016-07-21 15:26:45','2016-07-21 15:26:45'),(192,186,108,'2016-07-21 15:26:45','2016-07-21 15:26:45'),(193,188,109,'2016-07-21 15:26:45','2016-07-21 15:26:45'),(194,216,112,'2016-07-21 15:26:45','2016-07-21 15:26:45'),(195,217,113,'2016-07-21 15:26:45','2016-07-21 15:26:45'),(196,218,114,'2016-07-21 15:26:45','2016-07-21 15:26:45'),(197,219,115,'2016-07-21 15:26:45','2016-07-21 15:26:45'),(198,220,116,'2016-07-21 15:26:45','2016-07-21 15:26:45'),(199,221,117,'2016-07-21 15:26:45','2016-07-21 15:26:45'),(200,309,117,'2016-07-21 15:26:45','2016-07-21 15:26:45'),(201,311,117,'2016-07-21 15:26:45','2016-07-21 15:26:45'),(202,224,118,'2016-07-21 15:26:45','2016-07-21 15:26:45'),(203,225,119,'2016-07-21 15:26:45','2016-07-21 15:26:45'),(204,261,119,'2016-07-21 15:26:45','2016-07-21 15:26:45'),(205,227,120,'2016-07-21 15:26:45','2016-07-21 15:26:45'),(206,228,121,'2016-07-21 15:26:45','2016-07-21 15:26:45'),(207,229,123,'2016-07-21 15:26:45','2016-07-21 15:26:45'),(208,230,124,'2016-07-21 15:26:45','2016-07-21 15:26:45'),(209,231,125,'2016-07-21 15:26:45','2016-07-21 15:26:45'),(210,232,126,'2016-07-21 15:26:45','2016-07-21 15:26:45'),(211,307,126,'2016-07-21 15:26:45','2016-07-21 15:26:45'),(212,245,127,'2016-07-21 15:26:45','2016-07-21 15:26:45'),(213,235,128,'2016-07-21 15:26:45','2016-07-21 15:26:45'),(214,237,129,'2016-07-21 15:26:45','2016-07-21 15:26:45'),(215,239,130,'2016-07-21 15:26:45','2016-07-21 15:26:45'),(216,240,131,'2016-07-21 15:26:45','2016-07-21 15:26:45'),(217,242,133,'2016-07-21 15:26:45','2016-07-21 15:26:45'),(218,243,134,'2016-07-21 15:26:45','2016-07-21 15:26:45'),(219,244,135,'2016-07-21 15:26:45','2016-07-21 15:26:45'),(220,247,136,'2016-07-21 15:26:45','2016-07-21 15:26:45'),(221,251,138,'2016-07-21 15:26:45','2016-07-21 15:26:45'),(222,252,139,'2016-07-21 15:26:45','2016-07-21 15:26:45'),(223,253,140,'2016-07-21 15:26:45','2016-07-21 15:26:45'),(224,254,141,'2016-07-21 15:26:45','2016-07-21 15:26:45'),(225,290,141,'2016-07-21 15:26:45','2016-07-21 15:26:45'),(226,305,141,'2016-07-21 15:26:45','2016-07-21 15:26:45'),(227,316,141,'2016-07-21 15:26:45','2016-07-21 15:26:45'),(228,255,142,'2016-07-21 15:26:45','2016-07-21 15:26:45'),(229,256,143,'2016-07-21 15:26:45','2016-07-21 15:26:45'),(230,257,144,'2016-07-21 15:26:45','2016-07-21 15:26:45'),(231,276,144,'2016-07-21 15:26:45','2016-07-21 15:26:45'),(232,259,145,'2016-07-21 15:26:45','2016-07-21 15:26:45'),(233,306,145,'2016-07-21 15:26:45','2016-07-21 15:26:45'),(234,260,146,'2016-07-21 15:26:45','2016-07-21 15:26:45'),(235,318,146,'2016-07-21 15:26:45','2016-07-21 15:26:45'),(236,262,147,'2016-07-21 15:26:45','2016-07-21 15:26:45'),(237,265,148,'2016-07-21 15:26:45','2016-07-21 15:26:45'),(238,268,149,'2016-07-21 15:26:45','2016-07-21 15:26:45'),(239,270,150,'2016-07-21 15:26:45','2016-07-21 15:26:45'),(240,271,151,'2016-07-21 15:26:45','2016-07-21 15:26:45'),(241,273,152,'2016-07-21 15:26:45','2016-07-21 15:26:45'),(242,274,153,'2016-07-21 15:26:45','2016-07-21 15:26:45'),(243,279,155,'2016-07-21 15:26:45','2016-07-21 15:26:45'),(244,280,156,'2016-07-21 15:26:45','2016-07-21 15:26:45'),(245,281,157,'2016-07-21 15:26:45','2016-07-21 15:26:45'),(246,284,158,'2016-07-21 15:26:45','2016-07-21 15:26:45'),(247,286,159,'2016-07-21 15:26:45','2016-07-21 15:26:45'),(248,287,160,'2016-07-21 15:26:45','2016-07-21 15:26:45'),(249,288,161,'2016-07-21 15:26:45','2016-07-21 15:26:45'),(250,292,162,'2016-07-21 15:26:45','2016-07-21 15:26:45'),(251,308,162,'2016-07-21 15:26:45','2016-07-21 15:26:45'),(252,293,163,'2016-07-21 15:26:45','2016-07-21 15:26:45'),(253,294,164,'2016-07-21 15:26:45','2016-07-21 15:26:45'),(254,295,165,'2016-07-21 15:26:45','2016-07-21 15:26:45'),(255,303,165,'2016-07-21 15:26:45','2016-07-21 15:26:45'),(256,296,166,'2016-07-21 15:26:45','2016-07-21 15:26:45'),(257,297,167,'2016-07-21 15:26:45','2016-07-21 15:26:45'),(258,298,168,'2016-07-21 15:26:45','2016-07-21 15:26:45'),(259,299,169,'2016-07-21 15:26:45','2016-07-21 15:26:45'),(260,301,169,'2016-07-21 15:26:45','2016-07-21 15:26:45'),(261,300,170,'2016-07-21 15:26:45','2016-07-21 15:26:45'),(262,302,171,'2016-07-21 15:26:45','2016-07-21 15:26:45'),(263,304,172,'2016-07-21 15:26:45','2016-07-21 15:26:45'),(264,310,174,'2016-07-21 15:26:45','2016-07-21 15:26:45'),(265,312,175,'2016-07-21 15:26:45','2016-07-21 15:26:45'),(266,313,176,'2016-07-21 15:26:45','2016-07-21 15:26:45'),(267,315,177,'2016-07-21 15:26:45','2016-07-21 15:26:45'),(268,319,141,'2016-07-21 15:26:45','2016-07-21 15:26:45');
/*!40000 ALTER TABLE `memberships` ENABLE KEYS */;
UNLOCK TABLES;

--
-- Table structure for table `organizations`
--

DROP TABLE IF EXISTS `organizations`;
/*!40101 SET @saved_cs_client     = @@character_set_client */;
/*!40101 SET character_set_client = utf8 */;
CREATE TABLE `organizations` (
  `id` int(11) NOT NULL AUTO_INCREMENT,
  `name` varchar(255) COLLATE utf8_unicode_ci DEFAULT NULL,
  `phone` varchar(255) COLLATE utf8_unicode_ci DEFAULT NULL,
  `email` varchar(255) COLLATE utf8_unicode_ci DEFAULT NULL,
  `created_at` datetime NOT NULL,
  `updated_at` datetime NOT NULL,
  `address_id` int(11) DEFAULT NULL,
  PRIMARY KEY (`id`)
) ENGINE=InnoDB AUTO_INCREMENT=76 DEFAULT CHARSET=utf8 COLLATE=utf8_unicode_ci;
/*!40101 SET character_set_client = @saved_cs_client */;

--
-- Dumping data for table `organizations`
--

LOCK TABLES `organizations` WRITE;
/*!40000 ALTER TABLE `organizations` DISABLE KEYS */;
INSERT INTO `organizations` VALUES (1,'Dana-Farber Cancer Institute','','','2016-07-21 15:26:41','2016-07-21 15:26:41',1),(2,'Broad Institute','','','2016-07-21 15:26:41','2016-07-21 15:26:41',2),(5,'Massachusetts Eye and Ear Infirmary','617 573 3367','inetwebmaster@meei.harvard.edu','2016-07-21 15:26:41','2016-07-21 15:26:41',6),(6,'N-Of-One','617 669 1706','jkinoshita@n-of-one.com','2016-07-21 15:26:41','2016-07-21 15:26:41',9),(7,'UCLA','3108259111','somwebmaster@mednet.ucla.edu','2016-07-21 15:26:41','2016-07-21 15:26:41',11),(11,'Novartis NIBR','6178718000','nibr@novartis.com','2016-07-21 15:26:41','2016-07-21 15:26:41',13),(12,'Case Western Reserve University','','Henry.Koon@UHhospitals.org','2016-07-21 15:26:41','2016-07-21 15:26:41',18),(13,'Peter MacCallum Cancer Centre','NULL','NULL','2016-07-21 15:26:41','2016-07-21 15:26:41',21),(14,'BIDMC','NULL','NULL','2016-07-21 15:26:41','2016-07-21 15:26:41',75),(16,'Brigham and Women\'s Hospital','NULL','NULL','2016-07-21 15:26:41','2016-07-21 15:26:41',34),(23,'Samsung Medical Center','NULL','NULL','2016-07-21 15:26:41','2016-07-21 15:26:41',29),(24,'Massachusetts General Hospital','NULL','NULL','2016-07-21 15:26:41','2016-07-21 15:26:41',5),(26,'Duke University Medical Center','NULL','NULL','2016-07-21 15:26:41','2016-07-21 15:26:41',31),(30,'Partners Healthcare-Virology','NULL','NULL','2016-07-21 15:26:41','2016-07-21 15:26:41',34),(31,'NYU School of Medicine','NULL','NULL','2016-07-21 15:26:41','2016-07-21 15:26:41',36),(32,'Children\'s Hospital Boston','NULL','NULL','2016-07-21 15:26:41','2016-07-21 15:26:41',38),(33,'Queen\'s University','NULL','NULL','2016-07-21 15:26:41','2016-07-21 15:26:41',39),(35,'Infinity Pharmaceuticals','NULL','NULL','2016-07-21 15:26:41','2016-07-21 15:26:41',44),(36,'Harvard University','NULL','NULL','2016-07-21 15:26:41','2016-07-21 15:26:41',75),(38,'Sanofi-Aventis','NULL','NULL','2016-07-21 15:26:41','2016-07-21 15:26:41',49),(40,'DFCI /HCC','NULL','NULL','2016-07-21 15:26:41','2016-07-21 15:26:41',12),(44,'Duke University','NULL','NULL','2016-07-21 15:26:41','2016-07-21 15:26:41',57),(48,'Center for Novel Exp Therapeutics','NULL','NULL','2016-07-21 15:26:41','2016-07-21 15:26:41',70),(51,'Beth Israel Deaconess Medical Center Harvard Medical School','NULL','NULL','2016-07-21 15:26:41','2016-07-21 15:26:41',76),(52,'DFCI','NULL','NULL','2016-07-21 15:26:41','2016-07-21 15:26:41',77),(53,'Dana Farber Cancer Institute','NULL','NULL','2016-07-21 15:26:41','2016-07-21 15:26:41',78),(54,'BWH','NULL','NULL','2016-07-21 15:26:41','2016-07-21 15:26:41',82),(55,'Beckman Coulter','NULL','NULL','2016-07-21 15:26:41','2016-07-21 15:26:41',84),(56,'Hospital For Sick CHildren','NULL','NULL','2016-07-21 15:26:41','2016-07-21 15:26:41',86),(57,'DFCI/Harvard','NULL','NULL','2016-07-21 15:26:41','2016-07-21 15:26:41',1),(58,'The Broad Institute of Harvard and MIT','NULL','NULL','2016-07-21 15:26:41','2016-07-21 15:26:41',2),(59,'Janssen Pharmaceutica','NULL','NULL','2016-07-21 15:26:41','2016-07-21 15:26:41',90),(60,'Boston Children\'s Hospital','NULL','NULL','2016-07-21 15:26:41','2016-07-21 15:26:41',91),(61,'Harvard Medical School','NULL','NULL','2016-07-21 15:26:41','2016-07-21 15:26:41',92),(62,'Health Canada','NULL','NULL','2016-07-21 15:26:41','2016-07-21 15:26:41',93),(63,'DFCI/Broad/BCH','NULL','NULL','2016-07-21 15:26:41','2016-07-21 15:26:41',94),(64,'Dana Farber','NULL','NULL','2016-07-21 15:26:41','2016-07-21 15:26:41',99),(65,'University of Texas Southwestern Medical Center','NULL','NULL','2016-07-21 15:26:41','2016-07-21 15:26:41',102),(66,'University of Munich','NULL','NULL','2016-07-21 15:26:41','2016-07-21 15:26:41',104),(67,'Mount Sinai','NULL','NULL','2016-07-21 15:26:41','2016-07-21 15:26:41',105),(68,'BIDMC',' Harvard Medical School','NULL','2016-07-21 15:26:41','2016-07-21 15:26:41',0),(69,'Kliniken Essen-Mitte','NULL','NULL','2016-07-21 15:26:41','2016-07-21 15:26:41',106),(70,'DFCI / BWH','NULL','NULL','2016-07-21 15:26:41','2016-07-21 15:26:41',107),(71,'Salzburg Cancer Research Institute','NULL','NULL','2016-07-21 15:26:41','2016-07-21 15:26:41',109),(72,'Lady Davis Institute','NULL','NULL','2016-07-21 15:26:41','2016-07-21 15:26:41',112),(73,'BWH Pathology','NULL','NULL','2016-07-21 15:26:41','2016-07-21 15:26:41',113),(74,'DFCI/BWH','NULL','NULL','2016-07-21 15:26:41','2016-07-21 15:26:41',114),(75,'DFCI-MO','NULL','NULL','2016-07-21 15:26:41','2016-07-21 15:26:41',77);
/*!40000 ALTER TABLE `organizations` ENABLE KEYS */;
UNLOCK TABLES;

--
-- Table structure for table `platforms`
--

DROP TABLE IF EXISTS `platforms`;
/*!40101 SET @saved_cs_client     = @@character_set_client */;
/*!40101 SET character_set_client = utf8 */;
CREATE TABLE `platforms` (
  `id` int(11) NOT NULL AUTO_INCREMENT,
  `name` varchar(255) COLLATE utf8_unicode_ci DEFAULT NULL,
  `code` varchar(4) COLLATE utf8_unicode_ci DEFAULT NULL,
  `created_at` datetime NOT NULL,
  `updated_at` datetime NOT NULL,
  PRIMARY KEY (`id`)
) ENGINE=InnoDB AUTO_INCREMENT=20 DEFAULT CHARSET=utf8 COLLATE=utf8_unicode_ci;
/*!40101 SET character_set_client = @saved_cs_client */;

--
-- Dumping data for table `platforms`
--

LOCK TABLES `platforms` WRITE;
/*!40000 ALTER TABLE `platforms` DISABLE KEYS */;
INSERT INTO `platforms` VALUES (1,'Sequenom Genotyping','GT','2016-07-21 15:26:47','2016-07-21 15:26:47'),(2,'Illumina Whole Genome Sequencing','WG','2016-07-21 15:26:47','2016-07-21 15:26:47'),(3,'Sanger Sequencing','AS','2016-07-21 15:26:47','2016-07-21 15:26:47'),(4,'Illumina Whole Exome Sequencing (v2)','WE','2016-07-21 15:26:47','2016-07-21 15:26:47'),(5,'Illumina Targeted Sequencing (Oncopanel version 2)','TS','2016-07-21 15:26:47','2016-07-21 15:26:47'),(6,'Affymetrix SNP Array','A6','2016-07-21 15:26:47','2016-07-21 15:26:47'),(7,'DNA Fingerprinting','FP','2016-07-21 15:26:47','2016-07-21 15:26:47'),(8,'Affymetrix Gene Expression','AG','2016-07-21 15:26:47','2016-07-21 15:26:47'),(9,'Illumina Sequencing of Prepared Libraries','IS','2016-07-21 15:26:47','2016-07-21 15:26:47'),(10,'Whole Transcriptome Shotgun Sequencing (RNA-Seq)','RS','2016-07-21 15:26:47','2016-07-21 15:26:47'),(11,'ChIP-Sequencing','CS','2016-07-21 15:26:47','2016-07-21 15:26:47'),(12,'Amplicon Sequencing','AS','2016-07-21 15:26:47','2016-07-21 15:26:47'),(13,'Illumina Targeted Sequencing (Custom Bait set)','CB','2016-07-21 15:26:47','2016-07-21 15:26:47'),(14,'Illumina Targeted Sequencing (Profile Oncopanel version 1)','PP','2016-07-21 15:26:47','2016-07-21 15:26:47'),(15,'Illumina Targeted Sequencing (Oncopanel version 3)','P3','2016-07-21 15:26:47','2016-07-21 15:26:47'),(16,'Illumina Targeted Sequencing (Oncopanel version 3 w/ Trl)','3T','2016-07-21 15:26:47','2016-07-21 15:26:47'),(17,'Illumina Whole Exome Sequencing (v5)','E5','2016-07-21 15:26:47','2016-07-21 15:26:47'),(18,'Illumina Whole Exome Sequencing w/ Trl (v5)','ET','2016-07-21 15:26:47','2016-07-21 15:26:47'),(19,'Illumina Whole Exome Sequencing - Mouse (v1)','ME','2016-07-21 15:26:47','2016-07-21 15:26:47');
/*!40000 ALTER TABLE `platforms` ENABLE KEYS */;
UNLOCK TABLES;

--
-- Table structure for table `privileges`
--

DROP TABLE IF EXISTS `privileges`;
/*!40101 SET @saved_cs_client     = @@character_set_client */;
/*!40101 SET character_set_client = utf8 */;
CREATE TABLE `privileges` (
  `id` int(11) NOT NULL AUTO_INCREMENT,
  `created_at` datetime NOT NULL,
  `updated_at` datetime NOT NULL,
  `user_id` int(11) NOT NULL,
  `role_id` int(11) NOT NULL,
  PRIMARY KEY (`id`),
  KEY `index_privileges_on_role_id` (`role_id`) USING BTREE,
  KEY `index_privileges_on_user_id` (`user_id`) USING BTREE
) ENGINE=InnoDB AUTO_INCREMENT=1321 DEFAULT CHARSET=utf8 COLLATE=utf8_unicode_ci;
/*!40101 SET character_set_client = @saved_cs_client */;

--
-- Dumping data for table `privileges`
--

LOCK TABLES `privileges` WRITE;
/*!40000 ALTER TABLE `privileges` DISABLE KEYS */;
INSERT INTO `privileges` VALUES (1,'2016-07-21 15:26:46','2016-07-21 15:26:46',2,1),(2,'2016-07-21 15:26:46','2016-07-21 15:26:46',3,1),(3,'2016-07-21 15:26:46','2016-07-21 15:26:46',73,1),(4,'2016-07-21 15:26:46','2016-07-21 15:26:46',108,1),(5,'2016-07-21 15:26:46','2016-07-21 15:26:46',123,1),(6,'2016-07-21 15:26:46','2016-07-21 15:26:46',137,1),(7,'2016-07-21 15:26:46','2016-07-21 15:26:46',154,1),(8,'2016-07-21 15:26:46','2016-07-21 15:26:46',160,1),(9,'2016-07-21 15:26:46','2016-07-21 15:26:46',171,1),(10,'2016-07-21 15:26:46','2016-07-21 15:26:46',233,1),(11,'2016-07-21 15:26:46','2016-07-21 15:26:46',246,1),(12,'2016-07-21 15:26:46','2016-07-21 15:26:46',250,1),(13,'2016-07-21 15:26:46','2016-07-21 15:26:46',267,1),(14,'2016-07-21 15:26:46','2016-07-21 15:26:46',316,1),(15,'2016-07-21 15:26:46','2016-07-21 15:26:46',317,1),(16,'2016-07-21 15:26:46','2016-07-21 15:26:46',8,2),(17,'2016-07-21 15:26:46','2016-07-21 15:26:46',9,2),(18,'2016-07-21 15:26:46','2016-07-21 15:26:46',10,2),(19,'2016-07-21 15:26:46','2016-07-21 15:26:46',11,2),(20,'2016-07-21 15:26:46','2016-07-21 15:26:46',12,2),(21,'2016-07-21 15:26:46','2016-07-21 15:26:46',13,2),(22,'2016-07-21 15:26:46','2016-07-21 15:26:46',14,2),(23,'2016-07-21 15:26:46','2016-07-21 15:26:46',46,2),(24,'2016-07-21 15:26:46','2016-07-21 15:26:46',167,2),(25,'2016-07-21 15:26:46','2016-07-21 15:26:46',263,2),(26,'2016-07-21 15:26:46','2016-07-21 15:26:46',264,2),(27,'2016-07-21 15:26:46','2016-07-21 15:26:46',2,3),(28,'2016-07-21 15:26:46','2016-07-21 15:26:46',3,3),(29,'2016-07-21 15:26:46','2016-07-21 15:26:46',4,3),(30,'2016-07-21 15:26:46','2016-07-21 15:26:46',5,3),(31,'2016-07-21 15:26:46','2016-07-21 15:26:46',7,3),(32,'2016-07-21 15:26:46','2016-07-21 15:26:46',27,3),(33,'2016-07-21 15:26:46','2016-07-21 15:26:46',40,3),(34,'2016-07-21 15:26:46','2016-07-21 15:26:46',61,3),(35,'2016-07-21 15:26:46','2016-07-21 15:26:46',65,3),(36,'2016-07-21 15:26:46','2016-07-21 15:26:46',81,3),(37,'2016-07-21 15:26:46','2016-07-21 15:26:46',108,3),(38,'2016-07-21 15:26:46','2016-07-21 15:26:46',123,3),(39,'2016-07-21 15:26:46','2016-07-21 15:26:46',126,3),(40,'2016-07-21 15:26:46','2016-07-21 15:26:46',137,3),(41,'2016-07-21 15:26:46','2016-07-21 15:26:46',145,3),(42,'2016-07-21 15:26:46','2016-07-21 15:26:46',154,3),(43,'2016-07-21 15:26:46','2016-07-21 15:26:46',160,3),(44,'2016-07-21 15:26:46','2016-07-21 15:26:46',171,3),(45,'2016-07-21 15:26:46','2016-07-21 15:26:46',173,3),(46,'2016-07-21 15:26:46','2016-07-21 15:26:46',233,3),(47,'2016-07-21 15:26:46','2016-07-21 15:26:46',246,3),(48,'2016-07-21 15:26:46','2016-07-21 15:26:46',250,3),(49,'2016-07-21 15:26:46','2016-07-21 15:26:46',266,3),(50,'2016-07-21 15:26:46','2016-07-21 15:26:46',267,3),(51,'2016-07-21 15:26:46','2016-07-21 15:26:46',269,3),(52,'2016-07-21 15:26:46','2016-07-21 15:26:46',290,3),(53,'2016-07-21 15:26:46','2016-07-21 15:26:46',305,3),(54,'2016-07-21 15:26:46','2016-07-21 15:26:46',2,5),(55,'2016-07-21 15:26:46','2016-07-21 15:26:46',3,5),(56,'2016-07-21 15:26:46','2016-07-21 15:26:46',4,5),(57,'2016-07-21 15:26:46','2016-07-21 15:26:46',5,5),(58,'2016-07-21 15:26:46','2016-07-21 15:26:46',8,5),(59,'2016-07-21 15:26:46','2016-07-21 15:26:46',9,5),(60,'2016-07-21 15:26:46','2016-07-21 15:26:46',10,5),(61,'2016-07-21 15:26:46','2016-07-21 15:26:46',11,5),(62,'2016-07-21 15:26:46','2016-07-21 15:26:46',12,5),(63,'2016-07-21 15:26:46','2016-07-21 15:26:46',13,5),(64,'2016-07-21 15:26:46','2016-07-21 15:26:46',14,5),(65,'2016-07-21 15:26:46','2016-07-21 15:26:46',15,5),(66,'2016-07-21 15:26:46','2016-07-21 15:26:46',16,5),(67,'2016-07-21 15:26:46','2016-07-21 15:26:46',17,5),(68,'2016-07-21 15:26:46','2016-07-21 15:26:46',18,5),(69,'2016-07-21 15:26:46','2016-07-21 15:26:46',19,5),(70,'2016-07-21 15:26:46','2016-07-21 15:26:46',20,5),(71,'2016-07-21 15:26:46','2016-07-21 15:26:46',21,5),(72,'2016-07-21 15:26:46','2016-07-21 15:26:46',22,5),(73,'2016-07-21 15:26:46','2016-07-21 15:26:46',23,5),(74,'2016-07-21 15:26:46','2016-07-21 15:26:46',24,5),(75,'2016-07-21 15:26:46','2016-07-21 15:26:46',25,5),(76,'2016-07-21 15:26:46','2016-07-21 15:26:46',26,5),(77,'2016-07-21 15:26:46','2016-07-21 15:26:46',34,5),(78,'2016-07-21 15:26:46','2016-07-21 15:26:46',37,5),(79,'2016-07-21 15:26:46','2016-07-21 15:26:46',38,5),(80,'2016-07-21 15:26:46','2016-07-21 15:26:46',39,5),(81,'2016-07-21 15:26:46','2016-07-21 15:26:46',41,5),(82,'2016-07-21 15:26:46','2016-07-21 15:26:46',42,5),(83,'2016-07-21 15:26:46','2016-07-21 15:26:46',50,5),(84,'2016-07-21 15:26:46','2016-07-21 15:26:46',51,5),(85,'2016-07-21 15:26:46','2016-07-21 15:26:46',52,5),(86,'2016-07-21 15:26:46','2016-07-21 15:26:46',53,5),(87,'2016-07-21 15:26:46','2016-07-21 15:26:46',56,5),(88,'2016-07-21 15:26:46','2016-07-21 15:26:46',57,5),(89,'2016-07-21 15:26:46','2016-07-21 15:26:46',58,5),(90,'2016-07-21 15:26:46','2016-07-21 15:26:46',59,5),(91,'2016-07-21 15:26:46','2016-07-21 15:26:46',60,5),(92,'2016-07-21 15:26:46','2016-07-21 15:26:46',63,5),(93,'2016-07-21 15:26:46','2016-07-21 15:26:46',66,5),(94,'2016-07-21 15:26:46','2016-07-21 15:26:46',70,5),(95,'2016-07-21 15:26:46','2016-07-21 15:26:46',71,5),(96,'2016-07-21 15:26:46','2016-07-21 15:26:46',72,5),(97,'2016-07-21 15:26:46','2016-07-21 15:26:46',76,5),(98,'2016-07-21 15:26:46','2016-07-21 15:26:46',77,5),(99,'2016-07-21 15:26:46','2016-07-21 15:26:46',79,5),(100,'2016-07-21 15:26:46','2016-07-21 15:26:46',87,5),(101,'2016-07-21 15:26:46','2016-07-21 15:26:46',91,5),(102,'2016-07-21 15:26:46','2016-07-21 15:26:46',95,5),(103,'2016-07-21 15:26:46','2016-07-21 15:26:46',96,5),(104,'2016-07-21 15:26:46','2016-07-21 15:26:46',99,5),(105,'2016-07-21 15:26:46','2016-07-21 15:26:46',102,5),(106,'2016-07-21 15:26:46','2016-07-21 15:26:46',103,5),(107,'2016-07-21 15:26:46','2016-07-21 15:26:46',112,5),(108,'2016-07-21 15:26:46','2016-07-21 15:26:46',114,5),(109,'2016-07-21 15:26:46','2016-07-21 15:26:46',117,5),(110,'2016-07-21 15:26:46','2016-07-21 15:26:46',125,5),(111,'2016-07-21 15:26:46','2016-07-21 15:26:46',134,5),(112,'2016-07-21 15:26:46','2016-07-21 15:26:46',137,5),(113,'2016-07-21 15:26:46','2016-07-21 15:26:46',138,5),(114,'2016-07-21 15:26:46','2016-07-21 15:26:46',139,5),(115,'2016-07-21 15:26:46','2016-07-21 15:26:46',140,5),(116,'2016-07-21 15:26:46','2016-07-21 15:26:46',145,5),(117,'2016-07-21 15:26:46','2016-07-21 15:26:46',153,5),(118,'2016-07-21 15:26:46','2016-07-21 15:26:46',154,5),(119,'2016-07-21 15:26:46','2016-07-21 15:26:46',155,5),(120,'2016-07-21 15:26:46','2016-07-21 15:26:46',156,5),(121,'2016-07-21 15:26:46','2016-07-21 15:26:46',158,5),(122,'2016-07-21 15:26:46','2016-07-21 15:26:46',161,5),(123,'2016-07-21 15:26:46','2016-07-21 15:26:46',164,5),(124,'2016-07-21 15:26:46','2016-07-21 15:26:46',167,5),(125,'2016-07-21 15:26:46','2016-07-21 15:26:46',168,5),(126,'2016-07-21 15:26:46','2016-07-21 15:26:46',169,5),(127,'2016-07-21 15:26:46','2016-07-21 15:26:46',177,5),(128,'2016-07-21 15:26:46','2016-07-21 15:26:46',178,5),(129,'2016-07-21 15:26:46','2016-07-21 15:26:46',179,5),(130,'2016-07-21 15:26:46','2016-07-21 15:26:46',184,5),(131,'2016-07-21 15:26:46','2016-07-21 15:26:46',186,5),(132,'2016-07-21 15:26:46','2016-07-21 15:26:46',216,5),(133,'2016-07-21 15:26:46','2016-07-21 15:26:46',217,5),(134,'2016-07-21 15:26:46','2016-07-21 15:26:46',219,5),(135,'2016-07-21 15:26:46','2016-07-21 15:26:46',221,5),(136,'2016-07-21 15:26:46','2016-07-21 15:26:46',226,5),(137,'2016-07-21 15:26:46','2016-07-21 15:26:46',227,5),(138,'2016-07-21 15:26:46','2016-07-21 15:26:46',228,5),(139,'2016-07-21 15:26:46','2016-07-21 15:26:46',229,5),(140,'2016-07-21 15:26:46','2016-07-21 15:26:46',231,5),(141,'2016-07-21 15:26:46','2016-07-21 15:26:46',234,5),(142,'2016-07-21 15:26:46','2016-07-21 15:26:46',239,5),(143,'2016-07-21 15:26:46','2016-07-21 15:26:46',240,5),(144,'2016-07-21 15:26:46','2016-07-21 15:26:46',243,5),(145,'2016-07-21 15:26:46','2016-07-21 15:26:46',244,5),(146,'2016-07-21 15:26:46','2016-07-21 15:26:46',245,5),(147,'2016-07-21 15:26:46','2016-07-21 15:26:46',246,5),(148,'2016-07-21 15:26:46','2016-07-21 15:26:46',250,5),(149,'2016-07-21 15:26:46','2016-07-21 15:26:46',251,5),(150,'2016-07-21 15:26:46','2016-07-21 15:26:46',252,5),(151,'2016-07-21 15:26:46','2016-07-21 15:26:46',256,5),(152,'2016-07-21 15:26:46','2016-07-21 15:26:46',259,5),(153,'2016-07-21 15:26:46','2016-07-21 15:26:46',269,5),(154,'2016-07-21 15:26:46','2016-07-21 15:26:46',270,5),(155,'2016-07-21 15:26:46','2016-07-21 15:26:46',271,5),(156,'2016-07-21 15:26:46','2016-07-21 15:26:46',286,5),(157,'2016-07-21 15:26:46','2016-07-21 15:26:46',288,5),(158,'2016-07-21 15:26:46','2016-07-21 15:26:46',292,5),(159,'2016-07-21 15:26:46','2016-07-21 15:26:46',293,5),(160,'2016-07-21 15:26:46','2016-07-21 15:26:46',295,5),(161,'2016-07-21 15:26:46','2016-07-21 15:26:46',296,5),(162,'2016-07-21 15:26:46','2016-07-21 15:26:46',297,5),(163,'2016-07-21 15:26:46','2016-07-21 15:26:46',298,5),(164,'2016-07-21 15:26:46','2016-07-21 15:26:46',300,5),(165,'2016-07-21 15:26:46','2016-07-21 15:26:46',310,5),(166,'2016-07-21 15:26:46','2016-07-21 15:26:46',312,5),(167,'2016-07-21 15:26:46','2016-07-21 15:26:46',318,5),(168,'2016-07-21 15:26:46','2016-07-21 15:26:46',5,5),(169,'2016-07-21 15:26:46','2016-07-21 15:26:46',6,5),(170,'2016-07-21 15:26:46','2016-07-21 15:26:46',27,5),(171,'2016-07-21 15:26:46','2016-07-21 15:26:46',28,5),(172,'2016-07-21 15:26:46','2016-07-21 15:26:46',30,5),(173,'2016-07-21 15:26:46','2016-07-21 15:26:46',31,5),(174,'2016-07-21 15:26:46','2016-07-21 15:26:46',33,5),(175,'2016-07-21 15:26:46','2016-07-21 15:26:46',35,5),(176,'2016-07-21 15:26:46','2016-07-21 15:26:46',36,5),(177,'2016-07-21 15:26:46','2016-07-21 15:26:46',39,5),(178,'2016-07-21 15:26:46','2016-07-21 15:26:46',40,5),(179,'2016-07-21 15:26:46','2016-07-21 15:26:46',43,5),(180,'2016-07-21 15:26:46','2016-07-21 15:26:46',44,5),(181,'2016-07-21 15:26:46','2016-07-21 15:26:46',45,5),(182,'2016-07-21 15:26:46','2016-07-21 15:26:46',46,5),(183,'2016-07-21 15:26:46','2016-07-21 15:26:46',47,5),(184,'2016-07-21 15:26:46','2016-07-21 15:26:46',48,5),(185,'2016-07-21 15:26:46','2016-07-21 15:26:46',49,5),(186,'2016-07-21 15:26:46','2016-07-21 15:26:46',50,5),(187,'2016-07-21 15:26:46','2016-07-21 15:26:46',54,5),(188,'2016-07-21 15:26:46','2016-07-21 15:26:46',55,5),(189,'2016-07-21 15:26:46','2016-07-21 15:26:46',61,5),(190,'2016-07-21 15:26:46','2016-07-21 15:26:46',62,5),(191,'2016-07-21 15:26:46','2016-07-21 15:26:46',64,5),(192,'2016-07-21 15:26:46','2016-07-21 15:26:46',65,5),(193,'2016-07-21 15:26:46','2016-07-21 15:26:46',74,5),(194,'2016-07-21 15:26:46','2016-07-21 15:26:46',78,5),(195,'2016-07-21 15:26:46','2016-07-21 15:26:46',80,5),(196,'2016-07-21 15:26:46','2016-07-21 15:26:46',81,5),(197,'2016-07-21 15:26:46','2016-07-21 15:26:46',82,5),(198,'2016-07-21 15:26:46','2016-07-21 15:26:46',83,5),(199,'2016-07-21 15:26:46','2016-07-21 15:26:46',85,5),(200,'2016-07-21 15:26:46','2016-07-21 15:26:46',86,5),(201,'2016-07-21 15:26:46','2016-07-21 15:26:46',88,5),(202,'2016-07-21 15:26:46','2016-07-21 15:26:46',89,5),(203,'2016-07-21 15:26:46','2016-07-21 15:26:46',90,5),(204,'2016-07-21 15:26:46','2016-07-21 15:26:46',92,5),(205,'2016-07-21 15:26:46','2016-07-21 15:26:46',93,5),(206,'2016-07-21 15:26:46','2016-07-21 15:26:46',94,5),(207,'2016-07-21 15:26:46','2016-07-21 15:26:46',97,5),(208,'2016-07-21 15:26:46','2016-07-21 15:26:46',98,5),(209,'2016-07-21 15:26:46','2016-07-21 15:26:46',99,5),(210,'2016-07-21 15:26:46','2016-07-21 15:26:46',100,5),(211,'2016-07-21 15:26:46','2016-07-21 15:26:46',101,5),(212,'2016-07-21 15:26:46','2016-07-21 15:26:46',104,5),(213,'2016-07-21 15:26:46','2016-07-21 15:26:46',105,5),(214,'2016-07-21 15:26:47','2016-07-21 15:26:47',106,5),(215,'2016-07-21 15:26:47','2016-07-21 15:26:47',107,5),(216,'2016-07-21 15:26:47','2016-07-21 15:26:47',108,5),(217,'2016-07-21 15:26:47','2016-07-21 15:26:47',109,5),(218,'2016-07-21 15:26:47','2016-07-21 15:26:47',110,5),(219,'2016-07-21 15:26:47','2016-07-21 15:26:47',111,5),(220,'2016-07-21 15:26:47','2016-07-21 15:26:47',113,5),(221,'2016-07-21 15:26:47','2016-07-21 15:26:47',116,5),(222,'2016-07-21 15:26:47','2016-07-21 15:26:47',119,5),(223,'2016-07-21 15:26:47','2016-07-21 15:26:47',120,5),(224,'2016-07-21 15:26:47','2016-07-21 15:26:47',121,5),(225,'2016-07-21 15:26:47','2016-07-21 15:26:47',122,5),(226,'2016-07-21 15:26:47','2016-07-21 15:26:47',124,5),(227,'2016-07-21 15:26:47','2016-07-21 15:26:47',127,5),(228,'2016-07-21 15:26:47','2016-07-21 15:26:47',128,5),(229,'2016-07-21 15:26:47','2016-07-21 15:26:47',129,5),(230,'2016-07-21 15:26:47','2016-07-21 15:26:47',130,5),(231,'2016-07-21 15:26:47','2016-07-21 15:26:47',132,5),(232,'2016-07-21 15:26:47','2016-07-21 15:26:47',133,5),(233,'2016-07-21 15:26:47','2016-07-21 15:26:47',136,5),(234,'2016-07-21 15:26:47','2016-07-21 15:26:47',137,5),(235,'2016-07-21 15:26:47','2016-07-21 15:26:47',141,5),(236,'2016-07-21 15:26:47','2016-07-21 15:26:47',144,5),(237,'2016-07-21 15:26:47','2016-07-21 15:26:47',145,5),(238,'2016-07-21 15:26:47','2016-07-21 15:26:47',146,5),(239,'2016-07-21 15:26:47','2016-07-21 15:26:47',148,5),(240,'2016-07-21 15:26:47','2016-07-21 15:26:47',150,5),(241,'2016-07-21 15:26:47','2016-07-21 15:26:47',152,5),(242,'2016-07-21 15:26:47','2016-07-21 15:26:47',157,5),(243,'2016-07-21 15:26:47','2016-07-21 15:26:47',159,5),(244,'2016-07-21 15:26:47','2016-07-21 15:26:47',160,5),(245,'2016-07-21 15:26:47','2016-07-21 15:26:47',161,5),(246,'2016-07-21 15:26:47','2016-07-21 15:26:47',164,5),(247,'2016-07-21 15:26:47','2016-07-21 15:26:47',165,5),(248,'2016-07-21 15:26:47','2016-07-21 15:26:47',168,5),(249,'2016-07-21 15:26:47','2016-07-21 15:26:47',171,5),(250,'2016-07-21 15:26:47','2016-07-21 15:26:47',172,5),(251,'2016-07-21 15:26:47','2016-07-21 15:26:47',173,5),(252,'2016-07-21 15:26:47','2016-07-21 15:26:47',174,5),(253,'2016-07-21 15:26:47','2016-07-21 15:26:47',175,5),(254,'2016-07-21 15:26:47','2016-07-21 15:26:47',176,5),(255,'2016-07-21 15:26:47','2016-07-21 15:26:47',177,5),(256,'2016-07-21 15:26:47','2016-07-21 15:26:47',180,5),(257,'2016-07-21 15:26:47','2016-07-21 15:26:47',182,5),(258,'2016-07-21 15:26:47','2016-07-21 15:26:47',183,5),(259,'2016-07-21 15:26:47','2016-07-21 15:26:47',185,5),(260,'2016-07-21 15:26:47','2016-07-21 15:26:47',188,5),(261,'2016-07-21 15:26:47','2016-07-21 15:26:47',215,5),(262,'2016-07-21 15:26:47','2016-07-21 15:26:47',217,5),(263,'2016-07-21 15:26:47','2016-07-21 15:26:47',218,5),(264,'2016-07-21 15:26:47','2016-07-21 15:26:47',220,5),(265,'2016-07-21 15:26:47','2016-07-21 15:26:47',224,5),(266,'2016-07-21 15:26:47','2016-07-21 15:26:47',225,5),(267,'2016-07-21 15:26:47','2016-07-21 15:26:47',230,5),(268,'2016-07-21 15:26:47','2016-07-21 15:26:47',231,5),(269,'2016-07-21 15:26:47','2016-07-21 15:26:47',232,5),(270,'2016-07-21 15:26:47','2016-07-21 15:26:47',233,5),(271,'2016-07-21 15:26:47','2016-07-21 15:26:47',235,5),(272,'2016-07-21 15:26:47','2016-07-21 15:26:47',237,5),(273,'2016-07-21 15:26:47','2016-07-21 15:26:47',238,5),(274,'2016-07-21 15:26:47','2016-07-21 15:26:47',242,5),(275,'2016-07-21 15:26:47','2016-07-21 15:26:47',243,5),(276,'2016-07-21 15:26:47','2016-07-21 15:26:47',246,5),(277,'2016-07-21 15:26:47','2016-07-21 15:26:47',247,5),(278,'2016-07-21 15:26:47','2016-07-21 15:26:47',250,5),(279,'2016-07-21 15:26:47','2016-07-21 15:26:47',253,5),(280,'2016-07-21 15:26:47','2016-07-21 15:26:47',255,5),(281,'2016-07-21 15:26:47','2016-07-21 15:26:47',257,5),(282,'2016-07-21 15:26:47','2016-07-21 15:26:47',258,5),(283,'2016-07-21 15:26:47','2016-07-21 15:26:47',260,5),(284,'2016-07-21 15:26:47','2016-07-21 15:26:47',261,5),(285,'2016-07-21 15:26:47','2016-07-21 15:26:47',262,5),(286,'2016-07-21 15:26:47','2016-07-21 15:26:47',265,5),(287,'2016-07-21 15:26:47','2016-07-21 15:26:47',267,5),(288,'2016-07-21 15:26:47','2016-07-21 15:26:47',268,5),(289,'2016-07-21 15:26:47','2016-07-21 15:26:47',269,5),(290,'2016-07-21 15:26:47','2016-07-21 15:26:47',270,5),(291,'2016-07-21 15:26:47','2016-07-21 15:26:47',272,5),(292,'2016-07-21 15:26:47','2016-07-21 15:26:47',273,5),(293,'2016-07-21 15:26:47','2016-07-21 15:26:47',274,5),(294,'2016-07-21 15:26:47','2016-07-21 15:26:47',275,5),(295,'2016-07-21 15:26:47','2016-07-21 15:26:47',276,5),(296,'2016-07-21 15:26:47','2016-07-21 15:26:47',277,5),(297,'2016-07-21 15:26:47','2016-07-21 15:26:47',278,5),(298,'2016-07-21 15:26:47','2016-07-21 15:26:47',279,5),(299,'2016-07-21 15:26:47','2016-07-21 15:26:47',280,5),(300,'2016-07-21 15:26:47','2016-07-21 15:26:47',281,5),(301,'2016-07-21 15:26:47','2016-07-21 15:26:47',282,5),(302,'2016-07-21 15:26:47','2016-07-21 15:26:47',283,5),(303,'2016-07-21 15:26:47','2016-07-21 15:26:47',284,5),(304,'2016-07-21 15:26:47','2016-07-21 15:26:47',285,5),(305,'2016-07-21 15:26:47','2016-07-21 15:26:47',287,5),(306,'2016-07-21 15:26:47','2016-07-21 15:26:47',289,5),(307,'2016-07-21 15:26:47','2016-07-21 15:26:47',290,5),(308,'2016-07-21 15:26:47','2016-07-21 15:26:47',291,5),(309,'2016-07-21 15:26:47','2016-07-21 15:26:47',294,5),(310,'2016-07-21 15:26:47','2016-07-21 15:26:47',299,5),(311,'2016-07-21 15:26:47','2016-07-21 15:26:47',301,5),(312,'2016-07-21 15:26:47','2016-07-21 15:26:47',302,5),(313,'2016-07-21 15:26:47','2016-07-21 15:26:47',303,5),(314,'2016-07-21 15:26:47','2016-07-21 15:26:47',304,5),(315,'2016-07-21 15:26:47','2016-07-21 15:26:47',306,5),(316,'2016-07-21 15:26:47','2016-07-21 15:26:47',307,5),(317,'2016-07-21 15:26:47','2016-07-21 15:26:47',308,5),(318,'2016-07-21 15:26:47','2016-07-21 15:26:47',309,5),(319,'2016-07-21 15:26:47','2016-07-21 15:26:47',311,5),(320,'2016-07-21 15:26:47','2016-07-21 15:26:47',313,5),(321,'2016-07-21 15:26:47','2016-07-21 15:26:47',314,5),(322,'2016-07-21 15:26:47','2016-07-21 15:26:47',315,5),(323,'2016-07-21 15:26:47','2016-07-21 15:26:47',5,5),(324,'2016-07-21 15:26:47','2016-07-21 15:26:47',27,5),(325,'2016-07-21 15:26:47','2016-07-21 15:26:47',30,5),(326,'2016-07-21 15:26:47','2016-07-21 15:26:47',31,5),(327,'2016-07-21 15:26:47','2016-07-21 15:26:47',36,5),(328,'2016-07-21 15:26:47','2016-07-21 15:26:47',39,5),(329,'2016-07-21 15:26:47','2016-07-21 15:26:47',40,5),(330,'2016-07-21 15:26:47','2016-07-21 15:26:47',44,5),(331,'2016-07-21 15:26:47','2016-07-21 15:26:47',50,5),(332,'2016-07-21 15:26:47','2016-07-21 15:26:47',61,5),(333,'2016-07-21 15:26:47','2016-07-21 15:26:47',65,5),(334,'2016-07-21 15:26:47','2016-07-21 15:26:47',81,5),(335,'2016-07-21 15:26:47','2016-07-21 15:26:47',90,5),(336,'2016-07-21 15:26:47','2016-07-21 15:26:47',108,5),(337,'2016-07-21 15:26:47','2016-07-21 15:26:47',123,5),(338,'2016-07-21 15:26:47','2016-07-21 15:26:47',126,5),(339,'2016-07-21 15:26:47','2016-07-21 15:26:47',135,5),(340,'2016-07-21 15:26:47','2016-07-21 15:26:47',142,5),(341,'2016-07-21 15:26:47','2016-07-21 15:26:47',143,5),(342,'2016-07-21 15:26:47','2016-07-21 15:26:47',147,5),(343,'2016-07-21 15:26:47','2016-07-21 15:26:47',154,5),(344,'2016-07-21 15:26:47','2016-07-21 15:26:47',160,5),(345,'2016-07-21 15:26:47','2016-07-21 15:26:47',164,5),(346,'2016-07-21 15:26:47','2016-07-21 15:26:47',165,5),(347,'2016-07-21 15:26:47','2016-07-21 15:26:47',168,5),(348,'2016-07-21 15:26:47','2016-07-21 15:26:47',173,5),(349,'2016-07-21 15:26:47','2016-07-21 15:26:47',175,5),(350,'2016-07-21 15:26:47','2016-07-21 15:26:47',180,5),(351,'2016-07-21 15:26:47','2016-07-21 15:26:47',182,5),(352,'2016-07-21 15:26:47','2016-07-21 15:26:47',183,5),(353,'2016-07-21 15:26:47','2016-07-21 15:26:47',233,5),(354,'2016-07-21 15:26:47','2016-07-21 15:26:47',237,5),(355,'2016-07-21 15:26:47','2016-07-21 15:26:47',250,5),(356,'2016-07-21 15:26:47','2016-07-21 15:26:47',254,5),(357,'2016-07-21 15:26:47','2016-07-21 15:26:47',266,5),(358,'2016-07-21 15:26:47','2016-07-21 15:26:47',269,5),(359,'2016-07-21 15:26:47','2016-07-21 15:26:47',290,5),(360,'2016-07-21 15:26:47','2016-07-21 15:26:47',305,5),(361,'2016-07-21 15:26:47','2016-07-21 15:26:47',316,5),(362,'2016-07-21 15:26:47','2016-07-21 15:26:47',317,5),(363,'2016-07-21 15:26:47','2016-07-21 15:26:47',2,4),(364,'2016-07-21 15:26:47','2016-07-21 15:26:47',3,4),(365,'2016-07-21 15:26:47','2016-07-21 15:26:47',5,4),(366,'2016-07-21 15:26:47','2016-07-21 15:26:47',8,4),(367,'2016-07-21 15:26:47','2016-07-21 15:26:47',9,4),(368,'2016-07-21 15:26:47','2016-07-21 15:26:47',10,4),(369,'2016-07-21 15:26:47','2016-07-21 15:26:47',12,4),(370,'2016-07-21 15:26:47','2016-07-21 15:26:47',13,4),(371,'2016-07-21 15:26:47','2016-07-21 15:26:47',14,4),(372,'2016-07-21 15:26:47','2016-07-21 15:26:47',15,4),(373,'2016-07-21 15:26:47','2016-07-21 15:26:47',16,4),(374,'2016-07-21 15:26:47','2016-07-21 15:26:47',17,4),(375,'2016-07-21 15:26:47','2016-07-21 15:26:47',18,4),(376,'2016-07-21 15:26:47','2016-07-21 15:26:47',19,4),(377,'2016-07-21 15:26:47','2016-07-21 15:26:47',20,4),(378,'2016-07-21 15:26:47','2016-07-21 15:26:47',21,4),(379,'2016-07-21 15:26:47','2016-07-21 15:26:47',22,4),(380,'2016-07-21 15:26:47','2016-07-21 15:26:47',23,4),(381,'2016-07-21 15:26:47','2016-07-21 15:26:47',46,4),(382,'2016-07-21 15:26:47','2016-07-21 15:26:47',123,4),(383,'2016-07-21 15:26:47','2016-07-21 15:26:47',137,4),(384,'2016-07-21 15:26:47','2016-07-21 15:26:47',145,4),(385,'2016-07-21 15:26:47','2016-07-21 15:26:47',167,4),(386,'2016-07-21 15:26:47','2016-07-21 15:26:47',246,4),(387,'2016-07-21 15:26:47','2016-07-21 15:26:47',250,4),(388,'2016-07-21 15:26:47','2016-07-21 15:26:47',266,4),(389,'2016-07-21 15:26:47','2016-07-21 15:26:47',269,4),(390,'2016-07-21 15:26:47','2016-07-21 15:26:47',305,4),(391,'2016-07-21 15:26:47','2016-07-21 15:26:47',316,4),(392,'2016-07-21 15:26:47','2016-07-21 15:26:47',318,1),(393,'2016-07-21 15:26:47','2016-07-21 15:26:47',319,1),(394,'2016-07-21 15:26:47','2016-07-21 15:26:47',319,5);
/*!40000 ALTER TABLE `privileges` ENABLE KEYS */;
UNLOCK TABLES;

--
-- Table structure for table `proposal_platforms`
--

DROP TABLE IF EXISTS `proposal_platforms`;
/*!40101 SET @saved_cs_client     = @@character_set_client */;
/*!40101 SET character_set_client = utf8 */;
CREATE TABLE `proposal_platforms` (
  `id` int(11) NOT NULL AUTO_INCREMENT,
  `proposal_id` int(11) DEFAULT NULL,
  `platform_id` int(11) DEFAULT NULL,
  `created_at` datetime NOT NULL,
  `updated_at` datetime NOT NULL,
  PRIMARY KEY (`id`)
) ENGINE=InnoDB AUTO_INCREMENT=366 DEFAULT CHARSET=utf8 COLLATE=utf8_unicode_ci;
/*!40101 SET character_set_client = @saved_cs_client */;

--
-- Dumping data for table `proposal_platforms`
--

LOCK TABLES `proposal_platforms` WRITE;
/*!40000 ALTER TABLE `proposal_platforms` DISABLE KEYS */;
/*!40000 ALTER TABLE `proposal_platforms` ENABLE KEYS */;
UNLOCK TABLES;

--
-- Table structure for table `proposal_sample_types`
--

DROP TABLE IF EXISTS `proposal_sample_types`;
/*!40101 SET @saved_cs_client     = @@character_set_client */;
/*!40101 SET character_set_client = utf8 */;
CREATE TABLE `proposal_sample_types` (
  `id` int(11) NOT NULL AUTO_INCREMENT,
  `proposal_id` int(11) DEFAULT NULL,
  `sample_type_id` int(11) DEFAULT NULL,
  `created_at` datetime NOT NULL,
  `updated_at` datetime NOT NULL,
  PRIMARY KEY (`id`),
  KEY `index_proposal_sample_types_on_proposal_id` (`proposal_id`) USING BTREE,
  KEY `index_proposal_sample_types_on_sample_type_id` (`sample_type_id`) USING BTREE
) ENGINE=InnoDB AUTO_INCREMENT=174 DEFAULT CHARSET=utf8 COLLATE=utf8_unicode_ci;
/*!40101 SET character_set_client = @saved_cs_client */;

--
-- Dumping data for table `proposal_sample_types`
--

LOCK TABLES `proposal_sample_types` WRITE;
/*!40000 ALTER TABLE `proposal_sample_types` DISABLE KEYS */;
/*!40000 ALTER TABLE `proposal_sample_types` ENABLE KEYS */;
UNLOCK TABLES;

--
-- Table structure for table `proposal_statuses`
--

DROP TABLE IF EXISTS `proposal_statuses`;
/*!40101 SET @saved_cs_client     = @@character_set_client */;
/*!40101 SET character_set_client = utf8 */;
CREATE TABLE `proposal_statuses` (
  `id` int(11) NOT NULL AUTO_INCREMENT,
  `name` varchar(255) COLLATE utf8_unicode_ci DEFAULT NULL,
  `code` varchar(255) COLLATE utf8_unicode_ci DEFAULT NULL,
  `created_at` datetime NOT NULL,
  `updated_at` datetime NOT NULL,
  PRIMARY KEY (`id`)
) ENGINE=InnoDB AUTO_INCREMENT=9 DEFAULT CHARSET=utf8 COLLATE=utf8_unicode_ci;
/*!40101 SET character_set_client = @saved_cs_client */;

--
-- Dumping data for table `proposal_statuses`
--

LOCK TABLES `proposal_statuses` WRITE;
/*!40000 ALTER TABLE `proposal_statuses` DISABLE KEYS */;
INSERT INTO `proposal_statuses` VALUES (1,'Draft/private proposal','draft','2016-07-21 15:26:47','2016-07-21 15:26:47'),(2,'Pending review','pending','2016-07-21 15:26:47','2016-07-21 15:26:47'),(3,'Under committee review','review','2016-07-21 15:26:47','2016-07-21 15:26:47'),(4,'Accepted/project initiated','accepted','2016-07-21 15:26:47','2016-07-21 15:26:47'),(5,'Rejected','rejected','2016-07-21 15:26:47','2016-07-21 15:26:47'),(6,'Abandoned','abandoned','2016-07-21 15:26:47','2016-07-21 15:26:47'),(7,'Complete/deprecated','complete','2016-07-21 15:26:47','2016-07-21 15:26:47'),(8,'Awaiting revision',' revision','2016-07-21 15:26:47','2016-07-21 15:26:47');
/*!40000 ALTER TABLE `proposal_statuses` ENABLE KEYS */;
UNLOCK TABLES;

--
-- Table structure for table `proposals`
--

DROP TABLE IF EXISTS `proposals`;
/*!40101 SET @saved_cs_client     = @@character_set_client */;
/*!40101 SET character_set_client = utf8 */;
CREATE TABLE `proposals` (
  `id` int(11) NOT NULL AUTO_INCREMENT,
  `name` varchar(255) COLLATE utf8_unicode_ci DEFAULT NULL,
  `code` varchar(10) COLLATE utf8_unicode_ci DEFAULT NULL,
  `objectives` text COLLATE utf8_unicode_ci,
  `background` text COLLATE utf8_unicode_ci,
  `design_details` text COLLATE utf8_unicode_ci,
  `sample_availability` text COLLATE utf8_unicode_ci,
  `contributions` text COLLATE utf8_unicode_ci,
  `comments` text COLLATE utf8_unicode_ci,
  `proposal_status_id` int(11) DEFAULT NULL,
  `user_id` int(11) DEFAULT NULL,
  `lab_group_id` int(11) DEFAULT NULL,
  `submitted` tinyint(1) DEFAULT '0',
  `created_at` datetime NOT NULL,
  `updated_at` datetime NOT NULL,
  `ccgd_policy_approval` tinyint(1) DEFAULT '0',
  PRIMARY KEY (`id`),
  KEY `index_proposals_on_lab_group_id` (`lab_group_id`) USING BTREE,
  KEY `index_proposals_on_proposal_status_id` (`proposal_status_id`) USING BTREE,
  KEY `index_proposals_on_user_id` (`user_id`) USING BTREE
) ENGINE=InnoDB AUTO_INCREMENT=179 DEFAULT CHARSET=utf8 COLLATE=utf8_unicode_ci;
/*!40101 SET character_set_client = @saved_cs_client */;

--
-- Dumping data for table `proposals`
--

LOCK TABLES `proposals` WRITE;
/*!40000 ALTER TABLE `proposals` DISABLE KEYS */;
/*!40000 ALTER TABLE `proposals` ENABLE KEYS */;
UNLOCK TABLES;

--
-- Table structure for table `roles`
--

DROP TABLE IF EXISTS `roles`;
/*!40101 SET @saved_cs_client     = @@character_set_client */;
/*!40101 SET character_set_client = utf8 */;
CREATE TABLE `roles` (
  `id` int(11) NOT NULL AUTO_INCREMENT,
  `name` varchar(255) COLLATE utf8_unicode_ci DEFAULT NULL,
  `description` varchar(255) COLLATE utf8_unicode_ci DEFAULT NULL,
  `created_at` datetime NOT NULL,
  `updated_at` datetime NOT NULL,
  PRIMARY KEY (`id`)
) ENGINE=InnoDB AUTO_INCREMENT=6 DEFAULT CHARSET=utf8 COLLATE=utf8_unicode_ci;
/*!40101 SET character_set_client = @saved_cs_client */;

--
-- Dumping data for table `roles`
--

LOCK TABLES `roles` WRITE;
/*!40000 ALTER TABLE `roles` DISABLE KEYS */;
INSERT INTO `roles` VALUES (1,'CCGD Administrator','admin','2016-07-21 15:26:46','2016-07-21 15:26:46'),(2,'CCGD Faculty','faculty','2016-07-21 15:26:46','2016-07-21 15:26:46'),(3,'CCGD Lab Staff','staff','2016-07-21 15:26:46','2016-07-21 15:26:46'),(4,'CCGD Scientific Advisor','advisor','2016-07-21 15:26:46','2016-07-21 15:26:46'),(5,'CCGD Submitter','submitter','2016-07-21 15:26:46','2016-07-21 15:26:46');
/*!40000 ALTER TABLE `roles` ENABLE KEYS */;
UNLOCK TABLES;

--
-- Table structure for table `sample_types`
--

DROP TABLE IF EXISTS `sample_types`;
/*!40101 SET @saved_cs_client     = @@character_set_client */;
/*!40101 SET character_set_client = utf8 */;
CREATE TABLE `sample_types` (
  `id` int(11) NOT NULL AUTO_INCREMENT,
  `name` varchar(255) COLLATE utf8_unicode_ci DEFAULT NULL,
  `created_at` datetime NOT NULL,
  `updated_at` datetime NOT NULL,
  PRIMARY KEY (`id`)
) ENGINE=InnoDB AUTO_INCREMENT=24 DEFAULT CHARSET=utf8 COLLATE=utf8_unicode_ci;
/*!40101 SET character_set_client = @saved_cs_client */;

--
-- Dumping data for table `sample_types`
--

LOCK TABLES `sample_types` WRITE;
/*!40000 ALTER TABLE `sample_types` DISABLE KEYS */;
INSERT INTO `sample_types` VALUES (1,'RNA','2016-07-21 15:26:48','2016-07-21 15:26:48'),(2,'DNA','2016-07-21 15:26:48','2016-07-21 15:26:48'),(3,'cfDNA','2016-07-21 15:26:48','2016-07-21 15:26:48');
/*!40000 ALTER TABLE `sample_types` ENABLE KEYS */;
UNLOCK TABLES;

--
-- Table structure for table `schema_migrations`
--

DROP TABLE IF EXISTS `schema_migrations`;
/*!40101 SET @saved_cs_client     = @@character_set_client */;
/*!40101 SET character_set_client = utf8 */;
CREATE TABLE `schema_migrations` (
  `version` varchar(255) COLLATE utf8_unicode_ci NOT NULL,
  UNIQUE KEY `unique_schema_migrations` (`version`)
) ENGINE=InnoDB DEFAULT CHARSET=utf8 COLLATE=utf8_unicode_ci;
/*!40101 SET character_set_client = @saved_cs_client */;

--
-- Dumping data for table `schema_migrations`
--

LOCK TABLES `schema_migrations` WRITE;
/*!40000 ALTER TABLE `schema_migrations` DISABLE KEYS */;
INSERT INTO `schema_migrations` VALUES ('20160315193611'),('20160315194655'),('20160317142741'),('20160317193242'),('20160317194419'),('20160317202841'),('20160317202953'),('20160317204633'),('20160317205018'),('20160317211647'),('20160317211754'),('20160320233537'),('20160321220211'),('20160323145314'),('20160323150814'),('20160323193542'),('20160323193614'),('20160324175341'),('20160418170856'),('20160425171716'),('20160502160730'),('20160502160753'),('20160502162508'),('20160512194731'),('20160512194754'),('20160516193224'),('20160518202334'),('20160602175413'),('20160617203017'),('20160620114924'),('20160628120020'),('20160707192841'),('20160721151621'),('20160721151815');
/*!40000 ALTER TABLE `schema_migrations` ENABLE KEYS */;
UNLOCK TABLES;

--
-- Table structure for table `states`
--

DROP TABLE IF EXISTS `states`;
/*!40101 SET @saved_cs_client     = @@character_set_client */;
/*!40101 SET character_set_client = utf8 */;
CREATE TABLE `states` (
  `id` int(11) NOT NULL AUTO_INCREMENT,
  `name` varchar(255) COLLATE utf8_unicode_ci DEFAULT NULL,
  `code` varchar(255) COLLATE utf8_unicode_ci DEFAULT NULL,
  `created_at` datetime NOT NULL,
  `updated_at` datetime NOT NULL,
  PRIMARY KEY (`id`)
) ENGINE=InnoDB AUTO_INCREMENT=52 DEFAULT CHARSET=utf8 COLLATE=utf8_unicode_ci;
/*!40101 SET character_set_client = @saved_cs_client */;

--
-- Dumping data for table `states`
--

LOCK TABLES `states` WRITE;
/*!40000 ALTER TABLE `states` DISABLE KEYS */;
INSERT INTO `states` VALUES (1,'Alabama','AL','2016-07-21 15:26:39','2016-07-21 15:26:39'),(2,'Alaska','AK','2016-07-21 15:26:39','2016-07-21 15:26:39'),(3,'Arizona','AZ','2016-07-21 15:26:39','2016-07-21 15:26:39'),(4,'Arkansas','AR','2016-07-21 15:26:39','2016-07-21 15:26:39'),(5,'California','CA','2016-07-21 15:26:39','2016-07-21 15:26:39'),(6,'Colorado','CO','2016-07-21 15:26:39','2016-07-21 15:26:39'),(7,'Connecticut','CT','2016-07-21 15:26:39','2016-07-21 15:26:39'),(8,'Delaware','DE','2016-07-21 15:26:39','2016-07-21 15:26:39'),(9,'Florida','FL','2016-07-21 15:26:39','2016-07-21 15:26:39'),(10,'Georgia','GA','2016-07-21 15:26:39','2016-07-21 15:26:39'),(11,'Hawaii','HI','2016-07-21 15:26:39','2016-07-21 15:26:39'),(12,'Idaho','ID','2016-07-21 15:26:39','2016-07-21 15:26:39'),(13,'Illinois','IL','2016-07-21 15:26:39','2016-07-21 15:26:39'),(14,'Indiana','IN','2016-07-21 15:26:39','2016-07-21 15:26:39'),(15,'Iowa','IA','2016-07-21 15:26:39','2016-07-21 15:26:39'),(16,'Kansas','KS','2016-07-21 15:26:39','2016-07-21 15:26:39'),(17,'Kentucky','KY','2016-07-21 15:26:39','2016-07-21 15:26:39'),(18,'Louisiana','LA','2016-07-21 15:26:39','2016-07-21 15:26:39'),(19,'Maine','ME','2016-07-21 15:26:39','2016-07-21 15:26:39'),(20,'Maryland','MD','2016-07-21 15:26:39','2016-07-21 15:26:39'),(21,'Massachusetts','MA','2016-07-21 15:26:39','2016-07-21 15:26:39'),(22,'Michigan','MI','2016-07-21 15:26:39','2016-07-21 15:26:39'),(23,'Minnesota','MN','2016-07-21 15:26:39','2016-07-21 15:26:39'),(24,'Mississippi','MS','2016-07-21 15:26:39','2016-07-21 15:26:39'),(25,'Missouri','MO','2016-07-21 15:26:39','2016-07-21 15:26:39'),(26,'Montana','MT','2016-07-21 15:26:39','2016-07-21 15:26:39'),(27,'Nebraska','NE','2016-07-21 15:26:39','2016-07-21 15:26:39'),(28,'Nevada','NV','2016-07-21 15:26:39','2016-07-21 15:26:39'),(29,'New Hampshire','NH','2016-07-21 15:26:39','2016-07-21 15:26:39'),(30,'New Jersey','NJ','2016-07-21 15:26:39','2016-07-21 15:26:39'),(31,'New Mexico','NM','2016-07-21 15:26:39','2016-07-21 15:26:39'),(32,'New York','NY','2016-07-21 15:26:39','2016-07-21 15:26:39'),(33,'North Carolina','NC','2016-07-21 15:26:39','2016-07-21 15:26:39'),(34,'North Dakota','ND','2016-07-21 15:26:39','2016-07-21 15:26:39'),(35,'Ohio','OH','2016-07-21 15:26:39','2016-07-21 15:26:39'),(36,'Oklahoma','OK','2016-07-21 15:26:39','2016-07-21 15:26:39'),(37,'Oregon','OR','2016-07-21 15:26:39','2016-07-21 15:26:39'),(38,'Pennsylvania','PA','2016-07-21 15:26:39','2016-07-21 15:26:39'),(39,'Rhode Island','RI','2016-07-21 15:26:39','2016-07-21 15:26:39'),(40,'South Carolina','SC','2016-07-21 15:26:39','2016-07-21 15:26:39'),(41,'South Dakota','SD','2016-07-21 15:26:39','2016-07-21 15:26:39'),(42,'Tennessee','TN','2016-07-21 15:26:39','2016-07-21 15:26:39'),(43,'Texas','TX','2016-07-21 15:26:39','2016-07-21 15:26:39'),(44,'Utah','UT','2016-07-21 15:26:39','2016-07-21 15:26:39'),(45,'Vermont','VT','2016-07-21 15:26:39','2016-07-21 15:26:39'),(46,'Virginia','VA','2016-07-21 15:26:39','2016-07-21 15:26:39'),(47,'Washington','WA','2016-07-21 15:26:39','2016-07-21 15:26:39'),(48,'West Virginia','WV','2016-07-21 15:26:39','2016-07-21 15:26:39'),(49,'Wisconsin','WI','2016-07-21 15:26:39','2016-07-21 15:26:39'),(50,'Wyoming','WY','2016-07-21 15:26:39','2016-07-21 15:26:39'),(51,'District of Columbia','DC','2016-07-21 15:26:39','2016-07-21 15:26:39');
/*!40000 ALTER TABLE `states` ENABLE KEYS */;
UNLOCK TABLES;

--
-- Table structure for table `user_custom_labgroups`
--

DROP TABLE IF EXISTS `user_custom_labgroups`;
/*!40101 SET @saved_cs_client     = @@character_set_client */;
/*!40101 SET character_set_client = utf8 */;
CREATE TABLE `user_custom_labgroups` (
  `id` int(11) NOT NULL AUTO_INCREMENT,
  `custom_labgroup_name` varchar(255) COLLATE utf8_unicode_ci DEFAULT NULL,
  `custom_labgroup_code` varchar(255) COLLATE utf8_unicode_ci DEFAULT NULL,
  `custom_labgroup_building` varchar(255) COLLATE utf8_unicode_ci DEFAULT NULL,
  `custom_labgroup_room` varchar(255) COLLATE utf8_unicode_ci DEFAULT NULL,
  `custom_street` varchar(255) COLLATE utf8_unicode_ci DEFAULT NULL,
  `custom_city` varchar(255) COLLATE utf8_unicode_ci DEFAULT NULL,
  `custom_country` varchar(255) COLLATE utf8_unicode_ci DEFAULT NULL,
  `state_id` int(11) DEFAULT NULL,
  `user_id` int(11) DEFAULT NULL,
  `created_at` datetime NOT NULL,
  `updated_at` datetime NOT NULL,
  PRIMARY KEY (`id`)
) ENGINE=InnoDB DEFAULT CHARSET=utf8 COLLATE=utf8_unicode_ci;
/*!40101 SET character_set_client = @saved_cs_client */;

--
-- Dumping data for table `user_custom_labgroups`
--

LOCK TABLES `user_custom_labgroups` WRITE;
/*!40000 ALTER TABLE `user_custom_labgroups` DISABLE KEYS */;
/*!40000 ALTER TABLE `user_custom_labgroups` ENABLE KEYS */;
UNLOCK TABLES;

--
-- Table structure for table `user_custom_organizations`
--

DROP TABLE IF EXISTS `user_custom_organizations`;
/*!40101 SET @saved_cs_client     = @@character_set_client */;
/*!40101 SET character_set_client = utf8 */;
CREATE TABLE `user_custom_organizations` (
  `id` int(11) NOT NULL AUTO_INCREMENT,
  `custom_org_name` varchar(255) COLLATE utf8_unicode_ci DEFAULT NULL,
  `custom_org_phone` varchar(255) COLLATE utf8_unicode_ci DEFAULT NULL,
  `custom_org_email` varchar(255) COLLATE utf8_unicode_ci DEFAULT NULL,
  `custom_street` varchar(255) COLLATE utf8_unicode_ci DEFAULT NULL,
  `custom_city` varchar(255) COLLATE utf8_unicode_ci DEFAULT NULL,
  `custom_country` varchar(255) COLLATE utf8_unicode_ci DEFAULT NULL,
  `state_id` int(11) DEFAULT NULL,
  `user_id` int(11) DEFAULT NULL,
  `created_at` datetime NOT NULL,
  `updated_at` datetime NOT NULL,
  PRIMARY KEY (`id`)
) ENGINE=InnoDB DEFAULT CHARSET=utf8 COLLATE=utf8_unicode_ci;
/*!40101 SET character_set_client = @saved_cs_client */;

--
-- Dumping data for table `user_custom_organizations`
--

LOCK TABLES `user_custom_organizations` WRITE;
/*!40000 ALTER TABLE `user_custom_organizations` DISABLE KEYS */;
/*!40000 ALTER TABLE `user_custom_organizations` ENABLE KEYS */;
UNLOCK TABLES;

--
-- Table structure for table `users`
--

DROP TABLE IF EXISTS `users`;
/*!40101 SET @saved_cs_client     = @@character_set_client */;
/*!40101 SET character_set_client = utf8 */;
CREATE TABLE `users` (
  `id` int(11) NOT NULL AUTO_INCREMENT,
  `firstname` varchar(255) COLLATE utf8_unicode_ci DEFAULT NULL,
  `lastname` varchar(255) COLLATE utf8_unicode_ci DEFAULT NULL,
  `email` varchar(255) COLLATE utf8_unicode_ci DEFAULT NULL,
  `phone` varchar(255) COLLATE utf8_unicode_ci DEFAULT NULL,
  `created_at` datetime NOT NULL,
  `updated_at` datetime NOT NULL,
  `username` varchar(255) COLLATE utf8_unicode_ci DEFAULT NULL,
  `password_digest` varchar(255) COLLATE utf8_unicode_ci DEFAULT NULL,
  `organization_id` int(11) DEFAULT NULL,
  `status` varchar(2) COLLATE utf8_unicode_ci DEFAULT NULL,
  `password_reset_token` varchar(255) COLLATE utf8_unicode_ci DEFAULT NULL,
  `password_reset_sent_at` datetime DEFAULT NULL,
  PRIMARY KEY (`id`)
) ENGINE=InnoDB AUTO_INCREMENT=1078 DEFAULT CHARSET=utf8 COLLATE=utf8_unicode_ci;
/*!40101 SET character_set_client = @saved_cs_client */;

--
-- Dumping data for table `users`
--

LOCK TABLES `users` WRITE;
/*!40000 ALTER TABLE `users` DISABLE KEYS */;
INSERT INTO `users` VALUES (2,'Laura','Macconaill','laura_macconaill@dfci.harvard.edu','617-582-7754','2016-07-21 15:26:42','2016-07-21 15:26:42','laura','$2a$04$A7bDgrRECyeSHvsxw1q10Ohx3SPHrnw/m/2E9.azJ8lj0qXSOPanW',1,'A',NULL,NULL),(3,'Megan','Hanna','mhanna@broad.mit.edu','617-324-4824','2016-07-21 15:26:42','2016-07-21 15:26:42','megan','$2a$04$LbT6BAfq9CXrI.s4U1yAleW8SsxaJeiIV.bwwRNK3ot1d0q3ZzPeS',1,'A',NULL,NULL),(4,'Karen','Coughlan','karen_coughlan@dfci.harvard.edu','617-582-8736','2016-07-21 15:26:42','2016-07-21 15:26:42','karen','$2a$04$WbTOjfrgcySTgJX.x39frOW0eDvYR.r7pLsuMnUvYNAr2eXQrFlCK',1,'I',NULL,NULL),(5,'Katie','Campbell','catarina_campbell@dfci.harvard.edu','617-632-2930','2016-07-21 15:26:42','2016-07-21 15:26:42','katie','$2a$04$Uf1UNeMsriwOxUONePj3KOxOzRmMP.iTwqoeU6TKi2W2SQyJiq27y',1,'I',NULL,NULL),(6,'Nick','Wyhs','nwyhs@broad.mit.edu','617 582 8731','2016-07-21 15:26:42','2016-07-21 15:26:42','nick','$2a$04$joPnzrjz.3vAqZj2jQNR5.5FSdzOzjwJia/laOqC9qcYy2vl3eurG',1,'I',NULL,NULL),(7,'Su','Huang','suhuang@dfci.harvard.edu','','2016-07-21 15:26:42','2016-07-21 15:26:42','su','$2a$04$8RMzBqoeqx7KjoAeVeeMU.qngYUKLjM0OcgWoX0U6lv/Sjs8PJpe.',1,'I',NULL,NULL),(8,'Matt','Freedman','matthew_freedman@dfci.harvard.edu','617-582-8598','2016-07-21 15:26:42','2016-07-21 15:26:42','matt','$2a$04$OlhcZvyxjWLrg77SKh4Tg.JxJqxTPgryhQ/knZFCinnlYILfZvHeS',1,'A',NULL,NULL),(9,'Levi','Garraway','levi_garraway@dfci.harvard.edu','617-632-6689','2016-07-21 15:26:42','2016-07-21 15:26:42','levi','$2a$04$Axw6cCJochkD7Fm6Z9ag6ewr00VRcmdPskMIV45mSp1/71IR5eCza',1,'A',NULL,NULL),(10,'Todd','Golub','golub@broad.mit.edu','617-632-4903','2016-07-21 15:26:42','2016-07-21 15:26:42','todd','$2a$04$LrNDXomHURCe0E6exfEfTe9YQ3It9xLwvrnJEvRXjcm72ohisqHfe',1,'A',NULL,NULL),(11,'William','Hahn','william_hahn@dfci.harvard.edu','617-632-2641','2016-07-21 15:26:42','2016-07-21 15:26:42','wchahn','$2a$04$Tkfu8M6clFjG2.aMxroYA.R1k382ma.irp86aPr50kIajBrFJ.jW2',1,'A',NULL,NULL),(12,'Max','Loda','massimo_loda@dfci.harvard.edu','617-632-4001','2016-07-21 15:26:42','2016-07-21 15:26:42','max','$2a$04$ibhFvkoW0Pq47dwAI4kXf.5b0dwkf4wPmdLYVZTMQ7E7GQ0a3HWjq',1,'A',NULL,NULL),(13,'Matthew','Meyerson','matthew_meyerson@dfci.harvard.edu','617-632-4768','2016-07-21 15:26:42','2016-07-21 15:26:42','matthew','$2a$04$kscboR8NvGVj7I6KdrZJxOygf/aLV0LgXMTfT87ZIR4bQt2eaMN2i',1,'A',NULL,NULL),(14,'Nelly','Polyak','kornelia_polyak@dfci.harvard.edu','617-632-5746','2016-07-21 15:26:42','2016-07-21 15:26:42','nelly','$2a$04$IBmtRijwoE0U6W4KR9itHua/9wuzdl/5DzWmNJ3.jFcQPQUtXY7CW',1,'A',NULL,NULL),(15,'Ramesh','Shivdasani','ramesh_shivdasani@dfci.harvard.edu','617-632-5746','2016-07-21 15:26:42','2016-07-21 15:26:42','Ramesh','$2a$04$dV8llF8Z/CdV9ioUVWL9xOyWTiGYEaEvfibrvD7L9moL8pn3P/9yK',1,'A',NULL,NULL),(16,'Pasi','Janne','pasi_janne@dfci.harvard.edu','617-632-6036','2016-07-21 15:26:42','2016-07-21 15:26:42','Pasi','$2a$04$RM2VxQRR77vfOE/D/SchDOLrIMthQxuTlDzU7eP5/DOdTB8hj/pAq',1,'A',NULL,NULL),(17,'Rani','George','rani_george@dfci.harvard.edu','617-632-5281','2016-07-21 15:26:42','2016-07-21 15:26:42','rani','$2a$04$2DTIrn/mlkeHDbAygmHfr.BduuKFXB9Yy76jHRwoEV5hHYvGKGAAa',1,'A',NULL,NULL),(18,'Thomas','Roberts','thomas_roberts@dfci.harvard.edu','617-632-3049','2016-07-21 15:26:42','2016-07-21 15:26:42','Thomas','$2a$04$ALDzDIO/sbFPLenuTDBzAOoeSkrdV0Mgpw4skAWKhLGjiQYX/K.7y',1,'A',NULL,NULL),(19,'Thomas','Look','thomas_look@dfci.harvard.edu','617-632-5826','2016-07-21 15:26:42','2016-07-21 15:26:42','Thomaslook','$2a$04$tgqu4G29OmjaC5vCKsMsTu6ccuCFWpXTPS5APQYUSXPN4AhuSPfzS',1,'A',NULL,NULL),(20,'Jerome','Ritz','jerome_ritz@dfci.harvard.edu','617-632-3465','2016-07-21 15:26:42','2016-07-21 15:26:42','JRitz','$2a$04$a09OKZbkK01V/NSTDRHxUuklLB9Ty3PrplZPzVGgaR2S3FtHvQBJe',1,'A',NULL,NULL),(21,'Matthew','Kulke','matthew_kulke@dfci.harvard.edu','617-632-5136','2016-07-21 15:26:42','2016-07-21 15:26:42','MatthewK','$2a$04$cHTszsPp9egLTdkD1FzyjuA1w/TI1iAY4P3RkjRd5oWrwO7AhUE5i',1,'A',NULL,NULL),(22,'Margaret','Shipp','margaret_shipp@dfci.harvard.edu','617-632-3874','2016-07-21 15:26:42','2016-07-21 15:26:42','Margaret','$2a$04$a7ry5xBQAm6jo7zWkBV6o.Dev.zWXUxDSedCJ40eQguHS415wj4IK',1,'A',NULL,NULL),(23,'Philip','Kantoff','philip_kantoff@dfci.harvard.edu','617-632-1914','2016-07-21 15:26:42','2016-07-21 15:26:42','Philip','$2a$04$4z6cDrC4k1l/5PbYf2l0m.0PVA8Ao94i7ir6F4WhT.QUOtqPyfOAm',1,'A',NULL,NULL),(24,'Robert','Ross','robert_ross@dfci.harvard.edu','617-632-3237','2016-07-21 15:26:42','2016-07-21 15:26:42','RobertRoss','$2a$04$tr76Mgtdqy1aYmAF/vNrZODOUILVhxO00HJGMg7w5dHQhnZ5BJc/i',1,'A',NULL,NULL),(25,'Myles','Brown','myles_brown@dfci.harvard.edu','617-632-3948','2016-07-21 15:26:42','2016-07-21 15:26:42','mbrown','$2a$04$DBzh0syHx0Z9bBEchOciYuXalHH.68HWiasM1X8es0M0CO6/XVV1C',1,'A',NULL,NULL),(26,'Jennifer','Brown','jennifer_brown@dfci.harvard.edu','617-632-6692','2016-07-21 15:26:42','2016-07-21 15:26:42','JRBrown','$2a$04$QE1FjUPhpISKOeMnf7kptONGw.JLN5zsR7K5xaM1wPzLni4R4Mqm2',1,'A',NULL,NULL),(27,'Nasim','Ahmadiyeh','nahmadiyeh@partners.org','617-582-8682','2016-07-21 15:26:42','2016-07-21 15:26:42','nah495','$2a$04$c0dOhGIcjPtuAi6FWkCAV.LBol8MA23ZmF75Gn9Ex.mrl28r5UpKC',1,'A',NULL,NULL),(28,'Carrie','Emery','CarolineM_Emery@dfci.harvard.edu','617 632 1923','2016-07-21 15:26:42','2016-07-21 15:26:42','carrie','$2a$04$WgxgQIqcIbURpBJgVGLACOSCw8RLmedO654hFtKpS1GPyyLyOFW5a',1,'A',NULL,NULL),(30,'Alejandro','Gutierrez','alejandro_gutierrez@dfci.harvard.edu','617-632-2079','2016-07-21 15:26:42','2016-07-21 15:26:42','ag832','$2a$04$L5AQES1aRj57ER5lrJXd9OZSNWON2T2M.bbQxKOavCMElmy.X5m0e',1,'A',NULL,NULL),(31,'Kathryn','Penney','kpenney@hsph.harvard.edu','','2016-07-21 15:26:42','2016-07-21 15:26:42','kpenney','$2a$04$4Iuql8m5yPDbkQxXfZ24Tui94EVxTt9MJ09Q3mBWn9iGY2IEyGMYK',1,'A',NULL,NULL),(33,'elisa','benedettini','elisa_benedettini@dfci.harvard.edu','6176322148','2016-07-21 15:26:42','2016-07-21 15:26:42','eb802','$2a$04$N5wxXw5ecXuR9c3Aev8Qaug52pxTz2padVgewoSqZMRjYMPIWtPVK',1,'A',NULL,NULL),(34,'charles','stiles','charles_stiles@dfci.harvard.edu','617 632-3512','2016-07-21 15:26:42','2016-07-21 15:26:42','cds10','$2a$04$09VqH5Rb9PhLchvBrKdst.Pc5i2Ggsirv5.6spEzHKh0LZOoJMLu.',1,'A',NULL,NULL),(35,'Deborah','Goff','deborah_goff@dfci.harvard.edu','Feb-16','2016-07-21 15:26:42','2016-07-21 15:26:42','djg19','$2a$04$2AQ6ipglLobO6uchjNzdOubD1Ysy4VJL8fu5ctV7AmO1Bw55rD4ZO',1,'A',NULL,NULL),(36,'Christine','Beckwith','christine_beckwith@dfci.harvard.edu','6033876921','2016-07-21 15:26:42','2016-07-21 15:26:42','cb960','$2a$04$xDQi4BjUQUqRRN741GbmIOQiB8WB4QRMZNSHtUu3ktjHL50tmCJv.',1,'A',NULL,NULL),(37,'Lucian','Chirieac','LCHIRIEAC@PARTNERS.ORG','617 732 8126','2016-07-21 15:26:42','2016-07-21 15:26:42','lchirieac','$2a$04$c01XnTH29SJ1HDXDCszMA.hBL2I2a2zbQ.PYH1m.MYpcSrnRkeKNy',1,'A',NULL,NULL),(38,'Pat','Collaborator','ccgd@dfci.harvard.edu','27515','2016-07-21 15:26:42','2016-07-21 15:26:42','dfci_user','$2a$04$DWlmTfbJzyUs/jmjLy5Ake4GHeBZoiK3N0Q5FA5lcau591KohbJ.O',1,'I',NULL,NULL),(39,'mark','pomerantz','mpomerantz@partners.org','617-632-2312','2016-07-21 15:26:42','2016-07-21 15:26:42','mp91','$2a$04$Wxf8ts7uJqhZSenKQrV46.yjbhY88/lkLhQ50Im8DCyV.6VkQTF5O',1,'A',NULL,NULL),(40,'Keluo','Yao','keluo_yao@dfci.harvard.edu','617-582-8731','2016-07-21 15:26:42','2016-07-21 15:26:42','ky058','$2a$04$zay3Iv6egkD/4hT/vuaCC.1bUduKdmvVHkRjE9OfoqbyJMt0nGIl2',1,'I',NULL,NULL),(41,'Edward','Fox','edward_fox@dfci.harvard.edu','617-632-2116','2016-07-21 15:26:42','2016-07-21 15:26:42','foxedward','$2a$04$Lvq6TaYYoF1Vz180aBYurOhLkfTujsk81/0NcOra.lQEABWlOoFte',1,'A',NULL,NULL),(42,'Edwin','Choy','echoy@partners.org','617-459-6804','2016-07-21 15:26:42','2016-07-21 15:26:42','ec952','$2a$04$qCX6DwWmDD2dYj66t959vux0o8I1z5OkGkdeXIyeVvyDpcjqB380W',24,'A',NULL,NULL),(43,'Mark','Pomerantz','mark_pomerantz@dfci.harvard.edu','617-632-1914','2016-07-21 15:26:42','2016-07-21 15:26:42','mp37','$2a$04$x.EI9yI6CaPPdZCunLqMye.45l/BIkwPYcdW1feTLINV7ZCEx8ZpC',1,'A',NULL,NULL),(44,'HIROKI','YAMADA','yamada_hiroki@dfci.harvard.edu','617.935.6863','2016-07-21 15:26:42','2016-07-21 15:26:42','YH058','$2a$04$BIgePafEyqytRhI4ZZU6BO9tkBar6sFV28Pg3SSUX/d7T39gM//DC',1,'A',NULL,NULL),(45,'Mark','Pomerantz','nosman@partners.org','617-632-1914','2016-07-21 15:26:42','2016-07-21 15:26:42','mpomerantz','$2a$04$0PW67OBP5/NR67fqVTdpxe94/gEMtTcyl.aaclZ4nLqY46eev6.3q',1,'I',NULL,NULL),(46,'Adam','Bass','ajbass@partners.org','617-407-9275','2016-07-21 15:26:42','2016-07-21 15:26:42','ajbass','$2a$04$rtTJF.LgDLKya01NtprICOxsOUN7mxFULPHu7u8ZO5pFOx9cDicFK',1,'A',NULL,NULL),(47,'Hao','Zhang','zhangh@broad.mit.edu','919-423-5077','2016-07-21 15:26:42','2016-07-21 15:26:42','haozhang','$2a$04$qdxHKMWhFAysnP3iU5JhAemxFkOlC.gY1AhXdQxHjQ6NyLa52LdJi',2,'A',NULL,NULL),(48,'Rafael','Bejar','rbejar@partners.org','617-732-6510','2016-07-21 15:26:42','2016-07-21 15:26:42','rb850','$2a$04$1sQ1ChbRYK58czEzxm8jZuP4FPWgmJ5oHT8sw7r6yNG9p43tzsRXm',16,'A',NULL,NULL),(49,'Derek','Chiang','dchiang@broad.mit.edu','(617) 324-2239','2016-07-21 15:26:42','2016-07-21 15:26:42','dychiang','$2a$04$o/B.XIV21Ztq8EjEzTr19ev1PdLie2xoUQYHql/zg5rJO4lOHQ36m',1,'A',NULL,NULL),(50,'Sarah','Kehoe','sarahm_kehoe@dfci.harvard.edu','617-632-5783','2016-07-21 15:26:43','2016-07-21 15:26:43','sk580','$2a$04$FOwvglACocJPujoQAMHy5OQh/R6ZbARySB/233ZehUhVpIDuTAoFi',1,'I',NULL,NULL),(51,'Amit','Dutt','amitdutt@broad.mit.edu','8578911975','2016-07-21 15:26:43','2016-07-21 15:26:43','amitdutt','$2a$04$fOiHeCCrG1vrs6dpi42eJuiOsrL0rSa1Q7jKBZ6G0pC2y0gJiIF.6',1,'A',NULL,NULL),(52,'Aram','Hezel','ahezel@partners.org','617 643 3813','2016-07-21 15:26:43','2016-07-21 15:26:43','ahezel','$2a$04$ELy5n7mTmry6nKVyNzCBx.S7ea9MmZHJB2DKZM6o6YcCI2yr5h2ti',24,'A',NULL,NULL),(53,'Ivana','Kim','ivana_kim@meei.harvard.edu','617 573 3367','2016-07-21 15:26:43','2016-07-21 15:26:43','ivana','$2a$04$TzZm6mlgPDtygVSXIs7hlOwdWjeOa22pzJoyHH36eF4lQ3D50rfK6',5,'A',NULL,NULL),(54,'Douglas','Medvetz','dmedvetz@partners.org','617-355-9103','2016-07-21 15:26:43','2016-07-21 15:26:43','dam90','$2a$04$idjHd.wDl.eJ4mbDVXk56eoZDIeDvo3./OEmWkqQuiF13FTbCddZW',16,'A',NULL,NULL),(55,'Ryan','Bender','rpbender@partners.org','582-8614','2016-07-21 15:26:43','2016-07-21 15:26:43','ChinLab2008','$2a$04$0QswTRp6ip3zbCIdBHEeb.En9.qcLd8pJzc4dy7hcjdVIDFiEsTY.',1,'A',NULL,NULL),(56,'Fran','Hornicek','fhornicek@partners.org','617 724 6802','2016-07-21 15:26:43','2016-07-21 15:26:43','hornicek','$2a$04$DXlcUNq3DoPFriwu6JZyseDi8xzjCfDn4j26EmWwbbwSH0ryfGdjG',24,'A',NULL,NULL),(57,'Jonathan','Fletcher','jfletcher@partners.org','617 732 7883','2016-07-21 15:26:43','2016-07-21 15:26:43','fletcher','$2a$04$7gIR2kTPY/E6YfGbyqTQ1OoO3BIW4B/B5JVEyb.FDvQKVlwEDuHzO',16,'A',NULL,NULL),(58,'June','Kinoshita','jkinoshita@n-of-one.com','617 669 1706','2016-07-21 15:26:43','2016-07-21 15:26:43','kinoshita','$2a$04$f1ZxoZ0Hg76jaorbVB8yPeUt9JKYx5X3wHLKKq2bwBWnIXxZCbOaq',6,'I',NULL,NULL),(59,'Alex','Ng','sng@rics.bwh.harvard.edu','617-278-0072','2016-07-21 15:26:43','2016-07-21 15:26:43','Alexng','$2a$04$Hqm1bRZMliiUWRc6BG6gWuFfYazwMoRnZbyiUnM9QQzi72mzw7qwu',16,'A',NULL,NULL),(60,'Antoni','Ribas','aribas@mednet.ucla.edu','3102063928','2016-07-21 15:26:43','2016-07-21 15:26:43','ribas','$2a$04$ILqq4osOS5iIxpukn8bo.eCETPgOeIl1vHQtJ0V48/9vckQZzon0K',7,'A',NULL,NULL),(61,'Chandrani','Mondal','Chandrani_Mondal@dfci.harvard.edu','6175826688','2016-07-21 15:26:43','2016-07-21 15:26:43','cm315','$2a$04$HAYPqV4HMUQFJQr20TVrHe2RWUBjdYBmOmWSP.fbQb/we.6kCTQPK',1,'I',NULL,NULL),(62,'Anna','Schinzel','anna_schinzel@dfci.harvard.edu','617 632 2376','2016-07-21 15:26:43','2016-07-21 15:26:43','Schinzel','$2a$04$2qWqw7/AqOAhOlhD8oUa3.IAKJ5XRqliVtuQadlt1p03lhVf7dG9K',1,'A',NULL,NULL),(63,'vikram','Deshpande','vdeshpande@partners.org','6177247741','2016-07-21 15:26:43','2016-07-21 15:26:43','vd019','$2a$04$1XAOBbkTU4sB6Ks92KVLRe3pUzX/IjfDp1FiKebNf1j1ion8NAele',24,'A',NULL,NULL),(64,'John','McGrath','johnp_mcgrath@dfci.harvard.edu','6175828668','2016-07-21 15:26:43','2016-07-21 15:26:43','jpmcgrath','$2a$04$ID7I9sKgvyAUItgD.4njyuj2pvdXwtamuozS5Ec5Q375FU8tvmE5i',1,'A',NULL,NULL),(65,'Lauren','Luongo','LaurenA_Luongo@DFCI.HARVARD.EDU','6176325950','2016-07-21 15:26:43','2016-07-21 15:26:43','lal62','$2a$04$tZqENhITCGy9ye8v.DlSGekRLJHaa1Iw/1asxP2WybTribqzTkXQm',1,'I',NULL,NULL),(66,'Keith','Ligon','keith_ligon@dfci.harvard.edu','617-632-2357','2016-07-21 15:26:43','2016-07-21 15:26:43','ligonlab','$2a$04$zstX3TjWep2qkz0UNg1kmO4ILJALI0Dz92az62aYDZ0LhepUhh/vW',1,'A',NULL,NULL),(70,'Daniel','Chung','dchung@partners.org','617-726-8687','2016-07-21 15:26:43','2016-07-21 15:26:43','dchung','$2a$04$dL8IRzuU7mZpoQLo6lZnde.1NvsaUOhwmxvMNfT1p7V1n3zNgvWK.',24,'A',NULL,NULL),(71,'Henry','Koon','Henry.Koon@UHhospitals.org','(216) 368-1175','2016-07-21 15:26:43','2016-07-21 15:26:43','henrykoon','$2a$04$cR4TBq1OHxHeWBjHzsKCYudE1KWM.k.lJLsnki2n3W.o9D3qCfJmO',12,'A',NULL,NULL),(72,'Irene','Ghobrial','irene_ghobrial@dfci.harvard.edu','2.4198','2016-07-21 15:26:43','2016-07-21 15:26:43','ghobrial','$2a$04$UkcVAxwkhLk/89AysZp5cenlxUXqyJtwOM10nbAG.VivK1ifPra6a',1,'A',NULL,NULL),(73,'Ashley','Fairbank','ashley_fairbank@dfci.harvard.edu','617-632-4606','2016-07-21 15:26:43','2016-07-21 15:26:43','afairbank','$2a$04$oRlI/ij6u2exvagUSOXbzudPiCiai884EaCN/8dHhv3a11bWRT0CC',1,'A',NULL,NULL),(74,'Michael','Anglesio','michael.anglesio@petermac.org','+61 3 9656 1287','2016-07-21 15:26:43','2016-07-21 15:26:43','michael.angl','$2a$04$W4QhLWPgwEZnefHv.NkpL.q4JUHZgtCHB/RekonHqUvz8G7CWb8.u',13,'A',NULL,NULL),(76,'Jonathan','Rosenberg','jonathan_rosenberg@dfci.harvard.edu','617 632 5456','2016-07-21 15:26:43','2016-07-21 15:26:43','rosenberg','$2a$04$xACKc0i0v79gmkSONe8Weee7zDYTLkg75YbijX1zgSJXIkNdKJN7S',1,'A',NULL,NULL),(77,'Daniel','Costa','dbcosta@bidmc.harvard.edu','617-667-9236','2016-07-21 15:26:43','2016-07-21 15:26:43','dbcosta@bidm','$2a$04$8Rl.8ZO7CFLKMBIoc6qrku5P8ImZKmRNxLH3jRAjbi9jT8tbY1aV.',14,'A',NULL,NULL),(78,'Peter','Guillen','pguillen06@gmail.com','617-956-2004','2016-07-21 15:26:43','2016-07-21 15:26:43','pguillen','$2a$04$EtIayTLapVBdnS3.RuryKe2EVZo1RWmt4xx47JDeTi9D98ha78Fsu',1,'I',NULL,NULL),(79,'Toni','Choueiri','toni_choueiri@dfci.harvard.edu','617-632-5456','2016-07-21 15:26:43','2016-07-21 15:26:43','tc46','$2a$04$9WF65PVb4RRa16ZEzmPqCu34yqa81ek8Ydhx4JoaeSqrStAVPkJnC',1,'A',NULL,NULL),(80,'Fabio','Schutz','FabioA_Schutz@DFCI.harvard.edu','617-632-4622','2016-07-21 15:26:43','2016-07-21 15:26:43','fs975','$2a$04$Qef7Jj1Jx2gI1fDf7e3EEOqE0Tdjb14M2wV./3nTOdqhf0HSTYqe2',1,'A',NULL,NULL),(81,'Aimee','Pike','AimeeM_Pike@dfci.harvard.edu','','2016-07-21 15:26:43','2016-07-21 15:26:43','AP595','$2a$04$NVbWIp2YmH2P9B4gZd2f6.eH6EnbWKGzDxX.pidgm2qfod6R4ImdK',1,'I',NULL,NULL),(82,'Mariella','Gruber-Olipitz','mariella_gruber-olipitz@dfci.harvard.edu','6177550949','2016-07-21 15:26:43','2016-07-21 15:26:43','mgo6','$2a$04$pvUClBqcs8zgNupeOoOK/et6e8nIwg2dLEGnAxN66MV.Mn94aqGdm',1,'A',NULL,NULL),(83,'Patrick','Oberholzer','oberholz@broadinstitute.org','617-714-7552','2016-07-21 15:26:43','2016-07-21 15:26:43','oberholz','$2a$04$yfmoWx1JYlBGPAPGiSK8QO4Ii5Xh1ZYwk0koVBCGN1wIuLuh71fkq',2,'A',NULL,NULL),(85,'Mike','Chapman','mchapman@broadinstitute.org','617 714 7572','2016-07-21 15:26:43','2016-07-21 15:26:43','mchapman','$2a$04$4B.T6dPR7t7Lwz0QYK0DheRRMCV6swi5CLINm9pjt.XUEhP5WefXW',2,'A',NULL,NULL),(86,'Gayane','Badalian','gayane_badalianvery@dfci.harvard.edu','857-488-9804','2016-07-21 15:26:43','2016-07-21 15:26:43','GBadalian','$2a$04$LW08AuKDdL7/cNBOcW1ivuKh/2pB.ZRX/d2MwNLA2.2hNNhQmSHcS',1,'A',NULL,NULL),(87,'Scott','Armstrong','scott.armstrong@childrens.harvard.edu','617-919-2507','2016-07-21 15:26:43','2016-07-21 15:26:43','sa30','$2a$04$I0t1tCDwlq9HQsDNz9OlQ.t7QnWDSQP5hBNfpa0cXzGOIv7OgJYfW',32,'A',NULL,NULL),(88,'Tim','Heffernan','theffernan@partners.org','582-8338','2016-07-21 15:26:43','2016-07-21 15:26:43','theff','$2a$04$PUOeZ2HfrJZPCyzxhw7/deI7Hvr/9CqqMW7IZ.SpE4g7UCnYegR26',1,'A',NULL,NULL),(89,'Athe','Tsibris','atsibris@partners.org','(617)417-1162','2016-07-21 15:26:43','2016-07-21 15:26:43','stethant','$2a$04$MLfFGOV8mjbDgRIUE49lXebxYhRYGo7OWTV4BkPz1E0YFtyfkx.GW',16,'A',NULL,NULL),(90,'Michael','Berger','berger@broadinstitute.org','617-714-7553','2016-07-21 15:26:43','2016-07-21 15:26:43','mfberger','$2a$04$tLMTl86wBfctMCLUxxwSneyXswm2ODHrPHPeoW0QC/HC4HuKlTSnS',2,'A',NULL,NULL),(91,'David','Kwiatkowski','dk@rics.bwh.harvard.edu','617-355-9005','2016-07-21 15:26:43','2016-07-21 15:26:43','dk','$2a$04$xVCj/GgNHiKPn1eXPGAXzugiCL4oozdS5Pv.ycIGPLuoYACYIYrfe',16,'A',NULL,NULL),(92,'Benjamin','Rich','brich@partners.org','','2016-07-21 15:26:43','2016-07-21 15:26:43','brich','$2a$04$NTa9LM8ZmUKYz/Y3RJFdNeANqngmlwZYZrvlU.ICq.Nr8f1FAtjL2',1,'A',NULL,NULL),(93,'Christine','Obierika','christine_obierika@dfci.harvard.edu','6172596490','2016-07-21 15:26:43','2016-07-21 15:26:43','co932','$2a$04$ZBLO7Gv82SIwnURwjNYqlOfyD6tz8WXuLlxkn4ZTcywMDlFYHZJV6',1,'I',NULL,NULL),(94,'Carmelo','Nucera','cnucera@bidmc.harvard.edu','617-5990515','2016-07-21 15:26:43','2016-07-21 15:26:43','cnucera','$2a$04$V56Zk3k2WI2MX1RMT.ySPe7nyFJ4l9wONgMJYJw9n/uWwePYhk8U6',24,'I',NULL,NULL),(95,'Cristina','Ferrone','cferrone@partners.org','617 643 6819','2016-07-21 15:26:43','2016-07-21 15:26:43','cferrone','$2a$04$kGYM.PFe2tDtXjWcYTM6z.G2Yb6pcdJkGW7LEVAkCJTs7/yh3KO76',24,'A',NULL,NULL),(96,'Laura','Fredenburgh','lfredenburgh@rics.bwh.harvard.edu','617 525-9563','2016-07-21 15:26:43','2016-07-21 15:26:43','lf063','$2a$04$ojTvWeKpzthOBYNqsw9UvOEFzBbrRcULOHwkRqxq7SWKWmxSvx/um',16,'A',NULL,NULL),(97,'Hideo','Watanabe','hideo_watanabe@dfci.harvard.edu','617-632-4777','2016-07-21 15:26:43','2016-07-21 15:26:43','hw022','$2a$04$k4UrvJSCmxB3gTYg7Hw1JuelGievkftzfWYEuFWN54DxgowiRCzRK',1,'A',NULL,NULL),(98,'Yanan','Guo','yguo5@rics.bwh.harvard.edu','617-355-9039','2016-07-21 15:26:43','2016-07-21 15:26:43','yg067','$2a$04$4NDe6P.UqqM/J8IrATM7IeEgTttlY/YpyFPFqU/ceyzR9vCy8jRiq',16,'A',NULL,NULL),(99,'Peter','Hammerman','phammerman@partners.org','617-852-6224','2016-07-21 15:26:43','2016-07-21 15:26:43','phammerman','$2a$04$rYSz8OtqdVwHoge2FpsGaOJmW8uKJetQtPMjwCGIniLLat/9qMLXC',1,'A',NULL,NULL),(100,'Yang','Liu','Yang_Liu2@DFCI.HARVARD.EDU','617-582-8535','2016-07-21 15:26:43','2016-07-21 15:26:43','tiger','$2a$04$fHFlWK90wDnuQbPe45ZSjOBJkXBNWOEp0Y5rWDMqM9KCUpJhGXlka',1,'A',NULL,NULL),(101,'Lars','Bullinger','lars.bullinger@childrens.harvard.edu','617-919-2510','2016-07-21 15:26:43','2016-07-21 15:26:43','lars.bulling','$2a$04$/Q8IFEQcKYCbPu4i4TEGGO8cws.c760rQxytKSe6xd2Qgcr9L0Tvu',32,'A',NULL,NULL),(102,'Jeeyun','Lee','jyunlee@skku.edu','-4367','2016-07-21 15:26:43','2016-07-21 15:26:43','taro111','$2a$04$4Acmenf2VGkGQ5KT4.lFLuxiG9KuxZJh1jAdHKuUD9sWqCo4SbLA2',23,'A',NULL,NULL),(103,'Frank','Kuo','fkuo@partners.org','1-857-307-1534','2016-07-21 15:26:43','2016-07-21 15:26:43','fkuo','$2a$04$jDKXnx0kqp60pNkJdXwF4.xVwQTsk0FwjDw/kLTcaPBh5vyk9t/Nm',16,'A',NULL,NULL),(104,'Sushruta','Nagarkatti','snagarkatti@partners.org','6177266192','2016-07-21 15:26:43','2016-07-21 15:26:43','sn881','$2a$04$2TTYcGhzsFOJ8OXC7QuKreoJ7x6MhCJG6GfdAjDsoGHAA3D9mWS.C',24,'A',NULL,NULL),(105,'Jesse','Boehm','boehm@broadinstitute.org','617-714-7494','2016-07-21 15:26:43','2016-07-21 15:26:43','jboehm','$2a$04$Nhy9JbbdbVjiLJtUdBffPOvnDBVb4SNCuQ/S1WQySBn0Z3PMBajBO',2,'A',NULL,NULL),(106,'Jeffrey','Mito','jeffrey.mito@duke.edu','919-681-8683','2016-07-21 15:26:43','2016-07-21 15:26:43','jmito','$2a$04$S1fKtz8MxpxhPHyyLRONAeckHaIfsfecD8XSEVg7vdkkt8uPqw/na',26,'A',NULL,NULL),(107,'Nikhil','Wagle','nwagle@partners.org','617 596-3957','2016-07-21 15:26:43','2016-07-21 15:26:43','nwagle','$2a$04$FkvLwioLpyNAgE8EMulKFOIYrf4ER1Uaf44W1Mqgl9EahOucxMPLW',1,'A',NULL,NULL),(108,'Robert','Jones','RobertT_Jones@dfci.harvard.edu','6176325950','2016-07-21 15:26:43','2016-07-21 15:26:43','rj956','$2a$04$nTUUQCRVVVYQM6oB7FqUyuM8A.mEqzht.dO0D3VNxjOafLpvEOq6W',1,'A',NULL,NULL),(109,'Yariv','Houvras','yhouvras@enders.tch.harvard.edu','(617) 919-2074','2016-07-21 15:26:43','2016-07-21 15:26:43','yhouvras','$2a$04$2A27OkFohBZNQkDRLRZ3vOor5IVo61m5H7mTMelgp.Iwos76R8/QS',32,'A',NULL,NULL),(110,'Amity','Manning','almanning@partners.org','857-526-1728','2016-07-21 15:26:43','2016-07-21 15:26:43','almanning','$2a$04$VHpiF7c6AycYXSIXM.EjO.6CG1O2IxGcZgY4f1PjFq.zPcs.RzZvm',24,'A',NULL,NULL),(111,'Katherine','Dunn','katherine_dunn@dfci.harvard.edu','617-955-3417','2016-07-21 15:26:43','2016-07-21 15:26:43','kdunn','$2a$04$LkazwwnRDj7fNXaITF6ntuygipDMAkGHMFIek02h3tRD35.XyNZVq',1,'A',NULL,NULL),(112,'James','DeCaprio','james_decaprio@dfci.harvard.edu','617 632-3825','2016-07-21 15:26:43','2016-07-21 15:26:43','jd017','$2a$04$M6reHgVyzJlXKMKGkH8f5OErjpou.AasgBWTerTJN21/xkPbcwrJ6',1,'A',NULL,NULL),(113,'Shamini','Selvarajah','Shamini_Selvarajah@dfci.harvard.edu','6174558513','2016-07-21 15:26:43','2016-07-21 15:26:43','shamini','$2a$04$FL8PbXS8CP7lLBf1rbwV/uI7p4vDkBE2zxk9YpZBWeIROWG05UUue',1,'A',NULL,NULL),(114,'Nina','Lin','nhlin@partners.org','617-768-8479','2016-07-21 15:26:43','2016-07-21 15:26:43','ninalin','$2a$04$j3ocEGk6.lM.T/2OcnVLbe76YAfmrOTRVyDVhC7sAFmZrE8wtLXHG',30,'A',NULL,NULL),(116,'Ann','Mullally','amullally@partners.org','6173559091','2016-07-21 15:26:43','2016-07-21 15:26:43','amullal','$2a$04$PKKiN3LdWNmTpcGDGbDyA.8RK.0r2qQL6ZroAvMjK7DbccxL2ZvYC',16,'A',NULL,NULL),(117,'Eva','Hernando','eva.hernando@med.nyu.edu','1-212-263 9054','2016-07-21 15:26:43','2016-07-21 15:26:43','hernandoeva','$2a$04$Awq80Iglk/s4cUNBC05XBeL/FwTdKy8xViJxNYJHofgvgvVfwP/6G',31,'A',NULL,NULL),(119,'Antoni','Ribas','evoneuw@mednet.ucla.edu','310-983-1262','2016-07-21 15:26:43','2016-07-21 15:26:43','oncomap3','$2a$04$X723ptBoLpiCSwr9z/t0FuTBoBS244X.ANcJzT.KlTEbUIKhLm2G6',7,'A',NULL,NULL),(120,'Monica','Calicchio','monica.calicchio@childrens.harvard.edu','617.919.2495','2016-07-21 15:26:43','2016-07-21 15:26:43','mlcalicchio','$2a$04$NLHl/uk1aVS/PLvURaegIOGkdJfERLkfRTYc9MpA2JM1zpPFsE83y',32,'A',NULL,NULL),(121,'Sandra','Kirley','skirley@partners.org','617-726-8480','2016-07-21 15:26:43','2016-07-21 15:26:43','sdk3','$2a$04$WjHolZ4mNUwnXPiAYKMksOQuP5BNC.bqrACqmbErF8TuN8QNf4jRi',24,'A',NULL,NULL),(122,'Eejung','Kim','eejung_kim@dfci.harvard.edu','22383','2016-07-21 15:26:43','2016-07-21 15:26:43','ek831','$2a$04$24l1j1xNd4R0gkJihfPgs.isHEXETOc5GEpUVKoY2WfELhvZT/L6K',1,'A',NULL,NULL),(123,'Matt','Ducar','MatthewD_Ducar@DFCI.HARVARD.EDU','','2016-07-21 15:26:43','2016-07-21 15:26:43','mducar','$2a$04$aGznX2w0sJ9JIe2FqGI8IeD7bNAFkqUTSbIZ2QXsu45qt6q/sE80e',1,'A',NULL,NULL),(124,'Brian','Crompton','brian.crompton@childrens.harvard.edu','617-582-8553','2016-07-21 15:26:43','2016-07-21 15:26:43','bcrompton','$2a$04$2SAlpE4cC77ktuQtO5CvqOdwM3Y25KMiSYrokndN3WuItin8gzIvm',1,'A',NULL,NULL),(125,'Chin-Lee','Wu','CWU2@PARTNERS.ORG','617-726-8454','2016-07-21 15:26:43','2016-07-21 15:26:43','ChinLee','$2a$04$OWAmc9ye3D.DU/EJ8ExT8OTRDVOL0azuoQlNIobW20jrzlgDYksJy',24,'A',NULL,NULL),(126,'Meghan','Comeau','comeau.meghan@dfci.harvard.edu','9785058544','2016-07-21 15:26:43','2016-07-21 15:26:43','nc869','$2a$04$Dk2kJ1VpaM6ba3hOeapE4O/xPG4PBRif1WZ0y7twQgxpoeFozQZNC',1,'I',NULL,NULL),(127,'Madhuri','Koti','madhurikoti@gmail.com','613-5332000 x 79055','2016-07-21 15:26:43','2016-07-21 15:26:43','jeremysquire','$2a$04$LToNaX/s5haFi21WvGwAAevjoItjc4vRx1qg.bdAsQZMx8niQdIOO',33,'A',NULL,NULL),(128,'Youngwook','Kim','young_w_.kim@sbri.co.kr','82-2-2148-7349','2016-07-21 15:26:43','2016-07-21 15:26:43','Youngwook.Ki','$2a$04$iB6/Z3W2SDmT/Mvi0PkjkOmeZU.Nz.5sDD1Z0qCWlI.IVS8WUFweC',23,'A',NULL,NULL),(129,'Youngwook','Kim','qedos@hotmail.com','82-2-2148-7349','2016-07-21 15:26:43','2016-07-21 15:26:43','Youngwook.Ki','$2a$04$6U4gcrz5DKMl47OMy3PWs.yo5opYljUaKYVGvqsGJBgwJ.R1bQS0a',23,'A',NULL,NULL),(130,'shamini','selvarajah','sselvarajah@partners.org','6174558513','2016-07-21 15:26:43','2016-07-21 15:26:43','shamrose','$2a$04$MC/rIqYvDZhRbCNVt.yG9OTdazJiBeLpekb7MifaYBPM1tWoDaMIu',16,'A',NULL,NULL),(132,'Stephen','Mok','smok@mednet.ucla.edu','3108252676','2016-07-21 15:26:43','2016-07-21 15:26:43','ribaslab','$2a$04$Q.WK2acCKlcZK7A5GTlVQ.bMXLFL0FyiWKQZMf8O8C7F.6Gkv0V2e',7,'A',NULL,NULL),(133,'Jingwei','Cheng','jingwei_cheng@dfci.harvard.edu','617-632-4797','2016-07-21 15:26:43','2016-07-21 15:26:43','JC221','$2a$04$o.S3FUGBIxbbmgFUUbZKmO0OcSQQOQOjP9/x6OxAdynJaCFOl796W',1,'A',NULL,NULL),(134,'Mark','Kieran','mark_kieran@dfci.harvard.edu','(617) 632-4907','2016-07-21 15:26:43','2016-07-21 15:26:43','mwk0','$2a$04$w1wCSOjITdoP.R4ox9f0EenaZ0xtgixRmbQXQUp7CIiu/d0Oa7eQi',1,'A',NULL,NULL),(135,'Matt','Theisen','matthewa_theisen@dfci.harvard.edu','6175828767','2016-07-21 15:26:43','2016-07-21 15:26:43','matheisen','$2a$04$YbCspTW6svzIcwwhXUF38OIDMxF.Cx5BITd3j9vhqCyS.0DNBZrf2',1,'A',NULL,NULL),(136,'Carmen','Priolo','carmen__priolo@dfci.harvard.edu','6176326461','2016-07-21 15:26:43','2016-07-21 15:26:43','CPriolo','$2a$04$v4.bUiwBntmwzsOnRcpPpeSGKTUxdEkOGs.fMZDWYEw8wCR4Dvtn6',1,'A',NULL,NULL),(137,'Paul','VanHummelen','paul_vanhummelen@dfci.harvard.edu','','2016-07-21 15:26:43','2016-07-21 15:26:43','paulvan','$2a$04$a2oyVkVBv9vEkyqyR37Vou8pco/QDetdpHhe2fATyFOVsc8QOiJUy',1,'A',NULL,NULL),(138,'John','Keilty','john.keilty@infi.com','617-453-1000','2016-07-21 15:26:43','2016-07-21 15:26:43','jkeilty','$2a$04$cp7tty8fvbJD0IFT4NmWAei5Sd7JoFJJnjycGAZ9Ezkcf/aoRNR6i',35,'A',NULL,NULL),(139,'Jennifer','Brown','jbrown2@partners.org','617-632-4894','2016-07-21 15:26:43','2016-07-21 15:26:43','jb916','$2a$04$FyZXIn7ARsxlxHWUIl2GbOfJ9j.gwPOx5xo5NHn1HXuhCFmxlg3nK',1,'A',NULL,NULL),(140,'Alexi','Wright','alexi_wright@dfci.harvard.edu','617-632-3547','2016-07-21 15:26:43','2016-07-21 15:26:43','alexiwright','$2a$04$oaNmY.nqRFJEMm3fpfCp7eJpsYqEM8K.OaPDQ4vf1NLRTYkwz4kvK',1,'A',NULL,NULL),(141,'Filipe','Martins','filipe_martins@dfci.harvard.edu','6175828073','2016-07-21 15:26:43','2016-07-21 15:26:43','filipecorrei','$2a$04$Y4TaBGQNgFXbmNflRB8frOC4jVt6vzOipC7n3Q2pY/2LqWy4lbCRK',1,'A',NULL,NULL),(142,'Xiangqing','Yang','xiangqing_yang@dfci.harvard.edu','(617)582-8803','2016-07-21 15:26:43','2016-07-21 15:26:43','xyang','$2a$04$CyuDf4MH6GPZIHSKCnBEk.hcgh7mbTJnkNKbwcVIlZE4OtCpqCbVu',1,'A',NULL,NULL),(143,'Xiangqing','Yang','xiangqingy@gmail.com','(617)582-8803','2016-07-21 15:26:43','2016-07-21 15:26:43','xyang126','$2a$04$nRNb12/edYeXPxv9ExR8yO7NqDXbOcc2QTrljKpnzhnXrLQI.bC7.',1,'A',NULL,NULL),(144,'Daniel','Auclair','dauclair@broadinstitute.org','617-714-8644','2016-07-21 15:26:43','2016-07-21 15:26:43','auclaird','$2a$04$rCcds9WerJI1CMA/YDcdkeKwI2NcCtiKbhMZqAivb5t2MTq06NRS6',2,'A',NULL,NULL),(145,'Elizabeth','Garcia','egarcia7@partners.org','','2016-07-21 15:26:43','2016-07-21 15:26:43','eg804','$2a$04$9WxEfh7.pau5JO1Lvq1mte.CYDrj5mBOdwM2afmULVTrKRau8UfgK',16,'A',NULL,NULL),(146,'Victoria','Brown','vebrown@partners.org','617 525 3168','2016-07-21 15:26:43','2016-07-21 15:26:43','vbrown88','$2a$04$GPkjMbZcz8jzh0c1m0gfR.jZyOOGck4VqeCA0fqi8tcuAGYJJCrH6',16,'A',NULL,NULL),(147,'Lan','Hu','lanhu@jimmy.harvard.edu','','2016-07-21 15:26:43','2016-07-21 15:26:43','hulan','$2a$04$576jovjpZh46YmJr12ZlRO7GJpNxESp61vdH2zgif/YHxOJVnKMp6',1,'A',NULL,NULL),(148,'Jacek','Wardzala','jacek_wardzala@gmail.com','617 632 2204','2016-07-21 15:26:43','2016-07-21 15:26:43','jw500','$2a$04$G6fkmwnKyN5pnJrbNfffVOusCdxpDDFGx3E8TQC2S.Pov04He5Cx.',1,'A',NULL,NULL),(150,'Efi','Kokkotou','kthall@bidmc.harvard.edu','617 818 2111','2016-07-21 15:26:43','2016-07-21 15:26:43','kthall','$2a$04$9WoRqMQVlYthwWazs1ta5e9au0zVeR/cNn95ZVJbmKQnf9iqZNI82',36,'A',NULL,NULL),(152,'Joonil','Jung','joonilj@broadinstitute.org','617-714-7579','2016-07-21 15:26:43','2016-07-21 15:26:43','joonilj','$2a$04$2gV/3YRpCqujYb/A.jRSfuCXEjrxkdcW0PYhfXRrYqcTTv36GwCvG',2,'A',NULL,NULL),(153,'Kin','Yu','kin.yu@sanofi-aventis.com','6176654222','2016-07-21 15:26:43','2016-07-21 15:26:43','ktysaoncobu','$2a$04$P9JMlYM8IH7LEBDj2Oxj3OYhgdNADx13iqOWiptUqY2zsXjACyTbq',38,'A',NULL,NULL),(154,'Ravali','Adusumilli','ravali_adusumilli@dfci.harvard.edu','','2016-07-21 15:26:43','2016-07-21 15:26:43','ravali','$2a$04$GHgh5m2X40dG175Ve4wAZ.HugXoHMp/kd91jPSlwilklb1xhtrVDe',1,'A',NULL,NULL),(155,'Edward','Stack','edward_stack@dfci.harvard.edu','7818373367','2016-07-21 15:26:43','2016-07-21 15:26:43','ecstack','$2a$04$d4DdoBM1sFo5g6e/WuFvIuULCZPa1dgBz.WT21RHTDgd5Qu44hz7u',1,'A',NULL,NULL),(156,'Scott','Swanson','sjswanson@partners.org','6175257532','2016-07-21 15:26:43','2016-07-21 15:26:43','SJS','$2a$04$.Q0XpSgTETI45gc20iJ13ebOLkY2ylZWYCvLl.BHTtRN69mFUO0Ie',16,'A',NULL,NULL),(157,'Jeff','DeFrank','jeff_defrank@dfci.harvard.edu','Feb-64','2016-07-21 15:26:43','2016-07-21 15:26:43','JSD1','$2a$04$KHHjxm6Y5dNtMiQZwiezj.fJP4wSj374mhcUpip9MzvaQLFj3sgpi',1,'A',NULL,NULL),(158,'Alex','Huang','alex.huang@sanofi-aventis.com','617-665-4221','2016-07-21 15:26:43','2016-07-21 15:26:43','i0138401','$2a$04$kk6xyVjxUz9ZgCunY.ykz.Y4W3/KvhAXZlaOkdD.5cgdFNT3VSryu',38,'A',NULL,NULL),(159,'ruchi','joshi','rjoshi1@partners.org','','2016-07-21 15:26:43','2016-07-21 15:26:43','rjoshi','$2a$04$gC8suIvqM.bp4Ax5uH3q5uDJJo9GS59zShp9T/PchmB9r3/BUsp8G',16,'A',NULL,NULL),(160,'Adri','Mills','adri_mills@dfci.harvard.edu','607-229-9054','2016-07-21 15:26:43','2016-07-21 15:26:43','am20','$2a$04$E1o/3KtzmHyJRnYQNMbZJuWKBwXQKSQ2P/OA5c3lQA5I2IDaZFPgW',1,'I',NULL,NULL),(161,'Priscilla','Brastianos','pbrastianos@partners.org','617-632-2199','2016-07-21 15:26:43','2016-07-21 15:26:43','brastianos','$2a$04$sy7uOyPPOASgXT4QvgpheulgXAA7qMutaoZNBcE5Gn57OwDQFxQGO',1,'A',NULL,NULL),(164,'Takeshi','Shimamura','takeshi_shimamura@dfci.harvard.edu','617-582-7644','2016-07-21 15:26:43','2016-07-21 15:26:43','tshimamura','$2a$04$1UVNuABMDsThpAzne0F7pu8dwun13P7iR2Jwmz5G5tjtiXO7kcgEi',1,'A',NULL,NULL),(165,'Brenton','Mar','brenton.mar@childrens.harvard.edu','617-632-4689','2016-07-21 15:26:43','2016-07-21 15:26:43','brentonmar','$2a$04$Y7JVrWzK2aFtNbAXEVXZve1P8iYwK.7GhgA4XB9KnPLd91DjpUTlC',1,'A',NULL,NULL),(167,'Rameen','Beroukhim','rameen@broadinstitute.org','617-582-7941','2016-07-21 15:26:43','2016-07-21 15:26:43','rameen','$2a$04$JEiqXztn/BTtWz7nyMibhukG2bf7azLlRZ/WDfRBkElq9esS8OB8W',1,'A',NULL,NULL),(168,'Youngha','Kim','youngha_kim@dfci.harvard.edu','617-582-4132','2016-07-21 15:26:43','2016-07-21 15:26:43','CMR','$2a$04$2uZCvQiY/Ajvf2o2J0Qu6egYtoTsOLOtyF5cDBMgIxSJcBo.pC7ZG',1,'A',NULL,NULL),(169,'Andrea','Myers','apmyers@partners.org','650-714-5706','2016-07-21 15:26:43','2016-07-21 15:26:43','apmyers','$2a$04$xBdUyHvMzlwTX7NUIZLbbO7qvnYwJhOtpNrsyxIxyo0yHYaVJF9lO',40,'A',NULL,NULL),(171,'Ashwini','Sunkavalli','ashwini_sunkavalli@dfci.harvard.edu','6176326439','2016-07-21 15:26:43','2016-07-21 15:26:43','az975','$2a$04$jcvgMJx2Wp5ESUTOGe1XfuVfJHuRPLpCIla2Ftilq12GhUKv/K24y',1,'A',NULL,NULL),(172,'Coren','Milbury','coren_milbury@dfci.harvard.edu','617-632-4120','2016-07-21 15:26:43','2016-07-21 15:26:43','cmilbury','$2a$04$GlFjAzfY4dFPoy36yhYyWeujcZAucjHyLSWL08HBGqihnhFJwwcHe',1,'A',NULL,NULL),(173,'Sung-Min','Chun','alsl1000@hanmail.net','8.21034E+11','2016-07-21 15:26:43','2016-07-21 15:26:43','tez','$2a$04$G9LVtaYVCxTZpzu24I3Otey/Cgohd8O7AqI9tnjY2riYnmy27bP8a',1,'A',NULL,NULL),(174,'Josh','Francis','joshua_francis@dfci.harvard.edu','617-714-7586','2016-07-21 15:26:43','2016-07-21 15:26:43','jmf83','$2a$04$ZpXsgt3pLf/.vhAmNJ921e8RWaB3cX.E0U5FXhHnFbYXxuzNnwcXa',1,'A',NULL,NULL),(175,'Sung-Min','Chun','smchun@amc.seoul.kr','82230105999','2016-07-21 15:26:43','2016-07-21 15:26:43','alsl1000','$2a$04$Ai.9njp0/IjC5LsUg.xMe.lozlcb.0aDf.dwUeveleQXUL.5MJ0Y2',1,'A',NULL,NULL),(176,'Steven','Bair','stevenm_bair@dfci.harvard.edu','6176324610','2016-07-21 15:26:43','2016-07-21 15:26:43','sb670','$2a$04$Ya8L2fJcCnYTz/ZzvRs23ezn.rigN6kUytrGqLsA00JCn2vjNjLWO',1,'A',NULL,NULL),(177,'Alex','Kentsis','alex.kentsis@childrens.harvard.edu','6176324130','2016-07-21 15:26:43','2016-07-21 15:26:43','kentsis','$2a$04$RC6KS.lVg5LF2CF2sovORu3AL4zSa/LSs0t94sTuDnlgL8v4fSOZi',32,'A',NULL,NULL),(178,'Sewanti','Limaye','slimaye@partners.org','617-632-3090','2016-07-21 15:26:43','2016-07-21 15:26:43','sl113','$2a$04$/9s530t3y.rFzYdSks9fZ.t7jOFcWXyPJN0GoQOJRaIHgYWKgl.uq',16,'A',NULL,NULL),(179,'SARA','TOLANEY','stolaney@partners.org','617-632-5743','2016-07-21 15:26:43','2016-07-21 15:26:43','stolaney','$2a$04$wk2ve7ogSK19enjUMRx10uIbPKKQunZnn1OPjRt7bl/TahuBXjCk.',1,'A',NULL,NULL),(180,'Bjoern','Chapuy','Bjoern_Chapuy@dfci.harvard.edu','1(617)6323881','2016-07-21 15:26:43','2016-07-21 15:26:43','bchapuy','$2a$04$AcFSWQnVy0P5uEg/133R4.NPtrShdM5q2AnsxEu2B/gk0u7Wy5b/a',1,'A',NULL,NULL),(182,'Peleg','Horowitz','phorowitz@partners.org','773-480-5987','2016-07-21 15:26:43','2016-07-21 15:26:43','horowitz','$2a$04$vw6S4M1cnSZ.zpsEg2r1YORE/cFfuyHaNnJcuw.8rzLyguDZ3QPDu',2,'A',NULL,NULL),(183,'Brian','Goodman','bmgoodman@partners.org','617-525-6784','2016-07-21 15:26:43','2016-07-21 15:26:43','bmgoodman','$2a$04$6SsL3S8TPaceYDucKz4ozOg1e9IjzvY4Pc6PNH.MPIA5xYxjiuU9S',16,'A',NULL,NULL),(184,'Sandro','Santagata','ssantagata@partners.org','617-732-7532','2016-07-21 15:26:43','2016-07-21 15:26:43','santas01','$2a$04$B5IXAYpKLgot4/44lHgTauAQEGC6d8KtMyPC5XWLG6Ty1pkoCm/l6',16,'A',NULL,NULL),(185,'Oliver','Weigert','oliver_weigert@dfci.harvard.edu','617-582-8868','2016-07-21 15:26:43','2016-07-21 15:26:43','oweigert','$2a$04$OcySFzxId9xtiH7mWyGfPuRW333iXv4yT/8aAEOSDCPEaxxasokkK',1,'A',NULL,NULL),(186,'David','Hsu','hsu00018@dm.duke.edu','919-684-1739','2016-07-21 15:26:43','2016-07-21 15:26:43','swdhsu','$2a$04$iqf8Ky4n1aKKNsJFO3TvVuHzv/Y9YGzbdP0agIhBZ15Stxx.IT1Xe',44,'A',NULL,NULL),(188,'Joshua','Uronis','ju12@duke.edu','+1 919 684 1591','2016-07-21 15:26:43','2016-07-21 15:26:43','hsulab','$2a$04$Hg6s0S6.sOkeeDSZwtu6JeRJNzhYwu8Nc83cJe.b.qVmcp8mahn9e',44,'A',NULL,NULL),(215,'Xuesong','Zhao','xuesong_zhao@dfci.harvard.edu','617 632 6174','2016-07-21 15:26:44','2016-07-21 15:26:44','snowpine','$2a$04$0bAXL6N4XcL9HJQt3GzJ3.1PHwOVxiRXyxHDKaSCzjnNrr5/EOlri',1,'A',NULL,NULL),(216,'YF','Wong','yfwong@partners.org','6172780196','2016-07-21 15:26:44','2016-07-21 15:26:44','yfwong','$2a$04$9K1iGrYcKsV80NFpyORMsO8.rfYxiYV0/Z3lc1T.3zsI.EJbivP2W',16,'A',NULL,NULL),(217,'Aymen','Elfiky','Aymen_Elfiky@dfci.harvard.edu','617-632-5456','2016-07-21 15:26:44','2016-07-21 15:26:44','ae955','$2a$04$YyhvGT2tMUZIB34EgKVUoeDTg9wKPKGjI5LxzPSFwOucTSG/sHalS',1,'A',NULL,NULL),(218,'Simone','Hettmer','simone_hettmer@dfci.harvard.edu','617 632-4550','2016-07-21 15:26:44','2016-07-21 15:26:44','Wagerslab','$2a$04$D.s3.vqZUNdjlygOBP5g9eDGDbfG/CDmkCI9Km11TH1/ahXQgki3G',1,'A',NULL,NULL),(219,'Constantine','Mitsiades','constantine_mitsiades@dfci.harvard.edu','617-632-1962','2016-07-21 15:26:44','2016-07-21 15:26:44','cmitsiades','$2a$04$ynZfySFu/85wIAVWSatTZularjQzWPlnqYhviCKt9Z.gtigM6AQge',1,'A',NULL,NULL),(220,'Louise','Koopman','louise_koopman@dfci.harvard.edu','617-632-6922','2016-07-21 15:26:44','2016-07-21 15:26:44','lkoopman','$2a$04$VnfpWnnCC7EwZUiDQNseweBA7llLMjeCwG/6huzAa2lnzgfs62wsy',48,'A',NULL,NULL),(221,'David','Weinstock','dweinstock@partners.org','24245','2016-07-21 15:26:44','2016-07-21 15:26:44','weinstod','$2a$04$7SBDfQTaZFXi.Xb0/tTEwegAb5JiWLYyI6Ppz/aPN/6Rakc/O/uje',1,'A',NULL,NULL),(224,'Heidi','Greulich','heidig@broadinstitute.org','617-714-7475','2016-07-21 15:26:44','2016-07-21 15:26:44','heidigreulic','$2a$04$B7vqAb6Rpqw/v1m3GbAgfepn7nk2nQs/RuHSeb7Bb.OMP57DI12LO',1,'A',NULL,NULL),(225,'Catriona','Hayes','catrionaa_hayes@dfci.harvard.edu','6175829895','2016-07-21 15:26:44','2016-07-21 15:26:44','cathayes','$2a$04$58.cnX1KpUjoVfg8aaRfM.bZYCEMsgtQhy3XtmBcXWQVj7mffPGQW',1,'A',NULL,NULL),(226,'Gerburg','Wulf','gwulf@bidmc.harvard.edu','617 331 7772','2016-07-21 15:26:44','2016-07-21 15:26:44','gwulf','$2a$04$RBGBnCmX7Bn7AYeN8z3agu0KC9tnRUQ2XzmrAWR9jMwY0vSVL1nfK',14,'A',NULL,NULL),(227,'Carmelo','Nucera','carmnuce@libero.it','617-599-0515','2016-07-21 15:26:44','2016-07-21 15:26:44','carmnuce','$2a$04$ZzBy1YoajRhxpLbjTLPIvu4tKKLWlbKJwYtnxOzWFR59np7wwmOjC',51,'A',NULL,NULL),(228,'Claudius','Conrad','cconrad@partners.org','617-726-2000 pager 1','2016-07-21 15:26:44','2016-07-21 15:26:44','cconrad','$2a$04$t7asZV8suaPtSgMtepuRy.EneLPBE0rXc.28JLIupoHVhJk86Aaiu',24,'A',NULL,NULL),(229,'Larissa','Lee','llee@lroc.harvard.edu','617 331-9665','2016-07-21 15:26:44','2016-07-21 15:26:44','ljl14','$2a$04$VLqN.QqgOWpOsts1uUfm6uoLFkTLBLjg9z2G7ONdFQ8gHFmNsGzsu',16,'A',NULL,NULL),(230,'Megan','Lampron','Megan_Lampron@dfci.harvard.edu','617-632-5914','2016-07-21 15:26:44','2016-07-21 15:26:44','mel89','$2a$04$dnsvvXPCo7yzaAq0zkIqz.ztVliotKObfuJy/.DWLFe01CDtyB.Gy',1,'A',NULL,NULL),(231,'David','Kozono','dkozono@lroc.harvard.edu','617-582-8237','2016-07-21 15:26:44','2016-07-21 15:26:44','dkozono','$2a$04$j5xMZm93Azyf26qadLNGBeeX1mtFEyvszHJn31rjiKTKtyrdzzCQa',52,'A',NULL,NULL),(232,'Sushma','Gurumurthy','sguru0@gmail.com','617-582-6598','2016-07-21 15:26:44','2016-07-21 15:26:44','sushguru','$2a$04$udhkVMKrWlgAn84WtRsjouhNDarrGV.3AEs7GOTFwMxOt3sAj9jdi',53,'A',NULL,NULL),(233,'Laura','Schubert','laura_schubert@dfci.harvard.edu','6176326688','2016-07-21 15:26:44','2016-07-21 15:26:44','ls298','$2a$04$VGSXJkyFw818btisFkZVguyvCxSwmBHuVaDLyTFq9OgLsE0KPmG5.',52,'A',NULL,NULL),(234,'franklin','huang','fwhuang@partners.org','6175555555','2016-07-21 15:26:44','2016-07-21 15:26:44','fhuang','$2a$04$gIeFuPM7yJH9iFkOaCDJj.9Kcv7/in0lG/pWss5f71Ze1ILXgBEjC',52,'A',NULL,NULL),(235,'himabindu','ramachandrareddy','himabindu_ramachandrareddy@dfci.harvard.edu','617-632-4749','2016-07-21 15:26:44','2016-07-21 15:26:44','bindubcl6','$2a$04$ezemnNJXT18xbPPS.6Tm1.jLQECOnoUMrfzAaYfN3ggF.Mpv441Ze',1,'A',NULL,NULL),(237,'Yuji','Mishima','yuji_mishima@dfci.harvard.edu','617-582-8535','2016-07-21 15:26:44','2016-07-21 15:26:44','yuji_mishima','$2a$04$7AnLsMeVLzc9ne1CIP/b6ODwSrKwL.8jATJUiovRPkV6qhp2pdxGu',53,'A',NULL,NULL),(238,'Shakti','Ramkissoon','sramkissoon@partners.org','617-582-8767','2016-07-21 15:26:44','2016-07-21 15:26:44','Shak2012','$2a$04$nCv8LcaId31ZXDr22q.1gepJv0gflxLp2vLfiFDUERZIvn6gcXk4u',52,'A',NULL,NULL),(239,'Kevin','Elias','kelias1@partners.org','6154280480','2016-07-21 15:26:44','2016-07-21 15:26:44','kevinelias','$2a$04$gMghr9sNtj7LFa7sb56kTeDuh8xpGiVSXaTcviQU.RrgQvHHEfdoG',54,'A',NULL,NULL),(240,'David','Barbie','dbarbie@partners.org','617-632-3614','2016-07-21 15:26:44','2016-07-21 15:26:44','dbarbie','$2a$04$lw1lXOiyCOzRLo684mxDH.3AlAuiOIcx3X.tIbyBMNNUf0aLbm3ki',1,'A',NULL,NULL),(242,'Michael','DiGiovanni','mjdigiovanni@beckman.com','978-204-3110','2016-07-21 15:26:44','2016-07-21 15:26:44','Michael','$2a$04$uZW.b2W1PpJ0slCh5XdmcuMCp/ruJiuAkev.042Zu4CUH59Ue/8sO',55,'A',NULL,NULL),(243,'Eva','Goetz','evam_goetz@dfci.harvard.edu','214-478-9836','2016-07-21 15:26:44','2016-07-21 15:26:44','evagoetz','$2a$04$BOmcyIJDJnqa8HWu8AQuFOncqa82uAk1/NUrfEGGBgkBvznd5qWte',52,'A',NULL,NULL),(244,'Jonathan','Wasserman','jonathan.wasserman@sickkids.ca','4168137654x28949','2016-07-21 15:26:44','2016-07-21 15:26:44','jdwass','$2a$04$8D3y1.zfsKZFmPGj0yTScevsK/ixY4.1kC1Y1sy0haYeTmUY5v7Wy',56,'A',NULL,NULL),(245,'Adam','Bass','adam_bass@dfci.harvard.edu','617-407-9275','2016-07-21 15:26:44','2016-07-21 15:26:44','ajb12','$2a$04$LiRZ7cuC9LtIIT/AsDJaHOed.C6CWxI6m9bYgMLjwbVPCeIloZpEW',52,'A',NULL,NULL),(246,'Anna','Cooley','AnnaC_Cooley@DFCI.HARVARD.EDU','617 58-28643','2016-07-21 15:26:44','2016-07-21 15:26:44','cooleya','$2a$04$TohgO/qBqR5zDYnLV7Fwa.Ie2aL1naor5CNOTCcGuZyZESBYU2zW2',52,'A',NULL,NULL),(247,'Rhamy','Zeid','rhamyzeid@fas.harvard.edu','617-632-4658','2016-07-21 15:26:44','2016-07-21 15:26:44','rz042','$2a$04$zaf9WOO.45Id89iR8HVtM.UfhXVMUa5pt8j4zHaUY0YIrA6JpSre2',57,'P',NULL,NULL),(249,'Brenton','Paolella','brenton_paolella@dfci.harvard.edu','(617) 582-7948','2016-07-21 15:26:44','2016-07-21 15:26:44','snomiester','$2a$04$fyw9xXC4NzAfqpM97XaMKusa0wUZkFDbNHSCDTNONAig6yfR/3Xy.',52,'P',NULL,NULL),(250,'Aaron','Thorner','Aaron_Thorner@dfci.harvard.edu','27253','2016-07-21 15:26:44','2016-07-21 15:26:44','athorner','$2a$04$Mi5WkrHp8VP1Ie0fn19GueoPXolRgHvZjZtrOmISaCzgRdndReKA2',52,'A',NULL,NULL),(251,'Geoffrey','Oxnard','goxnard@partners.org','617-632-6049','2016-07-21 15:26:44','2016-07-21 15:26:44','gro4','$2a$04$TrwjjECM8BoAXCX5V6xMB.RXFSb7lAB.zog.iS2zLfIbYoGrQA0je',1,'A',NULL,NULL),(252,'Joyce','Liu','joyce_liu@dfci.harvard.edu','617-632-5269','2016-07-21 15:26:44','2016-07-21 15:26:44','joyceliu','$2a$04$gQjOR9zse4.Sfd9AoKu.jOJqgLwJ65o0UuF5/MFZWHI0PeMKgkrSW',1,'A',NULL,NULL),(253,'Rachel','Liao','rienstra@broadinstitute.org','6177147557','2016-07-21 15:26:44','2016-07-21 15:26:44','rliao','$2a$04$iZ4tN.xrXGPl9sVTbXZfSOLDJPhzVdIqCpVBS0QsF3UiH4HWP8fTC',58,'A',NULL,NULL),(254,'Adri','Mills','aamills@gmail.com','123-456-7890','2016-07-21 15:26:44','2016-07-21 15:26:44','am20b','$2a$04$OtD1ekDrbVEDu0jbLqUJwOJAq8ZC5xf1t/OhGV5lxSl9akAi8g5x2',52,'I',NULL,NULL),(255,'Hauke','Cornils','hauke_cornils@dfci.harvard.edu','617-632-4343','2016-07-21 15:26:44','2016-07-21 15:26:44','hauke_cornil','$2a$04$2eLOmfgBq/ECWcMheb.SjeTfYcRLvjOXiLrMWSbWB9CqXbGYknh5e',53,'A',NULL,NULL),(256,'Emanuele','Palescandolo','epalesca@its.jnj.com','3214604741','2016-07-21 15:26:44','2016-07-21 15:26:44','epalesca','$2a$04$pj3bKRS6ePZOu3M/GfiqruFiWWPtkwvfp5Kzl9JZhEBX0SLTFJpOG',59,'A',NULL,NULL),(257,'Kathleen','Yates','kathleen_yates@dfci.harvard.edu','617-582-8874','2016-07-21 15:26:44','2016-07-21 15:26:44','kb686','$2a$04$NgVEWTvGJpv8F1veDBM8k.cpA/jfF9VLVvM0.4RlVXWmER.t6JrlO',1,'A',NULL,NULL),(258,'Ami','Bhatt','asbhatt@broadinstitute.org','617-714-7559','2016-07-21 15:26:44','2016-07-21 15:26:44','asbhatt','$2a$04$rcje183Ldb3dgt.1n/Gfa.B3rOeVh1TqSXH4KNsg/oIeKpzW9RiRy',52,'A',NULL,NULL),(259,'Alejandro','Gutierrez','alejandro.gutierrez@childrens.harvard.edu','617-919-3660','2016-07-21 15:26:44','2016-07-21 15:26:44','alejandro.gu','$2a$04$kXKLrmB0bCPENu2JrQAozO1vojehPjW.XgcIfaDmCp7uGs2qphZbm',60,'A',NULL,NULL),(260,'Prakash','Rao','prakash_rao@dfci.harvard.edu','617 582 9813','2016-07-21 15:26:44','2016-07-21 15:26:44','prakashrao','$2a$04$AUmXFVz1FgqAv9ZuwehT4.paw1BUJcg6gZwDxZsR4aJrfM5rtaf1e',53,'A',NULL,NULL),(261,'Jeffrey','Sorrell','jeffrey_sorrell@dfci.harvard.edu','617-632-1952','2016-07-21 15:26:44','2016-07-21 15:26:44','jds53','$2a$04$np1okRBSRp3C.10.aL29b.7HTtTb6NbdYvYdzCjJL7/RmxQc6UAaW',53,'A',NULL,NULL),(262,'Nathan','Moerke','nathanmoerke@gmail.com','8572252576','2016-07-21 15:26:44','2016-07-21 15:26:44','nmoerke','$2a$04$U2nhHi8Dz8DYns2Oz/hU1.6JyFaLu5vOztrUdb5SZicBbvExOeGJW',61,'A',NULL,NULL),(263,'Charles','Roberts','charles_roberts@dfci.harvard.edu','617-632-6497','2016-07-21 15:26:44','2016-07-21 15:26:44','kim','$2a$04$au6Kij7X.bWnLr.xmgTMj.gkpkKa.RgvyLIqSDr4mO.Oc4hW6vuGq',1,'A',NULL,NULL),(264,'Kimberly','Stegmaier','kimberly_stegmaier@dfci.harvard.edu','617-632-4985','2016-07-21 15:26:44','2016-07-21 15:26:44','charles','$2a$04$9LsSaPR7ae6txpa4j1Fs.eVlggRulTylxhYDoPLgGopY14kZcChm2',1,'A',NULL,NULL),(265,'Cecile','Maire','cecile_maire@dfci.harvard.edu','617 582 8765','2016-07-21 15:26:44','2016-07-21 15:26:44','cecilemaire','$2a$04$jsSxXgMoTa8F.d9qrjIsg.e175faJ5OvE35xBZTm3lLqgnIYQHLhq',52,'A',NULL,NULL),(266,'Ryan','Abo','ryanp_abo@dfci.harvard.edu','','2016-07-21 15:26:44','2016-07-21 15:26:44','rpa4','$2a$04$ixHStmX9wbuU8ESeQhf.meeN2MYzmeg.FDlPWaMpVedri2QcGKNrS',53,'A',NULL,NULL),(267,'Jack','Lepine','jackr_lepine@dfci.harvard.edu','617-582-8643','2016-07-21 15:26:44','2016-07-21 15:26:44','lepinej','$2a$04$jpyBnks6foM18/A1gA7twO6HanpOzGT8zlCDiBRz0HxahRd9RIPEa',1,'A',NULL,NULL),(268,'Abhishek','Chakraborty','abhishek_chakraborty@dfci.harvard.edu','6176324745','2016-07-21 15:26:44','2016-07-21 15:26:44','achakraborty','$2a$04$mQAm1EJ2Wfmc/OiKyEA3Q.emq4bIBGVuAtCBN8gKNejzp1.o00ww6',52,'A',NULL,NULL),(269,'Ling','Lin','ling_lin@dfci.harvard.edu','617-582-8893','2016-07-21 15:26:44','2016-07-21 15:26:44','ll620','$2a$04$ZsIIAH9u2pgYZJUMshM7DexTF/rL0nsiMbaIqDaNHxbcRmmx9vHEK',53,'A',NULL,NULL),(270,'Akinyemi','Ojesina','ojesina@broadinstitute.org','617-714-7570','2016-07-21 15:26:44','2016-07-21 15:26:44','ojesina','$2a$04$aifbh3sS1vCYkAPWUjAKaeLSkSf4IK72oc1KVy9YLM85z76/rP.Au',1,'A',NULL,NULL),(271,'Michael','Rosu-Myles','michael.rosu-myles@hc-sc.gc.ca','613-954-8742','2016-07-21 15:26:44','2016-07-21 15:26:44','mrosumyl','$2a$04$J88Hfk/EgF/rBcdpKP22purojezQWKAcZbYGIqELK.dYo.O/4EEOy',62,'A',NULL,NULL),(272,'Andrew','Hong','andrew.hong@childrens.harvard.edu','6176323270','2016-07-21 15:26:44','2016-07-21 15:26:44','ah90','$2a$04$HbHUBowtKA/lVRrV3SSrP.X3RdYJv8gXA1K.H1L3jVbROCNjL1dKu',63,'A',NULL,NULL),(273,'Giovanni','Roti','Giovanni_Roti@dfci.harvard.edu','6175827631','2016-07-21 15:26:44','2016-07-21 15:26:44','rotigiova','$2a$04$yrowl9JkbTDTw3fqCCc4x.qc4LbgP4J0O9xZeQ3qMrm7540KdYVdK',1,'A',NULL,NULL),(274,'Andre','Fay','Andre_Fay@DFCI.HARVARD.EDU','6175139895','2016-07-21 15:26:44','2016-07-21 15:26:44','af638','$2a$04$UvZs0ZrCBCvCLQCBuv/fk.LIRNf8TrqAoC8rMMSy01jzB.zEnt546',1,'A',NULL,NULL),(275,'Michalina','Janiszewska','michalina_janiszewska@dfci.harvard.edu','618-582-8755','2016-07-21 15:26:44','2016-07-21 15:26:44','mjanisze','$2a$04$3pLdGa.OoriF3dvG1xk2GulTtRwae45hW2nnRB1XkNAB6A3nbsd4a',52,'A',NULL,NULL),(276,'Robert','Barnitz','robert_barnitz@dfci.harvard.edu','6175827625','2016-07-21 15:26:44','2016-07-21 15:26:44','rab72','$2a$04$tZNjI6IORasH/JPqv0o4euNlHcXkcwrM7.HGifkmvpsz2mFMytnn.',1,'A',NULL,NULL),(277,'Shiliang','Cao','Shiliang_Cao@dfci.harvard.edu','7044514511','2016-07-21 15:26:44','2016-07-21 15:26:44','sc20','$2a$04$g/T0/QlIuG82kEd7aK9IeOEWVoo49yWCxC4W3r3WJaWqLDcfgFO4S',53,'A',NULL,NULL),(278,'Susan','Moody','semoody@partners.org','267-980-8978','2016-07-21 15:26:44','2016-07-21 15:26:44','sem42','$2a$04$BZTi1Zhhu4hEzzJjg0WqLeZgfUcHNGhS1U8G8TKTRTSyS.eMdT9qW',1,'A',NULL,NULL),(279,'Salomon','Manier','salomon_manier@dfci.harvard.edu','8573996947','2016-07-21 15:26:44','2016-07-21 15:26:44','Salomonmanie','$2a$04$0gdCT.MRig/TfPZKoQRvQeh90GvypZVquGeDQzkatnk2N81lagTp2',52,'A',NULL,NULL),(280,'Srunphut','Pukma','pukmas@emmanuel.edu','6178510303','2016-07-21 15:26:44','2016-07-21 15:26:44','pukmas1991','$2a$04$Ptx7o5nnb95oC/aOMHaE6uNv4MMkaNttuFyGR6SAwFaExAdH1BUQy',64,'P',NULL,NULL),(281,'Atsush','Nonami','Atsushi_Nonami@dfci.harvard.edu','8572419779','2016-07-21 15:26:44','2016-07-21 15:26:44','an892','$2a$04$ssf2dPIlvy0Lc59O9bKuYelsn0QCUvALmGr4P7QbGH6u49xDG9FUy',52,'A',NULL,NULL),(282,'ASLI','MUVAFFAK','asli_muvaffak@dfci.harvard.edu','617-582-8789','2016-07-21 15:26:44','2016-07-21 15:26:44','aslim','$2a$04$Bj69sR9L/lObWoisEKp2UumZm1K5TFN57d5TJrs7..KuHkW7FrXaW',52,'A',NULL,NULL),(283,'Melanie','Prasol','Melanie_Prasol@dfci.harvard.edu','','2016-07-21 15:26:44','2016-07-21 15:26:44','mp197','$2a$04$uyHGbVUPKLcbiMsJm3.2gOvpiH2/pFvjcOhUOHklnX29Ig4AS0S0C',53,'P',NULL,NULL),(284,'Stephanie','Mullane','stephanie_mullane@dfci.harvard.edu','617-632-2397','2016-07-21 15:26:44','2016-07-21 15:26:44','smullane','$2a$04$8tVWnArIjzRTbA.69MAyW.qF4m0.zRlXXdwmk8DxMKLwnBT7cZiFe',52,'A',NULL,NULL),(285,'Ganesh','Shankar','gshankar@partners.org','805-796-0878','2016-07-21 15:26:44','2016-07-21 15:26:44','gshankar','$2a$04$iZzwIcrKwFD8Ouy3gm.WOOVfNtNIGLacRGo1mGmGYrNgtf.731dCC',2,'A',NULL,NULL),(286,'James','Amatruda','james.amatruda@utsouthwestern.edu','214-648-1645','2016-07-21 15:26:44','2016-07-21 15:26:44','amatrudalab','$2a$04$sgXSHnNrUMi9zJK5VwyfVOhxY2FapNy5/UGBXU.54cf9S5hxaIRMq',65,'A',NULL,NULL),(287,'Ho-Chou','Tu','hochoutu@gmail.com','3145181002','2016-07-21 15:26:44','2016-07-21 15:26:44','Daleylab','$2a$04$4MkUsV0Ngqxa.Ud5YIYTn.7dxeqq5c17CRj.XP2nw1A2UdIj3y7Dy',32,'A',NULL,NULL),(288,'Oliver','Weigert','olver.weigert@helmholtz-muenchen.de','+49.89.3187.1402','2016-07-21 15:26:44','2016-07-21 15:26:44','oliver.weige','$2a$04$poIwtLl4atDEaGEFKZRhA.LMf6c08Pda5mDbztcejRm5pek1kCHJO',66,'A',NULL,NULL),(289,'Atish','Choudhury','achoudhury@partners.org','6176324524','2016-07-21 15:26:44','2016-07-21 15:26:44','achoudhury','$2a$04$619yIceZPzatNrF3HCU36.sIzv5OjtBRgQd/XstMiEdvMBDgosrKS',1,'A',NULL,NULL),(290,'Johann','Hoeftberger','johann_hoeftberger@dfci.harvard.edu','','2016-07-21 15:26:44','2016-07-21 15:26:44','JHoeftberger','$2a$04$Iyt2JZQU/c80Ai4IPD/jQumxd3glu4kUw3jAm.ira1sDSzKSumlBm',53,'A',NULL,NULL),(291,'Peter','Choi','peter_choi@dfci.harvard.edu','6176322930','2016-07-21 15:26:44','2016-07-21 15:26:44','pchoi','$2a$04$Mr29zbg/Jlc5FLQqtCRuK.OILkic1CvbdV42TiMnUUdnmli/GP0Ia',1,'A',NULL,NULL),(292,'Coleman','Lindsley','coleman_lindsley@dfci.harvard.edu','617-997-3715','2016-07-21 15:26:44','2016-07-21 15:26:44','clindsley','$2a$04$CBp.AVDV3DfRQaOJ1w/Bl.e.tKg/NW.WYmgfI2eLiOFwuBFWUS.9C',52,'A',NULL,NULL),(293,'Julide','Celebi','julide.celebi@mountsinai.org','347-247-1576','2016-07-21 15:26:44','2016-07-21 15:26:44','julidecelebi','$2a$04$x6A6HuutBNAqtZf6yfSEWeIcRME42JDD9wuxEKC6.u/GoZK.WeZMy',67,'A',NULL,NULL),(294,'Michael','Nehil','michael_nehil@dfci.harvard.edu','8312477018','2016-07-21 15:26:44','2016-07-21 15:26:44','mnehil','$2a$04$inBqaPTj0D3/DZrckG2kf.pZmxsXRa3bByCP.Lq3sydb149YWXtyW',52,'A',NULL,NULL),(295,'Abner','Louissaint','alouissaint@partners.org','(617) 943-2890','2016-07-21 15:26:44','2016-07-21 15:26:44','alouissa','$2a$04$7UQDbs7CozWfqHNWLZCJFufLhT.wnXY7QDBwRrKwU6B1uttmlnLm2',52,'A',NULL,NULL),(296,'Leena','Gandhi','Leena_Gandhi@dfci.harvard.edu','617-632-6049','2016-07-21 15:26:44','2016-07-21 15:26:44','lgandhi','$2a$04$yfPykq71w3zZmNmE9nmaqO5d/IpM.Dw036cXZj7XUGW/EMxM/GDP2',52,'A',NULL,NULL),(297,'Rebecca','Chin','rchin1@bidmc.harvard.edu','6177352484','2016-07-21 15:26:44','2016-07-21 15:26:44','chinlab','$2a$04$AF24nT2voDGsPoIiLOTx1etMly8vO9qfhkVluAan3QR8DrSTKkuki',68,'A',NULL,NULL),(298,'Florian','Heitz','florian.heitz@gmx.net','4.92012E+12','2016-07-21 15:26:44','2016-07-21 15:26:44','Fheitz','$2a$04$07o.9WTUu2oGBtXLe/3uXugVOojCrHbSoHvFyngKNZiH0m2p28nrm',69,'A',NULL,NULL),(299,'Linda','Bi','lbi@partners.org','203-645-9485','2016-07-21 15:26:44','2016-07-21 15:26:44','wbi','$2a$04$YPDL3P9RsxRTvg3F2lYDgubrHqSJjaPabSU820QK1WojozvJllk5a',70,'A',NULL,NULL),(300,'Andrew','Lane','andrew_lane@dfci.harvard.edu','617-632-4589','2016-07-21 15:26:44','2016-07-21 15:26:44','aal17','$2a$04$3Uv.2Dfiy6nnDVHPSKd5zuAB/0YjxjWeBHjPMFw6p8mDV1tf/evs6',52,'A',NULL,NULL),(301,'Pankaj','Agarwalla','agarwalla@gmail.com','617-726-2000','2016-07-21 15:26:44','2016-07-21 15:26:44','agarwalla','$2a$04$G8uVkKGqE3HgLhwQFhzeXeLhUTRP9Z6sAS5wZwu4wIlts34EsC7Ee',52,'A',NULL,NULL),(302,'Kent','Mouw','kmouw@partners.org','617-632-5145','2016-07-21 15:26:44','2016-07-21 15:26:44','kmouw','$2a$04$ZvprovxiPsL2/PUnKy5WzeSwThkWV5TpmywDoSEzWIT6EwXCg9vzi',1,'A',NULL,NULL),(303,'Mark','Murakami','Mark_Murakami@DFCI.harvard.edu','617-582-9171','2016-07-21 15:26:44','2016-07-21 15:26:44','mym97','$2a$04$1JLTO2atrAzPWl0OIobYwe.lB3QQaZ6KjYkjUY0gVmOU5PezEcj46',53,'A',NULL,NULL),(304,'Thomas','Melchardt','t.melchardt@salk.at','0043-662-4482','2016-07-21 15:26:44','2016-07-21 15:26:44','t.melchardt@','$2a$04$waujH0cgS8P1TgdFSsma9eDe1Itqmep4IQVwwUa.Azog.RqAaAE76',71,'A',NULL,NULL),(305,'Sam','Hunter','samuels_hunter@dfci.harvard.edu','208-546-9229','2016-07-21 15:26:44','2016-07-21 15:26:44','shunter','$2a$04$S3HtinIXLdx6lCLH6LeTfuWJVzZkXMAhh3vE9BPpn4fN8rfV4ZgRC',53,'A',NULL,NULL),(306,'Melissa','Burns','melissa.burns@childrens.harvard.edu','617-919-7011','2016-07-21 15:26:44','2016-07-21 15:26:44','melissa.burn','$2a$04$McKBELmLvhK617r1oCcO9OQ0DweV7mVetPl2nklxtmkDnOf1W43ty',60,'A',NULL,NULL),(307,'Sima','Zacharek','sima_zacharek@dfci.harvard.edu','617-582-8026','2016-07-21 15:26:44','2016-07-21 15:26:44','simazac','$2a$04$2Ajhf9R98unzHNAF.5k4ku59/Zr82R2mEWAPvS.y3sfCvxpsKoCsO',52,'A',NULL,NULL),(308,'Harshabad','Singh','hsingh3@partners.org','617-620-3201','2016-07-21 15:26:44','2016-07-21 15:26:44','harshabadsin','$2a$04$eO58Bz6uMHfz14n/vZ484usmTxq5JEqN7fKkh.AThbgIdbvgY0Xym',53,'A',NULL,NULL),(309,'Raphael','Koch','raphael_koch@dfci.harvard.edu','6174879588','2016-07-21 15:26:44','2016-07-21 15:26:44','rkoch','$2a$04$BuJwnWwC494zIx4Swgz1N.sBSFeFzPWrfNnkOCnG/spWLaXt3FD0m',53,'A',NULL,NULL),(310,'Volker','Blank','volker.blank@mcgill.ca','5145 340 8260','2016-07-21 15:26:44','2016-07-21 15:26:44','Volker','$2a$04$wz91tqYt.606/EmOt.7iludl0GPuwRq5Bcgb.oHUPqK/14AT5EjW.',72,'P',NULL,NULL),(311,'Elizabeth','Townsend','elizabethc_townsend@dfci.harvard.edu','617 582-8868','2016-07-21 15:26:44','2016-07-21 15:26:44','Townsend','$2a$04$xHwsZ3PLm/5AIQoZtNeSdeAkumoZJyGWAkASJQBawb9icu6mxstlW',64,'A',NULL,NULL),(312,'Brooke','Howitt','bhowitt@partners.org','6175257295','2016-07-21 15:26:44','2016-07-21 15:26:44','brookehowitt','$2a$04$eGSTm0SvHh2XsUZQC4LqP.z8Dh6i6/bJUuhdHId9CoYOPD4/WY/Dy',73,'A',NULL,NULL),(313,'Christopher','Gibson','christopher_gibson@dfci.harvard.edu','617-510-9454','2016-07-21 15:26:44','2016-07-21 15:26:44','christopher_','$2a$04$DGQhGqV1pksiawLli8JmSu/GOpHlQJus9k9lSvofe3aJ346mNPxfO',74,'A',NULL,NULL),(314,'Lori','Ramkissoon','lori_ramkissoon@dfci.harvard.edu','617-582-8768','2016-07-21 15:26:44','2016-07-21 15:26:44','ramkissl','$2a$04$OipUVF6pmjEBRQddWthM5uQ2Ea/UxGPCjLFNwjr8oaogmwugkSGY.',52,'A',NULL,NULL),(315,'Amanda','Balboni','amandal_balboni@dfci.harvard.edu','3397881634','2016-07-21 15:26:44','2016-07-21 15:26:44','balbonia','$2a$04$L.1p9mcGLaVYCLHCbe95Kufb/fT..58Opa5CyoPPXej3DOKIQXDyO',52,'P',NULL,NULL),(316,'Monica','Manam','monicad_manam@dfci.harvard.edu','7036597016','2016-07-21 15:26:44','2016-07-21 15:26:44','mdm68','$2a$04$Q3A73SPN12nlgUUrP.8yietPX68qJ9G2ONsDAFEl5B5N1uRvDN1hm',52,'A',NULL,NULL),(317,'Catherine','Coleman','Catherine_Coleman@DFCI.HARVARD.EDU','617-632-5078','2016-07-21 15:26:44','2016-07-21 15:26:44','ccoleman','$2a$04$SlU8DjcRXNAKcSM2qjMdhu1VZVXmNnUy2MJPaQodiL6TkkP.b85yy',52,'A',NULL,NULL),(318,'HENRY','LONG','henry_long@dfci.harvard.edu','8576543824','2016-07-21 15:26:44','2016-07-21 15:26:44','henry_long@d','$2a$04$OEg0HcSc9wvgAL0FCwJluup9E8pEplZkxU2nhBWYByB9y4UlBX1yO',75,'A',NULL,NULL),(319,'Dave','Rothfarb','dave.rothfarb@daverothfarb.com','555-555-5555','2016-07-21 15:26:44','2016-07-21 15:26:44','rothfarb-test','$2a$04$owBl46vA7Bvs0jEZL2CWmuPRciyUNA.Qm2sYHF3FaK4OCZ/Z.NHR2',52,'A',NULL,NULL);
/*!40000 ALTER TABLE `users` ENABLE KEYS */;
UNLOCK TABLES;

--
-- Table structure for table `votes`
--

DROP TABLE IF EXISTS `votes`;
/*!40101 SET @saved_cs_client     = @@character_set_client */;
/*!40101 SET character_set_client = utf8 */;
CREATE TABLE `votes` (
  `id` int(11) NOT NULL AUTO_INCREMENT,
  `name` varchar(255) COLLATE utf8_unicode_ci DEFAULT NULL,
  `created_at` datetime NOT NULL,
  `updated_at` datetime NOT NULL,
  PRIMARY KEY (`id`)
) ENGINE=InnoDB AUTO_INCREMENT=4 DEFAULT CHARSET=utf8 COLLATE=utf8_unicode_ci;
/*!40101 SET character_set_client = @saved_cs_client */;

--
-- Dumping data for table `votes`
--

LOCK TABLES `votes` WRITE;
/*!40000 ALTER TABLE `votes` DISABLE KEYS */;
INSERT INTO `votes` VALUES (1,'Approve','2016-07-21 15:26:47','2016-07-21 15:26:47'),(2,'Reject','2016-07-21 15:26:47','2016-07-21 15:26:47'),(3,'Request revisions','2016-07-21 15:26:48','2016-07-21 15:26:48');
/*!40000 ALTER TABLE `votes` ENABLE KEYS */;
UNLOCK TABLES;
/*!40103 SET TIME_ZONE=@OLD_TIME_ZONE */;

/*!40101 SET SQL_MODE=@OLD_SQL_MODE */;
/*!40014 SET FOREIGN_KEY_CHECKS=@OLD_FOREIGN_KEY_CHECKS */;
/*!40014 SET UNIQUE_CHECKS=@OLD_UNIQUE_CHECKS */;
/*!40101 SET CHARACTER_SET_CLIENT=@OLD_CHARACTER_SET_CLIENT */;
/*!40101 SET CHARACTER_SET_RESULTS=@OLD_CHARACTER_SET_RESULTS */;
/*!40101 SET COLLATION_CONNECTION=@OLD_COLLATION_CONNECTION */;
/*!40111 SET SQL_NOTES=@OLD_SQL_NOTES */;

-- Dump completed on 2016-08-03 13:45:57
