-- MySQL dump 10.13  Distrib 5.1.73, for redhat-linux-gnu (x86_64)
--
-- Host: localhost    Database: ccgd_test
-- ------------------------------------------------------
-- Server version	5.1.73

/*!40101 SET @OLD_CHARACTER_SET_CLIENT=@@CHARACTER_SET_CLIENT */;
/*!40101 SET @OLD_CHARACTER_SET_RESULTS=@@CHARACTER_SET_RESULTS */;
/*!40101 SET @OLD_COLLATION_CONNECTION=@@COLLATION_CONNECTION */;
/*!40101 SET NAMES utf8 */;
/*!40103 SET @OLD_TIME_ZONE=@@TIME_ZONE */;
/*!40103 SET TIME_ZONE='+00:00' */;
/*!40014 SET @OLD_UNIQUE_CHECKS=@@UNIQUE_CHECKS, UNIQUE_CHECKS=0 */;
/*!40014 SET @OLD_FOREIGN_KEY_CHECKS=@@FOREIGN_KEY_CHECKS, FOREIGN_KEY_CHECKS=0 */;
/*!40101 SET @OLD_SQL_MODE=@@SQL_MODE, SQL_MODE='NO_AUTO_VALUE_ON_ZERO' */;
/*!40111 SET @OLD_SQL_NOTES=@@SQL_NOTES, SQL_NOTES=0 */;

--
-- Table structure for table `addresses`
--

DROP TABLE IF EXISTS `addresses`;
/*!40101 SET @saved_cs_client     = @@character_set_client */;
/*!40101 SET character_set_client = utf8 */;
CREATE TABLE `addresses` (
  `id` int(11) NOT NULL AUTO_INCREMENT,
  `street` varchar(255) COLLATE utf8_unicode_ci DEFAULT NULL,
  `city` varchar(255) COLLATE utf8_unicode_ci DEFAULT NULL,
  `country` varchar(255) COLLATE utf8_unicode_ci DEFAULT NULL,
  `created_at` datetime NOT NULL,
  `updated_at` datetime NOT NULL,
  `state_id` int(11) DEFAULT NULL,
  PRIMARY KEY (`id`)
) ENGINE=InnoDB AUTO_INCREMENT=79 DEFAULT CHARSET=utf8 COLLATE=utf8_unicode_ci;
/*!40101 SET character_set_client = @saved_cs_client */;

--
-- Dumping data for table `addresses`
--

LOCK TABLES `addresses` WRITE;
/*!40000 ALTER TABLE `addresses` DISABLE KEYS */;
INSERT INTO `addresses` VALUES (1,'44 Binney Street','Boston','NULL','2016-07-07 20:15:49','2016-07-07 20:15:49',21),(2,'7 Cambridge Center','Cambridge','NULL','2016-07-07 20:15:49','2016-07-07 20:15:49',21),(3,'75 Francis Street','Boston','NULL','2016-07-07 20:15:49','2016-07-07 20:15:49',21),(4,'21-27 Burlington Ave.','Boston','NULL','2016-07-07 20:15:49','2016-07-07 20:15:49',21),(5,'55 Fruit Street','Boston','NULL','2016-07-07 20:15:49','2016-07-07 20:15:49',21),(6,'243 Charles St','Boston','NULL','2016-07-07 20:15:49','2016-07-07 20:15:49',21),(7,'1 Blackfan Circle','Boston','NULL','2016-07-07 20:15:49','2016-07-07 20:15:49',21),(8,'20 Shattuck St','Boston','NULL','2016-07-07 20:15:49','2016-07-07 20:15:49',21),(9,'600 Beaver St','Waltham ','NULL','2016-07-07 20:15:49','2016-07-07 20:15:49',21),(10,'221 Longwood Ave','Boston','NULL','2016-07-07 20:15:49','2016-07-07 20:15:49',21),(11,'11-934 Factor Bldg','Los Angeles','NULL','2016-07-07 20:15:49','2016-07-07 20:15:49',5),(12,'3 Blackfan Circle','Boston','NULL','2016-07-07 20:15:49','2016-07-07 20:15:49',21),(13,'250 Mass Ave','Cambridge','NULL','2016-07-07 20:15:49','2016-07-07 20:15:49',21),(14,'50 Blossom Street','Boston','NULL','2016-07-07 20:15:49','2016-07-07 20:15:49',21),(15,'Ireland Cancer Center / University Hospitals 2103 Cornell Road ','Cleveland','NULL','2016-07-07 20:15:49','2016-07-07 20:15:49',35),(16,'78 Memorial Dr.','Cambridge','NULL','2016-07-07 20:15:49','2016-07-07 20:15:49',21),(17,'375 Longwood','Boston','NULL','2016-07-07 20:15:49','2016-07-07 20:15:49',21),(18,'St Andrews Place','Melbourne','Victoria','2016-07-07 20:15:49','2016-07-07 20:15:49',0),(19,'15 Parkman Street',' Wang 460','Boston','2016-07-07 20:15:49','2016-07-07 20:15:49',0),(20,'Irwondong 50',' Kangnamgu','Seoul','2016-07-07 20:15:49','2016-07-07 20:15:49',0),(21,'Box 91006',' B232 LSRC','Durham','2016-07-07 20:15:49','2016-07-07 20:15:49',0),(22,'149 13th Street','Charlestown','NULL','2016-07-07 20:15:49','2016-07-07 20:15:49',21),(23,'65 Landsdowne Street','Cambridge','NULL','2016-07-07 20:15:49','2016-07-07 20:15:49',21),(24,'550 First Avenue','New York','NULL','2016-07-07 20:15:49','2016-07-07 20:15:49',32),(25,'61 Binney Street','Boston','NULL','2016-07-07 20:15:49','2016-07-07 20:15:49',21),(26,'88',' Stuart Street',' Queen\'s University','2016-07-07 20:15:49','2016-07-07 20:15:49',0),(27,'50 Irwon-dong Gangnam-gu','Seoul','Korea','2016-07-07 20:15:49','2016-07-07 20:15:49',0),(28,'650 Charles E Young Dr. South','Los Angeles','NULL','2016-07-07 20:15:49','2016-07-07 20:15:49',5),(29,'780 Memorial Drive','Cambridge','NULL','2016-07-07 20:15:49','2016-07-07 20:15:49',21),(30,'70 Francis Street','Boston','NULL','2016-07-07 20:15:49','2016-07-07 20:15:49',21),(31,'301 Binney Street','Cambridge','NULL','2016-07-07 20:15:49','2016-07-07 20:15:49',21),(32,'270 Albany Street','Cambridge','NULL','2016-07-07 20:15:49','2016-07-07 20:15:49',21),(33,'450 Brookline Avenue','Boston','NULL','2016-07-07 20:15:49','2016-07-07 20:15:49',21),(34,'123-34',' GIL','SEOUL','2016-07-07 20:15:49','2016-07-07 20:15:49',0),(35,'101 Science Drive','Durham','NULL','2016-07-07 20:15:49','2016-07-07 20:15:49',33),(36,'1 joslin Place','Boston','NULL','2016-07-07 20:15:49','2016-07-07 20:15:49',21),(37,'27 Drydock Avenue','Boston','NULL','2016-07-07 20:15:49','2016-07-07 20:15:49',21),(38,'77 Avenue Louis Pasteur','Boston','NULL','2016-07-07 20:15:49','2016-07-07 20:15:49',21),(39,'330 Brookline Ave','Boston','NULL','2016-07-07 20:15:49','2016-07-07 20:15:49',21),(40,'99 Brookline Avenue','Boston','NULL','2016-07-07 20:15:49','2016-07-07 20:15:49',21),(41,'450 Brookline Ave','Boston','NULL','2016-07-07 20:15:49','2016-07-07 20:15:49',21),(42,'4 Blackfan street','Boston','NULL','2016-07-07 20:15:49','2016-07-07 20:15:49',21),(43,'Dana 15',' 450 Brookline Avenue','Boston','2016-07-07 20:15:49','2016-07-07 20:15:49',0),(44,'450 Brookline Ave',' JF208B','Boston','2016-07-07 20:15:49','2016-07-07 20:15:49',0),(45,'5 Blackfan Circle','Boston','NULL','2016-07-07 20:15:49','2016-07-07 20:15:49',21),(46,'221 Longwood Avenue','Boston','NULL','2016-07-07 20:15:49','2016-07-07 20:15:49',21),(47,'nowhere','boston','NULL','2016-07-07 20:15:49','2016-07-07 20:15:49',21),(48,'94 heritage dr','lowell','NULL','2016-07-07 20:15:49','2016-07-07 20:15:49',21),(49,'450 Brookline Ave.','Boston','NULL','2016-07-07 20:15:49','2016-07-07 20:15:49',21),(50,'555 University Avenue','Toronto','Ontario','2016-07-07 20:15:49','2016-07-07 20:15:49',0),(51,'450 Brookline Ave. SM1010','Boston','NULL','2016-07-07 20:15:49','2016-07-07 20:15:49',21),(52,'Dana Farber','Boston','NULL','2016-07-07 20:15:49','2016-07-07 20:15:49',21),(53,'450 Brookline Av','Boston','NULL','2016-07-07 20:15:49','2016-07-07 20:15:49',21),(54,'Turnhoutseweg 30','Beerse','Belgium','2016-07-07 20:15:49','2016-07-07 20:15:49',0),(55,'300 Longwood Avenue','Boston','NULL','2016-07-07 20:15:49','2016-07-07 20:15:49',21),(56,'250 Longwood Avenue','Boston','NULL','2016-07-07 20:15:49','2016-07-07 20:15:49',21),(57,'251 Sir Frederick Banting Driveway','Ottawa','Ontario','2016-07-07 20:15:49','2016-07-07 20:15:49',0),(58,'450 Brookline Avenue',' Dana 1514','Boston','2016-07-07 20:15:49','2016-07-07 20:15:49',0),(59,'1450 Brookline  Avenue','Boston','NULL','2016-07-07 20:15:49','2016-07-07 20:15:49',21),(60,'44 Binney St','Boston','NULL','2016-07-07 20:15:49','2016-07-07 20:15:49',21),(61,'Dana-Farber Cancer Institute',' 44 Binney St.','Boston','2016-07-07 20:15:49','2016-07-07 20:15:49',0),(62,'77 Ave Louis Pasteur','Boston','NULL','2016-07-07 20:15:49','2016-07-07 20:15:49',21),(63,'440 Brookline Ave.','Boston','NULL','2016-07-07 20:15:49','2016-07-07 20:15:49',21),(64,'450 Brookline Ave M534','Boston','NULL','2016-07-07 20:15:49','2016-07-07 20:15:49',21),(65,'301 Binney Street','Boston','NULL','2016-07-07 20:15:49','2016-07-07 20:15:49',21),(66,'5323 Harry Hines Blvd.','Dallas','NULL','2016-07-07 20:15:49','2016-07-07 20:15:49',43),(67,'Karp 7',' One Blackfan Circle','Boston','2016-07-07 20:15:49','2016-07-07 20:15:49',0),(68,'Marchioninistr. 25','Munich','Germany','2016-07-07 20:15:49','2016-07-07 20:15:49',0),(69,'1470 Madison Avenue','New York','NULL','2016-07-07 20:15:49','2016-07-07 20:15:49',32),(70,'Henricistrasse 92','Essen','Germany','2016-07-07 20:15:49','2016-07-07 20:15:49',0),(71,'1 Jimmy Fund Way',' Sm-1022','Boston','2016-07-07 20:15:49','2016-07-07 20:15:49',0),(72,'1 Jimmy Fund Way','Boston','NULL','2016-07-07 20:15:49','2016-07-07 20:15:49',21),(73,'Muellner Hauptstraße 48','Salzburg','Salzburg Austria','2016-07-07 20:15:49','2016-07-07 20:15:49',0),(74,'4 Blackfan St','Boston','NULL','2016-07-07 20:15:49','2016-07-07 20:15:49',21),(75,'tbd','tbd','tbd','2016-07-07 20:15:49','2016-07-07 20:15:49',0),(76,'3755 Cote Sainte-Catherine Road','Montreal','Canada','2016-07-07 20:15:49','2016-07-07 20:15:49',0),(77,'75 Francis St',' Dept of Pathology',' Amory 3','2016-07-07 20:15:49','2016-07-07 20:15:49',0),(78,'1 Blackfan Cir','Boston','NULL','2016-07-07 20:15:49','2016-07-07 20:15:49',21);
/*!40000 ALTER TABLE `addresses` ENABLE KEYS */;
UNLOCK TABLES;

--
-- Table structure for table `committees`
--

DROP TABLE IF EXISTS `committees`;
/*!40101 SET @saved_cs_client     = @@character_set_client */;
/*!40101 SET character_set_client = utf8 */;
CREATE TABLE `committees` (
  `id` int(11) NOT NULL AUTO_INCREMENT,
  `proposal_id` int(11) DEFAULT NULL,
  `deadline` datetime DEFAULT NULL,
  `created_at` datetime NOT NULL,
  `updated_at` datetime NOT NULL,
  PRIMARY KEY (`id`),
  KEY `index_committees_on_proposal_id` (`proposal_id`) USING BTREE
) ENGINE=InnoDB AUTO_INCREMENT=58 DEFAULT CHARSET=utf8 COLLATE=utf8_unicode_ci;
/*!40101 SET character_set_client = @saved_cs_client */;

--
-- Dumping data for table `committees`
--

LOCK TABLES `committees` WRITE;
/*!40000 ALTER TABLE `committees` DISABLE KEYS */;
/*!40000 ALTER TABLE `committees` ENABLE KEYS */;
UNLOCK TABLES;

--
-- Table structure for table `lab_groups`
--

DROP TABLE IF EXISTS `lab_groups`;
/*!40101 SET @saved_cs_client     = @@character_set_client */;
/*!40101 SET character_set_client = utf8 */;
CREATE TABLE `lab_groups` (
  `id` int(11) NOT NULL AUTO_INCREMENT,
  `name` varchar(255) COLLATE utf8_unicode_ci DEFAULT NULL,
  `code` varchar(255) COLLATE utf8_unicode_ci DEFAULT NULL,
  `created_at` datetime NOT NULL,
  `updated_at` datetime NOT NULL,
  `location_id` int(11) DEFAULT NULL,
  PRIMARY KEY (`id`)
) ENGINE=InnoDB AUTO_INCREMENT=203 DEFAULT CHARSET=utf8 COLLATE=utf8_unicode_ci;
/*!40101 SET character_set_client = @saved_cs_client */;

--
-- Dumping data for table `lab_groups`
--

LOCK TABLES `lab_groups` WRITE;
/*!40000 ALTER TABLE `lab_groups` DISABLE KEYS */;
INSERT INTO `lab_groups` VALUES (1,'CCGD Administration','CCGD','2016-07-07 20:15:50','2016-07-07 20:15:50',1),(2,'CCGD Genotyping','CCGD','2016-07-07 20:15:50','2016-07-07 20:15:50',1),(3,'Freedman Lab','FRDMAN','2016-07-07 20:15:50','2016-07-07 20:15:50',3),(4,'Garraway Lab','GARRWY','2016-07-07 20:15:50','2016-07-07 20:15:50',2),(5,'Golub Broad Lab','GOLBBI','2016-07-07 20:15:50','2016-07-07 20:15:50',4),(6,'Golub DFCI Lab','GOLUB','2016-07-07 20:15:50','2016-07-07 20:15:50',2),(7,'Hahn Lab','HAHN','2016-07-07 20:15:50','2016-07-07 20:15:50',2),(8,'Loda Lab','LODA','2016-07-07 20:15:50','2016-07-07 20:15:50',2),(9,'Kinome','MRSNBI','2016-07-07 20:15:50','2016-07-07 20:15:50',4),(10,'Meyerson DFCI Lab','MYRSON','2016-07-07 20:15:50','2016-07-07 20:15:50',2),(11,'Polyak Lab','POLYAK','2016-07-07 20:15:50','2016-07-07 20:15:50',2),(12,'ramesh shivdasani','SHIV','2016-07-07 20:15:50','2016-07-07 20:15:50',3),(13,'Janne Lab','JANNE','2016-07-07 20:15:50','2016-07-07 20:15:50',5),(14,'Rani George','GEORGE','2016-07-07 20:15:50','2016-07-07 20:15:50',6),(15,'Thomas Roberts','RBERTS','2016-07-07 20:15:50','2016-07-07 20:15:50',7),(16,'Thomas Look','LOOK','2016-07-07 20:15:50','2016-07-07 20:15:50',8),(17,'Jerome Ritz','RITZ','2016-07-07 20:15:50','2016-07-07 20:15:50',10),(18,'Matthew Kulke','KULKE','2016-07-07 20:15:50','2016-07-07 20:15:50',11),(19,'Margaret Shipp','SHIPP','2016-07-07 20:15:50','2016-07-07 20:15:50',12),(20,'Philip Kantoff','KNTOFF','2016-07-07 20:15:50','2016-07-07 20:15:50',13),(21,'Robert Ross','ROSS','2016-07-07 20:15:50','2016-07-07 20:15:50',13),(22,'Myles Brown','BROWN','2016-07-07 20:15:50','2016-07-07 20:15:50',14),(23,'Jennifer R. Brown','JRBRWN','2016-07-07 20:15:50','2016-07-07 20:15:50',15),(24,'Rollins','ROLLNS','2016-07-07 20:15:50','2016-07-07 20:15:50',16),(25,'Stiles Lab','STILES','2016-07-07 20:15:50','2016-07-07 20:15:50',21),(26,'Chirieac','CHIRI','2016-07-07 20:15:50','2016-07-07 20:15:50',22),(27,'CCGD Pilot','CCGD','2016-07-07 20:15:50','2016-07-07 20:15:50',1),(28,'Microarray Core','CHPLAB','2016-07-07 20:15:50','2016-07-07 20:15:50',23),(29,'Sarcoma Lab','DUAN','2016-07-07 20:15:50','2016-07-07 20:15:50',24),(30,'Ebert Lab','EBERT','2016-07-07 20:15:50','2016-07-07 20:15:50',22),(31,'Gilliland','GLLLND','2016-07-07 20:15:50','2016-07-07 20:15:50',22),(32,'Hezel','HEZEL','2016-07-07 20:15:50','2016-07-07 20:15:50',24),(33,'Kim','KIM','2016-07-07 20:15:50','2016-07-07 20:15:50',25),(34,'Henske','HENSKE','2016-07-07 20:15:50','2016-07-07 20:15:50',22),(35,'Chin Lab','CHIN','2016-07-07 20:15:50','2016-07-07 20:15:50',26),(36,'Hornicek','HRNCEK','2016-07-07 20:15:50','2016-07-07 20:15:50',27),(37,'Fletcher lab','FLTCHR','2016-07-07 20:15:50','2016-07-07 20:15:50',28),(38,'Ng','NG','2016-07-07 20:15:50','2016-07-07 20:15:50',30),(39,'Ribas','RIBAS','2016-07-07 20:15:50','2016-07-07 20:15:50',31),(40,'Christopher Walsh','WALSH','2016-07-07 20:15:50','2016-07-07 20:15:50',32),(41,'BIACS','BIACS','2016-07-07 20:15:50','2016-07-07 20:15:50',33),(42,'Ligon Lab','LIGON','2016-07-07 20:15:50','2016-07-07 20:15:50',35),(43,'Monahan','MONHAN','2016-07-07 20:15:50','2016-07-07 20:15:50',36),(44,'Chung Lab','CHUNG','2016-07-07 20:15:50','2016-07-07 20:15:50',40),(45,'Koon lab','KOON','2016-07-07 20:15:50','2016-07-07 20:15:50',42),(46,'Infinity','INFI','2016-07-07 20:15:50','2016-07-07 20:15:50',43),(47,'Infinity','INFI','2016-07-07 20:15:50','2016-07-07 20:15:50',43),(48,'Ovarian Cancer Genomics','LEVEL3','2016-07-07 20:15:50','2016-07-07 20:15:50',45),(49,'Rosenberg','RSNBRG','2016-07-07 20:15:50','2016-07-07 20:15:50',13),(50,'Tenen Lab','TENEN','2016-07-07 20:15:50','2016-07-07 20:15:50',46),(51,'Segal lab','Segallab','2016-07-07 20:15:50','2016-07-07 20:15:50',47),(52,'4th floor','Kinome','2016-07-07 20:15:50','2016-07-07 20:15:50',48),(53,'Cancer Program','GOLUB','2016-07-07 20:15:50','2016-07-07 20:15:50',2),(54,'BJ Rollins','BJR grou','2016-07-07 20:15:50','2016-07-07 20:15:50',50),(55,'Armstrong Lab','SAA','2016-07-07 20:15:50','2016-07-07 20:15:50',51),(56,'HIV Therapeutics','kuritzke','2016-07-07 20:15:50','2016-07-07 20:15:50',52),(57,'Garraway Lab','Garraway','2016-07-07 20:15:50','2016-07-07 20:15:50',53),(58,'genetics','Kwiatkow','2016-07-07 20:15:51','2016-07-07 20:15:51',54),(59,'Thyroid Cancer','214741','2016-07-07 20:15:51','2016-07-07 20:15:51',55),(60,'Panc Adeno Project',' Ferrone Lab','2016-07-07 20:15:51','2016-07-07 20:15:51',0),(61,'Fredenburgh Lab','FREDEN','2016-07-07 20:15:51','2016-07-07 20:15:51',57),(62,'Kwiatkowski Lab','RB06005A','2016-07-07 20:15:51','2016-07-07 20:15:51',58),(63,'15th floor','Meyerson','2016-07-07 20:15:51','2016-07-07 20:15:51',59),(64,'Medical Oncology - 8th floor',' Ghobrial lab','2016-07-07 20:15:51','2016-07-07 20:15:51',123456),(65,'Ghobrial lab','1234567','2016-07-07 20:15:51','2016-07-07 20:15:51',60),(66,'Oncology','ONC','2016-07-07 20:15:51','2016-07-07 20:15:51',62),(67,'CAMD','CAMD','2016-07-07 20:15:51','2016-07-07 20:15:51',22),(68,'Thyroid Surgery Lab Thier 603 Parangi Lab','1151983','2016-07-07 20:15:51','2016-07-07 20:15:51',63),(69,'ORF and RNAi work','HahnLab','2016-07-07 20:15:51','2016-07-07 20:15:51',64),(70,'Kirsch Lab',' ','2016-07-07 20:15:51','2016-07-07 20:15:51',65),(71,'Dana 15','Garraway','2016-07-07 20:15:51','2016-07-07 20:15:51',53),(72,'Bowtell Lab','LEVEL3','2016-07-07 20:15:51','2016-07-07 20:15:51',45),(73,'Cancer','zonlab','2016-07-07 20:15:51','2016-07-07 20:15:51',67),(74,'Dyson Lab','NDYSON','2016-07-07 20:15:51','2016-07-07 20:15:51',68),(75,'DePinho lab','depinho1','2016-07-07 20:15:51','2016-07-07 20:15:51',69),(76,'Mayer 4','DeCaprio','2016-07-07 20:15:51','2016-07-07 20:15:51',70),(77,'Kuritzkes Lab','87654321','2016-07-07 20:15:51','2016-07-07 20:15:51',71),(78,'Lab of Benjamin L. Ebert','ebert201','2016-07-07 20:15:51','2016-07-07 20:15:51',72),(79,'Pathology Dpt.','EHL305','2016-07-07 20:15:51','2016-07-07 20:15:51',73),(80,'Ribas Lab','31262','2016-07-07 20:15:51','2016-07-07 20:15:51',74),(81,'Translational Research','Fleming','2016-07-07 20:15:51','2016-07-07 20:15:51',75),(82,'Chin-Lee Wu','Wu Lab','2016-07-07 20:15:51','2016-07-07 20:15:51',76),(83,'Pediatric Oncology','KSteg','2016-07-07 20:15:51','2016-07-07 20:15:51',77),(84,'Cancer cytogenetics','JSOVCA','2016-07-07 20:15:51','2016-07-07 20:15:51',78),(85,'Nanomed','Nanomed','2016-07-07 20:15:51','2016-07-07 20:15:51',79),(86,'Antoni Ribas','RIBAS','2016-07-07 20:15:51','2016-07-07 20:15:51',31),(87,'Mark Kieran','Kieran','2016-07-07 20:15:51','2016-07-07 20:15:51',6),(88,'Ligon Lab','Ligon208','2016-07-07 20:15:51','2016-07-07 20:15:51',83),(89,'Leiomyosarcoma','EHL305','2016-07-07 20:15:51','2016-07-07 20:15:51',73),(90,'15th floor','prostate','2016-07-07 20:15:51','2016-07-07 20:15:51',84),(91,'Infinity','Infinity','2016-07-07 20:15:51','2016-07-07 20:15:51',85),(92,'Heme Malignancies','BrownCLL','2016-07-07 20:15:51','2016-07-07 20:15:51',86),(93,'Cancer Program','BSP','2016-07-07 20:15:51','2016-07-07 20:15:51',90),(94,'CCCB','CCCB','2016-07-07 20:15:51','2016-07-07 20:15:51',91),(95,'DeCaprio','DcCaprio','2016-07-07 20:15:51','2016-07-07 20:15:51',70),(96,'Gastroenterology','Kokkotou','2016-07-07 20:15:51','2016-07-07 20:15:51',92),(97,'Meyerson Lab','Meyerson','2016-07-07 20:15:51','2016-07-07 20:15:51',59),(98,'Cancer Bio','YUG310J','2016-07-07 20:15:51','2016-07-07 20:15:51',94),(99,'CMOP','CMOP','2016-07-07 20:15:51','2016-07-07 20:15:51',35),(100,'Choueiri-Signoretti','Choueiri','2016-07-07 20:15:51','2016-07-07 20:15:51',22),(101,'Swanson Research','Swanson','2016-07-07 20:15:51','2016-07-07 20:15:51',95),(102,'Cancer Biology','unknown','2016-07-07 20:15:51','2016-07-07 20:15:51',96),(103,'Saurin Lab','1234','2016-07-07 20:15:51','2016-07-07 20:15:51',22),(104,'Wong','7644','2016-07-07 20:15:51','2016-07-07 20:15:51',97),(105,'Pedi Onc','unknown','2016-07-07 20:15:51','2016-07-07 20:15:51',96),(106,'Beroukhim Lab','rameen','2016-07-07 20:15:51','2016-07-07 20:15:51',100),(107,'Pedatric Oncology','snf5','2016-07-07 20:15:51','2016-07-07 20:15:51',101),(108,'Cantley Lab','NA','2016-07-07 20:15:51','2016-07-07 20:15:51',102),(109,'Makrigiorgos','coldpcr','2016-07-07 20:15:51','2016-07-07 20:15:51',103),(110,'AML','1','2016-07-07 20:15:51','2016-07-07 20:15:51',8),(111,'Jeff Krane',' Head and Neck Pathology','2016-07-07 20:15:51','2016-07-07 20:15:51',11911),(112,'Breast Oncology','none','2016-07-07 20:15:51','2016-07-07 20:15:51',107),(113,'Shipp Lab','Shipp La','2016-07-07 20:15:51','2016-07-07 20:15:51',108),(114,'Santagata Lab','103964','2016-07-07 20:15:51','2016-07-07 20:15:51',110),(115,'Hematologic Neoplasia','D512WEIN','2016-07-07 20:15:51','2016-07-07 20:15:51',111),(116,'GI Genomics','Hsu_lab','2016-07-07 20:15:51','2016-07-07 20:15:51',112),(117,'Hsu lab','hsu','2016-07-07 20:15:51','2016-07-07 20:15:51',113),(118,'medulloblastoma','Segallab','2016-07-07 20:15:51','2016-07-07 20:15:51',47),(119,'OBSGYN','GYNONCOL','2016-07-07 20:15:51','2016-07-07 20:15:51',123),(120,'Choueiri-Signoretti','12345','2016-07-07 20:15:51','2016-07-07 20:15:51',124),(121,'Wagers Lab','Jos630 ','2016-07-07 20:15:51','2016-07-07 20:15:51',125),(122,'HIM346','MITSIAD','2016-07-07 20:15:51','2016-07-07 20:15:51',126),(123,'C-NExT','Ligonext','2016-07-07 20:15:51','2016-07-07 20:15:51',127),(124,'Weinstock lab','weinstoc','2016-07-07 20:15:51','2016-07-07 20:15:51',128),(125,'Meyerson','??','2016-07-07 20:15:51','2016-07-07 20:15:51',131),(126,'Mitsiades lab','Mitsiade','2016-07-07 20:15:51','2016-07-07 20:15:51',132),(127,'BIDMC Cancer Center Cantley','none','2016-07-07 20:15:51','2016-07-07 20:15:51',107),(128,'Thyroid Cancer Translational','212354','2016-07-07 20:15:51','2016-07-07 20:15:51',134),(129,'Conrad','WRN-4-40','2016-07-07 20:15:51','2016-07-07 20:15:51',135),(130,'Human Thyroid Cancers Translational Research','CNUCERA','2016-07-07 20:15:51','2016-07-07 20:15:51',136),(131,'Gyn Rad Onc','GynRO','2016-07-07 20:15:51','2016-07-07 20:15:51',137),(132,'Choueiri-Signoretti','522','2016-07-07 20:15:51','2016-07-07 20:15:51',138),(133,'JF5','DANDREA','2016-07-07 20:15:51','2016-07-07 20:15:51',139),(134,'Belfer','Belfer','2016-07-07 20:15:51','2016-07-07 20:15:51',140),(135,'Bass Laboratory','Bass','2016-07-07 20:15:51','2016-07-07 20:15:51',66),(136,'Shipp lab','lymphoma','2016-07-07 20:15:51','2016-07-07 20:15:51',142),(137,'Keith Ligon Lab @ DFCI','1234567','2016-07-07 20:15:51','2016-07-07 20:15:51',60),(138,'Ghobrial Lab','HUM237','2016-07-07 20:15:51','2016-07-07 20:15:51',144),(139,'Keith Ligon\'s Lab','1234567','2016-07-07 20:15:51','2016-07-07 20:15:51',60),(140,'Division of Gynecologic Oncology','RSBLAB','2016-07-07 20:15:51','2016-07-07 20:15:51',146),(141,'Barbie Lab','dana819','2016-07-07 20:15:51','2016-07-07 20:15:51',147),(142,'none','123','2016-07-07 20:15:51','2016-07-07 20:15:51',148),(143,'Beckman','Beckman','2016-07-07 20:15:51','2016-07-07 20:15:51',149),(144,'Garraway Lab','LAG','2016-07-07 20:15:51','2016-07-07 20:15:51',150),(145,'Thyroid','WASS','2016-07-07 20:15:51','2016-07-07 20:15:51',151),(146,'Bass Lab DFCI/MCO Dana 8','Bass','2016-07-07 20:15:51','2016-07-07 20:15:51',66),(147,'Bradner Lab','BRADNER','2016-07-07 20:15:51','2016-07-07 20:15:51',153),(148,'Beroukhim Lab','Berouk','2016-07-07 20:15:51','2016-07-07 20:15:51',154),(149,'Genomics','9617589','2016-07-07 20:15:51','2016-07-07 20:15:51',155),(150,'Gyn Oncology','LIU','2016-07-07 20:15:51','2016-07-07 20:15:51',156),(151,'Meyerson Cancer Program Lab','1111','2016-07-07 20:15:51','2016-07-07 20:15:51',157),(152,'Bioinformatics','000','2016-07-07 20:15:51','2016-07-07 20:15:51',158),(153,'PedOnc','PellmanM','2016-07-07 20:15:51','2016-07-07 20:15:51',159),(154,'MPS','BTP','2016-07-07 20:15:51','2016-07-07 20:15:51',160),(155,'Haining Lab','Haining','2016-07-07 20:15:51','2016-07-07 20:15:51',161),(156,'Cancer Program',' Broad','2016-07-07 20:15:51','2016-07-07 20:15:51',0),(157,'T-ALL','aglab','2016-07-07 20:15:51','2016-07-07 20:15:51',163),(158,'Long Lab Group','CFCE','2016-07-07 20:15:51','2016-07-07 20:15:51',164),(159,'Sorger Lab Group','plx4032','2016-07-07 20:15:51','2016-07-07 20:15:51',165),(160,'CMOP','JF208','2016-07-07 20:15:51','2016-07-07 20:15:51',166),(161,'Kaelin','Kaelin','2016-07-07 20:15:51','2016-07-07 20:15:51',167),(162,'Medical Oncology','........','2016-07-07 20:15:51','2016-07-07 20:15:51',2),(163,'Stem Cell Group','BGTDSCL','2016-07-07 20:15:51','2016-07-07 20:15:51',168),(164,'Hahn Lab','HahnLab','2016-07-07 20:15:51','2016-07-07 20:15:51',64),(165,'Stegmaier 6th Floor Group','STEGLAB','2016-07-07 20:15:51','2016-07-07 20:15:51',170),(166,'Kidney Cancer','GU Oncol','2016-07-07 20:15:51','2016-07-07 20:15:51',171),(167,'Biostatistics and Computational Biology DFCI Group','BCB','2016-07-07 20:15:51','2016-07-07 20:15:51',91),(168,'Polyak Lab Group','POLYAK','2016-07-07 20:15:51','2016-07-07 20:15:51',2),(169,'Brown PDX Group','BROWN','2016-07-07 20:15:51','2016-07-07 20:15:51',14),(170,'15th floor','HAHN','2016-07-07 20:15:51','2016-07-07 20:15:51',2),(171,'Medical Oncology','Ghobrial','2016-07-07 20:15:51','2016-07-07 20:15:51',177),(172,'Pediatric Oncology','76325281','2016-07-07 20:15:51','2016-07-07 20:15:51',178),(173,'Griffin',' J','2016-07-07 20:15:51','2016-07-07 20:15:51',0),(174,'Bladder Cancer Center','40888','2016-07-07 20:15:51','2016-07-07 20:15:51',180),(175,'Meyerson Lab Group','Meyerson','2016-07-07 20:15:51','2016-07-07 20:15:51',59),(176,'Joaquim Bellmunt','40888','2016-07-07 20:15:51','2016-07-07 20:15:51',180),(177,'Amatruda lab group','UTAMAT','2016-07-07 20:15:51','2016-07-07 20:15:51',182),(178,'Daley','Daley','2016-07-07 20:15:51','2016-07-07 20:15:51',183),(179,'Collaboration with Weinstock Lab','002a','2016-07-07 20:15:51','2016-07-07 20:15:51',184),(180,'Dana15','HahnLab','2016-07-07 20:15:51','2016-07-07 20:15:51',64),(181,'Med Onc - Hematologic Malignancies','TBD','2016-07-07 20:15:51','2016-07-07 20:15:51',186),(182,'Celebi','Celebi','2016-07-07 20:15:51','2016-07-07 20:15:51',187),(183,'GlenDranoff','524','2016-07-07 20:15:51','2016-07-07 20:15:51',188),(184,'Weinstock lab','510B','2016-07-07 20:15:51','2016-07-07 20:15:51',128),(185,'Medical Oncology','HER2','2016-07-07 20:15:51','2016-07-07 20:15:51',189),(186,'Chin Lab Group','Chinlab1','2016-07-07 20:15:51','2016-07-07 20:15:51',190),(187,'Department for Gynecologic Oncology','\"\"GynOnc_','2016-07-07 20:15:51','2016-07-07 20:15:51',191),(188,'Beroukhim Lab Group ','N/A','2016-07-07 20:15:51','2016-07-07 20:15:51',192),(189,'Lane Lab Group','Lane','2016-07-07 20:15:51','2016-07-07 20:15:51',97),(190,'Cancer Biology','N/A','2016-07-07 20:15:51','2016-07-07 20:15:51',192),(191,'D\'Andrea Lab Genomics','D\'Andrea','2016-07-07 20:15:51','2016-07-07 20:15:51',195),(192,'Egles Group','LIMCR','2016-07-07 20:15:51','2016-07-07 20:15:51',196),(193,'Gutierrez Lab','aglab','2016-07-07 20:15:51','2016-07-07 20:15:51',163),(194,'Target Discovery','Belfer','2016-07-07 20:15:51','2016-07-07 20:15:51',140),(195,'tbd','TBD','2016-07-07 20:15:51','2016-07-07 20:15:51',186),(196,'PTCL','D512','2016-07-07 20:15:51','2016-07-07 20:15:51',200),(197,'Blank Lab Group','cncmaf','2016-07-07 20:15:51','2016-07-07 20:15:51',201),(198,'GYN mesenchymal tumors group','BHMNBQ','2016-07-07 20:15:51','2016-07-07 20:15:51',203),(199,'BWH Hematology','EbertLab','2016-07-07 20:15:51','2016-07-07 20:15:51',204),(200,'CMOP','LIGON','2016-07-07 20:15:51','2016-07-07 20:15:51',35),(201,'Ped Onc 6th floor','PedOnc','2016-07-07 20:15:51','2016-07-07 20:15:51',206),(202,'CFCE','CFCE','2016-07-07 20:15:51','2016-07-07 20:15:51',164);
/*!40000 ALTER TABLE `lab_groups` ENABLE KEYS */;
UNLOCK TABLES;

--
-- Table structure for table `locations`
--

DROP TABLE IF EXISTS `locations`;
/*!40101 SET @saved_cs_client     = @@character_set_client */;
/*!40101 SET character_set_client = utf8 */;
CREATE TABLE `locations` (
  `id` int(11) NOT NULL AUTO_INCREMENT,
  `building` varchar(255) COLLATE utf8_unicode_ci DEFAULT NULL,
  `room` varchar(255) COLLATE utf8_unicode_ci DEFAULT NULL,
  `created_at` datetime NOT NULL,
  `updated_at` datetime NOT NULL,
  `address_id` int(11) DEFAULT NULL,
  PRIMARY KEY (`id`)
) ENGINE=InnoDB AUTO_INCREMENT=208 DEFAULT CHARSET=utf8 COLLATE=utf8_unicode_ci;
/*!40101 SET character_set_client = @saved_cs_client */;

--
-- Dumping data for table `locations`
--

LOCK TABLES `locations` WRITE;
/*!40000 ALTER TABLE `locations` DISABLE KEYS */;
INSERT INTO `locations` VALUES (1,'Dana','1539','2016-07-07 20:15:49','2016-07-07 20:15:49',1),(2,'Dana','15th Floor','2016-07-07 20:15:49','2016-07-07 20:15:49',1),(3,'Dana','7th Floor','2016-07-07 20:15:49','2016-07-07 20:15:49',1),(4,'7CC','4th Floor','2016-07-07 20:15:49','2016-07-07 20:15:49',2),(5,'Dana','820','2016-07-07 20:15:49','2016-07-07 20:15:49',1),(6,'Dana','D3-JFC','2016-07-07 20:15:49','2016-07-07 20:15:49',1),(7,'Smith','970','2016-07-07 20:15:49','2016-07-07 20:15:49',1),(8,'Mayer','630','2016-07-07 20:15:49','2016-07-07 20:15:49',1),(10,'Mayer','530','2016-07-07 20:15:49','2016-07-07 20:15:49',1),(11,'Dana','1220','2016-07-07 20:15:49','2016-07-07 20:15:49',1),(12,'Mayer','513','2016-07-07 20:15:49','2016-07-07 20:15:49',1),(13,'Dana','1230','2016-07-07 20:15:49','2016-07-07 20:15:49',1),(14,'Dana','730','2016-07-07 20:15:49','2016-07-07 20:15:49',1),(15,'Dana','1B30','2016-07-07 20:15:49','2016-07-07 20:15:49',1),(16,'Mayer','430','2016-07-07 20:15:49','2016-07-07 20:15:49',1),(21,'Smith','1070','2016-07-07 20:15:49','2016-07-07 20:15:49',1),(22,'BWH','','2016-07-07 20:15:49','2016-07-07 20:15:49',3),(23,'21-27 Burlington Ave.','464','2016-07-07 20:15:49','2016-07-07 20:15:49',4),(24,'MGH','','2016-07-07 20:15:49','2016-07-07 20:15:49',5),(25,'Ophthalmology-Retina Service','','2016-07-07 20:15:49','2016-07-07 20:15:49',6),(26,'Mayer','448','2016-07-07 20:15:49','2016-07-07 20:15:49',1),(27,'MGH','Yawkey 3700','2016-07-07 20:15:49','2016-07-07 20:15:49',5),(28,'Thorn ','528','2016-07-07 20:15:49','2016-07-07 20:15:49',8),(29,'N-Of-One','','2016-07-07 20:15:49','2016-07-07 20:15:49',9),(30,'BWH','BLI-449A','2016-07-07 20:15:49','2016-07-07 20:15:49',10),(31,'Factor','','2016-07-07 20:15:49','2016-07-07 20:15:49',11),(32,'Neurology','','2016-07-07 20:15:49','2016-07-07 20:15:49',12),(33,'21-27 Burlington Ave.','B452A','2016-07-07 20:15:49','2016-07-07 20:15:49',4),(35,'Jimmy Fund','JF215','2016-07-07 20:15:49','2016-07-07 20:15:49',1),(36,'NIBR','','2016-07-07 20:15:49','2016-07-07 20:15:49',13),(40,'50 Blossom Street','GRJ 825','2016-07-07 20:15:49','2016-07-07 20:15:49',17),(42,'WRB','2-143','2016-07-07 20:15:49','2016-07-07 20:15:49',18),(43,'Infinity Pharmaceuticals','','2016-07-07 20:15:49','2016-07-07 20:15:49',19),(44,'375 Longwood','226','2016-07-07 20:15:49','2016-07-07 20:15:49',20),(45,'Peter Mac Research','3539','2016-07-07 20:15:49','2016-07-07 20:15:49',21),(46,'CLS','428','2016-07-07 20:15:49','2016-07-07 20:15:49',74),(47,'Smith','1054','2016-07-07 20:15:49','2016-07-07 20:15:49',1),(48,'Main building','4175-B','2016-07-07 20:15:49','2016-07-07 20:15:49',2),(49,'7CC','4175-X','2016-07-07 20:15:49','2016-07-07 20:15:49',2),(50,'Smith','742','2016-07-07 20:15:49','2016-07-07 20:15:49',1),(51,'Karp','08211','2016-07-07 20:15:49','2016-07-07 20:15:49',7),(52,'65 Landsdowne','435','2016-07-07 20:15:49','2016-07-07 20:15:49',34),(53,'Dana','D1541','2016-07-07 20:15:49','2016-07-07 20:15:49',1),(54,'Karp','6-216','2016-07-07 20:15:49','2016-07-07 20:15:49',7),(55,'Thier','6 floor','2016-07-07 20:15:49','2016-07-07 20:15:49',5),(56,'WANG','460','2016-07-07 20:15:49','2016-07-07 20:15:49',26),(57,'Thorn','932','2016-07-07 20:15:49','2016-07-07 20:15:49',3),(58,'Karp','RB06005A','2016-07-07 20:15:49','2016-07-07 20:15:49',7),(59,'Dana','1526','2016-07-07 20:15:50','2016-07-07 20:15:50',1),(60,'Dana','802','2016-07-07 20:15:50','2016-07-07 20:15:50',1),(61,'Karp','Rm 08006A','2016-07-07 20:15:50','2016-07-07 20:15:50',7),(62,'Samsung Cancer Center','11th floor','2016-07-07 20:15:50','2016-07-07 20:15:50',29),(63,'Thier','603','2016-07-07 20:15:50','2016-07-07 20:15:50',5),(64,'7CC','4034','2016-07-07 20:15:50','2016-07-07 20:15:50',2),(65,'LSRC','232','2016-07-07 20:15:50','2016-07-07 20:15:50',31),(66,'Dana','Lab','2016-07-07 20:15:50','2016-07-07 20:15:50',1),(67,'Karp','RB-07005A','2016-07-07 20:15:50','2016-07-07 20:15:50',7),(68,'149','7330','2016-07-07 20:15:50','2016-07-07 20:15:50',33),(69,'Mayer','415','2016-07-07 20:15:50','2016-07-07 20:15:50',1),(70,'Mayer','440','2016-07-07 20:15:50','2016-07-07 20:15:50',1),(71,'Partners Research bldg','441','2016-07-07 20:15:50','2016-07-07 20:15:50',34),(72,'Karp','5.210','2016-07-07 20:15:50','2016-07-07 20:15:50',7),(73,'Smilow','305','2016-07-07 20:15:50','2016-07-07 20:15:50',36),(74,'Factor','14-635','2016-07-07 20:15:50','2016-07-07 20:15:50',42),(75,'Enders','1174','2016-07-07 20:15:50','2016-07-07 20:15:50',38),(76,'WRN','3-324','2016-07-07 20:15:50','2016-07-07 20:15:50',5),(77,'Dana','640A','2016-07-07 20:15:50','2016-07-07 20:15:50',1),(78,'Richardson Laboratory','401','2016-07-07 20:15:50','2016-07-07 20:15:50',39),(79,'Samsung Cancer Center','188 B4','2016-07-07 20:15:50','2016-07-07 20:15:50',41),(81,'Factor','14-638','2016-07-07 20:15:50','2016-07-07 20:15:50',42),(83,'JF','208','2016-07-07 20:15:50','2016-07-07 20:15:50',1),(84,'Dana','1516','2016-07-07 20:15:50','2016-07-07 20:15:50',1),(85,'780 Memorial Drive','780 Memorial Drive','2016-07-07 20:15:50','2016-07-07 20:15:50',44),(86,'Mayer','1B29','2016-07-07 20:15:50','2016-07-07 20:15:50',1),(87,'Dana','1210','2016-07-07 20:15:50','2016-07-07 20:15:50',1),(88,'Dana','740','2016-07-07 20:15:50','2016-07-07 20:15:50',1),(90,'B301','5019','2016-07-07 20:15:50','2016-07-07 20:15:50',46),(91,'Smith','824','2016-07-07 20:15:50','2016-07-07 20:15:50',1),(92,'BIDMC Dana','536','2016-07-07 20:15:50','2016-07-07 20:15:50',74),(93,'Dana','15th floor','2016-07-07 20:15:50','2016-07-07 20:15:50',1),(94,'270 Albany','G310J','2016-07-07 20:15:50','2016-07-07 20:15:50',49),(95,'Peter Bent Brigham','CA 355','2016-07-07 20:15:50','2016-07-07 20:15:50',3),(96,'270 Albany','G310I','2016-07-07 20:15:50','2016-07-07 20:15:50',49),(97,'Mayer','413','2016-07-07 20:15:50','2016-07-07 20:15:50',50),(98,'Dana','630F','2016-07-07 20:15:50','2016-07-07 20:15:50',50),(99,'Smith','708','2016-07-07 20:15:50','2016-07-07 20:15:50',50),(100,'Smith','1022C','2016-07-07 20:15:50','2016-07-07 20:15:50',50),(101,'Mayer','654','2016-07-07 20:15:50','2016-07-07 20:15:50',50),(102,'CLS ','417','2016-07-07 20:15:50','2016-07-07 20:15:50',12),(103,'Jimmy Fund','614','2016-07-07 20:15:50','2016-07-07 20:15:50',50),(104,'Dana','1526','2016-07-07 20:15:50','2016-07-07 20:15:50',1),(105,'Mayer','457','2016-07-07 20:15:50','2016-07-07 20:15:50',50),(107,'Yawkey','1257','2016-07-07 20:15:50','2016-07-07 20:15:50',50),(108,'Mayer','563','2016-07-07 20:15:50','2016-07-07 20:15:50',1),(110,'Amory','360U','2016-07-07 20:15:50','2016-07-07 20:15:50',3),(111,'Dana','D512','2016-07-07 20:15:50','2016-07-07 20:15:50',1),(112,'CIEMAS','2323','2016-07-07 20:15:50','2016-07-07 20:15:50',57),(113,'CIEMAS','2323','2016-07-07 20:15:50','2016-07-07 20:15:50',57),(122,'Smith','1052','2016-07-07 20:15:50','2016-07-07 20:15:50',50),(123,'BLI','449B','2016-07-07 20:15:50','2016-07-07 20:15:50',10),(124,'Dana','1230','2016-07-07 20:15:50','2016-07-07 20:15:50',1),(125,'Joslin','630','2016-07-07 20:15:50','2016-07-07 20:15:50',68),(126,'Harvard Institutes of Medicine Building (4 Blackfan Circle)','HIM346','2016-07-07 20:15:50','2016-07-07 20:15:50',50),(127,'27 Drydock','DD466S','2016-07-07 20:15:50','2016-07-07 20:15:50',70),(128,'Dana','510B','2016-07-07 20:15:50','2016-07-07 20:15:50',50),(131,'7CC','4027','2016-07-07 20:15:50','2016-07-07 20:15:50',2),(132,'HIM','309','2016-07-07 20:15:50','2016-07-07 20:15:50',74),(133,'Center for Life Sciences','CLS441','2016-07-07 20:15:50','2016-07-07 20:15:50',75),(134,'Research North','2 floor','2016-07-07 20:15:50','2016-07-07 20:15:50',76),(135,'Warren','WRN-4-408C','2016-07-07 20:15:50','2016-07-07 20:15:50',5),(136,'BIDMC Pathology','','2016-07-07 20:15:50','2016-07-07 20:15:50',76),(137,'CWN-L2','Brachy','2016-07-07 20:15:50','2016-07-07 20:15:50',3),(138,'Dana','1230','2016-07-07 20:15:50','2016-07-07 20:15:50',50),(139,'Jimmy Fund','521','2016-07-07 20:15:50','2016-07-07 20:15:50',77),(140,'HIM ','344','2016-07-07 20:15:50','2016-07-07 20:15:50',78),(141,'Dana','15','2016-07-07 20:15:50','2016-07-07 20:15:50',79),(142,'mayer','515','2016-07-07 20:15:50','2016-07-07 20:15:50',77),(143,'Jimmy Fund','208B','2016-07-07 20:15:50','2016-07-07 20:15:50',80),(144,'HIM','240','2016-07-07 20:15:50','2016-07-07 20:15:50',81),(145,'Jimmy Fund','208B','2016-07-07 20:15:50','2016-07-07 20:15:50',77),(146,'Boston Lying-In','429A','2016-07-07 20:15:50','2016-07-07 20:15:50',82),(147,'Dana','819','2016-07-07 20:15:50','2016-07-07 20:15:50',77),(148,'bldg','rm','2016-07-07 20:15:50','2016-07-07 20:15:50',83),(149,'Smith','1234','2016-07-07 20:15:50','2016-07-07 20:15:50',84),(150,'Dana','1524','2016-07-07 20:15:50','2016-07-07 20:15:50',85),(151,'HSC','5445','2016-07-07 20:15:50','2016-07-07 20:15:50',86),(152,'Dana','8th Floor','2016-07-07 20:15:50','2016-07-07 20:15:50',1),(153,'Dana','510','2016-07-07 20:15:50','2016-07-07 20:15:50',1),(154,'Smith','1010','2016-07-07 20:15:50','2016-07-07 20:15:50',87),(155,'Dana','1234','2016-07-07 20:15:50','2016-07-07 20:15:50',85),(156,'Yawkey','1425','2016-07-07 20:15:50','2016-07-07 20:15:50',50),(157,'7CC','4175-J','2016-07-07 20:15:50','2016-07-07 20:15:50',2),(158,'DA','8','2016-07-07 20:15:50','2016-07-07 20:15:50',88),(159,'Mayer','620','2016-07-07 20:15:50','2016-07-07 20:15:50',89),(160,'020','0G4','2016-07-07 20:15:50','2016-07-07 20:15:50',90),(161,'Dana','D644','2016-07-07 20:15:50','2016-07-07 20:15:50',50),(162,'7CC','4th floor','2016-07-07 20:15:50','2016-07-07 20:15:50',50),(163,'Karp','08-212','2016-07-07 20:15:50','2016-07-07 20:15:50',91),(164,'Dana','757','2016-07-07 20:15:50','2016-07-07 20:15:50',50),(165,'WAB','444','2016-07-07 20:15:50','2016-07-07 20:15:50',92),(166,'Jimmy Fund','208C','2016-07-07 20:15:50','2016-07-07 20:15:50',1),(167,'Mayer','457','2016-07-07 20:15:50','2016-07-07 20:15:50',77),(168,'Banting Building','E110','2016-07-07 20:15:50','2016-07-07 20:15:50',93),(169,'Dana','1514','2016-07-07 20:15:50','2016-07-07 20:15:50',94),(170,'Dana','D628','2016-07-07 20:15:50','2016-07-07 20:15:50',95),(171,'Dana Building','1230','2016-07-07 20:15:50','2016-07-07 20:15:50',77),(172,'Smith','822C','2016-07-07 20:15:50','2016-07-07 20:15:50',77),(173,'Dana','D740B','2016-07-07 20:15:50','2016-07-07 20:15:50',50),(174,'Dana','D614','2016-07-07 20:15:50','2016-07-07 20:15:50',96),(175,'Dana','728','2016-07-07 20:15:50','2016-07-07 20:15:50',96),(176,'Dana','1514','2016-07-07 20:15:50','2016-07-07 20:15:50',97),(177,'HIM','237','2016-07-07 20:15:50','2016-07-07 20:15:50',98),(178,'Dana','640A','2016-07-07 20:15:50','2016-07-07 20:15:50',99),(179,'Mayer ','534','2016-07-07 20:15:50','2016-07-07 20:15:50',100),(180,'Dana ','1230','2016-07-07 20:15:50','2016-07-07 20:15:50',77),(181,'Broad','5064D','2016-07-07 20:15:50','2016-07-07 20:15:50',101),(182,'ND3','136','2016-07-07 20:15:50','2016-07-07 20:15:50',102),(183,'Karp','7004','2016-07-07 20:15:50','2016-07-07 20:15:50',103),(184,'Haematologicum','007','2016-07-07 20:15:50','2016-07-07 20:15:50',104),(185,'Dana','1514','2016-07-07 20:15:50','2016-07-07 20:15:50',77),(186,'Karp','5th floor','2016-07-07 20:15:50','2016-07-07 20:15:50',50),(187,'Hess','5-108','2016-07-07 20:15:50','2016-07-07 20:15:50',105),(188,'Dana','524','2016-07-07 20:15:50','2016-07-07 20:15:50',96),(189,'Dana','1240F','2016-07-07 20:15:50','2016-07-07 20:15:50',77),(190,'CLS','628C','2016-07-07 20:15:50','2016-07-07 20:15:50',75),(191,'Haupthaus','E.408','2016-07-07 20:15:50','2016-07-07 20:15:50',106),(192,'Smith','1022','2016-07-07 20:15:50','2016-07-07 20:15:50',107),(193,'Smith','1010','2016-07-07 20:15:50','2016-07-07 20:15:50',108),(194,'Dana Building','630D','2016-07-07 20:15:50','2016-07-07 20:15:50',1),(195,'Mayer','640','2016-07-07 20:15:50','2016-07-07 20:15:50',85),(196,'C','1.1','2016-07-07 20:15:50','2016-07-07 20:15:50',109),(197,'Karp','08006C','2016-07-07 20:15:50','2016-07-07 20:15:50',7),(198,'HIM','343','2016-07-07 20:15:50','2016-07-07 20:15:50',110),(199,'tbd','tbd','2016-07-07 20:15:50','2016-07-07 20:15:50',111),(200,'Dana','512','2016-07-07 20:15:50','2016-07-07 20:15:50',1),(201,'Pavillon F','623','2016-07-07 20:15:50','2016-07-07 20:15:50',112),(202,'Dana','512','2016-07-07 20:15:50','2016-07-07 20:15:50',77),(203,'Medical Research Building','7th floor','2016-07-07 20:15:50','2016-07-07 20:15:50',113),(204,'Karp','520','2016-07-07 20:15:50','2016-07-07 20:15:50',114),(205,'Jimmy Fund','208','2016-07-07 20:15:50','2016-07-07 20:15:50',77),(206,'Dana','628','2016-07-07 20:15:50','2016-07-07 20:15:50',77),(207,'Dana','730B','2016-07-07 20:15:50','2016-07-07 20:15:50',77);
/*!40000 ALTER TABLE `locations` ENABLE KEYS */;
UNLOCK TABLES;

--
-- Table structure for table `member_votes`
--

DROP TABLE IF EXISTS `member_votes`;
/*!40101 SET @saved_cs_client     = @@character_set_client */;
/*!40101 SET character_set_client = utf8 */;
CREATE TABLE `member_votes` (
  `id` int(11) NOT NULL AUTO_INCREMENT,
  `committee_id` int(11) DEFAULT NULL,
  `vote_id` int(11) DEFAULT NULL,
  `user_id` int(11) DEFAULT NULL,
  `comment` text COLLATE utf8_unicode_ci,
  `created_at` datetime NOT NULL,
  `updated_at` datetime NOT NULL,
  `member_role` int(11) DEFAULT NULL,
  PRIMARY KEY (`id`),
  KEY `index_member_votes_on_user_id` (`user_id`) USING BTREE,
  KEY `index_member_votes_on_vote_id` (`vote_id`) USING BTREE
) ENGINE=InnoDB AUTO_INCREMENT=239 DEFAULT CHARSET=utf8 COLLATE=utf8_unicode_ci;
/*!40101 SET character_set_client = @saved_cs_client */;

--
-- Dumping data for table `member_votes`
--

LOCK TABLES `member_votes` WRITE;
/*!40000 ALTER TABLE `member_votes` DISABLE KEYS */;
/*!40000 ALTER TABLE `member_votes` ENABLE KEYS */;
UNLOCK TABLES;

--
-- Table structure for table `memberships`
--

DROP TABLE IF EXISTS `memberships`;
/*!40101 SET @saved_cs_client     = @@character_set_client */;
/*!40101 SET character_set_client = utf8 */;
CREATE TABLE `memberships` (
  `id` int(11) NOT NULL AUTO_INCREMENT,
  `user_id` int(11) DEFAULT NULL,
  `lab_group_id` int(11) DEFAULT NULL,
  `created_at` datetime NOT NULL,
  `updated_at` datetime NOT NULL,
  PRIMARY KEY (`id`)
) ENGINE=InnoDB AUTO_INCREMENT=269 DEFAULT CHARSET=utf8 COLLATE=utf8_unicode_ci;
/*!40101 SET character_set_client = @saved_cs_client */;

--
-- Dumping data for table `memberships`
--

LOCK TABLES `memberships` WRITE;
/*!40000 ALTER TABLE `memberships` DISABLE KEYS */;
INSERT INTO `memberships` VALUES (1,2,1,'2016-07-07 20:15:53','2016-07-07 20:15:53'),(2,3,1,'2016-07-07 20:15:53','2016-07-07 20:15:53'),(3,4,1,'2016-07-07 20:15:53','2016-07-07 20:15:53'),(4,50,1,'2016-07-07 20:15:53','2016-07-07 20:15:53'),(5,58,1,'2016-07-07 20:15:53','2016-07-07 20:15:53'),(6,61,1,'2016-07-07 20:15:53','2016-07-07 20:15:53'),(7,65,1,'2016-07-07 20:15:53','2016-07-07 20:15:53'),(8,73,1,'2016-07-07 20:15:53','2016-07-07 20:15:53'),(9,78,1,'2016-07-07 20:15:53','2016-07-07 20:15:53'),(10,81,1,'2016-07-07 20:15:53','2016-07-07 20:15:53'),(11,93,1,'2016-07-07 20:15:53','2016-07-07 20:15:53'),(12,108,1,'2016-07-07 20:15:53','2016-07-07 20:15:53'),(13,126,1,'2016-07-07 20:15:53','2016-07-07 20:15:53'),(14,137,1,'2016-07-07 20:15:53','2016-07-07 20:15:53'),(15,160,1,'2016-07-07 20:15:53','2016-07-07 20:15:53'),(16,171,1,'2016-07-07 20:15:53','2016-07-07 20:15:53'),(17,246,1,'2016-07-07 20:15:53','2016-07-07 20:15:53'),(18,250,1,'2016-07-07 20:15:53','2016-07-07 20:15:53'),(19,267,1,'2016-07-07 20:15:53','2016-07-07 20:15:53'),(20,317,1,'2016-07-07 20:15:53','2016-07-07 20:15:53'),(21,5,1,'2016-07-07 20:15:53','2016-07-07 20:15:53'),(22,6,1,'2016-07-07 20:15:53','2016-07-07 20:15:53'),(23,7,1,'2016-07-07 20:15:53','2016-07-07 20:15:53'),(24,40,1,'2016-07-07 20:15:53','2016-07-07 20:15:53'),(25,72,1,'2016-07-07 20:15:53','2016-07-07 20:15:53'),(26,154,1,'2016-07-07 20:15:53','2016-07-07 20:15:53'),(27,173,1,'2016-07-07 20:15:53','2016-07-07 20:15:53'),(28,175,1,'2016-07-07 20:15:53','2016-07-07 20:15:53'),(29,233,1,'2016-07-07 20:15:53','2016-07-07 20:15:53'),(30,266,1,'2016-07-07 20:15:53','2016-07-07 20:15:53'),(31,269,1,'2016-07-07 20:15:53','2016-07-07 20:15:53'),(32,38,1,'2016-07-07 20:15:53','2016-07-07 20:15:53'),(33,8,2,'2016-07-07 20:15:53','2016-07-07 20:15:53'),(34,27,2,'2016-07-07 20:15:53','2016-07-07 20:15:53'),(35,31,2,'2016-07-07 20:15:53','2016-07-07 20:15:53'),(36,36,2,'2016-07-07 20:15:53','2016-07-07 20:15:53'),(37,39,2,'2016-07-07 20:15:53','2016-07-07 20:15:53'),(38,43,2,'2016-07-07 20:15:53','2016-07-07 20:15:53'),(39,44,2,'2016-07-07 20:15:53','2016-07-07 20:15:53'),(40,45,2,'2016-07-07 20:15:53','2016-07-07 20:15:53'),(41,79,2,'2016-07-07 20:15:53','2016-07-07 20:15:53'),(42,80,2,'2016-07-07 20:15:53','2016-07-07 20:15:53'),(43,146,2,'2016-07-07 20:15:53','2016-07-07 20:15:53'),(44,9,3,'2016-07-07 20:15:53','2016-07-07 20:15:53'),(45,28,3,'2016-07-07 20:15:53','2016-07-07 20:15:53'),(46,10,4,'2016-07-07 20:15:53','2016-07-07 20:15:53'),(47,47,4,'2016-07-07 20:15:53','2016-07-07 20:15:53'),(48,10,5,'2016-07-07 20:15:53','2016-07-07 20:15:53'),(49,85,5,'2016-07-07 20:15:53','2016-07-07 20:15:53'),(50,11,6,'2016-07-07 20:15:53','2016-07-07 20:15:53'),(51,62,6,'2016-07-07 20:15:53','2016-07-07 20:15:53'),(52,122,6,'2016-07-07 20:15:53','2016-07-07 20:15:53'),(53,157,6,'2016-07-07 20:15:53','2016-07-07 20:15:53'),(54,161,6,'2016-07-07 20:15:53','2016-07-07 20:15:53'),(55,278,6,'2016-07-07 20:15:53','2016-07-07 20:15:53'),(56,12,7,'2016-07-07 20:15:53','2016-07-07 20:15:53'),(57,33,7,'2016-07-07 20:15:53','2016-07-07 20:15:53'),(58,113,7,'2016-07-07 20:15:53','2016-07-07 20:15:53'),(59,13,8,'2016-07-07 20:15:53','2016-07-07 20:15:53'),(60,49,8,'2016-07-07 20:15:53','2016-07-07 20:15:53'),(61,51,8,'2016-07-07 20:15:53','2016-07-07 20:15:53'),(62,13,9,'2016-07-07 20:15:53','2016-07-07 20:15:53'),(63,46,9,'2016-07-07 20:15:53','2016-07-07 20:15:53'),(64,97,9,'2016-07-07 20:15:53','2016-07-07 20:15:53'),(65,14,10,'2016-07-07 20:15:53','2016-07-07 20:15:53'),(66,141,10,'2016-07-07 20:15:53','2016-07-07 20:15:53'),(67,275,10,'2016-07-07 20:15:53','2016-07-07 20:15:53'),(68,15,11,'2016-07-07 20:15:53','2016-07-07 20:15:53'),(69,16,12,'2016-07-07 20:15:53','2016-07-07 20:15:53'),(70,17,13,'2016-07-07 20:15:53','2016-07-07 20:15:53'),(71,18,14,'2016-07-07 20:15:53','2016-07-07 20:15:53'),(72,19,15,'2016-07-07 20:15:53','2016-07-07 20:15:53'),(73,30,15,'2016-07-07 20:15:53','2016-07-07 20:15:53'),(74,20,16,'2016-07-07 20:15:53','2016-07-07 20:15:53'),(75,21,17,'2016-07-07 20:15:53','2016-07-07 20:15:53'),(76,22,18,'2016-07-07 20:15:53','2016-07-07 20:15:53'),(77,23,19,'2016-07-07 20:15:53','2016-07-07 20:15:53'),(78,24,20,'2016-07-07 20:15:53','2016-07-07 20:15:53'),(79,25,21,'2016-07-07 20:15:53','2016-07-07 20:15:53'),(80,277,21,'2016-07-07 20:15:53','2016-07-07 20:15:53'),(81,26,22,'2016-07-07 20:15:53','2016-07-07 20:15:53'),(82,34,24,'2016-07-07 20:15:53','2016-07-07 20:15:53'),(83,35,24,'2016-07-07 20:15:53','2016-07-07 20:15:53'),(84,37,25,'2016-07-07 20:15:53','2016-07-07 20:15:53'),(85,41,26,'2016-07-07 20:15:53','2016-07-07 20:15:53'),(86,42,27,'2016-07-07 20:15:53','2016-07-07 20:15:53'),(87,48,28,'2016-07-07 20:15:53','2016-07-07 20:15:53'),(88,52,30,'2016-07-07 20:15:53','2016-07-07 20:15:53'),(89,63,30,'2016-07-07 20:15:53','2016-07-07 20:15:53'),(90,53,31,'2016-07-07 20:15:53','2016-07-07 20:15:53'),(91,54,32,'2016-07-07 20:15:53','2016-07-07 20:15:53'),(92,55,33,'2016-07-07 20:15:53','2016-07-07 20:15:53'),(93,142,33,'2016-07-07 20:15:53','2016-07-07 20:15:53'),(94,143,33,'2016-07-07 20:15:53','2016-07-07 20:15:53'),(95,56,34,'2016-07-07 20:15:53','2016-07-07 20:15:53'),(96,57,35,'2016-07-07 20:15:53','2016-07-07 20:15:53'),(97,59,36,'2016-07-07 20:15:53','2016-07-07 20:15:53'),(98,60,37,'2016-07-07 20:15:53','2016-07-07 20:15:53'),(99,132,37,'2016-07-07 20:15:53','2016-07-07 20:15:53'),(100,64,39,'2016-07-07 20:15:53','2016-07-07 20:15:53'),(101,88,39,'2016-07-07 20:15:53','2016-07-07 20:15:53'),(102,282,39,'2016-07-07 20:15:53','2016-07-07 20:15:53'),(103,66,40,'2016-07-07 20:15:53','2016-07-07 20:15:53'),(104,92,40,'2016-07-07 20:15:53','2016-07-07 20:15:53'),(105,314,40,'2016-07-07 20:15:53','2016-07-07 20:15:53'),(106,70,42,'2016-07-07 20:15:53','2016-07-07 20:15:53'),(107,71,43,'2016-07-07 20:15:53','2016-07-07 20:15:53'),(108,74,45,'2016-07-07 20:15:53','2016-07-07 20:15:53'),(109,76,46,'2016-07-07 20:15:53','2016-07-07 20:15:53'),(110,130,46,'2016-07-07 20:15:53','2016-07-07 20:15:53'),(111,77,47,'2016-07-07 20:15:53','2016-07-07 20:15:53'),(112,82,48,'2016-07-07 20:15:53','2016-07-07 20:15:53'),(113,101,48,'2016-07-07 20:15:53','2016-07-07 20:15:53'),(114,215,48,'2016-07-07 20:15:53','2016-07-07 20:15:53'),(115,83,49,'2016-07-07 20:15:53','2016-07-07 20:15:53'),(116,176,49,'2016-07-07 20:15:53','2016-07-07 20:15:53'),(117,86,50,'2016-07-07 20:15:53','2016-07-07 20:15:53'),(118,87,51,'2016-07-07 20:15:53','2016-07-07 20:15:53'),(119,89,52,'2016-07-07 20:15:53','2016-07-07 20:15:53'),(120,90,53,'2016-07-07 20:15:53','2016-07-07 20:15:53'),(121,234,53,'2016-07-07 20:15:53','2016-07-07 20:15:53'),(122,107,53,'2016-07-07 20:15:53','2016-07-07 20:15:53'),(123,91,54,'2016-07-07 20:15:53','2016-07-07 20:15:53'),(124,94,55,'2016-07-07 20:15:53','2016-07-07 20:15:53'),(125,95,56,'2016-07-07 20:15:53','2016-07-07 20:15:53'),(126,96,57,'2016-07-07 20:15:53','2016-07-07 20:15:53'),(127,98,58,'2016-07-07 20:15:53','2016-07-07 20:15:53'),(128,99,59,'2016-07-07 20:15:53','2016-07-07 20:15:53'),(129,123,59,'2016-07-07 20:15:53','2016-07-07 20:15:53'),(130,291,59,'2016-07-07 20:15:53','2016-07-07 20:15:53'),(131,152,59,'2016-07-07 20:15:53','2016-07-07 20:15:53'),(132,174,59,'2016-07-07 20:15:53','2016-07-07 20:15:53'),(133,285,59,'2016-07-07 20:15:53','2016-07-07 20:15:53'),(134,100,60,'2016-07-07 20:15:53','2016-07-07 20:15:53'),(135,238,61,'2016-07-07 20:15:53','2016-07-07 20:15:53'),(136,102,63,'2016-07-07 20:15:53','2016-07-07 20:15:53'),(137,140,63,'2016-07-07 20:15:53','2016-07-07 20:15:53'),(138,103,64,'2016-07-07 20:15:53','2016-07-07 20:15:53'),(139,145,64,'2016-07-07 20:15:53','2016-07-07 20:15:53'),(140,159,64,'2016-07-07 20:15:53','2016-07-07 20:15:53'),(141,104,65,'2016-07-07 20:15:53','2016-07-07 20:15:53'),(142,105,66,'2016-07-07 20:15:53','2016-07-07 20:15:53'),(143,272,66,'2016-07-07 20:15:53','2016-07-07 20:15:53'),(144,289,66,'2016-07-07 20:15:53','2016-07-07 20:15:53'),(145,106,67,'2016-07-07 20:15:53','2016-07-07 20:15:53'),(146,109,68,'2016-07-07 20:15:53','2016-07-07 20:15:53'),(147,110,69,'2016-07-07 20:15:53','2016-07-07 20:15:53'),(148,111,70,'2016-07-07 20:15:53','2016-07-07 20:15:53'),(149,112,71,'2016-07-07 20:15:53','2016-07-07 20:15:53'),(150,133,71,'2016-07-07 20:15:53','2016-07-07 20:15:53'),(151,114,72,'2016-07-07 20:15:53','2016-07-07 20:15:53'),(152,116,73,'2016-07-07 20:15:53','2016-07-07 20:15:53'),(153,117,74,'2016-07-07 20:15:53','2016-07-07 20:15:53'),(154,119,75,'2016-07-07 20:15:53','2016-07-07 20:15:53'),(155,120,76,'2016-07-07 20:15:53','2016-07-07 20:15:53'),(156,121,77,'2016-07-07 20:15:53','2016-07-07 20:15:53'),(157,125,77,'2016-07-07 20:15:53','2016-07-07 20:15:53'),(158,124,78,'2016-07-07 20:15:53','2016-07-07 20:15:53'),(159,127,79,'2016-07-07 20:15:53','2016-07-07 20:15:53'),(160,128,80,'2016-07-07 20:15:53','2016-07-07 20:15:53'),(161,129,80,'2016-07-07 20:15:53','2016-07-07 20:15:53'),(162,134,81,'2016-07-07 20:15:53','2016-07-07 20:15:53'),(163,135,82,'2016-07-07 20:15:53','2016-07-07 20:15:53'),(164,136,83,'2016-07-07 20:15:53','2016-07-07 20:15:53'),(165,138,84,'2016-07-07 20:15:53','2016-07-07 20:15:53'),(166,139,85,'2016-07-07 20:15:53','2016-07-07 20:15:53'),(167,144,86,'2016-07-07 20:15:53','2016-07-07 20:15:53'),(168,147,87,'2016-07-07 20:15:53','2016-07-07 20:15:53'),(169,148,88,'2016-07-07 20:15:53','2016-07-07 20:15:53'),(170,150,89,'2016-07-07 20:15:53','2016-07-07 20:15:53'),(171,153,90,'2016-07-07 20:15:53','2016-07-07 20:15:53'),(172,155,91,'2016-07-07 20:15:53','2016-07-07 20:15:53'),(173,283,91,'2016-07-07 20:15:53','2016-07-07 20:15:53'),(174,156,93,'2016-07-07 20:15:53','2016-07-07 20:15:53'),(175,183,93,'2016-07-07 20:15:53','2016-07-07 20:15:53'),(176,158,94,'2016-07-07 20:15:53','2016-07-07 20:15:53'),(177,165,94,'2016-07-07 20:15:53','2016-07-07 20:15:53'),(178,258,94,'2016-07-07 20:15:53','2016-07-07 20:15:53'),(179,164,96,'2016-07-07 20:15:53','2016-07-07 20:15:53'),(180,167,97,'2016-07-07 20:15:53','2016-07-07 20:15:53'),(181,182,97,'2016-07-07 20:15:53','2016-07-07 20:15:53'),(182,168,98,'2016-07-07 20:15:53','2016-07-07 20:15:53'),(183,169,99,'2016-07-07 20:15:53','2016-07-07 20:15:53'),(184,172,100,'2016-07-07 20:15:53','2016-07-07 20:15:53'),(185,177,101,'2016-07-07 20:15:53','2016-07-07 20:15:53'),(186,178,102,'2016-07-07 20:15:53','2016-07-07 20:15:53'),(187,179,103,'2016-07-07 20:15:53','2016-07-07 20:15:53'),(188,226,103,'2016-07-07 20:15:53','2016-07-07 20:15:53'),(189,180,104,'2016-07-07 20:15:53','2016-07-07 20:15:53'),(190,184,106,'2016-07-07 20:15:53','2016-07-07 20:15:53'),(191,185,107,'2016-07-07 20:15:53','2016-07-07 20:15:53'),(192,186,108,'2016-07-07 20:15:53','2016-07-07 20:15:53'),(193,188,109,'2016-07-07 20:15:53','2016-07-07 20:15:53'),(194,216,112,'2016-07-07 20:15:53','2016-07-07 20:15:53'),(195,217,113,'2016-07-07 20:15:53','2016-07-07 20:15:53'),(196,218,114,'2016-07-07 20:15:53','2016-07-07 20:15:53'),(197,219,115,'2016-07-07 20:15:53','2016-07-07 20:15:53'),(198,220,116,'2016-07-07 20:15:53','2016-07-07 20:15:53'),(199,221,117,'2016-07-07 20:15:53','2016-07-07 20:15:53'),(200,309,117,'2016-07-07 20:15:53','2016-07-07 20:15:53'),(201,311,117,'2016-07-07 20:15:53','2016-07-07 20:15:53'),(202,224,118,'2016-07-07 20:15:53','2016-07-07 20:15:53'),(203,225,119,'2016-07-07 20:15:53','2016-07-07 20:15:53'),(204,261,119,'2016-07-07 20:15:53','2016-07-07 20:15:53'),(205,227,120,'2016-07-07 20:15:53','2016-07-07 20:15:53'),(206,228,121,'2016-07-07 20:15:53','2016-07-07 20:15:53'),(207,229,123,'2016-07-07 20:15:53','2016-07-07 20:15:53'),(208,230,124,'2016-07-07 20:15:53','2016-07-07 20:15:53'),(209,231,125,'2016-07-07 20:15:53','2016-07-07 20:15:53'),(210,232,126,'2016-07-07 20:15:53','2016-07-07 20:15:53'),(211,307,126,'2016-07-07 20:15:53','2016-07-07 20:15:53'),(212,245,127,'2016-07-07 20:15:53','2016-07-07 20:15:53'),(213,235,128,'2016-07-07 20:15:53','2016-07-07 20:15:53'),(214,237,129,'2016-07-07 20:15:53','2016-07-07 20:15:53'),(215,239,130,'2016-07-07 20:15:53','2016-07-07 20:15:53'),(216,240,131,'2016-07-07 20:15:53','2016-07-07 20:15:53'),(217,242,133,'2016-07-07 20:15:53','2016-07-07 20:15:53'),(218,243,134,'2016-07-07 20:15:53','2016-07-07 20:15:53'),(219,244,135,'2016-07-07 20:15:53','2016-07-07 20:15:53'),(220,247,136,'2016-07-07 20:15:53','2016-07-07 20:15:53'),(221,251,138,'2016-07-07 20:15:53','2016-07-07 20:15:53'),(222,252,139,'2016-07-07 20:15:53','2016-07-07 20:15:53'),(223,253,140,'2016-07-07 20:15:53','2016-07-07 20:15:53'),(224,254,141,'2016-07-07 20:15:53','2016-07-07 20:15:53'),(225,290,141,'2016-07-07 20:15:53','2016-07-07 20:15:53'),(226,305,141,'2016-07-07 20:15:53','2016-07-07 20:15:53'),(227,316,141,'2016-07-07 20:15:53','2016-07-07 20:15:53'),(228,255,142,'2016-07-07 20:15:53','2016-07-07 20:15:53'),(229,256,143,'2016-07-07 20:15:54','2016-07-07 20:15:54'),(230,257,144,'2016-07-07 20:15:54','2016-07-07 20:15:54'),(231,276,144,'2016-07-07 20:15:54','2016-07-07 20:15:54'),(232,259,145,'2016-07-07 20:15:54','2016-07-07 20:15:54'),(233,306,145,'2016-07-07 20:15:54','2016-07-07 20:15:54'),(234,260,146,'2016-07-07 20:15:54','2016-07-07 20:15:54'),(235,318,146,'2016-07-07 20:15:54','2016-07-07 20:15:54'),(236,262,147,'2016-07-07 20:15:54','2016-07-07 20:15:54'),(237,265,148,'2016-07-07 20:15:54','2016-07-07 20:15:54'),(238,268,149,'2016-07-07 20:15:54','2016-07-07 20:15:54'),(239,270,150,'2016-07-07 20:15:54','2016-07-07 20:15:54'),(240,271,151,'2016-07-07 20:15:54','2016-07-07 20:15:54'),(241,273,152,'2016-07-07 20:15:54','2016-07-07 20:15:54'),(242,274,153,'2016-07-07 20:15:54','2016-07-07 20:15:54'),(243,279,155,'2016-07-07 20:15:54','2016-07-07 20:15:54'),(244,280,156,'2016-07-07 20:15:54','2016-07-07 20:15:54'),(245,281,157,'2016-07-07 20:15:54','2016-07-07 20:15:54'),(246,284,158,'2016-07-07 20:15:54','2016-07-07 20:15:54'),(247,286,159,'2016-07-07 20:15:54','2016-07-07 20:15:54'),(248,287,160,'2016-07-07 20:15:54','2016-07-07 20:15:54'),(249,288,161,'2016-07-07 20:15:54','2016-07-07 20:15:54'),(250,292,162,'2016-07-07 20:15:54','2016-07-07 20:15:54'),(251,308,162,'2016-07-07 20:15:54','2016-07-07 20:15:54'),(252,293,163,'2016-07-07 20:15:54','2016-07-07 20:15:54'),(253,294,164,'2016-07-07 20:15:54','2016-07-07 20:15:54'),(254,295,165,'2016-07-07 20:15:54','2016-07-07 20:15:54'),(255,303,165,'2016-07-07 20:15:54','2016-07-07 20:15:54'),(256,296,166,'2016-07-07 20:15:54','2016-07-07 20:15:54'),(257,297,167,'2016-07-07 20:15:54','2016-07-07 20:15:54'),(258,298,168,'2016-07-07 20:15:54','2016-07-07 20:15:54'),(259,299,169,'2016-07-07 20:15:54','2016-07-07 20:15:54'),(260,301,169,'2016-07-07 20:15:54','2016-07-07 20:15:54'),(261,300,170,'2016-07-07 20:15:54','2016-07-07 20:15:54'),(262,302,171,'2016-07-07 20:15:54','2016-07-07 20:15:54'),(263,304,172,'2016-07-07 20:15:54','2016-07-07 20:15:54'),(264,310,174,'2016-07-07 20:15:54','2016-07-07 20:15:54'),(265,312,175,'2016-07-07 20:15:54','2016-07-07 20:15:54'),(266,313,176,'2016-07-07 20:15:54','2016-07-07 20:15:54'),(267,315,177,'2016-07-07 20:15:54','2016-07-07 20:15:54'),(268,319,141,'2016-07-07 20:15:54','2016-07-07 20:15:54');
/*!40000 ALTER TABLE `memberships` ENABLE KEYS */;
UNLOCK TABLES;

--
-- Table structure for table `organizations`
--

DROP TABLE IF EXISTS `organizations`;
/*!40101 SET @saved_cs_client     = @@character_set_client */;
/*!40101 SET character_set_client = utf8 */;
CREATE TABLE `organizations` (
  `id` int(11) NOT NULL AUTO_INCREMENT,
  `name` varchar(255) COLLATE utf8_unicode_ci DEFAULT NULL,
  `phone` varchar(255) COLLATE utf8_unicode_ci DEFAULT NULL,
  `email` varchar(255) COLLATE utf8_unicode_ci DEFAULT NULL,
  `created_at` datetime NOT NULL,
  `updated_at` datetime NOT NULL,
  `address_id` int(11) DEFAULT NULL,
  PRIMARY KEY (`id`)
) ENGINE=InnoDB AUTO_INCREMENT=76 DEFAULT CHARSET=utf8 COLLATE=utf8_unicode_ci;
/*!40101 SET character_set_client = @saved_cs_client */;

--
-- Dumping data for table `organizations`
--

LOCK TABLES `organizations` WRITE;
/*!40000 ALTER TABLE `organizations` DISABLE KEYS */;
INSERT INTO `organizations` VALUES (1,'Dana-Farber Cancer Institute','','','2016-07-07 20:15:50','2016-07-07 20:15:50',1),(2,'Broad Institute','','','2016-07-07 20:15:50','2016-07-07 20:15:50',2),(5,'Massachusetts Eye and Ear Infirmary','617 573 3367','inetwebmaster@meei.harvard.edu','2016-07-07 20:15:50','2016-07-07 20:15:50',6),(6,'N-Of-One','617 669 1706','jkinoshita@n-of-one.com','2016-07-07 20:15:50','2016-07-07 20:15:50',9),(7,'UCLA','3108259111','somwebmaster@mednet.ucla.edu','2016-07-07 20:15:50','2016-07-07 20:15:50',11),(11,'Novartis NIBR','6178718000','nibr@novartis.com','2016-07-07 20:15:50','2016-07-07 20:15:50',13),(12,'Case Western Reserve University','','Henry.Koon@UHhospitals.org','2016-07-07 20:15:50','2016-07-07 20:15:50',18),(13,'Peter MacCallum Cancer Centre','NULL','NULL','2016-07-07 20:15:50','2016-07-07 20:15:50',21),(14,'BIDMC','NULL','NULL','2016-07-07 20:15:50','2016-07-07 20:15:50',75),(16,'Brigham and Women\'s Hospital','NULL','NULL','2016-07-07 20:15:50','2016-07-07 20:15:50',34),(23,'Samsung Medical Center','NULL','NULL','2016-07-07 20:15:50','2016-07-07 20:15:50',29),(24,'Massachusetts General Hospital','NULL','NULL','2016-07-07 20:15:50','2016-07-07 20:15:50',5),(26,'Duke University Medical Center','NULL','NULL','2016-07-07 20:15:50','2016-07-07 20:15:50',31),(30,'Partners Healthcare-Virology','NULL','NULL','2016-07-07 20:15:50','2016-07-07 20:15:50',34),(31,'NYU School of Medicine','NULL','NULL','2016-07-07 20:15:50','2016-07-07 20:15:50',36),(32,'Children\'s Hospital Boston','NULL','NULL','2016-07-07 20:15:50','2016-07-07 20:15:50',38),(33,'Queen\'s University','NULL','NULL','2016-07-07 20:15:50','2016-07-07 20:15:50',39),(35,'Infinity Pharmaceuticals','NULL','NULL','2016-07-07 20:15:50','2016-07-07 20:15:50',44),(36,'Harvard University','NULL','NULL','2016-07-07 20:15:50','2016-07-07 20:15:50',75),(38,'Sanofi-Aventis','NULL','NULL','2016-07-07 20:15:50','2016-07-07 20:15:50',49),(40,'DFCI /HCC','NULL','NULL','2016-07-07 20:15:50','2016-07-07 20:15:50',12),(44,'Duke University','NULL','NULL','2016-07-07 20:15:50','2016-07-07 20:15:50',57),(48,'Center for Novel Exp Therapeutics','NULL','NULL','2016-07-07 20:15:50','2016-07-07 20:15:50',70),(51,'Beth Israel Deaconess Medical Center Harvard Medical School','NULL','NULL','2016-07-07 20:15:50','2016-07-07 20:15:50',76),(52,'DFCI','NULL','NULL','2016-07-07 20:15:50','2016-07-07 20:15:50',77),(53,'Dana Farber Cancer Institute','NULL','NULL','2016-07-07 20:15:50','2016-07-07 20:15:50',78),(54,'BWH','NULL','NULL','2016-07-07 20:15:50','2016-07-07 20:15:50',82),(55,'Beckman Coulter','NULL','NULL','2016-07-07 20:15:50','2016-07-07 20:15:50',84),(56,'Hospital For Sick CHildren','NULL','NULL','2016-07-07 20:15:50','2016-07-07 20:15:50',86),(57,'DFCI/Harvard','NULL','NULL','2016-07-07 20:15:50','2016-07-07 20:15:50',1),(58,'The Broad Institute of Harvard and MIT','NULL','NULL','2016-07-07 20:15:50','2016-07-07 20:15:50',2),(59,'Janssen Pharmaceutica','NULL','NULL','2016-07-07 20:15:50','2016-07-07 20:15:50',90),(60,'Boston Children\'s Hospital','NULL','NULL','2016-07-07 20:15:50','2016-07-07 20:15:50',91),(61,'Harvard Medical School','NULL','NULL','2016-07-07 20:15:50','2016-07-07 20:15:50',92),(62,'Health Canada','NULL','NULL','2016-07-07 20:15:50','2016-07-07 20:15:50',93),(63,'DFCI/Broad/BCH','NULL','NULL','2016-07-07 20:15:50','2016-07-07 20:15:50',94),(64,'Dana Farber','NULL','NULL','2016-07-07 20:15:50','2016-07-07 20:15:50',99),(65,'University of Texas Southwestern Medical Center','NULL','NULL','2016-07-07 20:15:50','2016-07-07 20:15:50',102),(66,'University of Munich','NULL','NULL','2016-07-07 20:15:50','2016-07-07 20:15:50',104),(67,'Mount Sinai','NULL','NULL','2016-07-07 20:15:50','2016-07-07 20:15:50',105),(68,'BIDMC',' Harvard Medical School','NULL','2016-07-07 20:15:50','2016-07-07 20:15:50',0),(69,'Kliniken Essen-Mitte','NULL','NULL','2016-07-07 20:15:50','2016-07-07 20:15:50',106),(70,'DFCI / BWH','NULL','NULL','2016-07-07 20:15:50','2016-07-07 20:15:50',107),(71,'Salzburg Cancer Research Institute','NULL','NULL','2016-07-07 20:15:50','2016-07-07 20:15:50',109),(72,'Lady Davis Institute','NULL','NULL','2016-07-07 20:15:50','2016-07-07 20:15:50',112),(73,'BWH Pathology','NULL','NULL','2016-07-07 20:15:50','2016-07-07 20:15:50',113),(74,'DFCI/BWH','NULL','NULL','2016-07-07 20:15:50','2016-07-07 20:15:50',114),(75,'DFCI-MO','NULL','NULL','2016-07-07 20:15:50','2016-07-07 20:15:50',77);
/*!40000 ALTER TABLE `organizations` ENABLE KEYS */;
UNLOCK TABLES;

--
-- Table structure for table `platforms`
--

DROP TABLE IF EXISTS `platforms`;
/*!40101 SET @saved_cs_client     = @@character_set_client */;
/*!40101 SET character_set_client = utf8 */;
CREATE TABLE `platforms` (
  `id` int(11) NOT NULL AUTO_INCREMENT,
  `name` varchar(255) COLLATE utf8_unicode_ci DEFAULT NULL,
  `code` varchar(4) COLLATE utf8_unicode_ci DEFAULT NULL,
  `created_at` datetime NOT NULL,
  `updated_at` datetime NOT NULL,
  PRIMARY KEY (`id`)
) ENGINE=InnoDB AUTO_INCREMENT=20 DEFAULT CHARSET=utf8 COLLATE=utf8_unicode_ci;
/*!40101 SET character_set_client = @saved_cs_client */;

--
-- Dumping data for table `platforms`
--

LOCK TABLES `platforms` WRITE;
/*!40000 ALTER TABLE `platforms` DISABLE KEYS */;
INSERT INTO `platforms` VALUES (1,'Sequenom Genotyping','GT','2016-07-07 20:15:55','2016-07-07 20:15:55'),(2,'Illumina Whole Genome Sequencing','WG','2016-07-07 20:15:55','2016-07-07 20:15:55'),(3,'Sanger Sequencing','AS','2016-07-07 20:15:55','2016-07-07 20:15:55'),(4,'Illumina Whole Exome Sequencing (v2)','WE','2016-07-07 20:15:55','2016-07-07 20:15:55'),(5,'Illumina Targeted Sequencing (Oncopanel version 2)','TS','2016-07-07 20:15:55','2016-07-07 20:15:55'),(6,'Affymetrix SNP Array','A6','2016-07-07 20:15:55','2016-07-07 20:15:55'),(7,'DNA Fingerprinting','FP','2016-07-07 20:15:55','2016-07-07 20:15:55'),(8,'Affymetrix Gene Expression','AG','2016-07-07 20:15:55','2016-07-07 20:15:55'),(9,'Illumina Sequencing of Prepared Libraries','IS','2016-07-07 20:15:55','2016-07-07 20:15:55'),(10,'Whole Transcriptome Shotgun Sequencing (RNA-Seq)','RS','2016-07-07 20:15:55','2016-07-07 20:15:55'),(11,'ChIP-Sequencing','CS','2016-07-07 20:15:55','2016-07-07 20:15:55'),(12,'Amplicon Sequencing','AS','2016-07-07 20:15:55','2016-07-07 20:15:55'),(13,'Illumina Targeted Sequencing (Custom Bait set)','CB','2016-07-07 20:15:55','2016-07-07 20:15:55'),(14,'Illumina Targeted Sequencing (Profile Oncopanel version 1)','PP','2016-07-07 20:15:55','2016-07-07 20:15:55'),(15,'Illumina Targeted Sequencing (Oncopanel version 3)','P3','2016-07-07 20:15:55','2016-07-07 20:15:55'),(16,'Illumina Targeted Sequencing (Oncopanel version 3 w/ Trl)','3T','2016-07-07 20:15:55','2016-07-07 20:15:55'),(17,'Illumina Whole Exome Sequencing (v5)','E5','2016-07-07 20:15:55','2016-07-07 20:15:55'),(18,'Illumina Whole Exome Sequencing w/ Trl (v5)','ET','2016-07-07 20:15:55','2016-07-07 20:15:55'),(19,'Illumina Whole Exome Sequencing - Mouse (v1)','ME','2016-07-07 20:15:55','2016-07-07 20:15:55');
/*!40000 ALTER TABLE `platforms` ENABLE KEYS */;
UNLOCK TABLES;

--
-- Table structure for table `privileges`
--

DROP TABLE IF EXISTS `privileges`;
/*!40101 SET @saved_cs_client     = @@character_set_client */;
/*!40101 SET character_set_client = utf8 */;
CREATE TABLE `privileges` (
  `id` int(11) NOT NULL AUTO_INCREMENT,
  `created_at` datetime NOT NULL,
  `updated_at` datetime NOT NULL,
  `user_id` int(11) NOT NULL,
  `role_id` int(11) NOT NULL,
  PRIMARY KEY (`id`),
  KEY `index_privileges_on_role_id` (`role_id`) USING BTREE,
  KEY `index_privileges_on_user_id` (`user_id`) USING BTREE
) ENGINE=InnoDB AUTO_INCREMENT=828 DEFAULT CHARSET=utf8 COLLATE=utf8_unicode_ci;
/*!40101 SET character_set_client = @saved_cs_client */;

--
-- Dumping data for table `privileges`
--

LOCK TABLES `privileges` WRITE;
/*!40000 ALTER TABLE `privileges` DISABLE KEYS */;
INSERT INTO `privileges` VALUES (1,'2016-07-07 20:15:54','2016-07-07 20:15:54',2,1),(2,'2016-07-07 20:15:54','2016-07-07 20:15:54',3,1),(3,'2016-07-07 20:15:54','2016-07-07 20:15:54',73,1),(4,'2016-07-07 20:15:54','2016-07-07 20:15:54',108,1),(5,'2016-07-07 20:15:54','2016-07-07 20:15:54',123,1),(6,'2016-07-07 20:15:54','2016-07-07 20:15:54',137,1),(7,'2016-07-07 20:15:54','2016-07-07 20:15:54',154,1),(8,'2016-07-07 20:15:54','2016-07-07 20:15:54',160,1),(9,'2016-07-07 20:15:54','2016-07-07 20:15:54',171,1),(10,'2016-07-07 20:15:54','2016-07-07 20:15:54',233,1),(11,'2016-07-07 20:15:54','2016-07-07 20:15:54',246,1),(12,'2016-07-07 20:15:54','2016-07-07 20:15:54',250,1),(13,'2016-07-07 20:15:54','2016-07-07 20:15:54',267,1),(14,'2016-07-07 20:15:54','2016-07-07 20:15:54',316,1),(15,'2016-07-07 20:15:54','2016-07-07 20:15:54',317,1),(16,'2016-07-07 20:15:54','2016-07-07 20:15:54',8,2),(17,'2016-07-07 20:15:54','2016-07-07 20:15:54',9,2),(18,'2016-07-07 20:15:54','2016-07-07 20:15:54',10,2),(19,'2016-07-07 20:15:54','2016-07-07 20:15:54',11,2),(20,'2016-07-07 20:15:54','2016-07-07 20:15:54',12,2),(21,'2016-07-07 20:15:54','2016-07-07 20:15:54',13,2),(22,'2016-07-07 20:15:54','2016-07-07 20:15:54',14,2),(23,'2016-07-07 20:15:54','2016-07-07 20:15:54',46,2),(24,'2016-07-07 20:15:54','2016-07-07 20:15:54',167,2),(25,'2016-07-07 20:15:54','2016-07-07 20:15:54',263,2),(26,'2016-07-07 20:15:54','2016-07-07 20:15:54',264,2),(27,'2016-07-07 20:15:54','2016-07-07 20:15:54',2,3),(28,'2016-07-07 20:15:54','2016-07-07 20:15:54',3,3),(29,'2016-07-07 20:15:54','2016-07-07 20:15:54',4,3),(30,'2016-07-07 20:15:54','2016-07-07 20:15:54',5,3),(31,'2016-07-07 20:15:54','2016-07-07 20:15:54',7,3),(32,'2016-07-07 20:15:54','2016-07-07 20:15:54',27,3),(33,'2016-07-07 20:15:54','2016-07-07 20:15:54',40,3),(34,'2016-07-07 20:15:54','2016-07-07 20:15:54',61,3),(35,'2016-07-07 20:15:54','2016-07-07 20:15:54',65,3),(36,'2016-07-07 20:15:54','2016-07-07 20:15:54',81,3),(37,'2016-07-07 20:15:54','2016-07-07 20:15:54',108,3),(38,'2016-07-07 20:15:54','2016-07-07 20:15:54',123,3),(39,'2016-07-07 20:15:54','2016-07-07 20:15:54',126,3),(40,'2016-07-07 20:15:54','2016-07-07 20:15:54',137,3),(41,'2016-07-07 20:15:54','2016-07-07 20:15:54',145,3),(42,'2016-07-07 20:15:54','2016-07-07 20:15:54',154,3),(43,'2016-07-07 20:15:54','2016-07-07 20:15:54',160,3),(44,'2016-07-07 20:15:54','2016-07-07 20:15:54',171,3),(45,'2016-07-07 20:15:54','2016-07-07 20:15:54',173,3),(46,'2016-07-07 20:15:54','2016-07-07 20:15:54',233,3),(47,'2016-07-07 20:15:54','2016-07-07 20:15:54',246,3),(48,'2016-07-07 20:15:54','2016-07-07 20:15:54',250,3),(49,'2016-07-07 20:15:54','2016-07-07 20:15:54',266,3),(50,'2016-07-07 20:15:54','2016-07-07 20:15:54',267,3),(51,'2016-07-07 20:15:54','2016-07-07 20:15:54',269,3),(52,'2016-07-07 20:15:54','2016-07-07 20:15:54',290,3),(53,'2016-07-07 20:15:54','2016-07-07 20:15:54',305,3),(54,'2016-07-07 20:15:54','2016-07-07 20:15:54',2,5),(55,'2016-07-07 20:15:54','2016-07-07 20:15:54',3,5),(56,'2016-07-07 20:15:54','2016-07-07 20:15:54',4,5),(57,'2016-07-07 20:15:54','2016-07-07 20:15:54',5,5),(58,'2016-07-07 20:15:54','2016-07-07 20:15:54',8,5),(59,'2016-07-07 20:15:54','2016-07-07 20:15:54',9,5),(60,'2016-07-07 20:15:54','2016-07-07 20:15:54',10,5),(61,'2016-07-07 20:15:54','2016-07-07 20:15:54',11,5),(62,'2016-07-07 20:15:54','2016-07-07 20:15:54',12,5),(63,'2016-07-07 20:15:54','2016-07-07 20:15:54',13,5),(64,'2016-07-07 20:15:54','2016-07-07 20:15:54',14,5),(65,'2016-07-07 20:15:54','2016-07-07 20:15:54',15,5),(66,'2016-07-07 20:15:54','2016-07-07 20:15:54',16,5),(67,'2016-07-07 20:15:54','2016-07-07 20:15:54',17,5),(68,'2016-07-07 20:15:54','2016-07-07 20:15:54',18,5),(69,'2016-07-07 20:15:54','2016-07-07 20:15:54',19,5),(70,'2016-07-07 20:15:54','2016-07-07 20:15:54',20,5),(71,'2016-07-07 20:15:54','2016-07-07 20:15:54',21,5),(72,'2016-07-07 20:15:54','2016-07-07 20:15:54',22,5),(73,'2016-07-07 20:15:54','2016-07-07 20:15:54',23,5),(74,'2016-07-07 20:15:54','2016-07-07 20:15:54',24,5),(75,'2016-07-07 20:15:54','2016-07-07 20:15:54',25,5),(76,'2016-07-07 20:15:54','2016-07-07 20:15:54',26,5),(77,'2016-07-07 20:15:54','2016-07-07 20:15:54',34,5),(78,'2016-07-07 20:15:54','2016-07-07 20:15:54',37,5),(79,'2016-07-07 20:15:54','2016-07-07 20:15:54',38,5),(80,'2016-07-07 20:15:54','2016-07-07 20:15:54',39,5),(81,'2016-07-07 20:15:54','2016-07-07 20:15:54',41,5),(82,'2016-07-07 20:15:54','2016-07-07 20:15:54',42,5),(83,'2016-07-07 20:15:54','2016-07-07 20:15:54',50,5),(84,'2016-07-07 20:15:54','2016-07-07 20:15:54',51,5),(85,'2016-07-07 20:15:54','2016-07-07 20:15:54',52,5),(86,'2016-07-07 20:15:54','2016-07-07 20:15:54',53,5),(87,'2016-07-07 20:15:54','2016-07-07 20:15:54',56,5),(88,'2016-07-07 20:15:54','2016-07-07 20:15:54',57,5),(89,'2016-07-07 20:15:54','2016-07-07 20:15:54',58,5),(90,'2016-07-07 20:15:54','2016-07-07 20:15:54',59,5),(91,'2016-07-07 20:15:54','2016-07-07 20:15:54',60,5),(92,'2016-07-07 20:15:54','2016-07-07 20:15:54',63,5),(93,'2016-07-07 20:15:54','2016-07-07 20:15:54',66,5),(94,'2016-07-07 20:15:54','2016-07-07 20:15:54',70,5),(95,'2016-07-07 20:15:54','2016-07-07 20:15:54',71,5),(96,'2016-07-07 20:15:54','2016-07-07 20:15:54',72,5),(97,'2016-07-07 20:15:54','2016-07-07 20:15:54',76,5),(98,'2016-07-07 20:15:54','2016-07-07 20:15:54',77,5),(99,'2016-07-07 20:15:54','2016-07-07 20:15:54',79,5),(100,'2016-07-07 20:15:54','2016-07-07 20:15:54',87,5),(101,'2016-07-07 20:15:54','2016-07-07 20:15:54',91,5),(102,'2016-07-07 20:15:54','2016-07-07 20:15:54',95,5),(103,'2016-07-07 20:15:54','2016-07-07 20:15:54',96,5),(104,'2016-07-07 20:15:54','2016-07-07 20:15:54',99,5),(105,'2016-07-07 20:15:54','2016-07-07 20:15:54',102,5),(106,'2016-07-07 20:15:54','2016-07-07 20:15:54',103,5),(107,'2016-07-07 20:15:54','2016-07-07 20:15:54',112,5),(108,'2016-07-07 20:15:54','2016-07-07 20:15:54',114,5),(109,'2016-07-07 20:15:54','2016-07-07 20:15:54',117,5),(110,'2016-07-07 20:15:54','2016-07-07 20:15:54',125,5),(111,'2016-07-07 20:15:54','2016-07-07 20:15:54',134,5),(112,'2016-07-07 20:15:54','2016-07-07 20:15:54',137,5),(113,'2016-07-07 20:15:54','2016-07-07 20:15:54',138,5),(114,'2016-07-07 20:15:54','2016-07-07 20:15:54',139,5),(115,'2016-07-07 20:15:54','2016-07-07 20:15:54',140,5),(116,'2016-07-07 20:15:54','2016-07-07 20:15:54',145,5),(117,'2016-07-07 20:15:54','2016-07-07 20:15:54',153,5),(118,'2016-07-07 20:15:54','2016-07-07 20:15:54',154,5),(119,'2016-07-07 20:15:54','2016-07-07 20:15:54',155,5),(120,'2016-07-07 20:15:54','2016-07-07 20:15:54',156,5),(121,'2016-07-07 20:15:54','2016-07-07 20:15:54',158,5),(122,'2016-07-07 20:15:54','2016-07-07 20:15:54',161,5),(123,'2016-07-07 20:15:54','2016-07-07 20:15:54',164,5),(124,'2016-07-07 20:15:54','2016-07-07 20:15:54',167,5),(125,'2016-07-07 20:15:54','2016-07-07 20:15:54',168,5),(126,'2016-07-07 20:15:54','2016-07-07 20:15:54',169,5),(127,'2016-07-07 20:15:54','2016-07-07 20:15:54',177,5),(128,'2016-07-07 20:15:54','2016-07-07 20:15:54',178,5),(129,'2016-07-07 20:15:54','2016-07-07 20:15:54',179,5),(130,'2016-07-07 20:15:54','2016-07-07 20:15:54',184,5),(131,'2016-07-07 20:15:54','2016-07-07 20:15:54',186,5),(132,'2016-07-07 20:15:54','2016-07-07 20:15:54',216,5),(133,'2016-07-07 20:15:54','2016-07-07 20:15:54',217,5),(134,'2016-07-07 20:15:54','2016-07-07 20:15:54',219,5),(135,'2016-07-07 20:15:54','2016-07-07 20:15:54',221,5),(136,'2016-07-07 20:15:54','2016-07-07 20:15:54',226,5),(137,'2016-07-07 20:15:54','2016-07-07 20:15:54',227,5),(138,'2016-07-07 20:15:54','2016-07-07 20:15:54',228,5),(139,'2016-07-07 20:15:54','2016-07-07 20:15:54',229,5),(140,'2016-07-07 20:15:54','2016-07-07 20:15:54',231,5),(141,'2016-07-07 20:15:54','2016-07-07 20:15:54',234,5),(142,'2016-07-07 20:15:54','2016-07-07 20:15:54',239,5),(143,'2016-07-07 20:15:54','2016-07-07 20:15:54',240,5),(144,'2016-07-07 20:15:54','2016-07-07 20:15:54',243,5),(145,'2016-07-07 20:15:54','2016-07-07 20:15:54',244,5),(146,'2016-07-07 20:15:54','2016-07-07 20:15:54',245,5),(147,'2016-07-07 20:15:54','2016-07-07 20:15:54',246,5),(148,'2016-07-07 20:15:54','2016-07-07 20:15:54',250,5),(149,'2016-07-07 20:15:54','2016-07-07 20:15:54',251,5),(150,'2016-07-07 20:15:54','2016-07-07 20:15:54',252,5),(151,'2016-07-07 20:15:54','2016-07-07 20:15:54',256,5),(152,'2016-07-07 20:15:54','2016-07-07 20:15:54',259,5),(153,'2016-07-07 20:15:54','2016-07-07 20:15:54',269,5),(154,'2016-07-07 20:15:54','2016-07-07 20:15:54',270,5),(155,'2016-07-07 20:15:54','2016-07-07 20:15:54',271,5),(156,'2016-07-07 20:15:54','2016-07-07 20:15:54',286,5),(157,'2016-07-07 20:15:54','2016-07-07 20:15:54',288,5),(158,'2016-07-07 20:15:54','2016-07-07 20:15:54',292,5),(159,'2016-07-07 20:15:54','2016-07-07 20:15:54',293,5),(160,'2016-07-07 20:15:54','2016-07-07 20:15:54',295,5),(161,'2016-07-07 20:15:54','2016-07-07 20:15:54',296,5),(162,'2016-07-07 20:15:54','2016-07-07 20:15:54',297,5),(163,'2016-07-07 20:15:54','2016-07-07 20:15:54',298,5),(164,'2016-07-07 20:15:54','2016-07-07 20:15:54',300,5),(165,'2016-07-07 20:15:54','2016-07-07 20:15:54',310,5),(166,'2016-07-07 20:15:54','2016-07-07 20:15:54',312,5),(167,'2016-07-07 20:15:54','2016-07-07 20:15:54',318,5),(168,'2016-07-07 20:15:54','2016-07-07 20:15:54',5,5),(169,'2016-07-07 20:15:54','2016-07-07 20:15:54',6,5),(170,'2016-07-07 20:15:54','2016-07-07 20:15:54',27,5),(171,'2016-07-07 20:15:54','2016-07-07 20:15:54',28,5),(172,'2016-07-07 20:15:54','2016-07-07 20:15:54',30,5),(173,'2016-07-07 20:15:54','2016-07-07 20:15:54',31,5),(174,'2016-07-07 20:15:54','2016-07-07 20:15:54',33,5),(175,'2016-07-07 20:15:54','2016-07-07 20:15:54',35,5),(176,'2016-07-07 20:15:54','2016-07-07 20:15:54',36,5),(177,'2016-07-07 20:15:54','2016-07-07 20:15:54',39,5),(178,'2016-07-07 20:15:54','2016-07-07 20:15:54',40,5),(179,'2016-07-07 20:15:54','2016-07-07 20:15:54',43,5),(180,'2016-07-07 20:15:54','2016-07-07 20:15:54',44,5),(181,'2016-07-07 20:15:54','2016-07-07 20:15:54',45,5),(182,'2016-07-07 20:15:54','2016-07-07 20:15:54',46,5),(183,'2016-07-07 20:15:54','2016-07-07 20:15:54',47,5),(184,'2016-07-07 20:15:54','2016-07-07 20:15:54',48,5),(185,'2016-07-07 20:15:54','2016-07-07 20:15:54',49,5),(186,'2016-07-07 20:15:54','2016-07-07 20:15:54',50,5),(187,'2016-07-07 20:15:54','2016-07-07 20:15:54',54,5),(188,'2016-07-07 20:15:54','2016-07-07 20:15:54',55,5),(189,'2016-07-07 20:15:54','2016-07-07 20:15:54',61,5),(190,'2016-07-07 20:15:54','2016-07-07 20:15:54',62,5),(191,'2016-07-07 20:15:54','2016-07-07 20:15:54',64,5),(192,'2016-07-07 20:15:54','2016-07-07 20:15:54',65,5),(193,'2016-07-07 20:15:54','2016-07-07 20:15:54',74,5),(194,'2016-07-07 20:15:54','2016-07-07 20:15:54',78,5),(195,'2016-07-07 20:15:54','2016-07-07 20:15:54',80,5),(196,'2016-07-07 20:15:54','2016-07-07 20:15:54',81,5),(197,'2016-07-07 20:15:54','2016-07-07 20:15:54',82,5),(198,'2016-07-07 20:15:54','2016-07-07 20:15:54',83,5),(199,'2016-07-07 20:15:54','2016-07-07 20:15:54',85,5),(200,'2016-07-07 20:15:54','2016-07-07 20:15:54',86,5),(201,'2016-07-07 20:15:54','2016-07-07 20:15:54',88,5),(202,'2016-07-07 20:15:54','2016-07-07 20:15:54',89,5),(203,'2016-07-07 20:15:54','2016-07-07 20:15:54',90,5),(204,'2016-07-07 20:15:54','2016-07-07 20:15:54',92,5),(205,'2016-07-07 20:15:54','2016-07-07 20:15:54',93,5),(206,'2016-07-07 20:15:54','2016-07-07 20:15:54',94,5),(207,'2016-07-07 20:15:54','2016-07-07 20:15:54',97,5),(208,'2016-07-07 20:15:54','2016-07-07 20:15:54',98,5),(209,'2016-07-07 20:15:54','2016-07-07 20:15:54',99,5),(210,'2016-07-07 20:15:54','2016-07-07 20:15:54',100,5),(211,'2016-07-07 20:15:54','2016-07-07 20:15:54',101,5),(212,'2016-07-07 20:15:54','2016-07-07 20:15:54',104,5),(213,'2016-07-07 20:15:54','2016-07-07 20:15:54',105,5),(214,'2016-07-07 20:15:54','2016-07-07 20:15:54',106,5),(215,'2016-07-07 20:15:54','2016-07-07 20:15:54',107,5),(216,'2016-07-07 20:15:54','2016-07-07 20:15:54',108,5),(217,'2016-07-07 20:15:54','2016-07-07 20:15:54',109,5),(218,'2016-07-07 20:15:54','2016-07-07 20:15:54',110,5),(219,'2016-07-07 20:15:54','2016-07-07 20:15:54',111,5),(220,'2016-07-07 20:15:54','2016-07-07 20:15:54',113,5),(221,'2016-07-07 20:15:54','2016-07-07 20:15:54',116,5),(222,'2016-07-07 20:15:54','2016-07-07 20:15:54',119,5),(223,'2016-07-07 20:15:54','2016-07-07 20:15:54',120,5),(224,'2016-07-07 20:15:54','2016-07-07 20:15:54',121,5),(225,'2016-07-07 20:15:55','2016-07-07 20:15:55',122,5),(226,'2016-07-07 20:15:55','2016-07-07 20:15:55',124,5),(227,'2016-07-07 20:15:55','2016-07-07 20:15:55',127,5),(228,'2016-07-07 20:15:55','2016-07-07 20:15:55',128,5),(229,'2016-07-07 20:15:55','2016-07-07 20:15:55',129,5),(230,'2016-07-07 20:15:55','2016-07-07 20:15:55',130,5),(231,'2016-07-07 20:15:55','2016-07-07 20:15:55',132,5),(232,'2016-07-07 20:15:55','2016-07-07 20:15:55',133,5),(233,'2016-07-07 20:15:55','2016-07-07 20:15:55',136,5),(234,'2016-07-07 20:15:55','2016-07-07 20:15:55',137,5),(235,'2016-07-07 20:15:55','2016-07-07 20:15:55',141,5),(236,'2016-07-07 20:15:55','2016-07-07 20:15:55',144,5),(237,'2016-07-07 20:15:55','2016-07-07 20:15:55',145,5),(238,'2016-07-07 20:15:55','2016-07-07 20:15:55',146,5),(239,'2016-07-07 20:15:55','2016-07-07 20:15:55',148,5),(240,'2016-07-07 20:15:55','2016-07-07 20:15:55',150,5),(241,'2016-07-07 20:15:55','2016-07-07 20:15:55',152,5),(242,'2016-07-07 20:15:55','2016-07-07 20:15:55',157,5),(243,'2016-07-07 20:15:55','2016-07-07 20:15:55',159,5),(244,'2016-07-07 20:15:55','2016-07-07 20:15:55',160,5),(245,'2016-07-07 20:15:55','2016-07-07 20:15:55',161,5),(246,'2016-07-07 20:15:55','2016-07-07 20:15:55',164,5),(247,'2016-07-07 20:15:55','2016-07-07 20:15:55',165,5),(248,'2016-07-07 20:15:55','2016-07-07 20:15:55',168,5),(249,'2016-07-07 20:15:55','2016-07-07 20:15:55',171,5),(250,'2016-07-07 20:15:55','2016-07-07 20:15:55',172,5),(251,'2016-07-07 20:15:55','2016-07-07 20:15:55',173,5),(252,'2016-07-07 20:15:55','2016-07-07 20:15:55',174,5),(253,'2016-07-07 20:15:55','2016-07-07 20:15:55',175,5),(254,'2016-07-07 20:15:55','2016-07-07 20:15:55',176,5),(255,'2016-07-07 20:15:55','2016-07-07 20:15:55',177,5),(256,'2016-07-07 20:15:55','2016-07-07 20:15:55',180,5),(257,'2016-07-07 20:15:55','2016-07-07 20:15:55',182,5),(258,'2016-07-07 20:15:55','2016-07-07 20:15:55',183,5),(259,'2016-07-07 20:15:55','2016-07-07 20:15:55',185,5),(260,'2016-07-07 20:15:55','2016-07-07 20:15:55',188,5),(261,'2016-07-07 20:15:55','2016-07-07 20:15:55',215,5),(262,'2016-07-07 20:15:55','2016-07-07 20:15:55',217,5),(263,'2016-07-07 20:15:55','2016-07-07 20:15:55',218,5),(264,'2016-07-07 20:15:55','2016-07-07 20:15:55',220,5),(265,'2016-07-07 20:15:55','2016-07-07 20:15:55',224,5),(266,'2016-07-07 20:15:55','2016-07-07 20:15:55',225,5),(267,'2016-07-07 20:15:55','2016-07-07 20:15:55',230,5),(268,'2016-07-07 20:15:55','2016-07-07 20:15:55',231,5),(269,'2016-07-07 20:15:55','2016-07-07 20:15:55',232,5),(270,'2016-07-07 20:15:55','2016-07-07 20:15:55',233,5),(271,'2016-07-07 20:15:55','2016-07-07 20:15:55',235,5),(272,'2016-07-07 20:15:55','2016-07-07 20:15:55',237,5),(273,'2016-07-07 20:15:55','2016-07-07 20:15:55',238,5),(274,'2016-07-07 20:15:55','2016-07-07 20:15:55',242,5),(275,'2016-07-07 20:15:55','2016-07-07 20:15:55',243,5),(276,'2016-07-07 20:15:55','2016-07-07 20:15:55',246,5),(277,'2016-07-07 20:15:55','2016-07-07 20:15:55',247,5),(278,'2016-07-07 20:15:55','2016-07-07 20:15:55',250,5),(279,'2016-07-07 20:15:55','2016-07-07 20:15:55',253,5),(280,'2016-07-07 20:15:55','2016-07-07 20:15:55',255,5),(281,'2016-07-07 20:15:55','2016-07-07 20:15:55',257,5),(282,'2016-07-07 20:15:55','2016-07-07 20:15:55',258,5),(283,'2016-07-07 20:15:55','2016-07-07 20:15:55',260,5),(284,'2016-07-07 20:15:55','2016-07-07 20:15:55',261,5),(285,'2016-07-07 20:15:55','2016-07-07 20:15:55',262,5),(286,'2016-07-07 20:15:55','2016-07-07 20:15:55',265,5),(287,'2016-07-07 20:15:55','2016-07-07 20:15:55',267,5),(288,'2016-07-07 20:15:55','2016-07-07 20:15:55',268,5),(289,'2016-07-07 20:15:55','2016-07-07 20:15:55',269,5),(290,'2016-07-07 20:15:55','2016-07-07 20:15:55',270,5),(291,'2016-07-07 20:15:55','2016-07-07 20:15:55',272,5),(292,'2016-07-07 20:15:55','2016-07-07 20:15:55',273,5),(293,'2016-07-07 20:15:55','2016-07-07 20:15:55',274,5),(294,'2016-07-07 20:15:55','2016-07-07 20:15:55',275,5),(295,'2016-07-07 20:15:55','2016-07-07 20:15:55',276,5),(296,'2016-07-07 20:15:55','2016-07-07 20:15:55',277,5),(297,'2016-07-07 20:15:55','2016-07-07 20:15:55',278,5),(298,'2016-07-07 20:15:55','2016-07-07 20:15:55',279,5),(299,'2016-07-07 20:15:55','2016-07-07 20:15:55',280,5),(300,'2016-07-07 20:15:55','2016-07-07 20:15:55',281,5),(301,'2016-07-07 20:15:55','2016-07-07 20:15:55',282,5),(302,'2016-07-07 20:15:55','2016-07-07 20:15:55',283,5),(303,'2016-07-07 20:15:55','2016-07-07 20:15:55',284,5),(304,'2016-07-07 20:15:55','2016-07-07 20:15:55',285,5),(305,'2016-07-07 20:15:55','2016-07-07 20:15:55',287,5),(306,'2016-07-07 20:15:55','2016-07-07 20:15:55',289,5),(307,'2016-07-07 20:15:55','2016-07-07 20:15:55',290,5),(308,'2016-07-07 20:15:55','2016-07-07 20:15:55',291,5),(309,'2016-07-07 20:15:55','2016-07-07 20:15:55',294,5),(310,'2016-07-07 20:15:55','2016-07-07 20:15:55',299,5),(311,'2016-07-07 20:15:55','2016-07-07 20:15:55',301,5),(312,'2016-07-07 20:15:55','2016-07-07 20:15:55',302,5),(313,'2016-07-07 20:15:55','2016-07-07 20:15:55',303,5),(314,'2016-07-07 20:15:55','2016-07-07 20:15:55',304,5),(315,'2016-07-07 20:15:55','2016-07-07 20:15:55',306,5),(316,'2016-07-07 20:15:55','2016-07-07 20:15:55',307,5),(317,'2016-07-07 20:15:55','2016-07-07 20:15:55',308,5),(318,'2016-07-07 20:15:55','2016-07-07 20:15:55',309,5),(319,'2016-07-07 20:15:55','2016-07-07 20:15:55',311,5),(320,'2016-07-07 20:15:55','2016-07-07 20:15:55',313,5),(321,'2016-07-07 20:15:55','2016-07-07 20:15:55',314,5),(322,'2016-07-07 20:15:55','2016-07-07 20:15:55',315,5),(323,'2016-07-07 20:15:55','2016-07-07 20:15:55',5,5),(324,'2016-07-07 20:15:55','2016-07-07 20:15:55',27,5),(325,'2016-07-07 20:15:55','2016-07-07 20:15:55',30,5),(326,'2016-07-07 20:15:55','2016-07-07 20:15:55',31,5),(327,'2016-07-07 20:15:55','2016-07-07 20:15:55',36,5),(328,'2016-07-07 20:15:55','2016-07-07 20:15:55',39,5),(329,'2016-07-07 20:15:55','2016-07-07 20:15:55',40,5),(330,'2016-07-07 20:15:55','2016-07-07 20:15:55',44,5),(331,'2016-07-07 20:15:55','2016-07-07 20:15:55',50,5),(332,'2016-07-07 20:15:55','2016-07-07 20:15:55',61,5),(333,'2016-07-07 20:15:55','2016-07-07 20:15:55',65,5),(334,'2016-07-07 20:15:55','2016-07-07 20:15:55',81,5),(335,'2016-07-07 20:15:55','2016-07-07 20:15:55',90,5),(336,'2016-07-07 20:15:55','2016-07-07 20:15:55',108,5),(337,'2016-07-07 20:15:55','2016-07-07 20:15:55',123,5),(338,'2016-07-07 20:15:55','2016-07-07 20:15:55',126,5),(339,'2016-07-07 20:15:55','2016-07-07 20:15:55',135,5),(340,'2016-07-07 20:15:55','2016-07-07 20:15:55',142,5),(341,'2016-07-07 20:15:55','2016-07-07 20:15:55',143,5),(342,'2016-07-07 20:15:55','2016-07-07 20:15:55',147,5),(343,'2016-07-07 20:15:55','2016-07-07 20:15:55',154,5),(344,'2016-07-07 20:15:55','2016-07-07 20:15:55',160,5),(345,'2016-07-07 20:15:55','2016-07-07 20:15:55',164,5),(346,'2016-07-07 20:15:55','2016-07-07 20:15:55',165,5),(347,'2016-07-07 20:15:55','2016-07-07 20:15:55',168,5),(348,'2016-07-07 20:15:55','2016-07-07 20:15:55',173,5),(349,'2016-07-07 20:15:55','2016-07-07 20:15:55',175,5),(350,'2016-07-07 20:15:55','2016-07-07 20:15:55',180,5),(351,'2016-07-07 20:15:55','2016-07-07 20:15:55',182,5),(352,'2016-07-07 20:15:55','2016-07-07 20:15:55',183,5),(353,'2016-07-07 20:15:55','2016-07-07 20:15:55',233,5),(354,'2016-07-07 20:15:55','2016-07-07 20:15:55',237,5),(355,'2016-07-07 20:15:55','2016-07-07 20:15:55',250,5),(356,'2016-07-07 20:15:55','2016-07-07 20:15:55',254,5),(357,'2016-07-07 20:15:55','2016-07-07 20:15:55',266,5),(358,'2016-07-07 20:15:55','2016-07-07 20:15:55',269,5),(359,'2016-07-07 20:15:55','2016-07-07 20:15:55',290,5),(360,'2016-07-07 20:15:55','2016-07-07 20:15:55',305,5),(361,'2016-07-07 20:15:55','2016-07-07 20:15:55',316,5),(362,'2016-07-07 20:15:55','2016-07-07 20:15:55',317,5),(363,'2016-07-07 20:15:55','2016-07-07 20:15:55',2,4),(364,'2016-07-07 20:15:55','2016-07-07 20:15:55',3,4),(365,'2016-07-07 20:15:55','2016-07-07 20:15:55',5,4),(366,'2016-07-07 20:15:55','2016-07-07 20:15:55',8,4),(367,'2016-07-07 20:15:55','2016-07-07 20:15:55',9,4),(368,'2016-07-07 20:15:55','2016-07-07 20:15:55',10,4),(369,'2016-07-07 20:15:55','2016-07-07 20:15:55',12,4),(370,'2016-07-07 20:15:55','2016-07-07 20:15:55',13,4),(371,'2016-07-07 20:15:55','2016-07-07 20:15:55',14,4),(372,'2016-07-07 20:15:55','2016-07-07 20:15:55',15,4),(373,'2016-07-07 20:15:55','2016-07-07 20:15:55',16,4),(374,'2016-07-07 20:15:55','2016-07-07 20:15:55',17,4),(375,'2016-07-07 20:15:55','2016-07-07 20:15:55',18,4),(376,'2016-07-07 20:15:55','2016-07-07 20:15:55',19,4),(377,'2016-07-07 20:15:55','2016-07-07 20:15:55',20,4),(378,'2016-07-07 20:15:55','2016-07-07 20:15:55',21,4),(379,'2016-07-07 20:15:55','2016-07-07 20:15:55',22,4),(380,'2016-07-07 20:15:55','2016-07-07 20:15:55',23,4),(381,'2016-07-07 20:15:55','2016-07-07 20:15:55',46,4),(382,'2016-07-07 20:15:55','2016-07-07 20:15:55',123,4),(383,'2016-07-07 20:15:55','2016-07-07 20:15:55',137,4),(384,'2016-07-07 20:15:55','2016-07-07 20:15:55',145,4),(385,'2016-07-07 20:15:55','2016-07-07 20:15:55',167,4),(386,'2016-07-07 20:15:55','2016-07-07 20:15:55',246,4),(387,'2016-07-07 20:15:55','2016-07-07 20:15:55',250,4),(388,'2016-07-07 20:15:55','2016-07-07 20:15:55',266,4),(389,'2016-07-07 20:15:55','2016-07-07 20:15:55',269,4),(390,'2016-07-07 20:15:55','2016-07-07 20:15:55',305,4),(391,'2016-07-07 20:15:55','2016-07-07 20:15:55',316,4),(392,'2016-07-07 20:15:55','2016-07-07 20:15:55',318,1),(393,'2016-07-07 20:15:55','2016-07-07 20:15:55',319,1),(394,'2016-07-07 20:15:55','2016-07-07 20:15:55',319,5);
/*!40000 ALTER TABLE `privileges` ENABLE KEYS */;
UNLOCK TABLES;

--
-- Table structure for table `proposal_platforms`
--

DROP TABLE IF EXISTS `proposal_platforms`;
/*!40101 SET @saved_cs_client     = @@character_set_client */;
/*!40101 SET character_set_client = utf8 */;
CREATE TABLE `proposal_platforms` (
  `id` int(11) NOT NULL AUTO_INCREMENT,
  `proposal_id` int(11) DEFAULT NULL,
  `platform_id` int(11) DEFAULT NULL,
  `created_at` datetime NOT NULL,
  `updated_at` datetime NOT NULL,
  PRIMARY KEY (`id`)
) ENGINE=InnoDB AUTO_INCREMENT=115 DEFAULT CHARSET=utf8 COLLATE=utf8_unicode_ci;
/*!40101 SET character_set_client = @saved_cs_client */;

--
-- Dumping data for table `proposal_platforms`
--

LOCK TABLES `proposal_platforms` WRITE;
/*!40000 ALTER TABLE `proposal_platforms` DISABLE KEYS */;
/*!40000 ALTER TABLE `proposal_platforms` ENABLE KEYS */;
UNLOCK TABLES;

--
-- Table structure for table `proposal_statuses`
--

DROP TABLE IF EXISTS `proposal_statuses`;
/*!40101 SET @saved_cs_client     = @@character_set_client */;
/*!40101 SET character_set_client = utf8 */;
CREATE TABLE `proposal_statuses` (
  `id` int(11) NOT NULL AUTO_INCREMENT,
  `name` varchar(255) COLLATE utf8_unicode_ci DEFAULT NULL,
  `code` varchar(255) COLLATE utf8_unicode_ci DEFAULT NULL,
  `created_at` datetime NOT NULL,
  `updated_at` datetime NOT NULL,
  PRIMARY KEY (`id`)
) ENGINE=InnoDB AUTO_INCREMENT=9 DEFAULT CHARSET=utf8 COLLATE=utf8_unicode_ci;
/*!40101 SET character_set_client = @saved_cs_client */;

--
-- Dumping data for table `proposal_statuses`
--

LOCK TABLES `proposal_statuses` WRITE;
/*!40000 ALTER TABLE `proposal_statuses` DISABLE KEYS */;
INSERT INTO `proposal_statuses` VALUES (1,'Draft/private proposal','draft','2016-07-07 20:15:55','2016-07-07 20:15:55'),(2,'Pending review','pending','2016-07-07 20:15:55','2016-07-07 20:15:55'),(3,'Under committee review','review','2016-07-07 20:15:55','2016-07-07 20:15:55'),(4,'Accepted/project initiated','accepted','2016-07-07 20:15:55','2016-07-07 20:15:55'),(5,'Rejected','rejected','2016-07-07 20:15:55','2016-07-07 20:15:55'),(6,'Abandoned','abandoned','2016-07-07 20:15:55','2016-07-07 20:15:55'),(7,'Complete/deprecated','complete','2016-07-07 20:15:55','2016-07-07 20:15:55'),(8,'Awaiting revision','revision','0000-00-00 00:00:00','0000-00-00 00:00:00');
/*!40000 ALTER TABLE `proposal_statuses` ENABLE KEYS */;
UNLOCK TABLES;

--
-- Table structure for table `proposals`
--

DROP TABLE IF EXISTS `proposals`;
/*!40101 SET @saved_cs_client     = @@character_set_client */;
/*!40101 SET character_set_client = utf8 */;
CREATE TABLE `proposals` (
  `id` int(11) NOT NULL AUTO_INCREMENT,
  `name` varchar(255) COLLATE utf8_unicode_ci DEFAULT NULL,
  `code` varchar(10) COLLATE utf8_unicode_ci DEFAULT NULL,
  `objectives` text COLLATE utf8_unicode_ci,
  `background` text COLLATE utf8_unicode_ci,
  `design_details` text COLLATE utf8_unicode_ci,
  `sample_availability` text COLLATE utf8_unicode_ci,
  `contributions` text COLLATE utf8_unicode_ci,
  `comments` text COLLATE utf8_unicode_ci,
  `proposal_status_id` int(11) DEFAULT NULL,
  `user_id` int(11) DEFAULT NULL,
  `lab_group_id` int(11) DEFAULT NULL,
  `submitted` tinyint(1) DEFAULT '0',
  `created_at` datetime NOT NULL,
  `updated_at` datetime NOT NULL,
  `ccgd_policy_approval` tinyint(1) DEFAULT '0',
  PRIMARY KEY (`id`),
  KEY `index_proposals_on_lab_group_id` (`lab_group_id`) USING BTREE,
  KEY `index_proposals_on_proposal_status_id` (`proposal_status_id`) USING BTREE,
  KEY `index_proposals_on_user_id` (`user_id`) USING BTREE
) ENGINE=InnoDB AUTO_INCREMENT=59 DEFAULT CHARSET=utf8 COLLATE=utf8_unicode_ci;
/*!40101 SET character_set_client = @saved_cs_client */;

--
-- Dumping data for table `proposals`
--

LOCK TABLES `proposals` WRITE;
/*!40000 ALTER TABLE `proposals` DISABLE KEYS */;
/*!40000 ALTER TABLE `proposals` ENABLE KEYS */;
UNLOCK TABLES;

--
-- Table structure for table `roles`
--

DROP TABLE IF EXISTS `roles`;
/*!40101 SET @saved_cs_client     = @@character_set_client */;
/*!40101 SET character_set_client = utf8 */;
CREATE TABLE `roles` (
  `id` int(11) NOT NULL AUTO_INCREMENT,
  `name` varchar(255) COLLATE utf8_unicode_ci DEFAULT NULL,
  `description` varchar(255) COLLATE utf8_unicode_ci DEFAULT NULL,
  `created_at` datetime NOT NULL,
  `updated_at` datetime NOT NULL,
  PRIMARY KEY (`id`)
) ENGINE=InnoDB AUTO_INCREMENT=6 DEFAULT CHARSET=utf8 COLLATE=utf8_unicode_ci;
/*!40101 SET character_set_client = @saved_cs_client */;

--
-- Dumping data for table `roles`
--

LOCK TABLES `roles` WRITE;
/*!40000 ALTER TABLE `roles` DISABLE KEYS */;
INSERT INTO `roles` VALUES (1,'CCGD Administrator','admin','2016-07-07 20:15:54','2016-07-07 20:15:54'),(2,'CCGD Faculty','faculty','2016-07-07 20:15:54','2016-07-07 20:15:54'),(3,'CCGD Lab Staff','staff','2016-07-07 20:15:54','2016-07-07 20:15:54'),(4,'CCGD Scientific Advisor','advisor','2016-07-07 20:15:54','2016-07-07 20:15:54'),(5,'CCGD Submitter','submitter','2016-07-07 20:15:54','2016-07-07 20:15:54');
/*!40000 ALTER TABLE `roles` ENABLE KEYS */;
UNLOCK TABLES;

--
-- Table structure for table `schema_migrations`
--

DROP TABLE IF EXISTS `schema_migrations`;
/*!40101 SET @saved_cs_client     = @@character_set_client */;
/*!40101 SET character_set_client = utf8 */;
CREATE TABLE `schema_migrations` (
  `version` varchar(255) COLLATE utf8_unicode_ci NOT NULL,
  UNIQUE KEY `unique_schema_migrations` (`version`)
) ENGINE=InnoDB DEFAULT CHARSET=utf8 COLLATE=utf8_unicode_ci;
/*!40101 SET character_set_client = @saved_cs_client */;

--
-- Dumping data for table `schema_migrations`
--

LOCK TABLES `schema_migrations` WRITE;
/*!40000 ALTER TABLE `schema_migrations` DISABLE KEYS */;
INSERT INTO `schema_migrations` VALUES ('20160315193611'),('20160315194655'),('20160317142741'),('20160317193242'),('20160317194419'),('20160317202841'),('20160317202953'),('20160317204633'),('20160317205018'),('20160317211647'),('20160317211754'),('20160320233537'),('20160321220211'),('20160323145314'),('20160323150814'),('20160323193542'),('20160323193614'),('20160324175341'),('20160418170856'),('20160425171716'),('20160502160730'),('20160502160753'),('20160502162508'),('20160512194731'),('20160512194754'),('20160516193224'),('20160518202334'),('20160602175413'),('20160617203017'),('20160620114924'),('20160628120020'),('20160707192841');
/*!40000 ALTER TABLE `schema_migrations` ENABLE KEYS */;
UNLOCK TABLES;

--
-- Table structure for table `states`
--

DROP TABLE IF EXISTS `states`;
/*!40101 SET @saved_cs_client     = @@character_set_client */;
/*!40101 SET character_set_client = utf8 */;
CREATE TABLE `states` (
  `id` int(11) NOT NULL AUTO_INCREMENT,
  `name` varchar(255) COLLATE utf8_unicode_ci DEFAULT NULL,
  `code` varchar(255) COLLATE utf8_unicode_ci DEFAULT NULL,
  `created_at` datetime NOT NULL,
  `updated_at` datetime NOT NULL,
  PRIMARY KEY (`id`)
) ENGINE=InnoDB AUTO_INCREMENT=52 DEFAULT CHARSET=utf8 COLLATE=utf8_unicode_ci;
/*!40101 SET character_set_client = @saved_cs_client */;

--
-- Dumping data for table `states`
--

LOCK TABLES `states` WRITE;
/*!40000 ALTER TABLE `states` DISABLE KEYS */;
INSERT INTO `states` VALUES (1,'Alabama','AL','2016-07-07 20:15:48','2016-07-07 20:15:48'),(2,'Alaska','AK','2016-07-07 20:15:49','2016-07-07 20:15:49'),(3,'Arizona','AZ','2016-07-07 20:15:49','2016-07-07 20:15:49'),(4,'Arkansas','AR','2016-07-07 20:15:49','2016-07-07 20:15:49'),(5,'California','CA','2016-07-07 20:15:49','2016-07-07 20:15:49'),(6,'Colorado','CO','2016-07-07 20:15:49','2016-07-07 20:15:49'),(7,'Connecticut','CT','2016-07-07 20:15:49','2016-07-07 20:15:49'),(8,'Delaware','DE','2016-07-07 20:15:49','2016-07-07 20:15:49'),(9,'Florida','FL','2016-07-07 20:15:49','2016-07-07 20:15:49'),(10,'Georgia','GA','2016-07-07 20:15:49','2016-07-07 20:15:49'),(11,'Hawaii','HI','2016-07-07 20:15:49','2016-07-07 20:15:49'),(12,'Idaho','ID','2016-07-07 20:15:49','2016-07-07 20:15:49'),(13,'Illinois','IL','2016-07-07 20:15:49','2016-07-07 20:15:49'),(14,'Indiana','IN','2016-07-07 20:15:49','2016-07-07 20:15:49'),(15,'Iowa','IA','2016-07-07 20:15:49','2016-07-07 20:15:49'),(16,'Kansas','KS','2016-07-07 20:15:49','2016-07-07 20:15:49'),(17,'Kentucky','KY','2016-07-07 20:15:49','2016-07-07 20:15:49'),(18,'Louisiana','LA','2016-07-07 20:15:49','2016-07-07 20:15:49'),(19,'Maine','ME','2016-07-07 20:15:49','2016-07-07 20:15:49'),(20,'Maryland','MD','2016-07-07 20:15:49','2016-07-07 20:15:49'),(21,'Massachusetts','MA','2016-07-07 20:15:49','2016-07-07 20:15:49'),(22,'Michigan','MI','2016-07-07 20:15:49','2016-07-07 20:15:49'),(23,'Minnesota','MN','2016-07-07 20:15:49','2016-07-07 20:15:49'),(24,'Mississippi','MS','2016-07-07 20:15:49','2016-07-07 20:15:49'),(25,'Missouri','MO','2016-07-07 20:15:49','2016-07-07 20:15:49'),(26,'Montana','MT','2016-07-07 20:15:49','2016-07-07 20:15:49'),(27,'Nebraska','NE','2016-07-07 20:15:49','2016-07-07 20:15:49'),(28,'Nevada','NV','2016-07-07 20:15:49','2016-07-07 20:15:49'),(29,'New Hampshire','NH','2016-07-07 20:15:49','2016-07-07 20:15:49'),(30,'New Jersey','NJ','2016-07-07 20:15:49','2016-07-07 20:15:49'),(31,'New Mexico','NM','2016-07-07 20:15:49','2016-07-07 20:15:49'),(32,'New York','NY','2016-07-07 20:15:49','2016-07-07 20:15:49'),(33,'North Carolina','NC','2016-07-07 20:15:49','2016-07-07 20:15:49'),(34,'North Dakota','ND','2016-07-07 20:15:49','2016-07-07 20:15:49'),(35,'Ohio','OH','2016-07-07 20:15:49','2016-07-07 20:15:49'),(36,'Oklahoma','OK','2016-07-07 20:15:49','2016-07-07 20:15:49'),(37,'Oregon','OR','2016-07-07 20:15:49','2016-07-07 20:15:49'),(38,'Pennsylvania','PA','2016-07-07 20:15:49','2016-07-07 20:15:49'),(39,'Rhode Island','RI','2016-07-07 20:15:49','2016-07-07 20:15:49'),(40,'South Carolina','SC','2016-07-07 20:15:49','2016-07-07 20:15:49'),(41,'South Dakota','SD','2016-07-07 20:15:49','2016-07-07 20:15:49'),(42,'Tennessee','TN','2016-07-07 20:15:49','2016-07-07 20:15:49'),(43,'Texas','TX','2016-07-07 20:15:49','2016-07-07 20:15:49'),(44,'Utah','UT','2016-07-07 20:15:49','2016-07-07 20:15:49'),(45,'Vermont','VT','2016-07-07 20:15:49','2016-07-07 20:15:49'),(46,'Virginia','VA','2016-07-07 20:15:49','2016-07-07 20:15:49'),(47,'Washington','WA','2016-07-07 20:15:49','2016-07-07 20:15:49'),(48,'West Virginia','WV','2016-07-07 20:15:49','2016-07-07 20:15:49'),(49,'Wisconsin','WI','2016-07-07 20:15:49','2016-07-07 20:15:49'),(50,'Wyoming','WY','2016-07-07 20:15:49','2016-07-07 20:15:49'),(51,'District of Columbia','DC','2016-07-07 20:15:49','2016-07-07 20:15:49');
/*!40000 ALTER TABLE `states` ENABLE KEYS */;
UNLOCK TABLES;

--
-- Table structure for table `user_custom_labgroups`
--

DROP TABLE IF EXISTS `user_custom_labgroups`;
/*!40101 SET @saved_cs_client     = @@character_set_client */;
/*!40101 SET character_set_client = utf8 */;
CREATE TABLE `user_custom_labgroups` (
  `id` int(11) NOT NULL AUTO_INCREMENT,
  `custom_labgroup_name` varchar(255) COLLATE utf8_unicode_ci DEFAULT NULL,
  `custom_labgroup_code` varchar(255) COLLATE utf8_unicode_ci DEFAULT NULL,
  `custom_labgroup_building` varchar(255) COLLATE utf8_unicode_ci DEFAULT NULL,
  `custom_labgroup_room` varchar(255) COLLATE utf8_unicode_ci DEFAULT NULL,
  `custom_street` varchar(255) COLLATE utf8_unicode_ci DEFAULT NULL,
  `custom_city` varchar(255) COLLATE utf8_unicode_ci DEFAULT NULL,
  `custom_country` varchar(255) COLLATE utf8_unicode_ci DEFAULT NULL,
  `state_id` int(11) DEFAULT NULL,
  `user_id` int(11) DEFAULT NULL,
  `created_at` datetime NOT NULL,
  `updated_at` datetime NOT NULL,
  PRIMARY KEY (`id`)
) ENGINE=InnoDB DEFAULT CHARSET=utf8 COLLATE=utf8_unicode_ci;
/*!40101 SET character_set_client = @saved_cs_client */;

--
-- Dumping data for table `user_custom_labgroups`
--

LOCK TABLES `user_custom_labgroups` WRITE;
/*!40000 ALTER TABLE `user_custom_labgroups` DISABLE KEYS */;
/*!40000 ALTER TABLE `user_custom_labgroups` ENABLE KEYS */;
UNLOCK TABLES;

--
-- Table structure for table `user_custom_organizations`
--

DROP TABLE IF EXISTS `user_custom_organizations`;
/*!40101 SET @saved_cs_client     = @@character_set_client */;
/*!40101 SET character_set_client = utf8 */;
CREATE TABLE `user_custom_organizations` (
  `id` int(11) NOT NULL AUTO_INCREMENT,
  `custom_org_name` varchar(255) COLLATE utf8_unicode_ci DEFAULT NULL,
  `custom_org_phone` varchar(255) COLLATE utf8_unicode_ci DEFAULT NULL,
  `custom_org_email` varchar(255) COLLATE utf8_unicode_ci DEFAULT NULL,
  `custom_street` varchar(255) COLLATE utf8_unicode_ci DEFAULT NULL,
  `custom_city` varchar(255) COLLATE utf8_unicode_ci DEFAULT NULL,
  `custom_country` varchar(255) COLLATE utf8_unicode_ci DEFAULT NULL,
  `state_id` int(11) DEFAULT NULL,
  `user_id` int(11) DEFAULT NULL,
  `created_at` datetime NOT NULL,
  `updated_at` datetime NOT NULL,
  PRIMARY KEY (`id`)
) ENGINE=InnoDB DEFAULT CHARSET=utf8 COLLATE=utf8_unicode_ci;
/*!40101 SET character_set_client = @saved_cs_client */;

--
-- Dumping data for table `user_custom_organizations`
--

LOCK TABLES `user_custom_organizations` WRITE;
/*!40000 ALTER TABLE `user_custom_organizations` DISABLE KEYS */;
/*!40000 ALTER TABLE `user_custom_organizations` ENABLE KEYS */;
UNLOCK TABLES;

--
-- Table structure for table `users`
--

DROP TABLE IF EXISTS `users`;
/*!40101 SET @saved_cs_client     = @@character_set_client */;
/*!40101 SET character_set_client = utf8 */;
CREATE TABLE `users` (
  `id` int(11) NOT NULL AUTO_INCREMENT,
  `firstname` varchar(255) COLLATE utf8_unicode_ci DEFAULT NULL,
  `lastname` varchar(255) COLLATE utf8_unicode_ci DEFAULT NULL,
  `email` varchar(255) COLLATE utf8_unicode_ci DEFAULT NULL,
  `phone` varchar(255) COLLATE utf8_unicode_ci DEFAULT NULL,
  `created_at` datetime NOT NULL,
  `updated_at` datetime NOT NULL,
  `username` varchar(255) COLLATE utf8_unicode_ci DEFAULT NULL,
  `password_digest` varchar(255) COLLATE utf8_unicode_ci DEFAULT NULL,
  `organization_id` int(11) DEFAULT NULL,
  `status` varchar(2) COLLATE utf8_unicode_ci DEFAULT NULL,
  `password_reset_token` varchar(255) COLLATE utf8_unicode_ci DEFAULT NULL,
  `password_reset_sent_at` datetime DEFAULT NULL,
  PRIMARY KEY (`id`)
) ENGINE=InnoDB AUTO_INCREMENT=596 DEFAULT CHARSET=utf8 COLLATE=utf8_unicode_ci;
/*!40101 SET character_set_client = @saved_cs_client */;

--
-- Dumping data for table `users`
--

LOCK TABLES `users` WRITE;
/*!40000 ALTER TABLE `users` DISABLE KEYS */;
INSERT INTO `users` VALUES (2,'Laura','Macconaill','laura_macconaill@dfci.harvard.edu','617-582-7754','2016-07-07 20:15:51','2016-07-07 20:15:51','laura','$2a$04$bdfpGb94KA/OYsI1r.L0xe8MFVz.m2db5Ji/YL4qzNwfUGBhGhoDC',1,'A',NULL,NULL),(3,'Megan','Hanna','mhanna@broad.mit.edu','617-324-4824','2016-07-07 20:15:51','2016-07-07 20:15:51','megan','$2a$04$j9tfnrDM2qNEwyMqYJd7uOlBdQ7VCLi/rBEquZJ7/9CWhRw1wkH96',1,'A',NULL,NULL),(4,'Karen','Coughlan','karen_coughlan@dfci.harvard.edu','617-582-8736','2016-07-07 20:15:51','2016-07-07 20:15:51','karen','$2a$04$vr5ixG0iJ44qLmOpuYwqf.YqR/YGsVYgZjxWAf8aLze9FFNptsTcq',1,'I',NULL,NULL),(5,'Katie','Campbell','catarina_campbell@dfci.harvard.edu','617-632-2930','2016-07-07 20:15:51','2016-07-07 20:15:51','katie','$2a$04$CuwkqjtEKG4bM1lnCQm5/.iU/4up66GYXrr.I8KBVV5DfUJSgH//e',1,'I',NULL,NULL),(6,'Nick','Wyhs','nwyhs@broad.mit.edu','617 582 8731','2016-07-07 20:15:51','2016-07-07 20:15:51','nick','$2a$04$ayiQNwwjvp5WWVS9lA6S.OYmgP2OK7cmAFJae0ta.1k13BjnHdMle',1,'I',NULL,NULL),(7,'Su','Huang','suhuang@dfci.harvard.edu','','2016-07-07 20:15:51','2016-07-07 20:15:51','su','$2a$04$TxBTJbSxCTFq2JOwZz3CWeo82DYbVcNKx/7yvyj77vyhRd6KLMVG.',1,'I',NULL,NULL),(8,'Matt','Freedman','matthew_freedman@dfci.harvard.edu','617-582-8598','2016-07-07 20:15:51','2016-07-07 20:15:51','matt','$2a$04$w/VzG/4VThDxLYHMGzek3.x3VRUA4wMdG4RRKLdHnHuqj469IgW3G',1,'A',NULL,NULL),(9,'Levi','Garraway','levi_garraway@dfci.harvard.edu','617-632-6689','2016-07-07 20:15:51','2016-07-07 20:15:51','levi','$2a$04$OlXOQIDf51qogRt1TlXoIu3.NZFL9VFq6Ysyu26ox2qrugJWitvj2',1,'A',NULL,NULL),(10,'Todd','Golub','golub@broad.mit.edu','617-632-4903','2016-07-07 20:15:51','2016-07-07 20:15:51','todd','$2a$04$xdxy.FqAjLIXkrIp3vJp/e8FFQ.m9zbflYs99GZhHV66s7w2l9hFi',1,'A',NULL,NULL),(11,'William','Hahn','william_hahn@dfci.harvard.edu','617-632-2641','2016-07-07 20:15:51','2016-07-07 20:15:51','wchahn','$2a$04$DNkO4CPKprst.B8ARWaOy.KMCvlr74BwsPGxecVZWYpTWDzorcQt6',1,'A',NULL,NULL),(12,'Max','Loda','massimo_loda@dfci.harvard.edu','617-632-4001','2016-07-07 20:15:51','2016-07-07 20:15:51','max','$2a$04$hilPCpvvVtACc.bBclMUYu7OYl.gEfJTD.9hUJIheHoG4gtYd2OzW',1,'A',NULL,NULL),(13,'Matthew','Meyerson','matthew_meyerson@dfci.harvard.edu','617-632-4768','2016-07-07 20:15:51','2016-07-07 20:15:51','matthew','$2a$04$Bk3f2gyNp5ucusI18h349.0Km//TOh07D7.THDZJp2ITqHj1S76Cy',1,'A',NULL,NULL),(14,'Nelly','Polyak','kornelia_polyak@dfci.harvard.edu','617-632-5746','2016-07-07 20:15:51','2016-07-07 20:15:51','nelly','$2a$04$Ux6PwtVyu5alI2vTQAf68OJJtVhAZ/9pjikzaRm04rnnyq8pHlFIa',1,'A',NULL,NULL),(15,'Ramesh','Shivdasani','ramesh_shivdasani@dfci.harvard.edu','617-632-5746','2016-07-07 20:15:51','2016-07-07 20:15:51','Ramesh','$2a$04$cuYBWMkZlPSodOLLkg3VlexzPNfox6lQdvwF93qjkRAwTSIcMGCBO',1,'A',NULL,NULL),(16,'Pasi','Janne','pasi_janne@dfci.harvard.edu','617-632-6036','2016-07-07 20:15:51','2016-07-07 20:15:51','Pasi','$2a$04$t2F.7U/31QeEtJqkoBBeXuF.hZBs5s7bC3bApXDXaLxHPc8Fh3.3C',1,'A',NULL,NULL),(17,'Rani','George','rani_george@dfci.harvard.edu','617-632-5281','2016-07-07 20:15:51','2016-07-07 20:15:51','rani','$2a$04$gUgGmj/cqAYkisZqJptsNeOi175GMKLQV8ebuv2BcKmxt0jrSwzbS',1,'A',NULL,NULL),(18,'Thomas','Roberts','thomas_roberts@dfci.harvard.edu','617-632-3049','2016-07-07 20:15:51','2016-07-07 20:15:51','Thomas','$2a$04$c/JyYq6NVkpemo.rKOD5VuIsPwVn8az5LpDgYwwRqrhH69u.7f8Uy',1,'A',NULL,NULL),(19,'Thomas','Look','thomas_look@dfci.harvard.edu','617-632-5826','2016-07-07 20:15:51','2016-07-07 20:15:51','Thomaslook','$2a$04$yYYKZFMtUAeEySnP9YHT9O9gp8jJe6E2IYLP0melYP7E9JyUjpmoi',1,'A',NULL,NULL),(20,'Jerome','Ritz','jerome_ritz@dfci.harvard.edu','617-632-3465','2016-07-07 20:15:51','2016-07-07 20:15:51','JRitz','$2a$04$1UD.pIvb4k.LZ2KqZ28EIeo4qy9Szu6x4yn2s/dHfh8EpbV17YY22',1,'A',NULL,NULL),(21,'Matthew','Kulke','matthew_kulke@dfci.harvard.edu','617-632-5136','2016-07-07 20:15:51','2016-07-07 20:15:51','MatthewK','$2a$04$MGjhFwi0ukF1Km6ElNx8iO0gTrtrSubIhtuUjHgB/6Wm1wKEmgrOa',1,'A',NULL,NULL),(22,'Margaret','Shipp','margaret_shipp@dfci.harvard.edu','617-632-3874','2016-07-07 20:15:51','2016-07-07 20:15:51','Margaret','$2a$04$IhnGPvRs/Hf3PD2JPBCnJ.hLGfyvdpPWLA0.tuBO3cPTqpZ0zc1R2',1,'A',NULL,NULL),(23,'Philip','Kantoff','philip_kantoff@dfci.harvard.edu','617-632-1914','2016-07-07 20:15:51','2016-07-07 20:15:51','Philip','$2a$04$Ju.0LvXyhp8XGBWsAn.Gq.SK01hp/PsIPuCNqCf7Uor4wVfDAr1XG',1,'A',NULL,NULL),(24,'Robert','Ross','robert_ross@dfci.harvard.edu','617-632-3237','2016-07-07 20:15:51','2016-07-07 20:15:51','RobertRoss','$2a$04$CchU0GeoHwHhom5MIyrAbOsEzXF8BwSInfO21ge596Mpw.H9aHCby',1,'A',NULL,NULL),(25,'Myles','Brown','myles_brown@dfci.harvard.edu','617-632-3948','2016-07-07 20:15:51','2016-07-07 20:15:51','mbrown','$2a$04$c6nai0TTEksyHsDa85Y8V.Yt8i7454vxyRNqjfWJRptpAiu3iVPkm',1,'A',NULL,NULL),(26,'Jennifer','Brown','jennifer_brown@dfci.harvard.edu','617-632-6692','2016-07-07 20:15:51','2016-07-07 20:15:51','JRBrown','$2a$04$HZshD3r5bYk0wOXTZORXSOiQzVPeP5/MXrTTZWgvaISwfdeuMFA22',1,'A',NULL,NULL),(27,'Nasim','Ahmadiyeh','nahmadiyeh@partners.org','617-582-8682','2016-07-07 20:15:51','2016-07-07 20:15:51','nah495','$2a$04$kB1ucJaEkcx/CJENonsVZewSajOQRAXSboy4VSUZUoYrWx593Mm4G',1,'A',NULL,NULL),(28,'Carrie','Emery','CarolineM_Emery@dfci.harvard.edu','617 632 1923','2016-07-07 20:15:51','2016-07-07 20:15:51','carrie','$2a$04$d75/BAohQKdCVHyacCuog.IDIcRYD7IpqitMWLY2RncONr/GpEgTu',1,'A',NULL,NULL),(30,'Alejandro','Gutierrez','alejandro_gutierrez@dfci.harvard.edu','617-632-2079','2016-07-07 20:15:51','2016-07-07 20:15:51','ag832','$2a$04$D/UJOVHFvrKKaiTC1npOyOkC6NbT66ICoW37LNovgYjf8FK3SzBi2',1,'A',NULL,NULL),(31,'Kathryn','Penney','kpenney@hsph.harvard.edu','','2016-07-07 20:15:51','2016-07-07 20:15:51','kpenney','$2a$04$jaPVj6LpUvFDKfpQ7rPyu.mHrUBLvXy/.mMajHTeEznwhFgMYaiDi',1,'A',NULL,NULL),(33,'elisa','benedettini','elisa_benedettini@dfci.harvard.edu','6176322148','2016-07-07 20:15:51','2016-07-07 20:15:51','eb802','$2a$04$1CJq5Egg5kLh1LPaCkq1quOkfLhSPZmjk0QQLo9vr9kvPO.IYaR6W',1,'A',NULL,NULL),(34,'charles','stiles','charles_stiles@dfci.harvard.edu','617 632-3512','2016-07-07 20:15:51','2016-07-07 20:15:51','cds10','$2a$04$JyuJi9dxHOyGhrZGLi2GXem6ll7K6H5OxJeAQXA/HwLEawrVUINSa',1,'A',NULL,NULL),(35,'Deborah','Goff','deborah_goff@dfci.harvard.edu','Feb-16','2016-07-07 20:15:51','2016-07-07 20:15:51','djg19','$2a$04$EvuEdcpF8cJYX42dCTWvx.HUMCrUyEuqd4EkoOTzx8Aj17M9LDSFe',1,'A',NULL,NULL),(36,'Christine','Beckwith','christine_beckwith@dfci.harvard.edu','6033876921','2016-07-07 20:15:51','2016-07-07 20:15:51','cb960','$2a$04$x5xY3QCdpIXxc2noENoBFOcBZ8QhqWijvSCJDseBRIKMbTsoJFTXW',1,'A',NULL,NULL),(37,'Lucian','Chirieac','LCHIRIEAC@PARTNERS.ORG','617 732 8126','2016-07-07 20:15:51','2016-07-07 20:15:51','lchirieac','$2a$04$MtP.k/eumKx6UCZ8zbYo9.jb6fENAG0vb1YqB9G0SGzz61PR28Oa6',1,'A',NULL,NULL),(38,'Pat','Collaborator','ccgd@dfci.harvard.edu','27515','2016-07-07 20:15:51','2016-07-07 20:15:51','dfci_user','$2a$04$h9vHCWRcao72iXvoFTnxP.ruSInOYUaCBFKynKVhRgqUXzyi9cPQe',1,'I',NULL,NULL),(39,'mark','pomerantz','mpomerantz@partners.org','617-632-2312','2016-07-07 20:15:51','2016-07-07 20:15:51','mp91','$2a$04$GmqQYHL602DQGKEeV.P.3eL0EAYipuNxAFnteJD2XkmMbZ9vw5YwK',1,'A',NULL,NULL),(40,'Keluo','Yao','keluo_yao@dfci.harvard.edu','617-582-8731','2016-07-07 20:15:51','2016-07-07 20:15:51','ky058','$2a$04$Yrm1uL5rB9Uui4U8V3Y0mOI0MB1S1xuv/2QGiwW3F0fMlLNvmioLe',1,'I',NULL,NULL),(41,'Edward','Fox','edward_fox@dfci.harvard.edu','617-632-2116','2016-07-07 20:15:51','2016-07-07 20:15:51','foxedward','$2a$04$cAS/rjzZMRPx/97kkeoR4elmaz4UoIZSlaSoquCQmZj1Z.YOp8rg6',1,'A',NULL,NULL),(42,'Edwin','Choy','echoy@partners.org','617-459-6804','2016-07-07 20:15:51','2016-07-07 20:15:51','ec952','$2a$04$oUvJWLjV16Lalm3spm/EfOm0V5S8mdxuNIG5FlFx5BFksbYkRfWie',24,'A',NULL,NULL),(43,'Mark','Pomerantz','mark_pomerantz@dfci.harvard.edu','617-632-1914','2016-07-07 20:15:51','2016-07-07 20:15:51','mp37','$2a$04$k3Hn9KhXfb.UPioRrAirGebdUEAkhybHvU/3SthzydoNJ9R.NHane',1,'A',NULL,NULL),(44,'HIROKI','YAMADA','yamada_hiroki@dfci.harvard.edu','617.935.6863','2016-07-07 20:15:51','2016-07-07 20:15:51','YH058','$2a$04$JPjhT6q8Y.dzpfwRwvf6T.ZH4vEPZaDoiKgsTnqYq8Ym3ZFMexw2K',1,'A',NULL,NULL),(45,'Mark','Pomerantz','nosman@partners.org','617-632-1914','2016-07-07 20:15:51','2016-07-07 20:15:51','mpomerantz','$2a$04$ZddkPeHyb/xce0/GmNu0Ru.NFqlbWqhnIel87Igo4j0ehoNMBrDFi',1,'I',NULL,NULL),(46,'Adam','Bass','ajbass@partners.org','617-407-9275','2016-07-07 20:15:51','2016-07-07 20:15:51','ajbass','$2a$04$t4xDjiBudz3sWDCBKJuLyeVhC6tpZ9lqlq4WST7QUfUZmS6.tpb/O',1,'A',NULL,NULL),(47,'Hao','Zhang','zhangh@broad.mit.edu','919-423-5077','2016-07-07 20:15:51','2016-07-07 20:15:51','haozhang','$2a$04$TqhewwrgLbVbCvfFaH6bIuXDDfSje2lLBk401hm.I98d8cXdDQViW',2,'A',NULL,NULL),(48,'Rafael','Bejar','rbejar@partners.org','617-732-6510','2016-07-07 20:15:51','2016-07-07 20:15:51','rb850','$2a$04$jZPtpAjjT7d0dRj9JCpetuFlS1U8UsnZRgSPX1PRn1C2tbtxsYRui',16,'A',NULL,NULL),(49,'Derek','Chiang','dchiang@broad.mit.edu','(617) 324-2239','2016-07-07 20:15:51','2016-07-07 20:15:51','dychiang','$2a$04$sdx6RwWhALzuYQZIqoKTaeHYS0plTNjVrJwb3at6NivRH1F2PMDFi',1,'A',NULL,NULL),(50,'Sarah','Kehoe','sarahm_kehoe@dfci.harvard.edu','617-632-5783','2016-07-07 20:15:51','2016-07-07 20:15:51','sk580','$2a$04$zepe/sAZJIziYta.cpz90uab3nISK1wZ2GU5JMMPHFKg4vIAF2j3e',1,'I',NULL,NULL),(51,'Amit','Dutt','amitdutt@broad.mit.edu','8578911975','2016-07-07 20:15:51','2016-07-07 20:15:51','amitdutt','$2a$04$/lsovZZKH.q8ly7Wn7dRIOz/n2.VbLgWkgcAWSHBL43Bv/3TZNAIS',1,'A',NULL,NULL),(52,'Aram','Hezel','ahezel@partners.org','617 643 3813','2016-07-07 20:15:51','2016-07-07 20:15:51','ahezel','$2a$04$eQ1f80GERdkXchW4Y2uyyOXe1vCP5BpiHZJUI2d/bBBOfNG35hQce',24,'A',NULL,NULL),(53,'Ivana','Kim','ivana_kim@meei.harvard.edu','617 573 3367','2016-07-07 20:15:51','2016-07-07 20:15:51','ivana','$2a$04$tAHlF9OI4U9IPKUTjYCnsembc2JBlwi8Sb2S/mAJLmBTucmOJoUCS',5,'A',NULL,NULL),(54,'Douglas','Medvetz','dmedvetz@partners.org','617-355-9103','2016-07-07 20:15:51','2016-07-07 20:15:51','dam90','$2a$04$7zV0eZZPMgrKPBaM36vroufLA.yXAxiiukYWXiXZ.TBUcqNYIBRoO',16,'A',NULL,NULL),(55,'Ryan','Bender','rpbender@partners.org','582-8614','2016-07-07 20:15:51','2016-07-07 20:15:51','ChinLab2008','$2a$04$9eQVFnGtw4dxyIMeXLEFdOlig/EUGminegQ2KSWMf9.ojvrzH0RXq',1,'A',NULL,NULL),(56,'Fran','Hornicek','fhornicek@partners.org','617 724 6802','2016-07-07 20:15:51','2016-07-07 20:15:51','hornicek','$2a$04$n0K279tyPY20k8X8h0.Rau3yusU2/X31wSfg507yv.khVX6fD/S22',24,'A',NULL,NULL),(57,'Jonathan','Fletcher','jfletcher@partners.org','617 732 7883','2016-07-07 20:15:51','2016-07-07 20:15:51','fletcher','$2a$04$tDU43TiHEr4Pud3jMxHL/uFI9rPiGm4pfN7U9Apy9sIs3WbrNQd1u',16,'A',NULL,NULL),(58,'June','Kinoshita','jkinoshita@n-of-one.com','617 669 1706','2016-07-07 20:15:51','2016-07-07 20:15:51','kinoshita','$2a$04$1IrceXD2YPq5vISaD2X5POQwXQoI5fR7Z29qzqcangVXSTaH7SasS',6,'I',NULL,NULL),(59,'Alex','Ng','sng@rics.bwh.harvard.edu','617-278-0072','2016-07-07 20:15:51','2016-07-07 20:15:51','Alexng','$2a$04$HPLbAuzDeCn5qkW.0mL8fu6/FmoSW1tYRETAxN8Bdi/wUG76D7FEa',16,'A',NULL,NULL),(60,'Antoni','Ribas','aribas@mednet.ucla.edu','3102063928','2016-07-07 20:15:51','2016-07-07 20:15:51','ribas','$2a$04$BZ.2jX24JUpvEYAkJG5GmeRs8WPl35NZh1An9vE8n.o5cte.trD5O',7,'A',NULL,NULL),(61,'Chandrani','Mondal','Chandrani_Mondal@dfci.harvard.edu','6175826688','2016-07-07 20:15:51','2016-07-07 20:15:51','cm315','$2a$04$GIEaNEUgTm28t4/OjWY0yuNHA3W7JRdCOkVU/a3ASNJmSKsluMKty',1,'I',NULL,NULL),(62,'Anna','Schinzel','anna_schinzel@dfci.harvard.edu','617 632 2376','2016-07-07 20:15:51','2016-07-07 20:15:51','Schinzel','$2a$04$y2rJhGcxnKvThRufjgmhQu5DpGMbJaNCsvMX4yStaKQjjPhPlAbay',1,'A',NULL,NULL),(63,'vikram','Deshpande','vdeshpande@partners.org','6177247741','2016-07-07 20:15:51','2016-07-07 20:15:51','vd019','$2a$04$fJNS9/EM/oWGcfl7NP0Eo.aoEln018NC/AbZl/euIjQmklr5DgW/6',24,'A',NULL,NULL),(64,'John','McGrath','johnp_mcgrath@dfci.harvard.edu','6175828668','2016-07-07 20:15:51','2016-07-07 20:15:51','jpmcgrath','$2a$04$iSYZWNUE8Wm9zzdumvteZOHT90WP98M1MxAEmeJDKiHfnvwpfVVBK',1,'A',NULL,NULL),(65,'Lauren','Luongo','LaurenA_Luongo@DFCI.HARVARD.EDU','6176325950','2016-07-07 20:15:51','2016-07-07 20:15:51','lal62','$2a$04$dZForCdDyQtgWhBPccOSzO8xUNZiXqbHCm2yGQZGqSEUR9zZtIE2a',1,'I',NULL,NULL),(66,'Keith','Ligon','keith_ligon@dfci.harvard.edu','617-632-2357','2016-07-07 20:15:51','2016-07-07 20:15:51','ligonlab','$2a$04$6Pxwxb4M4oHvQ/imVocqceVWg90Bzjd8nqf.WSPTpfXL.MMLxjJY6',1,'A',NULL,NULL),(70,'Daniel','Chung','dchung@partners.org','617-726-8687','2016-07-07 20:15:51','2016-07-07 20:15:51','dchung','$2a$04$8sZJkpOCslJSR7IqqQVjiO5SFGkWf9gkgHD9RTTCUsjxmf8RG.gGq',24,'A',NULL,NULL),(71,'Henry','Koon','Henry.Koon@UHhospitals.org','(216) 368-1175','2016-07-07 20:15:51','2016-07-07 20:15:51','henrykoon','$2a$04$tb7MQDpBfZbma/49IzAX0elwdmwVuDE72GYjAtrFfmfwfc9dY7bwG',12,'A',NULL,NULL),(72,'Irene','Ghobrial','irene_ghobrial@dfci.harvard.edu','2.4198','2016-07-07 20:15:51','2016-07-07 20:15:51','ghobrial','$2a$04$gIsN3U5sVzOil/qPDiB9W.b.BwgQmtznIAo/9lTKDRY231PXFmDoe',1,'A',NULL,NULL),(73,'Ashley','Fairbank','ashley_fairbank@dfci.harvard.edu','617-632-4606','2016-07-07 20:15:51','2016-07-07 20:15:51','afairbank','$2a$04$4j2B9upe0n.h/Hpy5C74sOmNmhkBmOifZyadXYVgqqhw3SpxHvaZK',1,'A',NULL,NULL),(74,'Michael','Anglesio','michael.anglesio@petermac.org','+61 3 9656 1287','2016-07-07 20:15:51','2016-07-07 20:15:51','michael.angl','$2a$04$mced5LI9abs8Tskq.hVgHe2P4N2z2mhFawgKU7SRPIPs.5p1uStuu',13,'A',NULL,NULL),(76,'Jonathan','Rosenberg','jonathan_rosenberg@dfci.harvard.edu','617 632 5456','2016-07-07 20:15:51','2016-07-07 20:15:51','rosenberg','$2a$04$Bi.L9.iQ7Gs1HVjOFVzYPuEB7B3DgwpAxIFH45BDF6NkeFbaeJSzq',1,'A',NULL,NULL),(77,'Daniel','Costa','dbcosta@bidmc.harvard.edu','617-667-9236','2016-07-07 20:15:51','2016-07-07 20:15:51','dbcosta@bidm','$2a$04$P17o70BP9n5vqPv89DxZ.uzQUluiEGpop8G.nLKyVdUIlPwz1Q/ym',14,'A',NULL,NULL),(78,'Peter','Guillen','pguillen06@gmail.com','617-956-2004','2016-07-07 20:15:51','2016-07-07 20:15:51','pguillen','$2a$04$mDLSyvphKaQYE96LvPO2j.likgSs3BlKnYw/badnWnN7yzbXX4l9O',1,'I',NULL,NULL),(79,'Toni','Choueiri','toni_choueiri@dfci.harvard.edu','617-632-5456','2016-07-07 20:15:51','2016-07-07 20:15:51','tc46','$2a$04$hQDrp3UUgMCI2JY1QzJP6eOQ96ETVRyeH69sqxTv0H8tEZR4OZXC6',1,'A',NULL,NULL),(80,'Fabio','Schutz','FabioA_Schutz@DFCI.harvard.edu','617-632-4622','2016-07-07 20:15:51','2016-07-07 20:15:51','fs975','$2a$04$/qX48LiqOY9x0f/gKTJ6tueiTDk.K.6M9JbjZU2u.BZXwn6W15qi6',1,'A',NULL,NULL),(81,'Aimee','Pike','AimeeM_Pike@dfci.harvard.edu','','2016-07-07 20:15:51','2016-07-07 20:15:51','AP595','$2a$04$FmxndOJOVYPsWUbKS0JO4erQQXIn2ac3jmQjiwBal4ZDN7fpDXEBW',1,'I',NULL,NULL),(82,'Mariella','Gruber-Olipitz','mariella_gruber-olipitz@dfci.harvard.edu','6177550949','2016-07-07 20:15:51','2016-07-07 20:15:51','mgo6','$2a$04$UDRv6fWYLG9wS07VrjY/sey1PbN/K6oN30rxFJJCIP3tHuFM4xjke',1,'A',NULL,NULL),(83,'Patrick','Oberholzer','oberholz@broadinstitute.org','617-714-7552','2016-07-07 20:15:51','2016-07-07 20:15:51','oberholz','$2a$04$H/S3Z5z58JXGiVWXIpIa3Oz8FwNSCgHF.hzUAgIyqdkRDrGGfXX5C',2,'A',NULL,NULL),(85,'Mike','Chapman','mchapman@broadinstitute.org','617 714 7572','2016-07-07 20:15:51','2016-07-07 20:15:51','mchapman','$2a$04$6uVfUAUpWyFysyQryARwJecBN7WpYl6vUd2DMuX.QGUWGLlPGbIbu',2,'A',NULL,NULL),(86,'Gayane','Badalian','gayane_badalianvery@dfci.harvard.edu','857-488-9804','2016-07-07 20:15:51','2016-07-07 20:15:51','GBadalian','$2a$04$R3onbOVX3V/iLI/dfbjNleN.4SRenxgQ2DWdLRXiYaXezPDYUjoRi',1,'A',NULL,NULL),(87,'Scott','Armstrong','scott.armstrong@childrens.harvard.edu','617-919-2507','2016-07-07 20:15:51','2016-07-07 20:15:51','sa30','$2a$04$gD9bmV7bKkiAjPjBx0C7H.P12WASxdCoxO118trX92XPARIdRsL6y',32,'A',NULL,NULL),(88,'Tim','Heffernan','theffernan@partners.org','582-8338','2016-07-07 20:15:51','2016-07-07 20:15:51','theff','$2a$04$yEkDYiY4iS4fsZADTM3kdeb.m.wTz6m1l4dH8Xq6.auaEefoUkumK',1,'A',NULL,NULL),(89,'Athe','Tsibris','atsibris@partners.org','(617)417-1162','2016-07-07 20:15:51','2016-07-07 20:15:51','stethant','$2a$04$4Pv7JhUhSI1IbXfRBuXAM.8s60dCO2L7uHH198Dy.gLqDM1ljgj6G',16,'A',NULL,NULL),(90,'Michael','Berger','berger@broadinstitute.org','617-714-7553','2016-07-07 20:15:51','2016-07-07 20:15:51','mfberger','$2a$04$buKW.6npLh8kwx8ZbPi6h.xdXq/8rVSOfrFuZlhos48aU19j8PUFi',2,'A',NULL,NULL),(91,'David','Kwiatkowski','dk@rics.bwh.harvard.edu','617-355-9005','2016-07-07 20:15:51','2016-07-07 20:15:51','dk','$2a$04$tQ3eZKh0xSpIYQlqG8JkbuIE9qFh03DaRvdBii/BuLDD/NPvn9zq6',16,'A',NULL,NULL),(92,'Benjamin','Rich','brich@partners.org','','2016-07-07 20:15:52','2016-07-07 20:15:52','brich','$2a$04$XvccV4Tl1E9a8sNBcPC5Y.A676oHhCTGsZrk3MYqCXTs0Aetmr/zC',1,'A',NULL,NULL),(93,'Christine','Obierika','christine_obierika@dfci.harvard.edu','6172596490','2016-07-07 20:15:52','2016-07-07 20:15:52','co932','$2a$04$jqZkNgmYhrdN552KG7l9SOQ5NcSj63xb2VM4Ymk/czABr0aQf7W.e',1,'I',NULL,NULL),(94,'Carmelo','Nucera','cnucera@bidmc.harvard.edu','617-5990515','2016-07-07 20:15:52','2016-07-07 20:15:52','cnucera','$2a$04$dp6U5XWiigzVExg2is1NdexpI3BPhDbcMh3ebx8EscG3tZD0YIj4a',24,'I',NULL,NULL),(95,'Cristina','Ferrone','cferrone@partners.org','617 643 6819','2016-07-07 20:15:52','2016-07-07 20:15:52','cferrone','$2a$04$4Uz42uI9tNtFNRx.XjJeYumaypX9pIuTyLTjQ3Ey18VYpeNx99J.O',24,'A',NULL,NULL),(96,'Laura','Fredenburgh','lfredenburgh@rics.bwh.harvard.edu','617 525-9563','2016-07-07 20:15:52','2016-07-07 20:15:52','lf063','$2a$04$BoKGmpn73Lr940jqeerxeeAggaik/sWcU61bXlM1VDkTvhg7NVtCK',16,'A',NULL,NULL),(97,'Hideo','Watanabe','hideo_watanabe@dfci.harvard.edu','617-632-4777','2016-07-07 20:15:52','2016-07-07 20:15:52','hw022','$2a$04$gRb9oNCcDgVXQ3292jy2VeWI/X2dDT3vjzRW/iUndVnvRfc8H.2nu',1,'A',NULL,NULL),(98,'Yanan','Guo','yguo5@rics.bwh.harvard.edu','617-355-9039','2016-07-07 20:15:52','2016-07-07 20:15:52','yg067','$2a$04$8HIthrLN5y0PIc2DuSdhsudgX4fDdaq5YW7Hg/YxIa0WYo6ahq0OS',16,'A',NULL,NULL),(99,'Peter','Hammerman','phammerman@partners.org','617-852-6224','2016-07-07 20:15:52','2016-07-07 20:15:52','phammerman','$2a$04$vnV8/e4hP/Bgte5nTur6xuAd2fhbd5PXhibnTDXswT2hQ5OdPld1O',1,'A',NULL,NULL),(100,'Yang','Liu','Yang_Liu2@DFCI.HARVARD.EDU','617-582-8535','2016-07-07 20:15:52','2016-07-07 20:15:52','tiger','$2a$04$vIMCHJtvSr12/XPnkb.Pz.dzG5hLiehhDEDY2Qmsdcwm9PMhhqszq',1,'A',NULL,NULL),(101,'Lars','Bullinger','lars.bullinger@childrens.harvard.edu','617-919-2510','2016-07-07 20:15:52','2016-07-07 20:15:52','lars.bulling','$2a$04$CF9WlZrV4aeLvhJWT9jT3OuienkCQWqFa4x5oOQZbw6XlHAMvMRlK',32,'A',NULL,NULL),(102,'Jeeyun','Lee','jyunlee@skku.edu','-4367','2016-07-07 20:15:52','2016-07-07 20:15:52','taro111','$2a$04$KdqDT769UeKA5vbVOJCBlOyDFpFfIi0VhFW5.7cTHww2GTDjsIbh.',23,'A',NULL,NULL),(103,'Frank','Kuo','fkuo@partners.org','1-857-307-1534','2016-07-07 20:15:52','2016-07-07 20:15:52','fkuo','$2a$04$KQPXiDeJzkA5u6hx92rbTO8XWt0Wzco0mTlWh3PYDJrteb7T5MJ6C',16,'A',NULL,NULL),(104,'Sushruta','Nagarkatti','snagarkatti@partners.org','6177266192','2016-07-07 20:15:52','2016-07-07 20:15:52','sn881','$2a$04$5KM2MTqokEm229S/XITCn.SHai9Tb5LDtWr/jMHBAhgwhQrZORFaa',24,'A',NULL,NULL),(105,'Jesse','Boehm','boehm@broadinstitute.org','617-714-7494','2016-07-07 20:15:52','2016-07-07 20:15:52','jboehm','$2a$04$Rfp5jFSH/xOkehkiFjeTi.KPnRI2/.T3oS/6k4oBou/H6547GEMWa',2,'A',NULL,NULL),(106,'Jeffrey','Mito','jeffrey.mito@duke.edu','919-681-8683','2016-07-07 20:15:52','2016-07-07 20:15:52','jmito','$2a$04$qJYs3t1n35Y1ZrNT4z9CeuhDiBbXUeEKyau8H3DZFMnAB3s8CDlMK',26,'A',NULL,NULL),(107,'Nikhil','Wagle','nwagle@partners.org','617 596-3957','2016-07-07 20:15:52','2016-07-07 20:15:52','nwagle','$2a$04$ooTvmlU5l0ZaWT0zhKtmC.9ntCGztIP.whvQS9mxVjRaDlUMyYjcG',1,'A',NULL,NULL),(108,'Robert','Jones','RobertT_Jones@dfci.harvard.edu','6176325950','2016-07-07 20:15:52','2016-07-07 20:15:52','rj956','$2a$04$uum3mClpcqMMETxm1i2wYOTkxQrCVseavvjrYQmhyHolVWhUgPVLu',1,'A',NULL,NULL),(109,'Yariv','Houvras','yhouvras@enders.tch.harvard.edu','(617) 919-2074','2016-07-07 20:15:52','2016-07-07 20:15:52','yhouvras','$2a$04$0f/Dr0gds9fUPro8YTrjAe5FKB04Tc4La5tGBD1dkUOmTqzWJ8Eu.',32,'A',NULL,NULL),(110,'Amity','Manning','almanning@partners.org','857-526-1728','2016-07-07 20:15:52','2016-07-07 20:15:52','almanning','$2a$04$Hm2eIARO2goVoTCLqIcU4OLdjPJmcNPQvCwY/NGuLMW3qmKjoo2YO',24,'A',NULL,NULL),(111,'Katherine','Dunn','katherine_dunn@dfci.harvard.edu','617-955-3417','2016-07-07 20:15:52','2016-07-07 20:15:52','kdunn','$2a$04$homGiPRyA9syARflqG7PtO1FmVDGk7e2ccfXQ6d6eHm17w6pHurYe',1,'A',NULL,NULL),(112,'James','DeCaprio','james_decaprio@dfci.harvard.edu','617 632-3825','2016-07-07 20:15:52','2016-07-07 20:15:52','jd017','$2a$04$.qQcR5JsffbpabancUm1cOOTnSquHQB/3.NpLBmGO7K9R5NOBle02',1,'A',NULL,NULL),(113,'Shamini','Selvarajah','Shamini_Selvarajah@dfci.harvard.edu','6174558513','2016-07-07 20:15:52','2016-07-07 20:15:52','shamini','$2a$04$kYecoAdv8SMjpLePJiZ6COnUDj7oRbs4N8MoI0F/wuNagAj1hXd7y',1,'A',NULL,NULL),(114,'Nina','Lin','nhlin@partners.org','617-768-8479','2016-07-07 20:15:52','2016-07-07 20:15:52','ninalin','$2a$04$05og99YBTVrRz/fDGC1CaOWafumCgJlSC67QwCyZeSqWEf.CZeRK6',30,'A',NULL,NULL),(116,'Ann','Mullally','amullally@partners.org','6173559091','2016-07-07 20:15:52','2016-07-07 20:15:52','amullal','$2a$04$Mki4/6GUrFrWe3MBZYx86OmH.RUNU6JscwJ2KGJSLhhLZ4Yz8YJQ6',16,'A',NULL,NULL),(117,'Eva','Hernando','eva.hernando@med.nyu.edu','1-212-263 9054','2016-07-07 20:15:52','2016-07-07 20:15:52','hernandoeva','$2a$04$FBIHzQNIgBvRv7oOF1XsTuMn2HwpBLuOvfahZr2HWlvS4D2S1KjH2',31,'A',NULL,NULL),(119,'Antoni','Ribas','evoneuw@mednet.ucla.edu','310-983-1262','2016-07-07 20:15:52','2016-07-07 20:15:52','oncomap3','$2a$04$m4pOao5y0exHpomqohHAyuNsQURxsBRtyEu27REGgmjxPe9RG.C5y',7,'A',NULL,NULL),(120,'Monica','Calicchio','monica.calicchio@childrens.harvard.edu','617.919.2495','2016-07-07 20:15:52','2016-07-07 20:15:52','mlcalicchio','$2a$04$n6wOTfI0IXa3LCxntUEsvuJ0kS4zNbS4pQBUcRsL96HGF92a614Cm',32,'A',NULL,NULL),(121,'Sandra','Kirley','skirley@partners.org','617-726-8480','2016-07-07 20:15:52','2016-07-07 20:15:52','sdk3','$2a$04$fzVf6oevgrdZ1OgXsDmBgu1pfLhiaehecIuYzdt9xtfwssj.IGEUq',24,'A',NULL,NULL),(122,'Eejung','Kim','eejung_kim@dfci.harvard.edu','22383','2016-07-07 20:15:52','2016-07-07 20:15:52','ek831','$2a$04$O.ov6J6rWjVdy.n6LhRD/.oLQjj5PeYPOPYTLrpmSbpO/La3TGQ2u',1,'A',NULL,NULL),(123,'Matt','Ducar','MatthewD_Ducar@DFCI.HARVARD.EDU','','2016-07-07 20:15:52','2016-07-07 20:15:52','mducar','$2a$04$pq08ImVqhZLqN2OX5k4FaeGEDKsWa0CRZGqqPMVEuqwNTdI74uF8m',1,'A',NULL,NULL),(124,'Brian','Crompton','brian.crompton@childrens.harvard.edu','617-582-8553','2016-07-07 20:15:52','2016-07-07 20:15:52','bcrompton','$2a$04$4PHKuLwSnAqdD45kyPVD7.RU0L.ISoh8TLY/aGy7ySzEA5IHQfNIW',1,'A',NULL,NULL),(125,'Chin-Lee','Wu','CWU2@PARTNERS.ORG','617-726-8454','2016-07-07 20:15:52','2016-07-07 20:15:52','ChinLee','$2a$04$nJNK6BhKnrAkXuMsFtKd.ear/MUKVe2ZUXlNsEUXM4asCU5ntTqUq',24,'A',NULL,NULL),(126,'Meghan','Comeau','comeau.meghan@dfci.harvard.edu','9785058544','2016-07-07 20:15:52','2016-07-07 20:15:52','nc869','$2a$04$nXUhvRFd.4DN5LQ9f1Uf0e/9lVzrLIEvGe0i5MDVBK/fU0Q0Diira',1,'I',NULL,NULL),(127,'Madhuri','Koti','madhurikoti@gmail.com','613-5332000 x 79055','2016-07-07 20:15:52','2016-07-07 20:15:52','jeremysquire','$2a$04$0zUrv8QhMS9TW35KaqjMvOc0jt7pj3QlyfAChXuLwetDlMGtTMXYm',33,'A',NULL,NULL),(128,'Youngwook','Kim','young_w_.kim@sbri.co.kr','82-2-2148-7349','2016-07-07 20:15:52','2016-07-07 20:15:52','Youngwook.Ki','$2a$04$GAzWGTcXF4yxM6gWB1W/p.vK.vYuNZkIwL3ZMsRIJhhld/f2SXvP6',23,'A',NULL,NULL),(129,'Youngwook','Kim','qedos@hotmail.com','82-2-2148-7349','2016-07-07 20:15:52','2016-07-07 20:15:52','Youngwook.Ki','$2a$04$QLQQ8nplq.MDPPAAQOkKc..LMRaBjpRnpgTeTFzjfd4G0jMtxb1kq',23,'A',NULL,NULL),(130,'shamini','selvarajah','sselvarajah@partners.org','6174558513','2016-07-07 20:15:52','2016-07-07 20:15:52','shamrose','$2a$04$6O4lm8nh7pTBf1WuW/NAJ.07ifRH1ms5cDdtCZZB4xCdalwBky1zS',16,'A',NULL,NULL),(132,'Stephen','Mok','smok@mednet.ucla.edu','3108252676','2016-07-07 20:15:52','2016-07-07 20:15:52','ribaslab','$2a$04$.dWzJsfIsFuwJ07lpDqSwuhgjxJJRkVja0WpNTlwmy.rYXZrzb1hy',7,'A',NULL,NULL),(133,'Jingwei','Cheng','jingwei_cheng@dfci.harvard.edu','617-632-4797','2016-07-07 20:15:52','2016-07-07 20:15:52','JC221','$2a$04$xQrE9rjb7GeDmugNHZ3Gme25OpJWNt6dQ1mjCIdEgVX3QuIB9X0UO',1,'A',NULL,NULL),(134,'Mark','Kieran','mark_kieran@dfci.harvard.edu','(617) 632-4907','2016-07-07 20:15:52','2016-07-07 20:15:52','mwk0','$2a$04$JjRRWrr9FqMzQBRroWt/E.thovLoo5N9awoR6ggDm0o4gS9uSsheC',1,'A',NULL,NULL),(135,'Matt','Theisen','matthewa_theisen@dfci.harvard.edu','6175828767','2016-07-07 20:15:52','2016-07-07 20:15:52','matheisen','$2a$04$To.uNQ2ho8TpWlkaCVmmF.H2VCEIGiJfP8XIzc40JRAcaAv.Qch5S',1,'A',NULL,NULL),(136,'Carmen','Priolo','carmen__priolo@dfci.harvard.edu','6176326461','2016-07-07 20:15:52','2016-07-07 20:15:52','CPriolo','$2a$04$qmoRJjdnaHI6GiaS4p720O7ZiEQaHtra/mKNIVs20Ql9uW9OClz6O',1,'A',NULL,NULL),(137,'Paul','VanHummelen','paul_vanhummelen@dfci.harvard.edu','','2016-07-07 20:15:52','2016-07-07 20:15:52','paulvan','$2a$04$uXyvQWqc1ntw9VGpRybIG.fmVuo.8ZAP3MLJzlTbMzhHt2v0xxbSe',1,'A',NULL,NULL),(138,'John','Keilty','john.keilty@infi.com','617-453-1000','2016-07-07 20:15:52','2016-07-07 20:15:52','jkeilty','$2a$04$VTz0.JCMCsud0nLfUKvxoecfhX4MILxgTat7Z6Bc4ax6HvW3suHOa',35,'A',NULL,NULL),(139,'Jennifer','Brown','jbrown2@partners.org','617-632-4894','2016-07-07 20:15:52','2016-07-07 20:15:52','jb916','$2a$04$Yb7nFGnDom5GYLsGIj0goOOA4VIc3Gfuq9zHiA.7vnz.GTIxDMTWi',1,'A',NULL,NULL),(140,'Alexi','Wright','alexi_wright@dfci.harvard.edu','617-632-3547','2016-07-07 20:15:52','2016-07-07 20:15:52','alexiwright','$2a$04$dK0NNCc3EOq3jWIz1objqer1Frh7yfZ9/Zb1EhU0fNw2mQnxrpzMK',1,'A',NULL,NULL),(141,'Filipe','Martins','filipe_martins@dfci.harvard.edu','6175828073','2016-07-07 20:15:52','2016-07-07 20:15:52','filipecorrei','$2a$04$tDmywtSke0M4.xQgwGYopuEkD63abCSeJDYJ1zWB1wCG462PMrlcC',1,'A',NULL,NULL),(142,'Xiangqing','Yang','xiangqing_yang@dfci.harvard.edu','(617)582-8803','2016-07-07 20:15:52','2016-07-07 20:15:52','xyang','$2a$04$MnYYvFLEtIwMiLrG.gkqgevyzHMtmh4BMxAKR.kVWWcMAM5qwW7dO',1,'A',NULL,NULL),(143,'Xiangqing','Yang','xiangqingy@gmail.com','(617)582-8803','2016-07-07 20:15:52','2016-07-07 20:15:52','xyang126','$2a$04$.1RnMLLNqZgHs9j63kB.KOHzvEybZtgX6RGreMSae25wks/YmF3b.',1,'A',NULL,NULL),(144,'Daniel','Auclair','dauclair@broadinstitute.org','617-714-8644','2016-07-07 20:15:52','2016-07-07 20:15:52','auclaird','$2a$04$6YSwwlY0zbpS1i.TSlNMPeJdPxCayEX.s.5xMBJh0rdYhPcApa9dC',2,'A',NULL,NULL),(145,'Elizabeth','Garcia','egarcia7@partners.org','','2016-07-07 20:15:52','2016-07-07 20:15:52','eg804','$2a$04$jPRPYzs8mQ6IvpFXr5.ulu8dmZ/5q3TJRuMgrwFCNG1kSPD6T4RHC',16,'A',NULL,NULL),(146,'Victoria','Brown','vebrown@partners.org','617 525 3168','2016-07-07 20:15:52','2016-07-07 20:15:52','vbrown88','$2a$04$DVBaS190OPM9m36QTEHuOe/nQuLykEx3gGZtkytbxc7rpVK7ko8mW',16,'A',NULL,NULL),(147,'Lan','Hu','lanhu@jimmy.harvard.edu','','2016-07-07 20:15:52','2016-07-07 20:15:52','hulan','$2a$04$NVsM0mkYv/tDy34woVzYhOGeFBr51bX2XNjd5kC.2sayP.jbOq8cS',1,'A',NULL,NULL),(148,'Jacek','Wardzala','jacek_wardzala@gmail.com','617 632 2204','2016-07-07 20:15:52','2016-07-07 20:15:52','jw500','$2a$04$HvcN/HeIx06cNMKyzTwTI.ET4ALuTvhPkS7zRGKKsJBt5wZnnoJXm',1,'A',NULL,NULL),(150,'Efi','Kokkotou','kthall@bidmc.harvard.edu','617 818 2111','2016-07-07 20:15:52','2016-07-07 20:15:52','kthall','$2a$04$S7FkwJd/9aubDOGAEPJmg.pQ844hoKWrRp4ZFFCgHySr46T2atutu',36,'A',NULL,NULL),(152,'Joonil','Jung','joonilj@broadinstitute.org','617-714-7579','2016-07-07 20:15:52','2016-07-07 20:15:52','joonilj','$2a$04$RrIBGhzb1gj9vh1JoImOx.BgxkfkY8S7IlkGzM3o1KAqqhsBiaRCO',2,'A',NULL,NULL),(153,'Kin','Yu','kin.yu@sanofi-aventis.com','6176654222','2016-07-07 20:15:52','2016-07-07 20:15:52','ktysaoncobu','$2a$04$kZcAyjEkN25PbZGnOmNL7ObnGShc14277Z6OUjCu.ILHOhcVfOime',38,'A',NULL,NULL),(154,'Ravali','Adusumilli','ravali_adusumilli@dfci.harvard.edu','','2016-07-07 20:15:52','2016-07-07 20:15:52','ravali','$2a$04$DbFBIvFglP54kKXAappLNeHF3GBkdJHOjV44q6GHYxy69.ffJhd82',1,'A',NULL,NULL),(155,'Edward','Stack','edward_stack@dfci.harvard.edu','7818373367','2016-07-07 20:15:52','2016-07-07 20:15:52','ecstack','$2a$04$xBHgo1yBmrfMUN4oLFdLuuqjynRd9F/yq3TReMlv8aRkuurEC10zu',1,'A',NULL,NULL),(156,'Scott','Swanson','sjswanson@partners.org','6175257532','2016-07-07 20:15:52','2016-07-07 20:15:52','SJS','$2a$04$P6DXKGq7v17GpvMFyJBoiudw0CcSQJvPT852aa8GTrnEJCHBADc8a',16,'A',NULL,NULL),(157,'Jeff','DeFrank','jeff_defrank@dfci.harvard.edu','Feb-64','2016-07-07 20:15:52','2016-07-07 20:15:52','JSD1','$2a$04$ZQXX7q9kT3TrQW8iujy72OIlvqdAeH.k6Pbaloy/Q22bad0LEWfg.',1,'A',NULL,NULL),(158,'Alex','Huang','alex.huang@sanofi-aventis.com','617-665-4221','2016-07-07 20:15:52','2016-07-07 20:15:52','i0138401','$2a$04$p4Vpe3l7sqfy4RrbB7QbiemtzTABjkBSUcnxlDto5JfX3RmJw19SC',38,'A',NULL,NULL),(159,'ruchi','joshi','rjoshi1@partners.org','','2016-07-07 20:15:52','2016-07-07 20:15:52','rjoshi','$2a$04$55BjvILjVbOXpBapPwb/K.wtlbDcFfUifJvuMBRjQHoAJinEuXQyG',16,'A',NULL,NULL),(160,'Adri','Mills','adri_mills@dfci.harvard.edu','607-229-9054','2016-07-07 20:15:52','2016-07-07 20:15:52','am20','$2a$04$.Z8rKIyjcPwROp8u/NpCPOQHGifMR0FO6qVbZdEd5EKphkI08n6GC',1,'I',NULL,NULL),(161,'Priscilla','Brastianos','pbrastianos@partners.org','617-632-2199','2016-07-07 20:15:52','2016-07-07 20:15:52','brastianos','$2a$04$oPjmtb48R/cNVKW8wL/I7.DvjmsiSaTcEpXuJ9zW5MLPN2oRAjL8q',1,'A',NULL,NULL),(164,'Takeshi','Shimamura','takeshi_shimamura@dfci.harvard.edu','617-582-7644','2016-07-07 20:15:52','2016-07-07 20:15:52','tshimamura','$2a$04$NQ/ooXcUrsAEbMDctfb6TuxZTLtoJO1PEPjTgFqcWL3ns1o1Nkeyy',1,'A',NULL,NULL),(165,'Brenton','Mar','brenton.mar@childrens.harvard.edu','617-632-4689','2016-07-07 20:15:52','2016-07-07 20:15:52','brentonmar','$2a$04$d3cP6RLfoz.z0LSXt8rkauRH1lRTlFZR8IPXHIFSf/o1Oker.UNxm',1,'A',NULL,NULL),(167,'Rameen','Beroukhim','rameen@broadinstitute.org','617-582-7941','2016-07-07 20:15:52','2016-07-07 20:15:52','rameen','$2a$04$La3qK.IN.j.L56jAaEK30eXa15iq4vItwbpZrhJNP.g5HlSOzHdLq',1,'A',NULL,NULL),(168,'Youngha','Kim','youngha_kim@dfci.harvard.edu','617-582-4132','2016-07-07 20:15:52','2016-07-07 20:15:52','CMR','$2a$04$e8RS9EYjTQ.opsbfcjioyOPHS2O1yi5Dng6ImYEo0vMEk27fz6zKK',1,'A',NULL,NULL),(169,'Andrea','Myers','apmyers@partners.org','650-714-5706','2016-07-07 20:15:52','2016-07-07 20:15:52','apmyers','$2a$04$HvazALsAzssUeVC6Qro1UepR7D1QkTBxND5R0RGnaMQCfoC2/Arzi',40,'A',NULL,NULL),(171,'Ashwini','Sunkavalli','ashwini_sunkavalli@dfci.harvard.edu','6176326439','2016-07-07 20:15:52','2016-07-07 20:15:52','az975','$2a$04$CBlha4AXSjvC5Ts27oOROOHLseE0ub7n8v8UzaiPftOiu7mGYQ8gy',1,'A',NULL,NULL),(172,'Coren','Milbury','coren_milbury@dfci.harvard.edu','617-632-4120','2016-07-07 20:15:52','2016-07-07 20:15:52','cmilbury','$2a$04$9hClFrrShV2z9L3.qpX3V.2tSiY4aNFHam9ARjbZOhN8yFv3A1q4W',1,'A',NULL,NULL),(173,'Sung-Min','Chun','alsl1000@hanmail.net','8.21034E+11','2016-07-07 20:15:52','2016-07-07 20:15:52','tez','$2a$04$0RjQXZs2AkPt0o3ByTOjWe8wdDhYSouJcFtIaXDTEUpT804sQxuPC',1,'A',NULL,NULL),(174,'Josh','Francis','joshua_francis@dfci.harvard.edu','617-714-7586','2016-07-07 20:15:52','2016-07-07 20:15:52','jmf83','$2a$04$72JXVY.Hr.ZO8edASKrUfOq/OvuLUeUHXJO10PnobjsJ.lOVyqFPa',1,'A',NULL,NULL),(175,'Sung-Min','Chun','smchun@amc.seoul.kr','82230105999','2016-07-07 20:15:52','2016-07-07 20:15:52','alsl1000','$2a$04$2OeE95xTRrzOgQIUqYaUD.RDu3ZqsSPX9mXzQdPB8N2C4V30t.w6O',1,'A',NULL,NULL),(176,'Steven','Bair','stevenm_bair@dfci.harvard.edu','6176324610','2016-07-07 20:15:52','2016-07-07 20:15:52','sb670','$2a$04$B1BPzAPPN1YI98AcakHuPucx3P8EJ2ReBAjp.FOdrW1m.AHFldPO.',1,'A',NULL,NULL),(177,'Alex','Kentsis','alex.kentsis@childrens.harvard.edu','6176324130','2016-07-07 20:15:52','2016-07-07 20:15:52','kentsis','$2a$04$x815f20hd71DoK.WuEx29.GDpWtGmyA63WwzwHXb5S7IAq3zs2wT.',32,'A',NULL,NULL),(178,'Sewanti','Limaye','slimaye@partners.org','617-632-3090','2016-07-07 20:15:52','2016-07-07 20:15:52','sl113','$2a$04$brQAppL1V4NwhccOcmWiA.Mmq9UXieGTKSG9LOLFdW/vMGvHtQ3D.',16,'A',NULL,NULL),(179,'SARA','TOLANEY','stolaney@partners.org','617-632-5743','2016-07-07 20:15:52','2016-07-07 20:15:52','stolaney','$2a$04$QpfS7fKo2Ql3FHRVeFPXAek6iL2hsuh1ua0A72Li9nLnk1UFroIbe',1,'A',NULL,NULL),(180,'Bjoern','Chapuy','Bjoern_Chapuy@dfci.harvard.edu','1(617)6323881','2016-07-07 20:15:52','2016-07-07 20:15:52','bchapuy','$2a$04$RQh5PFX5XBr5R/RUUne2c.tumf52EnpMuWW7X/RrzObMmF1yELMpu',1,'A',NULL,NULL),(182,'Peleg','Horowitz','phorowitz@partners.org','773-480-5987','2016-07-07 20:15:52','2016-07-07 20:15:52','horowitz','$2a$04$Ex8IisxCD9g3TmDTHxP.Xe.HVhgvEl0d7ufsl4EHip6N1/kGdDuvC',2,'A',NULL,NULL),(183,'Brian','Goodman','bmgoodman@partners.org','617-525-6784','2016-07-07 20:15:52','2016-07-07 20:15:52','bmgoodman','$2a$04$LZHzVV2mOrE67UpoCjY4K.VXSEL7SoAh4vCcu9GOpPeB00jYl/piy',16,'A',NULL,NULL),(184,'Sandro','Santagata','ssantagata@partners.org','617-732-7532','2016-07-07 20:15:52','2016-07-07 20:15:52','santas01','$2a$04$XjK0xMVFxBh/E0lkY6GphuEbSAqWXnDBcbjC0FopW1uvJYrqceMX.',16,'A',NULL,NULL),(185,'Oliver','Weigert','oliver_weigert@dfci.harvard.edu','617-582-8868','2016-07-07 20:15:52','2016-07-07 20:15:52','oweigert','$2a$04$wHVUEzbfa.GLlX2/PG77bu69N/GGYEMDbdzKxbAtquuJmgWRj2kgO',1,'A',NULL,NULL),(186,'David','Hsu','hsu00018@dm.duke.edu','919-684-1739','2016-07-07 20:15:52','2016-07-07 20:15:52','swdhsu','$2a$04$enBLLvB25nvlyJNz4Tapo.1ZFBae3x8Ehx6zH1BKkOWHtUt8vZqVe',44,'A',NULL,NULL),(188,'Joshua','Uronis','ju12@duke.edu','+1 919 684 1591','2016-07-07 20:15:52','2016-07-07 20:15:52','hsulab','$2a$04$JcmSmWnD2fC.9VVY0fab9.jBEK7gmuXkUa8Zcb5qJQwbZ0uc.eKGa',44,'A',NULL,NULL),(215,'Xuesong','Zhao','xuesong_zhao@dfci.harvard.edu','617 632 6174','2016-07-07 20:15:52','2016-07-07 20:15:52','snowpine','$2a$04$lVDBGKYePbnZQa3wOnzuaOhu8PokEMT7hyOvvsObQ8KMYmzgOdrfC',1,'A',NULL,NULL),(216,'YF','Wong','yfwong@partners.org','6172780196','2016-07-07 20:15:52','2016-07-07 20:15:52','yfwong','$2a$04$ODYJXsE09rmYj8LXDBeREurWWjtRo15LR3SOCMg2K/atDkIXhu3t2',16,'A',NULL,NULL),(217,'Aymen','Elfiky','Aymen_Elfiky@dfci.harvard.edu','617-632-5456','2016-07-07 20:15:52','2016-07-07 20:15:52','ae955','$2a$04$LYRLr7Y/.cmAwtSl6TMrk.sXlU06b4qTew6NvJRJ.B6DKr8gSO56S',1,'A',NULL,NULL),(218,'Simone','Hettmer','simone_hettmer@dfci.harvard.edu','617 632-4550','2016-07-07 20:15:52','2016-07-07 20:15:52','Wagerslab','$2a$04$UNgnbwhJzQDuAW/w6EDjUu37PuZh.OfuBshtkGEKlOql3Mbqa7lgm',1,'A',NULL,NULL),(219,'Constantine','Mitsiades','constantine_mitsiades@dfci.harvard.edu','617-632-1962','2016-07-07 20:15:52','2016-07-07 20:15:52','cmitsiades','$2a$04$rte7K0tBZXynx88PaRtF7OeG5.lNZJom6yV9BRz5UDIZ0Z2G887LS',1,'A',NULL,NULL),(220,'Louise','Koopman','louise_koopman@dfci.harvard.edu','617-632-6922','2016-07-07 20:15:52','2016-07-07 20:15:52','lkoopman','$2a$04$7K008sFrAnjAEcLDSIQffOSM38muEf0Q8fyaCf9m.veevRo6dW0ey',48,'A',NULL,NULL),(221,'David','Weinstock','dweinstock@partners.org','24245','2016-07-07 20:15:52','2016-07-07 20:15:52','weinstod','$2a$04$eiaTnJcsukyncVdwtme3iO42gmE1tdahrjAfJfwwRNkcTVkYC3sYy',1,'A',NULL,NULL),(224,'Heidi','Greulich','heidig@broadinstitute.org','617-714-7475','2016-07-07 20:15:52','2016-07-07 20:15:52','heidigreulic','$2a$04$wEIaptg1TiTa7S1k54x18.t8xvyd5MGDTO9AR9WNQ7.D7r9IE/AIe',1,'A',NULL,NULL),(225,'Catriona','Hayes','catrionaa_hayes@dfci.harvard.edu','6175829895','2016-07-07 20:15:52','2016-07-07 20:15:52','cathayes','$2a$04$jLT.mKLmUdpHBN.WAmRjxe2a2Vjh5G2yyIAxDWjXavhHKs0XJQwHy',1,'A',NULL,NULL),(226,'Gerburg','Wulf','gwulf@bidmc.harvard.edu','617 331 7772','2016-07-07 20:15:52','2016-07-07 20:15:52','gwulf','$2a$04$Inua1cnhSmH8jANZ4JaGceaHSfqC/YtCBTqydb4HRIhKme./IpmVe',14,'A',NULL,NULL),(227,'Carmelo','Nucera','carmnuce@libero.it','617-599-0515','2016-07-07 20:15:52','2016-07-07 20:15:52','carmnuce','$2a$04$OuDiGjNH1GIYX3EFEDR5S.tRol1G3AmQNWpfHJBQrGKJB1ssPhSmW',51,'A',NULL,NULL),(228,'Claudius','Conrad','cconrad@partners.org','617-726-2000 pager 1','2016-07-07 20:15:52','2016-07-07 20:15:52','cconrad','$2a$04$OKE/f0OpeDgfxafsdgFA1On2YrYeu4G3O8PZMB/oCFD94UILLazBi',24,'A',NULL,NULL),(229,'Larissa','Lee','llee@lroc.harvard.edu','617 331-9665','2016-07-07 20:15:52','2016-07-07 20:15:52','ljl14','$2a$04$1F8JS/OjgSV0UDKalYMF2.7Z24QWpQeU/xr8EmqS.6dltlLYEqgCy',16,'A',NULL,NULL),(230,'Megan','Lampron','Megan_Lampron@dfci.harvard.edu','617-632-5914','2016-07-07 20:15:52','2016-07-07 20:15:52','mel89','$2a$04$gM2gvPWptH7TVpmi.hqgJeS327F1v2Fzyt8X3cyitEb9gipn6WCnC',1,'A',NULL,NULL),(231,'David','Kozono','dkozono@lroc.harvard.edu','617-582-8237','2016-07-07 20:15:52','2016-07-07 20:15:52','dkozono','$2a$04$X72kbNsi93bx2Y12Z0TP6eA1xfWSotAFJp9brSbhIEeRgvhPHY9/2',52,'A',NULL,NULL),(232,'Sushma','Gurumurthy','sguru0@gmail.com','617-582-6598','2016-07-07 20:15:52','2016-07-07 20:15:52','sushguru','$2a$04$Movth3QWkxV6CdmZ2DEhauNBJZ4XUqa6UOMWmlbWtRLo4tOgAytai',53,'A',NULL,NULL),(233,'Laura','Schubert','laura_schubert@dfci.harvard.edu','6176326688','2016-07-07 20:15:52','2016-07-07 20:15:52','ls298','$2a$04$Sm.DokpiqDLHAfDs2ANci.MdNCbNPMvSi0oXLCOoSFVdRZBfDx4i2',52,'A',NULL,NULL),(234,'franklin','huang','fwhuang@partners.org','6175555555','2016-07-07 20:15:52','2016-07-07 20:15:52','fhuang','$2a$04$NRWKFKW1ro2jyMF9iItPKu7nC/C3CC4XhMbKZh2hO3bUyBI/MLOsq',52,'A',NULL,NULL),(235,'himabindu','ramachandrareddy','himabindu_ramachandrareddy@dfci.harvard.edu','617-632-4749','2016-07-07 20:15:52','2016-07-07 20:15:52','bindubcl6','$2a$04$.AQLWjZOhDkn30lxWfsZtOBWzqr1ZZWU4v23mY96qXLYZ0Ovkp09O',1,'A',NULL,NULL),(237,'Yuji','Mishima','yuji_mishima@dfci.harvard.edu','617-582-8535','2016-07-07 20:15:52','2016-07-07 20:15:52','yuji_mishima','$2a$04$pKdUicEHG1YhAD01b6V53.Oj2aOk41Gm2H6ETLMZWanx8YMeSAuAK',53,'A',NULL,NULL),(238,'Shakti','Ramkissoon','sramkissoon@partners.org','617-582-8767','2016-07-07 20:15:52','2016-07-07 20:15:52','Shak2012','$2a$04$SMiZhiWpYYPgxRaEUFJmyuTyL9sN/avf2LINDTIj/m7XfpQStNNXm',52,'A',NULL,NULL),(239,'Kevin','Elias','kelias1@partners.org','6154280480','2016-07-07 20:15:52','2016-07-07 20:15:52','kevinelias','$2a$04$vybe9NRazmCCPxX.So2qKOvTRnLSh.ASYWpPIYWdklMuXhzLqKF4G',54,'A',NULL,NULL),(240,'David','Barbie','dbarbie@partners.org','617-632-3614','2016-07-07 20:15:52','2016-07-07 20:15:52','dbarbie','$2a$04$lQin9/cFiwlSqFc8eYO7re/at6uy00ggtd5tyKrr55lLojEwCk4kW',1,'A',NULL,NULL),(242,'Michael','DiGiovanni','mjdigiovanni@beckman.com','978-204-3110','2016-07-07 20:15:52','2016-07-07 20:15:52','Michael','$2a$04$scOBFpmtjJqpPeqxXvYZlu1OQfY8boCbhpxB.7YfQnGKNyJpQBTCW',55,'A',NULL,NULL),(243,'Eva','Goetz','evam_goetz@dfci.harvard.edu','214-478-9836','2016-07-07 20:15:52','2016-07-07 20:15:52','evagoetz','$2a$04$QYoihxXL2D46bIf2.k2oj.EQ/nm1j/d2PYYxPjpP1E4577LRjyuiO',52,'A',NULL,NULL),(244,'Jonathan','Wasserman','jonathan.wasserman@sickkids.ca','4168137654x28949','2016-07-07 20:15:52','2016-07-07 20:15:52','jdwass','$2a$04$v0c/6Wt04YRBkOMmcqUSyusR.PtN4gOzX1AIcnR8VLGfuW8ePe8pe',56,'A',NULL,NULL),(245,'Adam','Bass','adam_bass@dfci.harvard.edu','617-407-9275','2016-07-07 20:15:52','2016-07-07 20:15:52','ajb12','$2a$04$8carADVmj3e/I.gCZJAyM.ek.hPqsjzVPAGka0sovWmKlehD74wua',52,'A',NULL,NULL),(246,'Anna','Cooley','AnnaC_Cooley@DFCI.HARVARD.EDU','617 58-28643','2016-07-07 20:15:52','2016-07-07 20:15:52','cooleya','$2a$04$FzikvCDdBiLMIqqExSHlfOkgav9h3G3uvUyNWzD/WdIesgOO8b5se',52,'A',NULL,NULL),(247,'Rhamy','Zeid','rhamyzeid@fas.harvard.edu','617-632-4658','2016-07-07 20:15:52','2016-07-07 20:15:52','rz042','$2a$04$2dmTDdTuCtna36lzNZQAGObtT85MEhHv8dMFnI3Bn6GuwVSHO8CSe',57,'P',NULL,NULL),(249,'Brenton','Paolella','brenton_paolella@dfci.harvard.edu','(617) 582-7948','2016-07-07 20:15:52','2016-07-07 20:15:52','snomiester','$2a$04$HBE8.HofX360/7Wi8NKTjOVYQO011uOsviIkQV6UXg3mcwQujLxee',52,'P',NULL,NULL),(250,'Aaron','Thorner','Aaron_Thorner@dfci.harvard.edu','27253','2016-07-07 20:15:52','2016-07-07 20:15:52','athorner','$2a$04$iJ88Jb6FuuhFTZbo7y/Dr.rY4b1rnZ7u8m9nDjYff0aKDRlnmpE.a',52,'A',NULL,NULL),(251,'Geoffrey','Oxnard','goxnard@partners.org','617-632-6049','2016-07-07 20:15:52','2016-07-07 20:15:52','gro4','$2a$04$7s3W16yBUqs0.ypJMcOWNuuYS2abioIOB9oe43zFXdtBwpjamdPPK',1,'A',NULL,NULL),(252,'Joyce','Liu','joyce_liu@dfci.harvard.edu','617-632-5269','2016-07-07 20:15:52','2016-07-07 20:15:52','joyceliu','$2a$04$Fcw6GGnJ21xPfPvNYTjQ0u6l37YAjuXt8C7JM5AeMwrCuQnd/iyai',1,'A',NULL,NULL),(253,'Rachel','Liao','rienstra@broadinstitute.org','6177147557','2016-07-07 20:15:52','2016-07-07 20:15:52','rliao','$2a$04$fL5/D3P7G4svmO48bMVmPepB9cq3cFtkVVh2HRjgbZOXuBB6nMOKi',58,'A',NULL,NULL),(254,'Adri','Mills','aamills@gmail.com','123-456-7890','2016-07-07 20:15:52','2016-07-07 20:15:52','am20b','$2a$04$Ma91KFZJ2bUFMW9LtjRUieXES/2/QwYgy.h.1aX/F9sUHvBPhyCpq',52,'I',NULL,NULL),(255,'Hauke','Cornils','hauke_cornils@dfci.harvard.edu','617-632-4343','2016-07-07 20:15:52','2016-07-07 20:15:52','hauke_cornil','$2a$04$A/fSAcBzP/dqvPfEXIKjj.opLobd99/7vKhJ0G6C6Cqhklo5HdArO',53,'A',NULL,NULL),(256,'Emanuele','Palescandolo','epalesca@its.jnj.com','3214604741','2016-07-07 20:15:52','2016-07-07 20:15:52','epalesca','$2a$04$RP.UWB.T7K/DLftn7JuOXe8Tr1MguTXNSkK7Qg1Ul8zpsEiG3.8oS',59,'A',NULL,NULL),(257,'Kathleen','Yates','kathleen_yates@dfci.harvard.edu','617-582-8874','2016-07-07 20:15:52','2016-07-07 20:15:52','kb686','$2a$04$TviznuQHha6nuglJVsIEd.Yg7lR5XgBCGiLNpwmgCHRKLdq09i1he',1,'A',NULL,NULL),(258,'Ami','Bhatt','asbhatt@broadinstitute.org','617-714-7559','2016-07-07 20:15:52','2016-07-07 20:15:52','asbhatt','$2a$04$gKWXzwifdUJsQMNFsEwDr.pzxYEzI21tOSI9JuL/0XrHfDEJJJw82',52,'A',NULL,NULL),(259,'Alejandro','Gutierrez','alejandro.gutierrez@childrens.harvard.edu','617-919-3660','2016-07-07 20:15:52','2016-07-07 20:15:52','alejandro.gu','$2a$04$ImAT0zIfkP9jqaE.wPKg9ePMY1EMLyiIjZzbFH9kRw0M6j.FmvOyK',60,'A',NULL,NULL),(260,'Prakash','Rao','prakash_rao@dfci.harvard.edu','617 582 9813','2016-07-07 20:15:52','2016-07-07 20:15:52','prakashrao','$2a$04$6/H/RKUrr1nwTPB3pDKagOUV2zi7SS776Jp7R6WouGmdK24sBaNb6',53,'A',NULL,NULL),(261,'Jeffrey','Sorrell','jeffrey_sorrell@dfci.harvard.edu','617-632-1952','2016-07-07 20:15:52','2016-07-07 20:15:52','jds53','$2a$04$r3eMDEhICBLGMK3x6SxA..2YanqROQM4XI1G6x1ooj2Za52yvpgRm',53,'A',NULL,NULL),(262,'Nathan','Moerke','nathanmoerke@gmail.com','8572252576','2016-07-07 20:15:52','2016-07-07 20:15:52','nmoerke','$2a$04$duHiFE4sfPgwRi0V.qWUJOXniQw.YjzyCyQnSfuMGU87q52Qy1QEy',61,'A',NULL,NULL),(263,'Charles','Roberts','charles_roberts@dfci.harvard.edu','617-632-6497','2016-07-07 20:15:52','2016-07-07 20:15:52','kim','$2a$04$l7Y9Vm3888CKQDu.wnL1NOmTk4Ci3BnJEoZhdE6KelmzH6sVzD4Mu',1,'A',NULL,NULL),(264,'Kimberly','Stegmaier','kimberly_stegmaier@dfci.harvard.edu','617-632-4985','2016-07-07 20:15:52','2016-07-07 20:15:52','charles','$2a$04$a4jPv/tugNjl85pZw2PoO.28hh4CeOGkSHiZhTZfZDIosOKsSSWhe',1,'A',NULL,NULL),(265,'Cecile','Maire','cecile_maire@dfci.harvard.edu','617 582 8765','2016-07-07 20:15:52','2016-07-07 20:15:52','cecilemaire','$2a$04$lgRoGScK5akbR37NCQgGiOHvqzFXAa9fXL6hwv9jeme8D995zVRO2',52,'A',NULL,NULL),(266,'Ryan','Abo','ryanp_abo@dfci.harvard.edu','','2016-07-07 20:15:52','2016-07-07 20:15:52','rpa4','$2a$04$53s.tpjz/dVwa1Vm2dxGNunQ5dZyfRxQj36Inriayt5djt0.9V6dC',53,'A',NULL,NULL),(267,'Jack','Lepine','jackr_lepine@dfci.harvard.edu','617-582-8643','2016-07-07 20:15:52','2016-07-07 20:15:52','lepinej','$2a$04$QqLWtqWft98PYUHt1dvOuePD6MAZi66p6LZDIMncF62s2h1GH9QlC',1,'A',NULL,NULL),(268,'Abhishek','Chakraborty','abhishek_chakraborty@dfci.harvard.edu','6176324745','2016-07-07 20:15:52','2016-07-07 20:15:52','achakraborty','$2a$04$uC8SBHhU8bUpBRtMckKl0.4Z5aFWeaa2zpatVqazkKgiysKygHIpK',52,'A',NULL,NULL),(269,'Ling','Lin','ling_lin@dfci.harvard.edu','617-582-8893','2016-07-07 20:15:53','2016-07-07 20:15:53','ll620','$2a$04$atAiVanzrSKP388MrAUmuOHp4O.CRz8D12mifW4gHm3HjtTd9.326',53,'A',NULL,NULL),(270,'Akinyemi','Ojesina','ojesina@broadinstitute.org','617-714-7570','2016-07-07 20:15:53','2016-07-07 20:15:53','ojesina','$2a$04$mgysObFuerXPg350ls4xhOtRZoQz/H5B6mKGLeAM3nlBeHz0DPFsi',1,'A',NULL,NULL),(271,'Michael','Rosu-Myles','michael.rosu-myles@hc-sc.gc.ca','613-954-8742','2016-07-07 20:15:53','2016-07-07 20:15:53','mrosumyl','$2a$04$CyLQA6QdveVfm4cN5GapUeMjCnL7kI6DXu29bpMnMxUXRsSdfs5te',62,'A',NULL,NULL),(272,'Andrew','Hong','andrew.hong@childrens.harvard.edu','6176323270','2016-07-07 20:15:53','2016-07-07 20:15:53','ah90','$2a$04$Kl8ic8nbhj0VklSnSRTd0ubtCU7ikp9jG8EVUBhYsUUUlH3/EKMIa',63,'A',NULL,NULL),(273,'Giovanni','Roti','Giovanni_Roti@dfci.harvard.edu','6175827631','2016-07-07 20:15:53','2016-07-07 20:15:53','rotigiova','$2a$04$AFGCDmp4tuSIhPXNy9myM.7meZYznGjmgDpqFYTQIMmfPwhp2/Wrm',1,'A',NULL,NULL),(274,'Andre','Fay','Andre_Fay@DFCI.HARVARD.EDU','6175139895','2016-07-07 20:15:53','2016-07-07 20:15:53','af638','$2a$04$tn4Q9LjfrUPfO0uqWY3KWet7SwqICBqXODgba6tdMEbZsWo8PISQK',1,'A',NULL,NULL),(275,'Michalina','Janiszewska','michalina_janiszewska@dfci.harvard.edu','618-582-8755','2016-07-07 20:15:53','2016-07-07 20:15:53','mjanisze','$2a$04$hzTnvnjcgelD1AO.6XQSuuiybVkGhSG0qhi1TKVxRF/0NB168fh.2',52,'A',NULL,NULL),(276,'Robert','Barnitz','robert_barnitz@dfci.harvard.edu','6175827625','2016-07-07 20:15:53','2016-07-07 20:15:53','rab72','$2a$04$zEVWkP45qOhGbfIHKPw9cuzADzAktd.L6rAQRGYqreMInejOqQnrG',1,'A',NULL,NULL),(277,'Shiliang','Cao','Shiliang_Cao@dfci.harvard.edu','7044514511','2016-07-07 20:15:53','2016-07-07 20:15:53','sc20','$2a$04$XovRhXmNZZ52xGZtAyyV2ePwk/aux6W7Dg9DKg4/gOCEWVFeBu.Ny',53,'A',NULL,NULL),(278,'Susan','Moody','semoody@partners.org','267-980-8978','2016-07-07 20:15:53','2016-07-07 20:15:53','sem42','$2a$04$Hvvg1K3aZcYmBDZgTbH/cOXQ9r8bs7LvFPhNmqP4qSljDOB9jXAZW',1,'A',NULL,NULL),(279,'Salomon','Manier','salomon_manier@dfci.harvard.edu','8573996947','2016-07-07 20:15:53','2016-07-07 20:15:53','Salomonmanie','$2a$04$T/Cp9bl6LvowkkOIxkBRaOj0Knyp3HwGGvxsbXkHcZun4Ja0fHjqO',52,'A',NULL,NULL),(280,'Srunphut','Pukma','pukmas@emmanuel.edu','6178510303','2016-07-07 20:15:53','2016-07-07 20:15:53','pukmas1991','$2a$04$81YL67cGU/9XKb6n6.yE5e6WqjMQ3joEoAnTwoWOQW.Kikbv210Ei',64,'P',NULL,NULL),(281,'Atsush','Nonami','Atsushi_Nonami@dfci.harvard.edu','8572419779','2016-07-07 20:15:53','2016-07-07 20:15:53','an892','$2a$04$pO1BvGpAxeZshSlo9ZDRS.1pEoHbL4Yszc5DT5DWNRW5GtR.OoffK',52,'A',NULL,NULL),(282,'ASLI','MUVAFFAK','asli_muvaffak@dfci.harvard.edu','617-582-8789','2016-07-07 20:15:53','2016-07-07 20:15:53','aslim','$2a$04$vhztjFn8CP5VVwSAQcVEV.k3wUFOZO1WKuCXhWdL67ANqTVaGVtaC',52,'A',NULL,NULL),(283,'Melanie','Prasol','Melanie_Prasol@dfci.harvard.edu','','2016-07-07 20:15:53','2016-07-07 20:15:53','mp197','$2a$04$wOGC9CswKfGjW6TbpMNxcOx64oFGBunl7TtNg1Vlg.PZ1WKz8GEti',53,'P',NULL,NULL),(284,'Stephanie','Mullane','stephanie_mullane@dfci.harvard.edu','617-632-2397','2016-07-07 20:15:53','2016-07-07 20:15:53','smullane','$2a$04$5.eq7ooUdFPRyB0F/BEXuu/rHDhGu4rShiE6FktkR5rahA/zw6LO.',52,'A',NULL,NULL),(285,'Ganesh','Shankar','gshankar@partners.org','805-796-0878','2016-07-07 20:15:53','2016-07-07 20:15:53','gshankar','$2a$04$PSOrqMJwuwQwm6qV6NQgVeqi/wrR8kVtCeiG4HuC/8nKMWt1IbY16',2,'A',NULL,NULL),(286,'James','Amatruda','james.amatruda@utsouthwestern.edu','214-648-1645','2016-07-07 20:15:53','2016-07-07 20:15:53','amatrudalab','$2a$04$azwGIlJFPTwZq4F63WNL/eIErRTvJOD06MNpD608HrKpiGDyDb5TC',65,'A',NULL,NULL),(287,'Ho-Chou','Tu','hochoutu@gmail.com','3145181002','2016-07-07 20:15:53','2016-07-07 20:15:53','Daleylab','$2a$04$fYNhlRPKzrW27QGVN7a70ucETHr6xs0WfdqUPT7o99BURNeEjGedO',32,'A',NULL,NULL),(288,'Oliver','Weigert','olver.weigert@helmholtz-muenchen.de','+49.89.3187.1402','2016-07-07 20:15:53','2016-07-07 20:15:53','oliver.weige','$2a$04$EPS8bkodyOu/ZMRNiOhAwuJQbC/nwh48rNXcp.n5.yDXxcEoaDRwK',66,'A',NULL,NULL),(289,'Atish','Choudhury','achoudhury@partners.org','6176324524','2016-07-07 20:15:53','2016-07-07 20:15:53','achoudhury','$2a$04$sEYHmklrhaUOGtMdQHb0aOPPWcSHApK0Evy9/pY5gKNTZ4ItE1EH.',1,'A',NULL,NULL),(290,'Johann','Hoeftberger','johann_hoeftberger@dfci.harvard.edu','','2016-07-07 20:15:53','2016-07-07 20:15:53','JHoeftberger','$2a$04$33zvZSwBvFRxPxdb8opY3OPitPntET9Mc8LV43DBakW3RHrCWz7m2',53,'A',NULL,NULL),(291,'Peter','Choi','peter_choi@dfci.harvard.edu','6176322930','2016-07-07 20:15:53','2016-07-07 20:15:53','pchoi','$2a$04$zXryHsuzEC0Gp5dt1s9sseRiFV4HiXtz3ZDZ/ttH4ff2j6W0V4.ea',1,'A',NULL,NULL),(292,'Coleman','Lindsley','coleman_lindsley@dfci.harvard.edu','617-997-3715','2016-07-07 20:15:53','2016-07-07 20:15:53','clindsley','$2a$04$XwlSczW9QdLzXl5zr7K/tumJqG.GyPGWhi63InXzjXz38UcUDy50W',52,'A',NULL,NULL),(293,'Julide','Celebi','julide.celebi@mountsinai.org','347-247-1576','2016-07-07 20:15:53','2016-07-07 20:15:53','julidecelebi','$2a$04$D5QjtpO/KIODLR14EeZZsOF8njtDqVgdYSCyOAPBVRfevVrEVOZee',67,'A',NULL,NULL),(294,'Michael','Nehil','michael_nehil@dfci.harvard.edu','8312477018','2016-07-07 20:15:53','2016-07-07 20:15:53','mnehil','$2a$04$JP84UqnCH.hcS5bDDZ80ZOY9Hwi1hg9vAVkTqeyqsXLidadrXtcKy',52,'A',NULL,NULL),(295,'Abner','Louissaint','alouissaint@partners.org','(617) 943-2890','2016-07-07 20:15:53','2016-07-07 20:15:53','alouissa','$2a$04$g/QAqp/gEiWsBjnkdEZ7I.epvbM16dNHrMejQBP4jKGJiNMNy1IHy',52,'A',NULL,NULL),(296,'Leena','Gandhi','Leena_Gandhi@dfci.harvard.edu','617-632-6049','2016-07-07 20:15:53','2016-07-07 20:15:53','lgandhi','$2a$04$xH1UUv8jpNn84WnlTgNcSeYS3bQaooT02smBZ9rWCPuRZ7.7e7OdW',52,'A',NULL,NULL),(297,'Rebecca','Chin','rchin1@bidmc.harvard.edu','6177352484','2016-07-07 20:15:53','2016-07-07 20:15:53','chinlab','$2a$04$NUXuJJo4w.PFSkAOLUQjweTbSt9VFyAFAWmkiMw8B1UGT3qSM2QRK',68,'A',NULL,NULL),(298,'Florian','Heitz','florian.heitz@gmx.net','4.92012E+12','2016-07-07 20:15:53','2016-07-07 20:15:53','Fheitz','$2a$04$Pc8V6EkpcFg4ZIs6FpZ04egrhuj4IYfde.7AcDWeYmRHd.AKG3Buu',69,'A',NULL,NULL),(299,'Linda','Bi','lbi@partners.org','203-645-9485','2016-07-07 20:15:53','2016-07-07 20:15:53','wbi','$2a$04$g7UvElY0uEdfDyjkbYYk1..x9reVvn/ktApktE/TxEK./uQl4EsJy',70,'A',NULL,NULL),(300,'Andrew','Lane','andrew_lane@dfci.harvard.edu','617-632-4589','2016-07-07 20:15:53','2016-07-07 20:15:53','aal17','$2a$04$hqLTtIrU0t5eOTvT.GgIBu6HnofQYQDm6YkY1Fu/8f2AOsyA.RVDu',52,'A',NULL,NULL),(301,'Pankaj','Agarwalla','agarwalla@gmail.com','617-726-2000','2016-07-07 20:15:53','2016-07-07 20:15:53','agarwalla','$2a$04$PwL0HNx4815XO1JMlku.MOBj3S8xgLfU0s7wp8PFmWGva.IQxkPEq',52,'A',NULL,NULL),(302,'Kent','Mouw','kmouw@partners.org','617-632-5145','2016-07-07 20:15:53','2016-07-07 20:15:53','kmouw','$2a$04$3CD1i.pwcXhHn.3d0e6nVediTwH9oTghDq18icw0YK5MbP.VDswte',1,'A',NULL,NULL),(303,'Mark','Murakami','Mark_Murakami@DFCI.harvard.edu','617-582-9171','2016-07-07 20:15:53','2016-07-07 20:15:53','mym97','$2a$04$JJOFMnhJ0MKMNEuhvpCnwu3CychXXBprgleSMCOxNDbNz52mycfe6',53,'A',NULL,NULL),(304,'Thomas','Melchardt','t.melchardt@salk.at','0043-662-4482','2016-07-07 20:15:53','2016-07-07 20:15:53','t.melchardt@','$2a$04$4/8bOyFZxwiBLdUP8uvem.53ukE8pI4boFunZwsQp76ERAbuHXFSq',71,'A',NULL,NULL),(305,'Sam','Hunter','samuels_hunter@dfci.harvard.edu','208-546-9229','2016-07-07 20:15:53','2016-07-07 20:15:53','shunter','$2a$04$hfWUS8ynJamjuMJZ.D78h.cXHLoggbkL7hLC7OjrW17YNR0DBm8Ci',53,'A',NULL,NULL),(306,'Melissa','Burns','melissa.burns@childrens.harvard.edu','617-919-7011','2016-07-07 20:15:53','2016-07-07 20:15:53','melissa.burn','$2a$04$0dd7zFruXo5pXuGHpQnr4uYniY9AnR1Zm.mvH4HIt51u7KkF7Qhuy',60,'A',NULL,NULL),(307,'Sima','Zacharek','sima_zacharek@dfci.harvard.edu','617-582-8026','2016-07-07 20:15:53','2016-07-07 20:15:53','simazac','$2a$04$sKww70l10x2D1qDU/BNvCOX0nZBJQCtk2i0DnH7Gm0fKFGPO.pTre',52,'A',NULL,NULL),(308,'Harshabad','Singh','hsingh3@partners.org','617-620-3201','2016-07-07 20:15:53','2016-07-07 20:15:53','harshabadsin','$2a$04$mqynq9pb/I8y7bQ5BrBYUO0AGCljC.kmAMVK47OX.J3Gf5gZIFZJq',53,'A',NULL,NULL),(309,'Raphael','Koch','raphael_koch@dfci.harvard.edu','6174879588','2016-07-07 20:15:53','2016-07-07 20:15:53','rkoch','$2a$04$XouPM48jkdusHy3CR8IvMOB/QZBndGQUXb4gCDVHEQB1BU/aT9Uyq',53,'A',NULL,NULL),(310,'Volker','Blank','volker.blank@mcgill.ca','5145 340 8260','2016-07-07 20:15:53','2016-07-07 20:15:53','Volker','$2a$04$wuVibbigQCNBtXq.YXDur.x77iw4E2FZBJ7XJJEzl6nrTchsiljgy',72,'P',NULL,NULL),(311,'Elizabeth','Townsend','elizabethc_townsend@dfci.harvard.edu','617 582-8868','2016-07-07 20:15:53','2016-07-07 20:15:53','Townsend','$2a$04$XtMTq10By79XCuEuLodBgOGu/98vrjiM75eTzGMONyJPQ7N.1DTXO',64,'A',NULL,NULL),(312,'Brooke','Howitt','bhowitt@partners.org','6175257295','2016-07-07 20:15:53','2016-07-07 20:15:53','brookehowitt','$2a$04$8YE1fVepqWAq39HGQqOXLOvLlrWz6wgcgXG5OU2gtA4On0FeCVTFu',73,'A',NULL,NULL),(313,'Christopher','Gibson','christopher_gibson@dfci.harvard.edu','617-510-9454','2016-07-07 20:15:53','2016-07-07 20:15:53','christopher_','$2a$04$6HeNCPRSk63aoDPA5qWJvOfl5lpc31CHA7Au6LjqLyDzy/ExG.VYm',74,'A',NULL,NULL),(314,'Lori','Ramkissoon','lori_ramkissoon@dfci.harvard.edu','617-582-8768','2016-07-07 20:15:53','2016-07-07 20:15:53','ramkissl','$2a$04$U8Gp3gABWWUWrvjRds.4wuQn47CLMEDm.V4TyKCJ7.Eugbw0RSAVG',52,'A',NULL,NULL),(315,'Amanda','Balboni','amandal_balboni@dfci.harvard.edu','3397881634','2016-07-07 20:15:53','2016-07-07 20:15:53','balbonia','$2a$04$HBmsH24CAefXmTwWnspNkuKLYjgQnOC57BXpSP9Qy.N9HIOvL.1l6',52,'P',NULL,NULL),(316,'Monica','Manam','monicad_manam@dfci.harvard.edu','7036597016','2016-07-07 20:15:53','2016-07-07 20:15:53','mdm68','$2a$04$ocnrrdYpFxLDlJq02bvLEOmIy.sMlRe2zXGljQLOqdHeEnyTwyNma',52,'A',NULL,NULL),(317,'Catherine','Coleman','Catherine_Coleman@DFCI.HARVARD.EDU','617-632-5078','2016-07-07 20:15:53','2016-07-07 20:15:53','ccoleman','$2a$04$ZuXmHfvGNoAo5piGlOFKK.h1GzxWIUYI2Cocu6FbFhtEZyku2oLDm',52,'A',NULL,NULL),(318,'HENRY','LONG','henry_long@dfci.harvard.edu','8576543824','2016-07-07 20:15:53','2016-07-07 20:15:53','henry_long@d','$2a$04$tjSY82JI8IHAcszjuSZJqurq21GTpGwKqj2pal48iAJ6XMfLoWwpC',75,'A',NULL,NULL),(319,'Dave','Rothfarb','dave.rothfarb@daverothfarb.com','555-555-5555','2016-07-07 20:15:53','2016-07-07 20:15:53','rothfarb-test','$2a$04$4039t9950G.CCvxm8p8yWef4AI.8W6SGJ2YMvMrckke4D3WBYM2QC',52,'A',NULL,NULL);
/*!40000 ALTER TABLE `users` ENABLE KEYS */;
UNLOCK TABLES;

--
-- Table structure for table `votes`
--

DROP TABLE IF EXISTS `votes`;
/*!40101 SET @saved_cs_client     = @@character_set_client */;
/*!40101 SET character_set_client = utf8 */;
CREATE TABLE `votes` (
  `id` int(11) NOT NULL AUTO_INCREMENT,
  `name` varchar(255) COLLATE utf8_unicode_ci DEFAULT NULL,
  `created_at` datetime NOT NULL,
  `updated_at` datetime NOT NULL,
  PRIMARY KEY (`id`)
) ENGINE=InnoDB AUTO_INCREMENT=4 DEFAULT CHARSET=utf8 COLLATE=utf8_unicode_ci;
/*!40101 SET character_set_client = @saved_cs_client */;

--
-- Dumping data for table `votes`
--

LOCK TABLES `votes` WRITE;
/*!40000 ALTER TABLE `votes` DISABLE KEYS */;
INSERT INTO `votes` VALUES (1,'Approve','2016-07-07 20:15:55','2016-07-07 20:15:55'),(2,'Reject','2016-07-07 20:15:55','2016-07-07 20:15:55'),(3,'Request revisions','2016-07-07 20:15:55','2016-07-07 20:15:55');
/*!40000 ALTER TABLE `votes` ENABLE KEYS */;
UNLOCK TABLES;
/*!40103 SET TIME_ZONE=@OLD_TIME_ZONE */;

/*!40101 SET SQL_MODE=@OLD_SQL_MODE */;
/*!40014 SET FOREIGN_KEY_CHECKS=@OLD_FOREIGN_KEY_CHECKS */;
/*!40014 SET UNIQUE_CHECKS=@OLD_UNIQUE_CHECKS */;
/*!40101 SET CHARACTER_SET_CLIENT=@OLD_CHARACTER_SET_CLIENT */;
/*!40101 SET CHARACTER_SET_RESULTS=@OLD_CHARACTER_SET_RESULTS */;
/*!40101 SET COLLATION_CONNECTION=@OLD_COLLATION_CONNECTION */;
/*!40111 SET SQL_NOTES=@OLD_SQL_NOTES */;

-- Dump completed on 2016-07-15 11:09:32
