-- MySQL dump 10.13  Distrib 5.1.73, for redhat-linux-gnu (x86_64)
--
-- Host: localhost    Database: ccgd_test
-- ------------------------------------------------------
-- Server version	5.1.73

/*!40101 SET @OLD_CHARACTER_SET_CLIENT=@@CHARACTER_SET_CLIENT */;
/*!40101 SET @OLD_CHARACTER_SET_RESULTS=@@CHARACTER_SET_RESULTS */;
/*!40101 SET @OLD_COLLATION_CONNECTION=@@COLLATION_CONNECTION */;
/*!40101 SET NAMES utf8 */;
/*!40103 SET @OLD_TIME_ZONE=@@TIME_ZONE */;
/*!40103 SET TIME_ZONE='+00:00' */;
/*!40014 SET @OLD_UNIQUE_CHECKS=@@UNIQUE_CHECKS, UNIQUE_CHECKS=0 */;
/*!40014 SET @OLD_FOREIGN_KEY_CHECKS=@@FOREIGN_KEY_CHECKS, FOREIGN_KEY_CHECKS=0 */;
/*!40101 SET @OLD_SQL_MODE=@@SQL_MODE, SQL_MODE='NO_AUTO_VALUE_ON_ZERO' */;
/*!40111 SET @OLD_SQL_NOTES=@@SQL_NOTES, SQL_NOTES=0 */;

--
-- Table structure for table `addresses`
--

DROP TABLE IF EXISTS `addresses`;
/*!40101 SET @saved_cs_client     = @@character_set_client */;
/*!40101 SET character_set_client = utf8 */;
CREATE TABLE `addresses` (
  `id` int(11) NOT NULL AUTO_INCREMENT,
  `street` varchar(255) COLLATE utf8_unicode_ci DEFAULT NULL,
  `city` varchar(255) COLLATE utf8_unicode_ci DEFAULT NULL,
  `country` varchar(255) COLLATE utf8_unicode_ci DEFAULT NULL,
  `created_at` datetime NOT NULL,
  `updated_at` datetime NOT NULL,
  `state_id` int(11) DEFAULT NULL,
  PRIMARY KEY (`id`)
) ENGINE=InnoDB AUTO_INCREMENT=79 DEFAULT CHARSET=utf8 COLLATE=utf8_unicode_ci;
/*!40101 SET character_set_client = @saved_cs_client */;

--
-- Dumping data for table `addresses`
--

LOCK TABLES `addresses` WRITE;
/*!40000 ALTER TABLE `addresses` DISABLE KEYS */;
INSERT INTO `addresses` VALUES (1,'44 Binney Street','Boston','NULL','2016-05-12 19:54:52','2016-05-12 19:54:52',21),(2,'7 Cambridge Center','Cambridge','NULL','2016-05-12 19:54:52','2016-05-12 19:54:52',21),(3,'75 Francis Street','Boston','NULL','2016-05-12 19:54:52','2016-05-12 19:54:52',21),(4,'21-27 Burlington Ave.','Boston','NULL','2016-05-12 19:54:52','2016-05-12 19:54:52',21),(5,'55 Fruit Street','Boston','NULL','2016-05-12 19:54:52','2016-05-12 19:54:52',21),(6,'243 Charles St','Boston','NULL','2016-05-12 19:54:52','2016-05-12 19:54:52',21),(7,'1 Blackfan Circle','Boston','NULL','2016-05-12 19:54:52','2016-05-12 19:54:52',21),(8,'20 Shattuck St','Boston','NULL','2016-05-12 19:54:52','2016-05-12 19:54:52',21),(9,'600 Beaver St','Waltham ','NULL','2016-05-12 19:54:52','2016-05-12 19:54:52',21),(10,'221 Longwood Ave','Boston','NULL','2016-05-12 19:54:52','2016-05-12 19:54:52',21),(11,'11-934 Factor Bldg','Los Angeles','NULL','2016-05-12 19:54:52','2016-05-12 19:54:52',5),(12,'3 Blackfan Circle','Boston','NULL','2016-05-12 19:54:52','2016-05-12 19:54:52',21),(13,'250 Mass Ave','Cambridge','NULL','2016-05-12 19:54:52','2016-05-12 19:54:52',21),(14,'50 Blossom Street','Boston','NULL','2016-05-12 19:54:52','2016-05-12 19:54:52',21),(15,'Ireland Cancer Center / University Hospitals 2103 Cornell Road ','Cleveland','NULL','2016-05-12 19:54:52','2016-05-12 19:54:52',35),(16,'78 Memorial Dr.','Cambridge','NULL','2016-05-12 19:54:52','2016-05-12 19:54:52',21),(17,'375 Longwood','Boston','NULL','2016-05-12 19:54:52','2016-05-12 19:54:52',21),(18,'St Andrews Place','Melbourne','Victoria','2016-05-12 19:54:52','2016-05-12 19:54:52',0),(19,'15 Parkman Street',' Wang 460','Boston','2016-05-12 19:54:52','2016-05-12 19:54:52',0),(20,'Irwondong 50',' Kangnamgu','Seoul','2016-05-12 19:54:52','2016-05-12 19:54:52',0),(21,'Box 91006',' B232 LSRC','Durham','2016-05-12 19:54:52','2016-05-12 19:54:52',0),(22,'149 13th Street','Charlestown','NULL','2016-05-12 19:54:52','2016-05-12 19:54:52',21),(23,'65 Landsdowne Street','Cambridge','NULL','2016-05-12 19:54:52','2016-05-12 19:54:52',21),(24,'550 First Avenue','New York','NULL','2016-05-12 19:54:52','2016-05-12 19:54:52',32),(25,'61 Binney Street','Boston','NULL','2016-05-12 19:54:52','2016-05-12 19:54:52',21),(26,'88',' Stuart Street',' Queen\'s University','2016-05-12 19:54:52','2016-05-12 19:54:52',0),(27,'50 Irwon-dong Gangnam-gu','Seoul','Korea','2016-05-12 19:54:52','2016-05-12 19:54:52',0),(28,'650 Charles E Young Dr. South','Los Angeles','NULL','2016-05-12 19:54:52','2016-05-12 19:54:52',5),(29,'780 Memorial Drive','Cambridge','NULL','2016-05-12 19:54:52','2016-05-12 19:54:52',21),(30,'70 Francis Street','Boston','NULL','2016-05-12 19:54:52','2016-05-12 19:54:52',21),(31,'301 Binney Street','Cambridge','NULL','2016-05-12 19:54:52','2016-05-12 19:54:52',21),(32,'270 Albany Street','Cambridge','NULL','2016-05-12 19:54:52','2016-05-12 19:54:52',21),(33,'450 Brookline Avenue','Boston','NULL','2016-05-12 19:54:52','2016-05-12 19:54:52',21),(34,'123-34',' GIL','SEOUL','2016-05-12 19:54:52','2016-05-12 19:54:52',0),(35,'101 Science Drive','Durham','NULL','2016-05-12 19:54:52','2016-05-12 19:54:52',33),(36,'1 joslin Place','Boston','NULL','2016-05-12 19:54:52','2016-05-12 19:54:52',21),(37,'27 Drydock Avenue','Boston','NULL','2016-05-12 19:54:52','2016-05-12 19:54:52',21),(38,'77 Avenue Louis Pasteur','Boston','NULL','2016-05-12 19:54:52','2016-05-12 19:54:52',21),(39,'330 Brookline Ave','Boston','NULL','2016-05-12 19:54:52','2016-05-12 19:54:52',21),(40,'99 Brookline Avenue','Boston','NULL','2016-05-12 19:54:52','2016-05-12 19:54:52',21),(41,'450 Brookline Ave','Boston','NULL','2016-05-12 19:54:52','2016-05-12 19:54:52',21),(42,'4 Blackfan street','Boston','NULL','2016-05-12 19:54:52','2016-05-12 19:54:52',21),(43,'Dana 15',' 450 Brookline Avenue','Boston','2016-05-12 19:54:52','2016-05-12 19:54:52',0),(44,'450 Brookline Ave',' JF208B','Boston','2016-05-12 19:54:52','2016-05-12 19:54:52',0),(45,'5 Blackfan Circle','Boston','NULL','2016-05-12 19:54:52','2016-05-12 19:54:52',21),(46,'221 Longwood Avenue','Boston','NULL','2016-05-12 19:54:52','2016-05-12 19:54:52',21),(47,'nowhere','boston','NULL','2016-05-12 19:54:52','2016-05-12 19:54:52',21),(48,'94 heritage dr','lowell','NULL','2016-05-12 19:54:52','2016-05-12 19:54:52',21),(49,'450 Brookline Ave.','Boston','NULL','2016-05-12 19:54:52','2016-05-12 19:54:52',21),(50,'555 University Avenue','Toronto','Ontario','2016-05-12 19:54:52','2016-05-12 19:54:52',0),(51,'450 Brookline Ave. SM1010','Boston','NULL','2016-05-12 19:54:52','2016-05-12 19:54:52',21),(52,'Dana Farber','Boston','NULL','2016-05-12 19:54:52','2016-05-12 19:54:52',21),(53,'450 Brookline Av','Boston','NULL','2016-05-12 19:54:52','2016-05-12 19:54:52',21),(54,'Turnhoutseweg 30','Beerse','Belgium','2016-05-12 19:54:52','2016-05-12 19:54:52',0),(55,'300 Longwood Avenue','Boston','NULL','2016-05-12 19:54:52','2016-05-12 19:54:52',21),(56,'250 Longwood Avenue','Boston','NULL','2016-05-12 19:54:52','2016-05-12 19:54:52',21),(57,'251 Sir Frederick Banting Driveway','Ottawa','Ontario','2016-05-12 19:54:52','2016-05-12 19:54:52',0),(58,'450 Brookline Avenue',' Dana 1514','Boston','2016-05-12 19:54:52','2016-05-12 19:54:52',0),(59,'1450 Brookline  Avenue','Boston','NULL','2016-05-12 19:54:52','2016-05-12 19:54:52',21),(60,'44 Binney St','Boston','NULL','2016-05-12 19:54:52','2016-05-12 19:54:52',21),(61,'Dana-Farber Cancer Institute',' 44 Binney St.','Boston','2016-05-12 19:54:52','2016-05-12 19:54:52',0),(62,'77 Ave Louis Pasteur','Boston','NULL','2016-05-12 19:54:52','2016-05-12 19:54:52',21),(63,'440 Brookline Ave.','Boston','NULL','2016-05-12 19:54:53','2016-05-12 19:54:53',21),(64,'450 Brookline Ave M534','Boston','NULL','2016-05-12 19:54:53','2016-05-12 19:54:53',21),(65,'301 Binney Street','Boston','NULL','2016-05-12 19:54:53','2016-05-12 19:54:53',21),(66,'5323 Harry Hines Blvd.','Dallas','NULL','2016-05-12 19:54:53','2016-05-12 19:54:53',43),(67,'Karp 7',' One Blackfan Circle','Boston','2016-05-12 19:54:53','2016-05-12 19:54:53',0),(68,'Marchioninistr. 25','Munich','Germany','2016-05-12 19:54:53','2016-05-12 19:54:53',0),(69,'1470 Madison Avenue','New York','NULL','2016-05-12 19:54:53','2016-05-12 19:54:53',32),(70,'Henricistrasse 92','Essen','Germany','2016-05-12 19:54:53','2016-05-12 19:54:53',0),(71,'1 Jimmy Fund Way',' Sm-1022','Boston','2016-05-12 19:54:53','2016-05-12 19:54:53',0),(72,'1 Jimmy Fund Way','Boston','NULL','2016-05-12 19:54:53','2016-05-12 19:54:53',21),(73,'Muellner Hauptstraße 48','Salzburg','Salzburg Austria','2016-05-12 19:54:53','2016-05-12 19:54:53',0),(74,'4 Blackfan St','Boston','NULL','2016-05-12 19:54:53','2016-05-12 19:54:53',21),(75,'tbd','tbd','tbd','2016-05-12 19:54:53','2016-05-12 19:54:53',0),(76,'3755 Cote Sainte-Catherine Road','Montreal','Canada','2016-05-12 19:54:53','2016-05-12 19:54:53',0),(77,'75 Francis St',' Dept of Pathology',' Amory 3','2016-05-12 19:54:53','2016-05-12 19:54:53',0),(78,'1 Blackfan Cir','Boston','NULL','2016-05-12 19:54:53','2016-05-12 19:54:53',21);
/*!40000 ALTER TABLE `addresses` ENABLE KEYS */;
UNLOCK TABLES;

--
-- Table structure for table `lab_groups`
--

DROP TABLE IF EXISTS `lab_groups`;
/*!40101 SET @saved_cs_client     = @@character_set_client */;
/*!40101 SET character_set_client = utf8 */;
CREATE TABLE `lab_groups` (
  `id` int(11) NOT NULL AUTO_INCREMENT,
  `name` varchar(255) COLLATE utf8_unicode_ci DEFAULT NULL,
  `code` varchar(255) COLLATE utf8_unicode_ci DEFAULT NULL,
  `created_at` datetime NOT NULL,
  `updated_at` datetime NOT NULL,
  `location_id` int(11) DEFAULT NULL,
  PRIMARY KEY (`id`)
) ENGINE=InnoDB AUTO_INCREMENT=203 DEFAULT CHARSET=utf8 COLLATE=utf8_unicode_ci;
/*!40101 SET character_set_client = @saved_cs_client */;

--
-- Dumping data for table `lab_groups`
--

LOCK TABLES `lab_groups` WRITE;
/*!40000 ALTER TABLE `lab_groups` DISABLE KEYS */;
INSERT INTO `lab_groups` VALUES (1,'CCGD Administration','CCGD','2016-05-12 19:54:56','2016-05-12 19:54:56',1),(2,'CCGD Genotyping','CCGD','2016-05-12 19:54:56','2016-05-12 19:54:56',1),(3,'Freedman Lab','FRDMAN','2016-05-12 19:54:56','2016-05-12 19:54:56',3),(4,'Garraway Lab','GARRWY','2016-05-12 19:54:56','2016-05-12 19:54:56',2),(5,'Golub Broad Lab','GOLBBI','2016-05-12 19:54:56','2016-05-12 19:54:56',4),(6,'Golub DFCI Lab','GOLUB','2016-05-12 19:54:56','2016-05-12 19:54:56',2),(7,'Hahn Lab','HAHN','2016-05-12 19:54:56','2016-05-12 19:54:56',2),(8,'Loda Lab','LODA','2016-05-12 19:54:56','2016-05-12 19:54:56',2),(9,'Kinome','MRSNBI','2016-05-12 19:54:56','2016-05-12 19:54:56',4),(10,'Meyerson DFCI Lab','MYRSON','2016-05-12 19:54:56','2016-05-12 19:54:56',2),(11,'Polyak Lab','POLYAK','2016-05-12 19:54:56','2016-05-12 19:54:56',2),(12,'ramesh shivdasani','SHIV','2016-05-12 19:54:56','2016-05-12 19:54:56',3),(13,'Janne Lab','JANNE','2016-05-12 19:54:56','2016-05-12 19:54:56',5),(14,'Rani George','GEORGE','2016-05-12 19:54:56','2016-05-12 19:54:56',6),(15,'Thomas Roberts','RBERTS','2016-05-12 19:54:56','2016-05-12 19:54:56',7),(16,'Thomas Look','LOOK','2016-05-12 19:54:56','2016-05-12 19:54:56',8),(17,'Jerome Ritz','RITZ','2016-05-12 19:54:56','2016-05-12 19:54:56',10),(18,'Matthew Kulke','KULKE','2016-05-12 19:54:56','2016-05-12 19:54:56',11),(19,'Margaret Shipp','SHIPP','2016-05-12 19:54:56','2016-05-12 19:54:56',12),(20,'Philip Kantoff','KNTOFF','2016-05-12 19:54:56','2016-05-12 19:54:56',13),(21,'Robert Ross','ROSS','2016-05-12 19:54:57','2016-05-12 19:54:57',13),(22,'Myles Brown','BROWN','2016-05-12 19:54:57','2016-05-12 19:54:57',14),(23,'Jennifer R. Brown','JRBRWN','2016-05-12 19:54:57','2016-05-12 19:54:57',15),(24,'Rollins','ROLLNS','2016-05-12 19:54:57','2016-05-12 19:54:57',16),(25,'Stiles Lab','STILES','2016-05-12 19:54:57','2016-05-12 19:54:57',21),(26,'Chirieac','CHIRI','2016-05-12 19:54:57','2016-05-12 19:54:57',22),(27,'CCGD Pilot','CCGD','2016-05-12 19:54:57','2016-05-12 19:54:57',1),(28,'Microarray Core','CHPLAB','2016-05-12 19:54:57','2016-05-12 19:54:57',23),(29,'Sarcoma Lab','DUAN','2016-05-12 19:54:57','2016-05-12 19:54:57',24),(30,'Ebert Lab','EBERT','2016-05-12 19:54:57','2016-05-12 19:54:57',22),(31,'Gilliland','GLLLND','2016-05-12 19:54:57','2016-05-12 19:54:57',22),(32,'Hezel','HEZEL','2016-05-12 19:54:57','2016-05-12 19:54:57',24),(33,'Kim','KIM','2016-05-12 19:54:57','2016-05-12 19:54:57',25),(34,'Henske','HENSKE','2016-05-12 19:54:57','2016-05-12 19:54:57',22),(35,'Chin Lab','CHIN','2016-05-12 19:54:57','2016-05-12 19:54:57',26),(36,'Hornicek','HRNCEK','2016-05-12 19:54:57','2016-05-12 19:54:57',27),(37,'Fletcher lab','FLTCHR','2016-05-12 19:54:57','2016-05-12 19:54:57',28),(38,'Ng','NG','2016-05-12 19:54:57','2016-05-12 19:54:57',30),(39,'Ribas','RIBAS','2016-05-12 19:54:57','2016-05-12 19:54:57',31),(40,'Christopher Walsh','WALSH','2016-05-12 19:54:57','2016-05-12 19:54:57',32),(41,'BIACS','BIACS','2016-05-12 19:54:57','2016-05-12 19:54:57',33),(42,'Ligon Lab','LIGON','2016-05-12 19:54:57','2016-05-12 19:54:57',35),(43,'Monahan','MONHAN','2016-05-12 19:54:57','2016-05-12 19:54:57',36),(44,'Chung Lab','CHUNG','2016-05-12 19:54:57','2016-05-12 19:54:57',40),(45,'Koon lab','KOON','2016-05-12 19:54:57','2016-05-12 19:54:57',42),(46,'Infinity','INFI','2016-05-12 19:54:57','2016-05-12 19:54:57',43),(47,'Infinity','INFI','2016-05-12 19:54:57','2016-05-12 19:54:57',43),(48,'Ovarian Cancer Genomics','LEVEL3','2016-05-12 19:54:57','2016-05-12 19:54:57',45),(49,'Rosenberg','RSNBRG','2016-05-12 19:54:57','2016-05-12 19:54:57',13),(50,'Tenen Lab','TENEN','2016-05-12 19:54:57','2016-05-12 19:54:57',46),(51,'Segal lab','Segallab','2016-05-12 19:54:57','2016-05-12 19:54:57',47),(52,'4th floor','Kinome','2016-05-12 19:54:57','2016-05-12 19:54:57',48),(53,'Cancer Program','GOLUB','2016-05-12 19:54:57','2016-05-12 19:54:57',2),(54,'BJ Rollins','BJR grou','2016-05-12 19:54:57','2016-05-12 19:54:57',50),(55,'Armstrong Lab','SAA','2016-05-12 19:54:57','2016-05-12 19:54:57',51),(56,'HIV Therapeutics','kuritzke','2016-05-12 19:54:57','2016-05-12 19:54:57',52),(57,'Garraway Lab','Garraway','2016-05-12 19:54:57','2016-05-12 19:54:57',53),(58,'genetics','Kwiatkow','2016-05-12 19:54:57','2016-05-12 19:54:57',54),(59,'Thyroid Cancer','214741','2016-05-12 19:54:57','2016-05-12 19:54:57',55),(60,'Panc Adeno Project',' Ferrone Lab','2016-05-12 19:54:57','2016-05-12 19:54:57',0),(61,'Fredenburgh Lab','FREDEN','2016-05-12 19:54:57','2016-05-12 19:54:57',57),(62,'Kwiatkowski Lab','RB06005A','2016-05-12 19:54:57','2016-05-12 19:54:57',58),(63,'15th floor','Meyerson','2016-05-12 19:54:57','2016-05-12 19:54:57',59),(64,'Medical Oncology - 8th floor',' Ghobrial lab','2016-05-12 19:54:57','2016-05-12 19:54:57',123456),(65,'Ghobrial lab','1234567','2016-05-12 19:54:57','2016-05-12 19:54:57',60),(66,'Oncology','ONC','2016-05-12 19:54:57','2016-05-12 19:54:57',62),(67,'CAMD','CAMD','2016-05-12 19:54:57','2016-05-12 19:54:57',22),(68,'Thyroid Surgery Lab Thier 603 Parangi Lab','1151983','2016-05-12 19:54:57','2016-05-12 19:54:57',63),(69,'ORF and RNAi work','HahnLab','2016-05-12 19:54:57','2016-05-12 19:54:57',64),(70,'Kirsch Lab',' ','2016-05-12 19:54:57','2016-05-12 19:54:57',65),(71,'Dana 15','Garraway','2016-05-12 19:54:57','2016-05-12 19:54:57',53),(72,'Bowtell Lab','LEVEL3','2016-05-12 19:54:57','2016-05-12 19:54:57',45),(73,'Cancer','zonlab','2016-05-12 19:54:57','2016-05-12 19:54:57',67),(74,'Dyson Lab','NDYSON','2016-05-12 19:54:57','2016-05-12 19:54:57',68),(75,'DePinho lab','depinho1','2016-05-12 19:54:57','2016-05-12 19:54:57',69),(76,'Mayer 4','DeCaprio','2016-05-12 19:54:57','2016-05-12 19:54:57',70),(77,'Kuritzkes Lab','87654321','2016-05-12 19:54:57','2016-05-12 19:54:57',71),(78,'Lab of Benjamin L. Ebert','ebert201','2016-05-12 19:54:57','2016-05-12 19:54:57',72),(79,'Pathology Dpt.','EHL305','2016-05-12 19:54:57','2016-05-12 19:54:57',73),(80,'Ribas Lab','31262','2016-05-12 19:54:57','2016-05-12 19:54:57',74),(81,'Translational Research','Fleming','2016-05-12 19:54:57','2016-05-12 19:54:57',75),(82,'Chin-Lee Wu','Wu Lab','2016-05-12 19:54:57','2016-05-12 19:54:57',76),(83,'Pediatric Oncology','KSteg','2016-05-12 19:54:57','2016-05-12 19:54:57',77),(84,'Cancer cytogenetics','JSOVCA','2016-05-12 19:54:57','2016-05-12 19:54:57',78),(85,'Nanomed','Nanomed','2016-05-12 19:54:57','2016-05-12 19:54:57',79),(86,'Antoni Ribas','RIBAS','2016-05-12 19:54:57','2016-05-12 19:54:57',31),(87,'Mark Kieran','Kieran','2016-05-12 19:54:57','2016-05-12 19:54:57',6),(88,'Ligon Lab','Ligon208','2016-05-12 19:54:57','2016-05-12 19:54:57',83),(89,'Leiomyosarcoma','EHL305','2016-05-12 19:54:57','2016-05-12 19:54:57',73),(90,'15th floor','prostate','2016-05-12 19:54:57','2016-05-12 19:54:57',84),(91,'Infinity','Infinity','2016-05-12 19:54:57','2016-05-12 19:54:57',85),(92,'Heme Malignancies','BrownCLL','2016-05-12 19:54:57','2016-05-12 19:54:57',86),(93,'Cancer Program','BSP','2016-05-12 19:54:57','2016-05-12 19:54:57',90),(94,'CCCB','CCCB','2016-05-12 19:54:57','2016-05-12 19:54:57',91),(95,'DeCaprio','DcCaprio','2016-05-12 19:54:57','2016-05-12 19:54:57',70),(96,'Gastroenterology','Kokkotou','2016-05-12 19:54:57','2016-05-12 19:54:57',92),(97,'Meyerson Lab','Meyerson','2016-05-12 19:54:57','2016-05-12 19:54:57',59),(98,'Cancer Bio','YUG310J','2016-05-12 19:54:57','2016-05-12 19:54:57',94),(99,'CMOP','CMOP','2016-05-12 19:54:57','2016-05-12 19:54:57',35),(100,'Choueiri-Signoretti','Choueiri','2016-05-12 19:54:57','2016-05-12 19:54:57',22),(101,'Swanson Research','Swanson','2016-05-12 19:54:57','2016-05-12 19:54:57',95),(102,'Cancer Biology','unknown','2016-05-12 19:54:57','2016-05-12 19:54:57',96),(103,'Saurin Lab','1234','2016-05-12 19:54:57','2016-05-12 19:54:57',22),(104,'Wong','7644','2016-05-12 19:54:57','2016-05-12 19:54:57',97),(105,'Pedi Onc','unknown','2016-05-12 19:54:57','2016-05-12 19:54:57',96),(106,'Beroukhim Lab','rameen','2016-05-12 19:54:57','2016-05-12 19:54:57',100),(107,'Pedatric Oncology','snf5','2016-05-12 19:54:57','2016-05-12 19:54:57',101),(108,'Cantley Lab','NA','2016-05-12 19:54:57','2016-05-12 19:54:57',102),(109,'Makrigiorgos','coldpcr','2016-05-12 19:54:58','2016-05-12 19:54:58',103),(110,'AML','1','2016-05-12 19:54:58','2016-05-12 19:54:58',8),(111,'Jeff Krane',' Head and Neck Pathology','2016-05-12 19:54:58','2016-05-12 19:54:58',11911),(112,'Breast Oncology','none','2016-05-12 19:54:58','2016-05-12 19:54:58',107),(113,'Shipp Lab','Shipp La','2016-05-12 19:54:58','2016-05-12 19:54:58',108),(114,'Santagata Lab','103964','2016-05-12 19:54:58','2016-05-12 19:54:58',110),(115,'Hematologic Neoplasia','D512WEIN','2016-05-12 19:54:58','2016-05-12 19:54:58',111),(116,'GI Genomics','Hsu_lab','2016-05-12 19:54:58','2016-05-12 19:54:58',112),(117,'Hsu lab','hsu','2016-05-12 19:54:58','2016-05-12 19:54:58',113),(118,'medulloblastoma','Segallab','2016-05-12 19:54:58','2016-05-12 19:54:58',47),(119,'OBSGYN','GYNONCOL','2016-05-12 19:54:58','2016-05-12 19:54:58',123),(120,'Choueiri-Signoretti','12345','2016-05-12 19:54:58','2016-05-12 19:54:58',124),(121,'Wagers Lab','Jos630 ','2016-05-12 19:54:58','2016-05-12 19:54:58',125),(122,'HIM346','MITSIAD','2016-05-12 19:54:58','2016-05-12 19:54:58',126),(123,'C-NExT','Ligonext','2016-05-12 19:54:58','2016-05-12 19:54:58',127),(124,'Weinstock lab','weinstoc','2016-05-12 19:54:58','2016-05-12 19:54:58',128),(125,'Meyerson','??','2016-05-12 19:54:58','2016-05-12 19:54:58',131),(126,'Mitsiades lab','Mitsiade','2016-05-12 19:54:58','2016-05-12 19:54:58',132),(127,'BIDMC Cancer Center Cantley','none','2016-05-12 19:54:58','2016-05-12 19:54:58',107),(128,'Thyroid Cancer Translational','212354','2016-05-12 19:54:58','2016-05-12 19:54:58',134),(129,'Conrad','WRN-4-40','2016-05-12 19:54:58','2016-05-12 19:54:58',135),(130,'Human Thyroid Cancers Translational Research','CNUCERA','2016-05-12 19:54:58','2016-05-12 19:54:58',136),(131,'Gyn Rad Onc','GynRO','2016-05-12 19:54:58','2016-05-12 19:54:58',137),(132,'Choueiri-Signoretti','522','2016-05-12 19:54:58','2016-05-12 19:54:58',138),(133,'JF5','DANDREA','2016-05-12 19:54:58','2016-05-12 19:54:58',139),(134,'Belfer','Belfer','2016-05-12 19:54:58','2016-05-12 19:54:58',140),(135,'Bass Laboratory','Bass','2016-05-12 19:54:58','2016-05-12 19:54:58',66),(136,'Shipp lab','lymphoma','2016-05-12 19:54:58','2016-05-12 19:54:58',142),(137,'Keith Ligon Lab @ DFCI','1234567','2016-05-12 19:54:58','2016-05-12 19:54:58',60),(138,'Ghobrial Lab','HUM237','2016-05-12 19:54:58','2016-05-12 19:54:58',144),(139,'Keith Ligon\'s Lab','1234567','2016-05-12 19:54:58','2016-05-12 19:54:58',60),(140,'Division of Gynecologic Oncology','RSBLAB','2016-05-12 19:54:58','2016-05-12 19:54:58',146),(141,'Barbie Lab','dana819','2016-05-12 19:54:58','2016-05-12 19:54:58',147),(142,'none','123','2016-05-12 19:54:58','2016-05-12 19:54:58',148),(143,'Beckman','Beckman','2016-05-12 19:54:58','2016-05-12 19:54:58',149),(144,'Garraway Lab','LAG','2016-05-12 19:54:58','2016-05-12 19:54:58',150),(145,'Thyroid','WASS','2016-05-12 19:54:58','2016-05-12 19:54:58',151),(146,'Bass Lab DFCI/MCO Dana 8','Bass','2016-05-12 19:54:58','2016-05-12 19:54:58',66),(147,'Bradner Lab','BRADNER','2016-05-12 19:54:58','2016-05-12 19:54:58',153),(148,'Beroukhim Lab','Berouk','2016-05-12 19:54:58','2016-05-12 19:54:58',154),(149,'Genomics','9617589','2016-05-12 19:54:58','2016-05-12 19:54:58',155),(150,'Gyn Oncology','LIU','2016-05-12 19:54:58','2016-05-12 19:54:58',156),(151,'Meyerson Cancer Program Lab','1111','2016-05-12 19:54:58','2016-05-12 19:54:58',157),(152,'Bioinformatics','000','2016-05-12 19:54:58','2016-05-12 19:54:58',158),(153,'PedOnc','PellmanM','2016-05-12 19:54:58','2016-05-12 19:54:58',159),(154,'MPS','BTP','2016-05-12 19:54:58','2016-05-12 19:54:58',160),(155,'Haining Lab','Haining','2016-05-12 19:54:58','2016-05-12 19:54:58',161),(156,'Cancer Program',' Broad','2016-05-12 19:54:58','2016-05-12 19:54:58',0),(157,'T-ALL','aglab','2016-05-12 19:54:58','2016-05-12 19:54:58',163),(158,'Long Lab Group','CFCE','2016-05-12 19:54:58','2016-05-12 19:54:58',164),(159,'Sorger Lab Group','plx4032','2016-05-12 19:54:58','2016-05-12 19:54:58',165),(160,'CMOP','JF208','2016-05-12 19:54:58','2016-05-12 19:54:58',166),(161,'Kaelin','Kaelin','2016-05-12 19:54:58','2016-05-12 19:54:58',167),(162,'Medical Oncology','........','2016-05-12 19:54:58','2016-05-12 19:54:58',2),(163,'Stem Cell Group','BGTDSCL','2016-05-12 19:54:58','2016-05-12 19:54:58',168),(164,'Hahn Lab','HahnLab','2016-05-12 19:54:58','2016-05-12 19:54:58',64),(165,'Stegmaier 6th Floor Group','STEGLAB','2016-05-12 19:54:58','2016-05-12 19:54:58',170),(166,'Kidney Cancer','GU Oncol','2016-05-12 19:54:58','2016-05-12 19:54:58',171),(167,'Biostatistics and Computational Biology DFCI Group','BCB','2016-05-12 19:54:58','2016-05-12 19:54:58',91),(168,'Polyak Lab Group','POLYAK','2016-05-12 19:54:58','2016-05-12 19:54:58',2),(169,'Brown PDX Group','BROWN','2016-05-12 19:54:58','2016-05-12 19:54:58',14),(170,'15th floor','HAHN','2016-05-12 19:54:58','2016-05-12 19:54:58',2),(171,'Medical Oncology','Ghobrial','2016-05-12 19:54:58','2016-05-12 19:54:58',177),(172,'Pediatric Oncology','76325281','2016-05-12 19:54:58','2016-05-12 19:54:58',178),(173,'Griffin',' J','2016-05-12 19:54:58','2016-05-12 19:54:58',0),(174,'Bladder Cancer Center','40888','2016-05-12 19:54:58','2016-05-12 19:54:58',180),(175,'Meyerson Lab Group','Meyerson','2016-05-12 19:54:58','2016-05-12 19:54:58',59),(176,'Joaquim Bellmunt','40888','2016-05-12 19:54:58','2016-05-12 19:54:58',180),(177,'Amatruda lab group','UTAMAT','2016-05-12 19:54:58','2016-05-12 19:54:58',182),(178,'Daley','Daley','2016-05-12 19:54:58','2016-05-12 19:54:58',183),(179,'Collaboration with Weinstock Lab','002a','2016-05-12 19:54:58','2016-05-12 19:54:58',184),(180,'Dana15','HahnLab','2016-05-12 19:54:58','2016-05-12 19:54:58',64),(181,'Med Onc - Hematologic Malignancies','TBD','2016-05-12 19:54:58','2016-05-12 19:54:58',186),(182,'Celebi','Celebi','2016-05-12 19:54:58','2016-05-12 19:54:58',187),(183,'GlenDranoff','524','2016-05-12 19:54:58','2016-05-12 19:54:58',188),(184,'Weinstock lab','510B','2016-05-12 19:54:58','2016-05-12 19:54:58',128),(185,'Medical Oncology','HER2','2016-05-12 19:54:58','2016-05-12 19:54:58',189),(186,'Chin Lab Group','Chinlab1','2016-05-12 19:54:58','2016-05-12 19:54:58',190),(187,'Department for Gynecologic Oncology','\"\"GynOnc_','2016-05-12 19:54:58','2016-05-12 19:54:58',191),(188,'Beroukhim Lab Group ','N/A','2016-05-12 19:54:58','2016-05-12 19:54:58',192),(189,'Lane Lab Group','Lane','2016-05-12 19:54:58','2016-05-12 19:54:58',97),(190,'Cancer Biology','N/A','2016-05-12 19:54:58','2016-05-12 19:54:58',192),(191,'D\'Andrea Lab Genomics','D\'Andrea','2016-05-12 19:54:58','2016-05-12 19:54:58',195),(192,'Egles Group','LIMCR','2016-05-12 19:54:58','2016-05-12 19:54:58',196),(193,'Gutierrez Lab','aglab','2016-05-12 19:54:58','2016-05-12 19:54:58',163),(194,'Target Discovery','Belfer','2016-05-12 19:54:58','2016-05-12 19:54:58',140),(195,'tbd','TBD','2016-05-12 19:54:58','2016-05-12 19:54:58',186),(196,'PTCL','D512','2016-05-12 19:54:58','2016-05-12 19:54:58',200),(197,'Blank Lab Group','cncmaf','2016-05-12 19:54:58','2016-05-12 19:54:58',201),(198,'GYN mesenchymal tumors group','BHMNBQ','2016-05-12 19:54:58','2016-05-12 19:54:58',203),(199,'BWH Hematology','EbertLab','2016-05-12 19:54:58','2016-05-12 19:54:58',204),(200,'CMOP','LIGON','2016-05-12 19:54:58','2016-05-12 19:54:58',35),(201,'Ped Onc 6th floor','PedOnc','2016-05-12 19:54:58','2016-05-12 19:54:58',206),(202,'CFCE','CFCE','2016-05-12 19:54:58','2016-05-12 19:54:58',164);
/*!40000 ALTER TABLE `lab_groups` ENABLE KEYS */;
UNLOCK TABLES;

--
-- Table structure for table `locations`
--

DROP TABLE IF EXISTS `locations`;
/*!40101 SET @saved_cs_client     = @@character_set_client */;
/*!40101 SET character_set_client = utf8 */;
CREATE TABLE `locations` (
  `id` int(11) NOT NULL AUTO_INCREMENT,
  `building` varchar(255) COLLATE utf8_unicode_ci DEFAULT NULL,
  `room` varchar(255) COLLATE utf8_unicode_ci DEFAULT NULL,
  `created_at` datetime NOT NULL,
  `updated_at` datetime NOT NULL,
  `address_id` int(11) DEFAULT NULL,
  PRIMARY KEY (`id`)
) ENGINE=InnoDB AUTO_INCREMENT=208 DEFAULT CHARSET=utf8 COLLATE=utf8_unicode_ci;
/*!40101 SET character_set_client = @saved_cs_client */;

--
-- Dumping data for table `locations`
--

LOCK TABLES `locations` WRITE;
/*!40000 ALTER TABLE `locations` DISABLE KEYS */;
INSERT INTO `locations` VALUES (1,'Dana','1539','2016-05-12 19:54:53','2016-05-12 19:54:53',1),(2,'Dana','15th Floor','2016-05-12 19:54:53','2016-05-12 19:54:53',1),(3,'Dana','7th Floor','2016-05-12 19:54:53','2016-05-12 19:54:53',1),(4,'7CC','4th Floor','2016-05-12 19:54:53','2016-05-12 19:54:53',2),(5,'Dana','820','2016-05-12 19:54:53','2016-05-12 19:54:53',1),(6,'Dana','D3-JFC','2016-05-12 19:54:53','2016-05-12 19:54:53',1),(7,'Smith','970','2016-05-12 19:54:53','2016-05-12 19:54:53',1),(8,'Mayer','630','2016-05-12 19:54:53','2016-05-12 19:54:53',1),(10,'Mayer','530','2016-05-12 19:54:53','2016-05-12 19:54:53',1),(11,'Dana','1220','2016-05-12 19:54:53','2016-05-12 19:54:53',1),(12,'Mayer','513','2016-05-12 19:54:53','2016-05-12 19:54:53',1),(13,'Dana','1230','2016-05-12 19:54:53','2016-05-12 19:54:53',1),(14,'Dana','730','2016-05-12 19:54:53','2016-05-12 19:54:53',1),(15,'Dana','1B30','2016-05-12 19:54:53','2016-05-12 19:54:53',1),(16,'Mayer','430','2016-05-12 19:54:53','2016-05-12 19:54:53',1),(21,'Smith','1070','2016-05-12 19:54:53','2016-05-12 19:54:53',1),(22,'BWH','','2016-05-12 19:54:53','2016-05-12 19:54:53',3),(23,'21-27 Burlington Ave.','464','2016-05-12 19:54:53','2016-05-12 19:54:53',4),(24,'MGH','','2016-05-12 19:54:53','2016-05-12 19:54:53',5),(25,'Ophthalmology-Retina Service','','2016-05-12 19:54:53','2016-05-12 19:54:53',6),(26,'Mayer','448','2016-05-12 19:54:53','2016-05-12 19:54:53',1),(27,'MGH','Yawkey 3700','2016-05-12 19:54:53','2016-05-12 19:54:53',5),(28,'Thorn ','528','2016-05-12 19:54:53','2016-05-12 19:54:53',8),(29,'N-Of-One','','2016-05-12 19:54:53','2016-05-12 19:54:53',9),(30,'BWH','BLI-449A','2016-05-12 19:54:53','2016-05-12 19:54:53',10),(31,'Factor','','2016-05-12 19:54:53','2016-05-12 19:54:53',11),(32,'Neurology','','2016-05-12 19:54:53','2016-05-12 19:54:53',12),(33,'21-27 Burlington Ave.','B452A','2016-05-12 19:54:53','2016-05-12 19:54:53',4),(35,'Jimmy Fund','JF215','2016-05-12 19:54:53','2016-05-12 19:54:53',1),(36,'NIBR','','2016-05-12 19:54:53','2016-05-12 19:54:53',13),(40,'50 Blossom Street','GRJ 825','2016-05-12 19:54:53','2016-05-12 19:54:53',17),(42,'WRB','2-143','2016-05-12 19:54:53','2016-05-12 19:54:53',18),(43,'Infinity Pharmaceuticals','','2016-05-12 19:54:53','2016-05-12 19:54:53',19),(44,'375 Longwood','226','2016-05-12 19:54:53','2016-05-12 19:54:53',20),(45,'Peter Mac Research','3539','2016-05-12 19:54:53','2016-05-12 19:54:53',21),(46,'CLS','428','2016-05-12 19:54:53','2016-05-12 19:54:53',74),(47,'Smith','1054','2016-05-12 19:54:53','2016-05-12 19:54:53',1),(48,'Main building','4175-B','2016-05-12 19:54:53','2016-05-12 19:54:53',2),(49,'7CC','4175-X','2016-05-12 19:54:53','2016-05-12 19:54:53',2),(50,'Smith','742','2016-05-12 19:54:53','2016-05-12 19:54:53',1),(51,'Karp','08211','2016-05-12 19:54:53','2016-05-12 19:54:53',7),(52,'65 Landsdowne','435','2016-05-12 19:54:53','2016-05-12 19:54:53',34),(53,'Dana','D1541','2016-05-12 19:54:53','2016-05-12 19:54:53',1),(54,'Karp','6-216','2016-05-12 19:54:53','2016-05-12 19:54:53',7),(55,'Thier','6 floor','2016-05-12 19:54:53','2016-05-12 19:54:53',5),(56,'WANG','460','2016-05-12 19:54:53','2016-05-12 19:54:53',26),(57,'Thorn','932','2016-05-12 19:54:53','2016-05-12 19:54:53',3),(58,'Karp','RB06005A','2016-05-12 19:54:53','2016-05-12 19:54:53',7),(59,'Dana','1526','2016-05-12 19:54:53','2016-05-12 19:54:53',1),(60,'Dana','802','2016-05-12 19:54:53','2016-05-12 19:54:53',1),(61,'Karp','Rm 08006A','2016-05-12 19:54:53','2016-05-12 19:54:53',7),(62,'Samsung Cancer Center','11th floor','2016-05-12 19:54:53','2016-05-12 19:54:53',29),(63,'Thier','603','2016-05-12 19:54:53','2016-05-12 19:54:53',5),(64,'7CC','4034','2016-05-12 19:54:53','2016-05-12 19:54:53',2),(65,'LSRC','232','2016-05-12 19:54:53','2016-05-12 19:54:53',31),(66,'Dana','Lab','2016-05-12 19:54:53','2016-05-12 19:54:53',1),(67,'Karp','RB-07005A','2016-05-12 19:54:53','2016-05-12 19:54:53',7),(68,'149','7330','2016-05-12 19:54:53','2016-05-12 19:54:53',33),(69,'Mayer','415','2016-05-12 19:54:53','2016-05-12 19:54:53',1),(70,'Mayer','440','2016-05-12 19:54:53','2016-05-12 19:54:53',1),(71,'Partners Research bldg','441','2016-05-12 19:54:53','2016-05-12 19:54:53',34),(72,'Karp','5.210','2016-05-12 19:54:53','2016-05-12 19:54:53',7),(73,'Smilow','305','2016-05-12 19:54:53','2016-05-12 19:54:53',36),(74,'Factor','14-635','2016-05-12 19:54:53','2016-05-12 19:54:53',42),(75,'Enders','1174','2016-05-12 19:54:53','2016-05-12 19:54:53',38),(76,'WRN','3-324','2016-05-12 19:54:53','2016-05-12 19:54:53',5),(77,'Dana','640A','2016-05-12 19:54:53','2016-05-12 19:54:53',1),(78,'Richardson Laboratory','401','2016-05-12 19:54:54','2016-05-12 19:54:54',39),(79,'Samsung Cancer Center','188 B4','2016-05-12 19:54:54','2016-05-12 19:54:54',41),(81,'Factor','14-638','2016-05-12 19:54:54','2016-05-12 19:54:54',42),(83,'JF','208','2016-05-12 19:54:54','2016-05-12 19:54:54',1),(84,'Dana','1516','2016-05-12 19:54:54','2016-05-12 19:54:54',1),(85,'780 Memorial Drive','780 Memorial Drive','2016-05-12 19:54:54','2016-05-12 19:54:54',44),(86,'Mayer','1B29','2016-05-12 19:54:54','2016-05-12 19:54:54',1),(87,'Dana','1210','2016-05-12 19:54:54','2016-05-12 19:54:54',1),(88,'Dana','740','2016-05-12 19:54:54','2016-05-12 19:54:54',1),(90,'B301','5019','2016-05-12 19:54:54','2016-05-12 19:54:54',46),(91,'Smith','824','2016-05-12 19:54:54','2016-05-12 19:54:54',1),(92,'BIDMC Dana','536','2016-05-12 19:54:54','2016-05-12 19:54:54',74),(93,'Dana','15th floor','2016-05-12 19:54:54','2016-05-12 19:54:54',1),(94,'270 Albany','G310J','2016-05-12 19:54:54','2016-05-12 19:54:54',49),(95,'Peter Bent Brigham','CA 355','2016-05-12 19:54:54','2016-05-12 19:54:54',3),(96,'270 Albany','G310I','2016-05-12 19:54:54','2016-05-12 19:54:54',49),(97,'Mayer','413','2016-05-12 19:54:54','2016-05-12 19:54:54',50),(98,'Dana','630F','2016-05-12 19:54:54','2016-05-12 19:54:54',50),(99,'Smith','708','2016-05-12 19:54:54','2016-05-12 19:54:54',50),(100,'Smith','1022C','2016-05-12 19:54:54','2016-05-12 19:54:54',50),(101,'Mayer','654','2016-05-12 19:54:54','2016-05-12 19:54:54',50),(102,'CLS ','417','2016-05-12 19:54:54','2016-05-12 19:54:54',12),(103,'Jimmy Fund','614','2016-05-12 19:54:54','2016-05-12 19:54:54',50),(104,'Dana','1526','2016-05-12 19:54:54','2016-05-12 19:54:54',1),(105,'Mayer','457','2016-05-12 19:54:54','2016-05-12 19:54:54',50),(107,'Yawkey','1257','2016-05-12 19:54:54','2016-05-12 19:54:54',50),(108,'Mayer','563','2016-05-12 19:54:54','2016-05-12 19:54:54',1),(110,'Amory','360U','2016-05-12 19:54:54','2016-05-12 19:54:54',3),(111,'Dana','D512','2016-05-12 19:54:54','2016-05-12 19:54:54',1),(112,'CIEMAS','2323','2016-05-12 19:54:54','2016-05-12 19:54:54',57),(113,'CIEMAS','2323','2016-05-12 19:54:54','2016-05-12 19:54:54',57),(122,'Smith','1052','2016-05-12 19:54:54','2016-05-12 19:54:54',50),(123,'BLI','449B','2016-05-12 19:54:54','2016-05-12 19:54:54',10),(124,'Dana','1230','2016-05-12 19:54:54','2016-05-12 19:54:54',1),(125,'Joslin','630','2016-05-12 19:54:54','2016-05-12 19:54:54',68),(126,'Harvard Institutes of Medicine Building (4 Blackfan Circle)','HIM346','2016-05-12 19:54:54','2016-05-12 19:54:54',50),(127,'27 Drydock','DD466S','2016-05-12 19:54:54','2016-05-12 19:54:54',70),(128,'Dana','510B','2016-05-12 19:54:54','2016-05-12 19:54:54',50),(131,'7CC','4027','2016-05-12 19:54:54','2016-05-12 19:54:54',2),(132,'HIM','309','2016-05-12 19:54:54','2016-05-12 19:54:54',74),(133,'Center for Life Sciences','CLS441','2016-05-12 19:54:54','2016-05-12 19:54:54',75),(134,'Research North','2 floor','2016-05-12 19:54:54','2016-05-12 19:54:54',76),(135,'Warren','WRN-4-408C','2016-05-12 19:54:54','2016-05-12 19:54:54',5),(136,'BIDMC Pathology','','2016-05-12 19:54:54','2016-05-12 19:54:54',76),(137,'CWN-L2','Brachy','2016-05-12 19:54:54','2016-05-12 19:54:54',3),(138,'Dana','1230','2016-05-12 19:54:54','2016-05-12 19:54:54',50),(139,'Jimmy Fund','521','2016-05-12 19:54:54','2016-05-12 19:54:54',77),(140,'HIM ','344','2016-05-12 19:54:54','2016-05-12 19:54:54',78),(141,'Dana','15','2016-05-12 19:54:54','2016-05-12 19:54:54',79),(142,'mayer','515','2016-05-12 19:54:54','2016-05-12 19:54:54',77),(143,'Jimmy Fund','208B','2016-05-12 19:54:54','2016-05-12 19:54:54',80),(144,'HIM','240','2016-05-12 19:54:54','2016-05-12 19:54:54',81),(145,'Jimmy Fund','208B','2016-05-12 19:54:54','2016-05-12 19:54:54',77),(146,'Boston Lying-In','429A','2016-05-12 19:54:54','2016-05-12 19:54:54',82),(147,'Dana','819','2016-05-12 19:54:54','2016-05-12 19:54:54',77),(148,'bldg','rm','2016-05-12 19:54:54','2016-05-12 19:54:54',83),(149,'Smith','1234','2016-05-12 19:54:54','2016-05-12 19:54:54',84),(150,'Dana','1524','2016-05-12 19:54:54','2016-05-12 19:54:54',85),(151,'HSC','5445','2016-05-12 19:54:54','2016-05-12 19:54:54',86),(152,'Dana','8th Floor','2016-05-12 19:54:54','2016-05-12 19:54:54',1),(153,'Dana','510','2016-05-12 19:54:54','2016-05-12 19:54:54',1),(154,'Smith','1010','2016-05-12 19:54:54','2016-05-12 19:54:54',87),(155,'Dana','1234','2016-05-12 19:54:54','2016-05-12 19:54:54',85),(156,'Yawkey','1425','2016-05-12 19:54:54','2016-05-12 19:54:54',50),(157,'7CC','4175-J','2016-05-12 19:54:54','2016-05-12 19:54:54',2),(158,'DA','8','2016-05-12 19:54:54','2016-05-12 19:54:54',88),(159,'Mayer','620','2016-05-12 19:54:54','2016-05-12 19:54:54',89),(160,'020','0G4','2016-05-12 19:54:54','2016-05-12 19:54:54',90),(161,'Dana','D644','2016-05-12 19:54:54','2016-05-12 19:54:54',50),(162,'7CC','4th floor','2016-05-12 19:54:54','2016-05-12 19:54:54',50),(163,'Karp','08-212','2016-05-12 19:54:54','2016-05-12 19:54:54',91),(164,'Dana','757','2016-05-12 19:54:54','2016-05-12 19:54:54',50),(165,'WAB','444','2016-05-12 19:54:54','2016-05-12 19:54:54',92),(166,'Jimmy Fund','208C','2016-05-12 19:54:54','2016-05-12 19:54:54',1),(167,'Mayer','457','2016-05-12 19:54:54','2016-05-12 19:54:54',77),(168,'Banting Building','E110','2016-05-12 19:54:54','2016-05-12 19:54:54',93),(169,'Dana','1514','2016-05-12 19:54:55','2016-05-12 19:54:55',94),(170,'Dana','D628','2016-05-12 19:54:55','2016-05-12 19:54:55',95),(171,'Dana Building','1230','2016-05-12 19:54:55','2016-05-12 19:54:55',77),(172,'Smith','822C','2016-05-12 19:54:55','2016-05-12 19:54:55',77),(173,'Dana','D740B','2016-05-12 19:54:55','2016-05-12 19:54:55',50),(174,'Dana','D614','2016-05-12 19:54:55','2016-05-12 19:54:55',96),(175,'Dana','728','2016-05-12 19:54:55','2016-05-12 19:54:55',96),(176,'Dana','1514','2016-05-12 19:54:55','2016-05-12 19:54:55',97),(177,'HIM','237','2016-05-12 19:54:55','2016-05-12 19:54:55',98),(178,'Dana','640A','2016-05-12 19:54:55','2016-05-12 19:54:55',99),(179,'Mayer ','534','2016-05-12 19:54:55','2016-05-12 19:54:55',100),(180,'Dana ','1230','2016-05-12 19:54:55','2016-05-12 19:54:55',77),(181,'Broad','5064D','2016-05-12 19:54:55','2016-05-12 19:54:55',101),(182,'ND3','136','2016-05-12 19:54:55','2016-05-12 19:54:55',102),(183,'Karp','7004','2016-05-12 19:54:55','2016-05-12 19:54:55',103),(184,'Haematologicum','007','2016-05-12 19:54:55','2016-05-12 19:54:55',104),(185,'Dana','1514','2016-05-12 19:54:55','2016-05-12 19:54:55',77),(186,'Karp','5th floor','2016-05-12 19:54:55','2016-05-12 19:54:55',50),(187,'Hess','5-108','2016-05-12 19:54:55','2016-05-12 19:54:55',105),(188,'Dana','524','2016-05-12 19:54:55','2016-05-12 19:54:55',96),(189,'Dana','1240F','2016-05-12 19:54:55','2016-05-12 19:54:55',77),(190,'CLS','628C','2016-05-12 19:54:55','2016-05-12 19:54:55',75),(191,'Haupthaus','E.408','2016-05-12 19:54:55','2016-05-12 19:54:55',106),(192,'Smith','1022','2016-05-12 19:54:55','2016-05-12 19:54:55',107),(193,'Smith','1010','2016-05-12 19:54:55','2016-05-12 19:54:55',108),(194,'Dana Building','630D','2016-05-12 19:54:55','2016-05-12 19:54:55',1),(195,'Mayer','640','2016-05-12 19:54:55','2016-05-12 19:54:55',85),(196,'C','1.1','2016-05-12 19:54:55','2016-05-12 19:54:55',109),(197,'Karp','08006C','2016-05-12 19:54:55','2016-05-12 19:54:55',7),(198,'HIM','343','2016-05-12 19:54:55','2016-05-12 19:54:55',110),(199,'tbd','tbd','2016-05-12 19:54:55','2016-05-12 19:54:55',111),(200,'Dana','512','2016-05-12 19:54:55','2016-05-12 19:54:55',1),(201,'Pavillon F','623','2016-05-12 19:54:55','2016-05-12 19:54:55',112),(202,'Dana','512','2016-05-12 19:54:55','2016-05-12 19:54:55',77),(203,'Medical Research Building','7th floor','2016-05-12 19:54:55','2016-05-12 19:54:55',113),(204,'Karp','520','2016-05-12 19:54:55','2016-05-12 19:54:55',114),(205,'Jimmy Fund','208','2016-05-12 19:54:55','2016-05-12 19:54:55',77),(206,'Dana','628','2016-05-12 19:54:55','2016-05-12 19:54:55',77),(207,'Dana','730B','2016-05-12 19:54:55','2016-05-12 19:54:55',77);
/*!40000 ALTER TABLE `locations` ENABLE KEYS */;
UNLOCK TABLES;

--
-- Table structure for table `memberships`
--

DROP TABLE IF EXISTS `memberships`;
/*!40101 SET @saved_cs_client     = @@character_set_client */;
/*!40101 SET character_set_client = utf8 */;
CREATE TABLE `memberships` (
  `id` int(11) NOT NULL AUTO_INCREMENT,
  `user_id` int(11) DEFAULT NULL,
  `lab_group_id` int(11) DEFAULT NULL,
  `created_at` datetime NOT NULL,
  `updated_at` datetime NOT NULL,
  PRIMARY KEY (`id`)
) ENGINE=InnoDB AUTO_INCREMENT=269 DEFAULT CHARSET=utf8 COLLATE=utf8_unicode_ci;
/*!40101 SET character_set_client = @saved_cs_client */;

--
-- Dumping data for table `memberships`
--

LOCK TABLES `memberships` WRITE;
/*!40000 ALTER TABLE `memberships` DISABLE KEYS */;
INSERT INTO `memberships` VALUES (1,2,1,'2016-05-12 19:55:02','2016-05-12 19:55:02'),(2,3,1,'2016-05-12 19:55:02','2016-05-12 19:55:02'),(3,4,1,'2016-05-12 19:55:02','2016-05-12 19:55:02'),(4,50,1,'2016-05-12 19:55:02','2016-05-12 19:55:02'),(5,58,1,'2016-05-12 19:55:02','2016-05-12 19:55:02'),(6,61,1,'2016-05-12 19:55:02','2016-05-12 19:55:02'),(7,65,1,'2016-05-12 19:55:02','2016-05-12 19:55:02'),(8,73,1,'2016-05-12 19:55:02','2016-05-12 19:55:02'),(9,78,1,'2016-05-12 19:55:02','2016-05-12 19:55:02'),(10,81,1,'2016-05-12 19:55:02','2016-05-12 19:55:02'),(11,93,1,'2016-05-12 19:55:02','2016-05-12 19:55:02'),(12,108,1,'2016-05-12 19:55:02','2016-05-12 19:55:02'),(13,126,1,'2016-05-12 19:55:02','2016-05-12 19:55:02'),(14,137,1,'2016-05-12 19:55:02','2016-05-12 19:55:02'),(15,160,1,'2016-05-12 19:55:02','2016-05-12 19:55:02'),(16,171,1,'2016-05-12 19:55:02','2016-05-12 19:55:02'),(17,246,1,'2016-05-12 19:55:02','2016-05-12 19:55:02'),(18,250,1,'2016-05-12 19:55:02','2016-05-12 19:55:02'),(19,267,1,'2016-05-12 19:55:02','2016-05-12 19:55:02'),(20,317,1,'2016-05-12 19:55:02','2016-05-12 19:55:02'),(21,5,1,'2016-05-12 19:55:02','2016-05-12 19:55:02'),(22,6,1,'2016-05-12 19:55:02','2016-05-12 19:55:02'),(23,7,1,'2016-05-12 19:55:02','2016-05-12 19:55:02'),(24,40,1,'2016-05-12 19:55:02','2016-05-12 19:55:02'),(25,72,1,'2016-05-12 19:55:02','2016-05-12 19:55:02'),(26,154,1,'2016-05-12 19:55:02','2016-05-12 19:55:02'),(27,173,1,'2016-05-12 19:55:02','2016-05-12 19:55:02'),(28,175,1,'2016-05-12 19:55:02','2016-05-12 19:55:02'),(29,233,1,'2016-05-12 19:55:02','2016-05-12 19:55:02'),(30,266,1,'2016-05-12 19:55:02','2016-05-12 19:55:02'),(31,269,1,'2016-05-12 19:55:02','2016-05-12 19:55:02'),(32,38,1,'2016-05-12 19:55:02','2016-05-12 19:55:02'),(33,8,2,'2016-05-12 19:55:02','2016-05-12 19:55:02'),(34,27,2,'2016-05-12 19:55:02','2016-05-12 19:55:02'),(35,31,2,'2016-05-12 19:55:02','2016-05-12 19:55:02'),(36,36,2,'2016-05-12 19:55:02','2016-05-12 19:55:02'),(37,39,2,'2016-05-12 19:55:02','2016-05-12 19:55:02'),(38,43,2,'2016-05-12 19:55:02','2016-05-12 19:55:02'),(39,44,2,'2016-05-12 19:55:02','2016-05-12 19:55:02'),(40,45,2,'2016-05-12 19:55:02','2016-05-12 19:55:02'),(41,79,2,'2016-05-12 19:55:02','2016-05-12 19:55:02'),(42,80,2,'2016-05-12 19:55:02','2016-05-12 19:55:02'),(43,146,2,'2016-05-12 19:55:02','2016-05-12 19:55:02'),(44,9,3,'2016-05-12 19:55:02','2016-05-12 19:55:02'),(45,28,3,'2016-05-12 19:55:02','2016-05-12 19:55:02'),(46,10,4,'2016-05-12 19:55:02','2016-05-12 19:55:02'),(47,47,4,'2016-05-12 19:55:02','2016-05-12 19:55:02'),(48,10,5,'2016-05-12 19:55:02','2016-05-12 19:55:02'),(49,85,5,'2016-05-12 19:55:02','2016-05-12 19:55:02'),(50,11,6,'2016-05-12 19:55:02','2016-05-12 19:55:02'),(51,62,6,'2016-05-12 19:55:02','2016-05-12 19:55:02'),(52,122,6,'2016-05-12 19:55:02','2016-05-12 19:55:02'),(53,157,6,'2016-05-12 19:55:02','2016-05-12 19:55:02'),(54,161,6,'2016-05-12 19:55:02','2016-05-12 19:55:02'),(55,278,6,'2016-05-12 19:55:02','2016-05-12 19:55:02'),(56,12,7,'2016-05-12 19:55:02','2016-05-12 19:55:02'),(57,33,7,'2016-05-12 19:55:02','2016-05-12 19:55:02'),(58,113,7,'2016-05-12 19:55:02','2016-05-12 19:55:02'),(59,13,8,'2016-05-12 19:55:02','2016-05-12 19:55:02'),(60,49,8,'2016-05-12 19:55:02','2016-05-12 19:55:02'),(61,51,8,'2016-05-12 19:55:02','2016-05-12 19:55:02'),(62,13,9,'2016-05-12 19:55:02','2016-05-12 19:55:02'),(63,46,9,'2016-05-12 19:55:02','2016-05-12 19:55:02'),(64,97,9,'2016-05-12 19:55:02','2016-05-12 19:55:02'),(65,14,10,'2016-05-12 19:55:02','2016-05-12 19:55:02'),(66,141,10,'2016-05-12 19:55:02','2016-05-12 19:55:02'),(67,275,10,'2016-05-12 19:55:02','2016-05-12 19:55:02'),(68,15,11,'2016-05-12 19:55:02','2016-05-12 19:55:02'),(69,16,12,'2016-05-12 19:55:02','2016-05-12 19:55:02'),(70,17,13,'2016-05-12 19:55:02','2016-05-12 19:55:02'),(71,18,14,'2016-05-12 19:55:02','2016-05-12 19:55:02'),(72,19,15,'2016-05-12 19:55:02','2016-05-12 19:55:02'),(73,30,15,'2016-05-12 19:55:02','2016-05-12 19:55:02'),(74,20,16,'2016-05-12 19:55:02','2016-05-12 19:55:02'),(75,21,17,'2016-05-12 19:55:02','2016-05-12 19:55:02'),(76,22,18,'2016-05-12 19:55:02','2016-05-12 19:55:02'),(77,23,19,'2016-05-12 19:55:02','2016-05-12 19:55:02'),(78,24,20,'2016-05-12 19:55:02','2016-05-12 19:55:02'),(79,25,21,'2016-05-12 19:55:02','2016-05-12 19:55:02'),(80,277,21,'2016-05-12 19:55:02','2016-05-12 19:55:02'),(81,26,22,'2016-05-12 19:55:02','2016-05-12 19:55:02'),(82,34,24,'2016-05-12 19:55:02','2016-05-12 19:55:02'),(83,35,24,'2016-05-12 19:55:02','2016-05-12 19:55:02'),(84,37,25,'2016-05-12 19:55:02','2016-05-12 19:55:02'),(85,41,26,'2016-05-12 19:55:02','2016-05-12 19:55:02'),(86,42,27,'2016-05-12 19:55:02','2016-05-12 19:55:02'),(87,48,28,'2016-05-12 19:55:02','2016-05-12 19:55:02'),(88,52,30,'2016-05-12 19:55:02','2016-05-12 19:55:02'),(89,63,30,'2016-05-12 19:55:02','2016-05-12 19:55:02'),(90,53,31,'2016-05-12 19:55:02','2016-05-12 19:55:02'),(91,54,32,'2016-05-12 19:55:02','2016-05-12 19:55:02'),(92,55,33,'2016-05-12 19:55:02','2016-05-12 19:55:02'),(93,142,33,'2016-05-12 19:55:02','2016-05-12 19:55:02'),(94,143,33,'2016-05-12 19:55:02','2016-05-12 19:55:02'),(95,56,34,'2016-05-12 19:55:02','2016-05-12 19:55:02'),(96,57,35,'2016-05-12 19:55:02','2016-05-12 19:55:02'),(97,59,36,'2016-05-12 19:55:02','2016-05-12 19:55:02'),(98,60,37,'2016-05-12 19:55:02','2016-05-12 19:55:02'),(99,132,37,'2016-05-12 19:55:02','2016-05-12 19:55:02'),(100,64,39,'2016-05-12 19:55:02','2016-05-12 19:55:02'),(101,88,39,'2016-05-12 19:55:02','2016-05-12 19:55:02'),(102,282,39,'2016-05-12 19:55:02','2016-05-12 19:55:02'),(103,66,40,'2016-05-12 19:55:02','2016-05-12 19:55:02'),(104,92,40,'2016-05-12 19:55:02','2016-05-12 19:55:02'),(105,314,40,'2016-05-12 19:55:02','2016-05-12 19:55:02'),(106,70,42,'2016-05-12 19:55:02','2016-05-12 19:55:02'),(107,71,43,'2016-05-12 19:55:02','2016-05-12 19:55:02'),(108,74,45,'2016-05-12 19:55:02','2016-05-12 19:55:02'),(109,76,46,'2016-05-12 19:55:02','2016-05-12 19:55:02'),(110,130,46,'2016-05-12 19:55:02','2016-05-12 19:55:02'),(111,77,47,'2016-05-12 19:55:02','2016-05-12 19:55:02'),(112,82,48,'2016-05-12 19:55:02','2016-05-12 19:55:02'),(113,101,48,'2016-05-12 19:55:02','2016-05-12 19:55:02'),(114,215,48,'2016-05-12 19:55:02','2016-05-12 19:55:02'),(115,83,49,'2016-05-12 19:55:02','2016-05-12 19:55:02'),(116,176,49,'2016-05-12 19:55:02','2016-05-12 19:55:02'),(117,86,50,'2016-05-12 19:55:02','2016-05-12 19:55:02'),(118,87,51,'2016-05-12 19:55:02','2016-05-12 19:55:02'),(119,89,52,'2016-05-12 19:55:02','2016-05-12 19:55:02'),(120,90,53,'2016-05-12 19:55:02','2016-05-12 19:55:02'),(121,234,53,'2016-05-12 19:55:02','2016-05-12 19:55:02'),(122,107,53,'2016-05-12 19:55:02','2016-05-12 19:55:02'),(123,91,54,'2016-05-12 19:55:02','2016-05-12 19:55:02'),(124,94,55,'2016-05-12 19:55:02','2016-05-12 19:55:02'),(125,95,56,'2016-05-12 19:55:02','2016-05-12 19:55:02'),(126,96,57,'2016-05-12 19:55:02','2016-05-12 19:55:02'),(127,98,58,'2016-05-12 19:55:02','2016-05-12 19:55:02'),(128,99,59,'2016-05-12 19:55:02','2016-05-12 19:55:02'),(129,123,59,'2016-05-12 19:55:02','2016-05-12 19:55:02'),(130,291,59,'2016-05-12 19:55:02','2016-05-12 19:55:02'),(131,152,59,'2016-05-12 19:55:02','2016-05-12 19:55:02'),(132,174,59,'2016-05-12 19:55:02','2016-05-12 19:55:02'),(133,285,59,'2016-05-12 19:55:03','2016-05-12 19:55:03'),(134,100,60,'2016-05-12 19:55:03','2016-05-12 19:55:03'),(135,238,61,'2016-05-12 19:55:03','2016-05-12 19:55:03'),(136,102,63,'2016-05-12 19:55:03','2016-05-12 19:55:03'),(137,140,63,'2016-05-12 19:55:03','2016-05-12 19:55:03'),(138,103,64,'2016-05-12 19:55:03','2016-05-12 19:55:03'),(139,145,64,'2016-05-12 19:55:03','2016-05-12 19:55:03'),(140,159,64,'2016-05-12 19:55:03','2016-05-12 19:55:03'),(141,104,65,'2016-05-12 19:55:03','2016-05-12 19:55:03'),(142,105,66,'2016-05-12 19:55:03','2016-05-12 19:55:03'),(143,272,66,'2016-05-12 19:55:03','2016-05-12 19:55:03'),(144,289,66,'2016-05-12 19:55:03','2016-05-12 19:55:03'),(145,106,67,'2016-05-12 19:55:03','2016-05-12 19:55:03'),(146,109,68,'2016-05-12 19:55:03','2016-05-12 19:55:03'),(147,110,69,'2016-05-12 19:55:03','2016-05-12 19:55:03'),(148,111,70,'2016-05-12 19:55:03','2016-05-12 19:55:03'),(149,112,71,'2016-05-12 19:55:03','2016-05-12 19:55:03'),(150,133,71,'2016-05-12 19:55:03','2016-05-12 19:55:03'),(151,114,72,'2016-05-12 19:55:03','2016-05-12 19:55:03'),(152,116,73,'2016-05-12 19:55:03','2016-05-12 19:55:03'),(153,117,74,'2016-05-12 19:55:03','2016-05-12 19:55:03'),(154,119,75,'2016-05-12 19:55:03','2016-05-12 19:55:03'),(155,120,76,'2016-05-12 19:55:03','2016-05-12 19:55:03'),(156,121,77,'2016-05-12 19:55:03','2016-05-12 19:55:03'),(157,125,77,'2016-05-12 19:55:03','2016-05-12 19:55:03'),(158,124,78,'2016-05-12 19:55:03','2016-05-12 19:55:03'),(159,127,79,'2016-05-12 19:55:03','2016-05-12 19:55:03'),(160,128,80,'2016-05-12 19:55:03','2016-05-12 19:55:03'),(161,129,80,'2016-05-12 19:55:03','2016-05-12 19:55:03'),(162,134,81,'2016-05-12 19:55:03','2016-05-12 19:55:03'),(163,135,82,'2016-05-12 19:55:03','2016-05-12 19:55:03'),(164,136,83,'2016-05-12 19:55:03','2016-05-12 19:55:03'),(165,138,84,'2016-05-12 19:55:03','2016-05-12 19:55:03'),(166,139,85,'2016-05-12 19:55:03','2016-05-12 19:55:03'),(167,144,86,'2016-05-12 19:55:03','2016-05-12 19:55:03'),(168,147,87,'2016-05-12 19:55:03','2016-05-12 19:55:03'),(169,148,88,'2016-05-12 19:55:03','2016-05-12 19:55:03'),(170,150,89,'2016-05-12 19:55:03','2016-05-12 19:55:03'),(171,153,90,'2016-05-12 19:55:03','2016-05-12 19:55:03'),(172,155,91,'2016-05-12 19:55:03','2016-05-12 19:55:03'),(173,283,91,'2016-05-12 19:55:03','2016-05-12 19:55:03'),(174,156,93,'2016-05-12 19:55:03','2016-05-12 19:55:03'),(175,183,93,'2016-05-12 19:55:03','2016-05-12 19:55:03'),(176,158,94,'2016-05-12 19:55:03','2016-05-12 19:55:03'),(177,165,94,'2016-05-12 19:55:03','2016-05-12 19:55:03'),(178,258,94,'2016-05-12 19:55:03','2016-05-12 19:55:03'),(179,164,96,'2016-05-12 19:55:03','2016-05-12 19:55:03'),(180,167,97,'2016-05-12 19:55:03','2016-05-12 19:55:03'),(181,182,97,'2016-05-12 19:55:03','2016-05-12 19:55:03'),(182,168,98,'2016-05-12 19:55:03','2016-05-12 19:55:03'),(183,169,99,'2016-05-12 19:55:03','2016-05-12 19:55:03'),(184,172,100,'2016-05-12 19:55:03','2016-05-12 19:55:03'),(185,177,101,'2016-05-12 19:55:03','2016-05-12 19:55:03'),(186,178,102,'2016-05-12 19:55:03','2016-05-12 19:55:03'),(187,179,103,'2016-05-12 19:55:03','2016-05-12 19:55:03'),(188,226,103,'2016-05-12 19:55:03','2016-05-12 19:55:03'),(189,180,104,'2016-05-12 19:55:03','2016-05-12 19:55:03'),(190,184,106,'2016-05-12 19:55:03','2016-05-12 19:55:03'),(191,185,107,'2016-05-12 19:55:03','2016-05-12 19:55:03'),(192,186,108,'2016-05-12 19:55:03','2016-05-12 19:55:03'),(193,188,109,'2016-05-12 19:55:03','2016-05-12 19:55:03'),(194,216,112,'2016-05-12 19:55:03','2016-05-12 19:55:03'),(195,217,113,'2016-05-12 19:55:03','2016-05-12 19:55:03'),(196,218,114,'2016-05-12 19:55:03','2016-05-12 19:55:03'),(197,219,115,'2016-05-12 19:55:03','2016-05-12 19:55:03'),(198,220,116,'2016-05-12 19:55:03','2016-05-12 19:55:03'),(199,221,117,'2016-05-12 19:55:03','2016-05-12 19:55:03'),(200,309,117,'2016-05-12 19:55:03','2016-05-12 19:55:03'),(201,311,117,'2016-05-12 19:55:03','2016-05-12 19:55:03'),(202,224,118,'2016-05-12 19:55:03','2016-05-12 19:55:03'),(203,225,119,'2016-05-12 19:55:03','2016-05-12 19:55:03'),(204,261,119,'2016-05-12 19:55:03','2016-05-12 19:55:03'),(205,227,120,'2016-05-12 19:55:03','2016-05-12 19:55:03'),(206,228,121,'2016-05-12 19:55:03','2016-05-12 19:55:03'),(207,229,123,'2016-05-12 19:55:03','2016-05-12 19:55:03'),(208,230,124,'2016-05-12 19:55:03','2016-05-12 19:55:03'),(209,231,125,'2016-05-12 19:55:03','2016-05-12 19:55:03'),(210,232,126,'2016-05-12 19:55:03','2016-05-12 19:55:03'),(211,307,126,'2016-05-12 19:55:03','2016-05-12 19:55:03'),(212,245,127,'2016-05-12 19:55:03','2016-05-12 19:55:03'),(213,235,128,'2016-05-12 19:55:03','2016-05-12 19:55:03'),(214,237,129,'2016-05-12 19:55:03','2016-05-12 19:55:03'),(215,239,130,'2016-05-12 19:55:03','2016-05-12 19:55:03'),(216,240,131,'2016-05-12 19:55:03','2016-05-12 19:55:03'),(217,242,133,'2016-05-12 19:55:03','2016-05-12 19:55:03'),(218,243,134,'2016-05-12 19:55:04','2016-05-12 19:55:04'),(219,244,135,'2016-05-12 19:55:04','2016-05-12 19:55:04'),(220,247,136,'2016-05-12 19:55:04','2016-05-12 19:55:04'),(221,251,138,'2016-05-12 19:55:04','2016-05-12 19:55:04'),(222,252,139,'2016-05-12 19:55:04','2016-05-12 19:55:04'),(223,253,140,'2016-05-12 19:55:04','2016-05-12 19:55:04'),(224,254,141,'2016-05-12 19:55:04','2016-05-12 19:55:04'),(225,290,141,'2016-05-12 19:55:04','2016-05-12 19:55:04'),(226,305,141,'2016-05-12 19:55:04','2016-05-12 19:55:04'),(227,316,141,'2016-05-12 19:55:04','2016-05-12 19:55:04'),(228,255,142,'2016-05-12 19:55:04','2016-05-12 19:55:04'),(229,256,143,'2016-05-12 19:55:04','2016-05-12 19:55:04'),(230,257,144,'2016-05-12 19:55:04','2016-05-12 19:55:04'),(231,276,144,'2016-05-12 19:55:04','2016-05-12 19:55:04'),(232,259,145,'2016-05-12 19:55:04','2016-05-12 19:55:04'),(233,306,145,'2016-05-12 19:55:04','2016-05-12 19:55:04'),(234,260,146,'2016-05-12 19:55:04','2016-05-12 19:55:04'),(235,318,146,'2016-05-12 19:55:04','2016-05-12 19:55:04'),(236,262,147,'2016-05-12 19:55:04','2016-05-12 19:55:04'),(237,265,148,'2016-05-12 19:55:04','2016-05-12 19:55:04'),(238,268,149,'2016-05-12 19:55:04','2016-05-12 19:55:04'),(239,270,150,'2016-05-12 19:55:04','2016-05-12 19:55:04'),(240,271,151,'2016-05-12 19:55:04','2016-05-12 19:55:04'),(241,273,152,'2016-05-12 19:55:04','2016-05-12 19:55:04'),(242,274,153,'2016-05-12 19:55:04','2016-05-12 19:55:04'),(243,279,155,'2016-05-12 19:55:04','2016-05-12 19:55:04'),(244,280,156,'2016-05-12 19:55:04','2016-05-12 19:55:04'),(245,281,157,'2016-05-12 19:55:04','2016-05-12 19:55:04'),(246,284,158,'2016-05-12 19:55:04','2016-05-12 19:55:04'),(247,286,159,'2016-05-12 19:55:04','2016-05-12 19:55:04'),(248,287,160,'2016-05-12 19:55:04','2016-05-12 19:55:04'),(249,288,161,'2016-05-12 19:55:04','2016-05-12 19:55:04'),(250,292,162,'2016-05-12 19:55:04','2016-05-12 19:55:04'),(251,308,162,'2016-05-12 19:55:04','2016-05-12 19:55:04'),(252,293,163,'2016-05-12 19:55:04','2016-05-12 19:55:04'),(253,294,164,'2016-05-12 19:55:04','2016-05-12 19:55:04'),(254,295,165,'2016-05-12 19:55:04','2016-05-12 19:55:04'),(255,303,165,'2016-05-12 19:55:04','2016-05-12 19:55:04'),(256,296,166,'2016-05-12 19:55:04','2016-05-12 19:55:04'),(257,297,167,'2016-05-12 19:55:04','2016-05-12 19:55:04'),(258,298,168,'2016-05-12 19:55:04','2016-05-12 19:55:04'),(259,299,169,'2016-05-12 19:55:04','2016-05-12 19:55:04'),(260,301,169,'2016-05-12 19:55:04','2016-05-12 19:55:04'),(261,300,170,'2016-05-12 19:55:04','2016-05-12 19:55:04'),(262,302,171,'2016-05-12 19:55:04','2016-05-12 19:55:04'),(263,304,172,'2016-05-12 19:55:04','2016-05-12 19:55:04'),(264,310,174,'2016-05-12 19:55:04','2016-05-12 19:55:04'),(265,312,175,'2016-05-12 19:55:04','2016-05-12 19:55:04'),(266,313,176,'2016-05-12 19:55:04','2016-05-12 19:55:04'),(267,315,177,'2016-05-12 19:55:04','2016-05-12 19:55:04'),(268,319,141,'2016-05-12 19:55:04','2016-05-12 19:55:04');
/*!40000 ALTER TABLE `memberships` ENABLE KEYS */;
UNLOCK TABLES;

--
-- Table structure for table `organizations`
--

DROP TABLE IF EXISTS `organizations`;
/*!40101 SET @saved_cs_client     = @@character_set_client */;
/*!40101 SET character_set_client = utf8 */;
CREATE TABLE `organizations` (
  `id` int(11) NOT NULL AUTO_INCREMENT,
  `name` varchar(255) COLLATE utf8_unicode_ci DEFAULT NULL,
  `phone` varchar(255) COLLATE utf8_unicode_ci DEFAULT NULL,
  `email` varchar(255) COLLATE utf8_unicode_ci DEFAULT NULL,
  `created_at` datetime NOT NULL,
  `updated_at` datetime NOT NULL,
  `address_id` int(11) DEFAULT NULL,
  PRIMARY KEY (`id`)
) ENGINE=InnoDB AUTO_INCREMENT=76 DEFAULT CHARSET=utf8 COLLATE=utf8_unicode_ci;
/*!40101 SET character_set_client = @saved_cs_client */;

--
-- Dumping data for table `organizations`
--

LOCK TABLES `organizations` WRITE;
/*!40000 ALTER TABLE `organizations` DISABLE KEYS */;
INSERT INTO `organizations` VALUES (1,'Dana-Farber Cancer Institute','','','2016-05-12 19:54:55','2016-05-12 19:54:55',1),(2,'Broad Institute','','','2016-05-12 19:54:55','2016-05-12 19:54:55',2),(5,'Massachusetts Eye and Ear Infirmary','617 573 3367','inetwebmaster@meei.harvard.edu','2016-05-12 19:54:55','2016-05-12 19:54:55',6),(6,'N-Of-One','617 669 1706','jkinoshita@n-of-one.com','2016-05-12 19:54:55','2016-05-12 19:54:55',9),(7,'UCLA','3108259111','somwebmaster@mednet.ucla.edu','2016-05-12 19:54:55','2016-05-12 19:54:55',11),(11,'Novartis NIBR','6178718000','nibr@novartis.com','2016-05-12 19:54:55','2016-05-12 19:54:55',13),(12,'Case Western Reserve University','','Henry.Koon@UHhospitals.org','2016-05-12 19:54:55','2016-05-12 19:54:55',18),(13,'Peter MacCallum Cancer Centre','NULL','NULL','2016-05-12 19:54:55','2016-05-12 19:54:55',21),(14,'BIDMC','NULL','NULL','2016-05-12 19:54:55','2016-05-12 19:54:55',75),(16,'Brigham and Women\'s Hospital','NULL','NULL','2016-05-12 19:54:55','2016-05-12 19:54:55',34),(23,'Samsung Medical Center','NULL','NULL','2016-05-12 19:54:55','2016-05-12 19:54:55',29),(24,'Massachusetts General Hospital','NULL','NULL','2016-05-12 19:54:55','2016-05-12 19:54:55',5),(26,'Duke University Medical Center','NULL','NULL','2016-05-12 19:54:55','2016-05-12 19:54:55',31),(30,'Partners Healthcare-Virology','NULL','NULL','2016-05-12 19:54:55','2016-05-12 19:54:55',34),(31,'NYU School of Medicine','NULL','NULL','2016-05-12 19:54:55','2016-05-12 19:54:55',36),(32,'Children\'s Hospital Boston','NULL','NULL','2016-05-12 19:54:55','2016-05-12 19:54:55',38),(33,'Queen\'s University','NULL','NULL','2016-05-12 19:54:55','2016-05-12 19:54:55',39),(35,'Infinity Pharmaceuticals','NULL','NULL','2016-05-12 19:54:55','2016-05-12 19:54:55',44),(36,'Harvard University','NULL','NULL','2016-05-12 19:54:55','2016-05-12 19:54:55',75),(38,'Sanofi-Aventis','NULL','NULL','2016-05-12 19:54:55','2016-05-12 19:54:55',49),(40,'DFCI /HCC','NULL','NULL','2016-05-12 19:54:55','2016-05-12 19:54:55',12),(44,'Duke University','NULL','NULL','2016-05-12 19:54:55','2016-05-12 19:54:55',57),(48,'Center for Novel Exp Therapeutics','NULL','NULL','2016-05-12 19:54:56','2016-05-12 19:54:56',70),(51,'Beth Israel Deaconess Medical Center Harvard Medical School','NULL','NULL','2016-05-12 19:54:56','2016-05-12 19:54:56',76),(52,'DFCI','NULL','NULL','2016-05-12 19:54:56','2016-05-12 19:54:56',77),(53,'Dana Farber Cancer Institute','NULL','NULL','2016-05-12 19:54:56','2016-05-12 19:54:56',78),(54,'BWH','NULL','NULL','2016-05-12 19:54:56','2016-05-12 19:54:56',82),(55,'Beckman Coulter','NULL','NULL','2016-05-12 19:54:56','2016-05-12 19:54:56',84),(56,'Hospital For Sick CHildren','NULL','NULL','2016-05-12 19:54:56','2016-05-12 19:54:56',86),(57,'DFCI/Harvard','NULL','NULL','2016-05-12 19:54:56','2016-05-12 19:54:56',1),(58,'The Broad Institute of Harvard and MIT','NULL','NULL','2016-05-12 19:54:56','2016-05-12 19:54:56',2),(59,'Janssen Pharmaceutica','NULL','NULL','2016-05-12 19:54:56','2016-05-12 19:54:56',90),(60,'Boston Children\'s Hospital','NULL','NULL','2016-05-12 19:54:56','2016-05-12 19:54:56',91),(61,'Harvard Medical School','NULL','NULL','2016-05-12 19:54:56','2016-05-12 19:54:56',92),(62,'Health Canada','NULL','NULL','2016-05-12 19:54:56','2016-05-12 19:54:56',93),(63,'DFCI/Broad/BCH','NULL','NULL','2016-05-12 19:54:56','2016-05-12 19:54:56',94),(64,'Dana Farber','NULL','NULL','2016-05-12 19:54:56','2016-05-12 19:54:56',99),(65,'University of Texas Southwestern Medical Center','NULL','NULL','2016-05-12 19:54:56','2016-05-12 19:54:56',102),(66,'University of Munich','NULL','NULL','2016-05-12 19:54:56','2016-05-12 19:54:56',104),(67,'Mount Sinai','NULL','NULL','2016-05-12 19:54:56','2016-05-12 19:54:56',105),(68,'BIDMC',' Harvard Medical School','NULL','2016-05-12 19:54:56','2016-05-12 19:54:56',0),(69,'Kliniken Essen-Mitte','NULL','NULL','2016-05-12 19:54:56','2016-05-12 19:54:56',106),(70,'DFCI / BWH','NULL','NULL','2016-05-12 19:54:56','2016-05-12 19:54:56',107),(71,'Salzburg Cancer Research Institute','NULL','NULL','2016-05-12 19:54:56','2016-05-12 19:54:56',109),(72,'Lady Davis Institute','NULL','NULL','2016-05-12 19:54:56','2016-05-12 19:54:56',112),(73,'BWH Pathology','NULL','NULL','2016-05-12 19:54:56','2016-05-12 19:54:56',113),(74,'DFCI/BWH','NULL','NULL','2016-05-12 19:54:56','2016-05-12 19:54:56',114),(75,'DFCI-MO','NULL','NULL','2016-05-12 19:54:56','2016-05-12 19:54:56',77);
/*!40000 ALTER TABLE `organizations` ENABLE KEYS */;
UNLOCK TABLES;

--
-- Table structure for table `platforms`
--

DROP TABLE IF EXISTS `platforms`;
/*!40101 SET @saved_cs_client     = @@character_set_client */;
/*!40101 SET character_set_client = utf8 */;
CREATE TABLE `platforms` (
  `id` int(11) NOT NULL AUTO_INCREMENT,
  `name` varchar(255) COLLATE utf8_unicode_ci DEFAULT NULL,
  `code` varchar(4) COLLATE utf8_unicode_ci DEFAULT NULL,
  `created_at` datetime NOT NULL,
  `updated_at` datetime NOT NULL,
  PRIMARY KEY (`id`)
) ENGINE=InnoDB AUTO_INCREMENT=20 DEFAULT CHARSET=utf8 COLLATE=utf8_unicode_ci;
/*!40101 SET character_set_client = @saved_cs_client */;

--
-- Dumping data for table `platforms`
--

LOCK TABLES `platforms` WRITE;
/*!40000 ALTER TABLE `platforms` DISABLE KEYS */;
INSERT INTO `platforms` VALUES (1,'Sequenom Genotyping','GT','2016-05-12 19:55:06','2016-05-12 19:55:06'),(2,'Illumina Whole Genome Sequencing','WG','2016-05-12 19:55:06','2016-05-12 19:55:06'),(3,'Sanger Sequencing','AS','2016-05-12 19:55:06','2016-05-12 19:55:06'),(4,'Illumina Whole Exome Sequencing (v2)','WE','2016-05-12 19:55:06','2016-05-12 19:55:06'),(5,'Illumina Targeted Sequencing (Oncopanel version 2)','TS','2016-05-12 19:55:06','2016-05-12 19:55:06'),(6,'Affymetrix SNP Array','A6','2016-05-12 19:55:06','2016-05-12 19:55:06'),(7,'DNA Fingerprinting','FP','2016-05-12 19:55:06','2016-05-12 19:55:06'),(8,'Affymetrix Gene Expression','AG','2016-05-12 19:55:06','2016-05-12 19:55:06'),(9,'Illumina Sequencing of Prepared Libraries','IS','2016-05-12 19:55:06','2016-05-12 19:55:06'),(10,'Whole Transcriptome Shotgun Sequencing (RNA-Seq)','RS','2016-05-12 19:55:06','2016-05-12 19:55:06'),(11,'ChIP-Sequencing','CS','2016-05-12 19:55:06','2016-05-12 19:55:06'),(12,'Amplicon Sequencing','AS','2016-05-12 19:55:06','2016-05-12 19:55:06'),(13,'Illumina Targeted Sequencing (Custom Bait set)','CB','2016-05-12 19:55:06','2016-05-12 19:55:06'),(14,'Illumina Targeted Sequencing (Profile Oncopanel version 1)','PP','2016-05-12 19:55:06','2016-05-12 19:55:06'),(15,'Illumina Targeted Sequencing (Oncopanel version 3)','P3','2016-05-12 19:55:06','2016-05-12 19:55:06'),(16,'Illumina Targeted Sequencing (Oncopanel version 3 w/ Trl)','3T','2016-05-12 19:55:06','2016-05-12 19:55:06'),(17,'Illumina Whole Exome Sequencing (v5)','E5','2016-05-12 19:55:06','2016-05-12 19:55:06'),(18,'Illumina Whole Exome Sequencing w/ Trl (v5)','ET','2016-05-12 19:55:06','2016-05-12 19:55:06'),(19,'Illumina Whole Exome Sequencing - Mouse (v1)','ME','2016-05-12 19:55:06','2016-05-12 19:55:06');
/*!40000 ALTER TABLE `platforms` ENABLE KEYS */;
UNLOCK TABLES;

--
-- Table structure for table `privileges`
--

DROP TABLE IF EXISTS `privileges`;
/*!40101 SET @saved_cs_client     = @@character_set_client */;
/*!40101 SET character_set_client = utf8 */;
CREATE TABLE `privileges` (
  `id` int(11) NOT NULL AUTO_INCREMENT,
  `created_at` datetime NOT NULL,
  `updated_at` datetime NOT NULL,
  `user_id` int(11) NOT NULL,
  `role_id` int(11) NOT NULL,
  PRIMARY KEY (`id`),
  KEY `index_privileges_on_role_id` (`role_id`) USING BTREE,
  KEY `index_privileges_on_user_id` (`user_id`) USING BTREE
) ENGINE=InnoDB AUTO_INCREMENT=395 DEFAULT CHARSET=utf8 COLLATE=utf8_unicode_ci;
/*!40101 SET character_set_client = @saved_cs_client */;

--
-- Dumping data for table `privileges`
--

LOCK TABLES `privileges` WRITE;
/*!40000 ALTER TABLE `privileges` DISABLE KEYS */;
INSERT INTO `privileges` VALUES (1,'2016-05-12 19:55:04','2016-05-12 19:55:04',2,1),(2,'2016-05-12 19:55:04','2016-05-12 19:55:04',3,1),(3,'2016-05-12 19:55:04','2016-05-12 19:55:04',73,1),(4,'2016-05-12 19:55:04','2016-05-12 19:55:04',108,1),(5,'2016-05-12 19:55:04','2016-05-12 19:55:04',123,1),(6,'2016-05-12 19:55:04','2016-05-12 19:55:04',137,1),(7,'2016-05-12 19:55:04','2016-05-12 19:55:04',154,1),(8,'2016-05-12 19:55:04','2016-05-12 19:55:04',160,1),(9,'2016-05-12 19:55:04','2016-05-12 19:55:04',171,1),(10,'2016-05-12 19:55:04','2016-05-12 19:55:04',233,1),(11,'2016-05-12 19:55:04','2016-05-12 19:55:04',246,1),(12,'2016-05-12 19:55:04','2016-05-12 19:55:04',250,1),(13,'2016-05-12 19:55:04','2016-05-12 19:55:04',267,1),(14,'2016-05-12 19:55:04','2016-05-12 19:55:04',316,1),(15,'2016-05-12 19:55:04','2016-05-12 19:55:04',317,1),(16,'2016-05-12 19:55:04','2016-05-12 19:55:04',8,2),(17,'2016-05-12 19:55:04','2016-05-12 19:55:04',9,2),(18,'2016-05-12 19:55:04','2016-05-12 19:55:04',10,2),(19,'2016-05-12 19:55:04','2016-05-12 19:55:04',11,2),(20,'2016-05-12 19:55:04','2016-05-12 19:55:04',12,2),(21,'2016-05-12 19:55:04','2016-05-12 19:55:04',13,2),(22,'2016-05-12 19:55:04','2016-05-12 19:55:04',14,2),(23,'2016-05-12 19:55:04','2016-05-12 19:55:04',46,2),(24,'2016-05-12 19:55:04','2016-05-12 19:55:04',167,2),(25,'2016-05-12 19:55:04','2016-05-12 19:55:04',263,2),(26,'2016-05-12 19:55:04','2016-05-12 19:55:04',264,2),(27,'2016-05-12 19:55:04','2016-05-12 19:55:04',2,3),(28,'2016-05-12 19:55:04','2016-05-12 19:55:04',3,3),(29,'2016-05-12 19:55:04','2016-05-12 19:55:04',4,3),(30,'2016-05-12 19:55:04','2016-05-12 19:55:04',5,3),(31,'2016-05-12 19:55:04','2016-05-12 19:55:04',7,3),(32,'2016-05-12 19:55:04','2016-05-12 19:55:04',27,3),(33,'2016-05-12 19:55:04','2016-05-12 19:55:04',40,3),(34,'2016-05-12 19:55:04','2016-05-12 19:55:04',61,3),(35,'2016-05-12 19:55:04','2016-05-12 19:55:04',65,3),(36,'2016-05-12 19:55:04','2016-05-12 19:55:04',81,3),(37,'2016-05-12 19:55:04','2016-05-12 19:55:04',108,3),(38,'2016-05-12 19:55:04','2016-05-12 19:55:04',123,3),(39,'2016-05-12 19:55:04','2016-05-12 19:55:04',126,3),(40,'2016-05-12 19:55:04','2016-05-12 19:55:04',137,3),(41,'2016-05-12 19:55:04','2016-05-12 19:55:04',145,3),(42,'2016-05-12 19:55:04','2016-05-12 19:55:04',154,3),(43,'2016-05-12 19:55:04','2016-05-12 19:55:04',160,3),(44,'2016-05-12 19:55:04','2016-05-12 19:55:04',171,3),(45,'2016-05-12 19:55:04','2016-05-12 19:55:04',173,3),(46,'2016-05-12 19:55:04','2016-05-12 19:55:04',233,3),(47,'2016-05-12 19:55:04','2016-05-12 19:55:04',246,3),(48,'2016-05-12 19:55:04','2016-05-12 19:55:04',250,3),(49,'2016-05-12 19:55:04','2016-05-12 19:55:04',266,3),(50,'2016-05-12 19:55:04','2016-05-12 19:55:04',267,3),(51,'2016-05-12 19:55:04','2016-05-12 19:55:04',269,3),(52,'2016-05-12 19:55:04','2016-05-12 19:55:04',290,3),(53,'2016-05-12 19:55:04','2016-05-12 19:55:04',305,3),(54,'2016-05-12 19:55:04','2016-05-12 19:55:04',2,5),(55,'2016-05-12 19:55:04','2016-05-12 19:55:04',3,5),(56,'2016-05-12 19:55:04','2016-05-12 19:55:04',4,5),(57,'2016-05-12 19:55:04','2016-05-12 19:55:04',5,5),(58,'2016-05-12 19:55:04','2016-05-12 19:55:04',8,5),(59,'2016-05-12 19:55:04','2016-05-12 19:55:04',9,5),(60,'2016-05-12 19:55:04','2016-05-12 19:55:04',10,5),(61,'2016-05-12 19:55:04','2016-05-12 19:55:04',11,5),(62,'2016-05-12 19:55:04','2016-05-12 19:55:04',12,5),(63,'2016-05-12 19:55:04','2016-05-12 19:55:04',13,5),(64,'2016-05-12 19:55:04','2016-05-12 19:55:04',14,5),(65,'2016-05-12 19:55:04','2016-05-12 19:55:04',15,5),(66,'2016-05-12 19:55:04','2016-05-12 19:55:04',16,5),(67,'2016-05-12 19:55:04','2016-05-12 19:55:04',17,5),(68,'2016-05-12 19:55:04','2016-05-12 19:55:04',18,5),(69,'2016-05-12 19:55:04','2016-05-12 19:55:04',19,5),(70,'2016-05-12 19:55:04','2016-05-12 19:55:04',20,5),(71,'2016-05-12 19:55:04','2016-05-12 19:55:04',21,5),(72,'2016-05-12 19:55:04','2016-05-12 19:55:04',22,5),(73,'2016-05-12 19:55:04','2016-05-12 19:55:04',23,5),(74,'2016-05-12 19:55:04','2016-05-12 19:55:04',24,5),(75,'2016-05-12 19:55:04','2016-05-12 19:55:04',25,5),(76,'2016-05-12 19:55:04','2016-05-12 19:55:04',26,5),(77,'2016-05-12 19:55:04','2016-05-12 19:55:04',34,5),(78,'2016-05-12 19:55:04','2016-05-12 19:55:04',37,5),(79,'2016-05-12 19:55:04','2016-05-12 19:55:04',38,5),(80,'2016-05-12 19:55:04','2016-05-12 19:55:04',39,5),(81,'2016-05-12 19:55:04','2016-05-12 19:55:04',41,5),(82,'2016-05-12 19:55:04','2016-05-12 19:55:04',42,5),(83,'2016-05-12 19:55:04','2016-05-12 19:55:04',50,5),(84,'2016-05-12 19:55:04','2016-05-12 19:55:04',51,5),(85,'2016-05-12 19:55:04','2016-05-12 19:55:04',52,5),(86,'2016-05-12 19:55:04','2016-05-12 19:55:04',53,5),(87,'2016-05-12 19:55:04','2016-05-12 19:55:04',56,5),(88,'2016-05-12 19:55:04','2016-05-12 19:55:04',57,5),(89,'2016-05-12 19:55:04','2016-05-12 19:55:04',58,5),(90,'2016-05-12 19:55:04','2016-05-12 19:55:04',59,5),(91,'2016-05-12 19:55:04','2016-05-12 19:55:04',60,5),(92,'2016-05-12 19:55:04','2016-05-12 19:55:04',63,5),(93,'2016-05-12 19:55:04','2016-05-12 19:55:04',66,5),(94,'2016-05-12 19:55:04','2016-05-12 19:55:04',70,5),(95,'2016-05-12 19:55:04','2016-05-12 19:55:04',71,5),(96,'2016-05-12 19:55:04','2016-05-12 19:55:04',72,5),(97,'2016-05-12 19:55:04','2016-05-12 19:55:04',76,5),(98,'2016-05-12 19:55:04','2016-05-12 19:55:04',77,5),(99,'2016-05-12 19:55:04','2016-05-12 19:55:04',79,5),(100,'2016-05-12 19:55:04','2016-05-12 19:55:04',87,5),(101,'2016-05-12 19:55:04','2016-05-12 19:55:04',91,5),(102,'2016-05-12 19:55:04','2016-05-12 19:55:04',95,5),(103,'2016-05-12 19:55:04','2016-05-12 19:55:04',96,5),(104,'2016-05-12 19:55:04','2016-05-12 19:55:04',99,5),(105,'2016-05-12 19:55:04','2016-05-12 19:55:04',102,5),(106,'2016-05-12 19:55:04','2016-05-12 19:55:04',103,5),(107,'2016-05-12 19:55:04','2016-05-12 19:55:04',112,5),(108,'2016-05-12 19:55:04','2016-05-12 19:55:04',114,5),(109,'2016-05-12 19:55:04','2016-05-12 19:55:04',117,5),(110,'2016-05-12 19:55:04','2016-05-12 19:55:04',125,5),(111,'2016-05-12 19:55:04','2016-05-12 19:55:04',134,5),(112,'2016-05-12 19:55:04','2016-05-12 19:55:04',137,5),(113,'2016-05-12 19:55:04','2016-05-12 19:55:04',138,5),(114,'2016-05-12 19:55:04','2016-05-12 19:55:04',139,5),(115,'2016-05-12 19:55:04','2016-05-12 19:55:04',140,5),(116,'2016-05-12 19:55:05','2016-05-12 19:55:05',145,5),(117,'2016-05-12 19:55:05','2016-05-12 19:55:05',153,5),(118,'2016-05-12 19:55:05','2016-05-12 19:55:05',154,5),(119,'2016-05-12 19:55:05','2016-05-12 19:55:05',155,5),(120,'2016-05-12 19:55:05','2016-05-12 19:55:05',156,5),(121,'2016-05-12 19:55:05','2016-05-12 19:55:05',158,5),(122,'2016-05-12 19:55:05','2016-05-12 19:55:05',161,5),(123,'2016-05-12 19:55:05','2016-05-12 19:55:05',164,5),(124,'2016-05-12 19:55:05','2016-05-12 19:55:05',167,5),(125,'2016-05-12 19:55:05','2016-05-12 19:55:05',168,5),(126,'2016-05-12 19:55:05','2016-05-12 19:55:05',169,5),(127,'2016-05-12 19:55:05','2016-05-12 19:55:05',177,5),(128,'2016-05-12 19:55:05','2016-05-12 19:55:05',178,5),(129,'2016-05-12 19:55:05','2016-05-12 19:55:05',179,5),(130,'2016-05-12 19:55:05','2016-05-12 19:55:05',184,5),(131,'2016-05-12 19:55:05','2016-05-12 19:55:05',186,5),(132,'2016-05-12 19:55:05','2016-05-12 19:55:05',216,5),(133,'2016-05-12 19:55:05','2016-05-12 19:55:05',217,5),(134,'2016-05-12 19:55:05','2016-05-12 19:55:05',219,5),(135,'2016-05-12 19:55:05','2016-05-12 19:55:05',221,5),(136,'2016-05-12 19:55:05','2016-05-12 19:55:05',226,5),(137,'2016-05-12 19:55:05','2016-05-12 19:55:05',227,5),(138,'2016-05-12 19:55:05','2016-05-12 19:55:05',228,5),(139,'2016-05-12 19:55:05','2016-05-12 19:55:05',229,5),(140,'2016-05-12 19:55:05','2016-05-12 19:55:05',231,5),(141,'2016-05-12 19:55:05','2016-05-12 19:55:05',234,5),(142,'2016-05-12 19:55:05','2016-05-12 19:55:05',239,5),(143,'2016-05-12 19:55:05','2016-05-12 19:55:05',240,5),(144,'2016-05-12 19:55:05','2016-05-12 19:55:05',243,5),(145,'2016-05-12 19:55:05','2016-05-12 19:55:05',244,5),(146,'2016-05-12 19:55:05','2016-05-12 19:55:05',245,5),(147,'2016-05-12 19:55:05','2016-05-12 19:55:05',246,5),(148,'2016-05-12 19:55:05','2016-05-12 19:55:05',250,5),(149,'2016-05-12 19:55:05','2016-05-12 19:55:05',251,5),(150,'2016-05-12 19:55:05','2016-05-12 19:55:05',252,5),(151,'2016-05-12 19:55:05','2016-05-12 19:55:05',256,5),(152,'2016-05-12 19:55:05','2016-05-12 19:55:05',259,5),(153,'2016-05-12 19:55:05','2016-05-12 19:55:05',269,5),(154,'2016-05-12 19:55:05','2016-05-12 19:55:05',270,5),(155,'2016-05-12 19:55:05','2016-05-12 19:55:05',271,5),(156,'2016-05-12 19:55:05','2016-05-12 19:55:05',286,5),(157,'2016-05-12 19:55:05','2016-05-12 19:55:05',288,5),(158,'2016-05-12 19:55:05','2016-05-12 19:55:05',292,5),(159,'2016-05-12 19:55:05','2016-05-12 19:55:05',293,5),(160,'2016-05-12 19:55:05','2016-05-12 19:55:05',295,5),(161,'2016-05-12 19:55:05','2016-05-12 19:55:05',296,5),(162,'2016-05-12 19:55:05','2016-05-12 19:55:05',297,5),(163,'2016-05-12 19:55:05','2016-05-12 19:55:05',298,5),(164,'2016-05-12 19:55:05','2016-05-12 19:55:05',300,5),(165,'2016-05-12 19:55:05','2016-05-12 19:55:05',310,5),(166,'2016-05-12 19:55:05','2016-05-12 19:55:05',312,5),(167,'2016-05-12 19:55:05','2016-05-12 19:55:05',318,5),(168,'2016-05-12 19:55:05','2016-05-12 19:55:05',5,5),(169,'2016-05-12 19:55:05','2016-05-12 19:55:05',6,5),(170,'2016-05-12 19:55:05','2016-05-12 19:55:05',27,5),(171,'2016-05-12 19:55:05','2016-05-12 19:55:05',28,5),(172,'2016-05-12 19:55:05','2016-05-12 19:55:05',30,5),(173,'2016-05-12 19:55:05','2016-05-12 19:55:05',31,5),(174,'2016-05-12 19:55:05','2016-05-12 19:55:05',33,5),(175,'2016-05-12 19:55:05','2016-05-12 19:55:05',35,5),(176,'2016-05-12 19:55:05','2016-05-12 19:55:05',36,5),(177,'2016-05-12 19:55:05','2016-05-12 19:55:05',39,5),(178,'2016-05-12 19:55:05','2016-05-12 19:55:05',40,5),(179,'2016-05-12 19:55:05','2016-05-12 19:55:05',43,5),(180,'2016-05-12 19:55:05','2016-05-12 19:55:05',44,5),(181,'2016-05-12 19:55:05','2016-05-12 19:55:05',45,5),(182,'2016-05-12 19:55:05','2016-05-12 19:55:05',46,5),(183,'2016-05-12 19:55:05','2016-05-12 19:55:05',47,5),(184,'2016-05-12 19:55:05','2016-05-12 19:55:05',48,5),(185,'2016-05-12 19:55:05','2016-05-12 19:55:05',49,5),(186,'2016-05-12 19:55:05','2016-05-12 19:55:05',50,5),(187,'2016-05-12 19:55:05','2016-05-12 19:55:05',54,5),(188,'2016-05-12 19:55:05','2016-05-12 19:55:05',55,5),(189,'2016-05-12 19:55:05','2016-05-12 19:55:05',61,5),(190,'2016-05-12 19:55:05','2016-05-12 19:55:05',62,5),(191,'2016-05-12 19:55:05','2016-05-12 19:55:05',64,5),(192,'2016-05-12 19:55:05','2016-05-12 19:55:05',65,5),(193,'2016-05-12 19:55:05','2016-05-12 19:55:05',74,5),(194,'2016-05-12 19:55:05','2016-05-12 19:55:05',78,5),(195,'2016-05-12 19:55:05','2016-05-12 19:55:05',80,5),(196,'2016-05-12 19:55:05','2016-05-12 19:55:05',81,5),(197,'2016-05-12 19:55:05','2016-05-12 19:55:05',82,5),(198,'2016-05-12 19:55:05','2016-05-12 19:55:05',83,5),(199,'2016-05-12 19:55:05','2016-05-12 19:55:05',85,5),(200,'2016-05-12 19:55:05','2016-05-12 19:55:05',86,5),(201,'2016-05-12 19:55:05','2016-05-12 19:55:05',88,5),(202,'2016-05-12 19:55:05','2016-05-12 19:55:05',89,5),(203,'2016-05-12 19:55:05','2016-05-12 19:55:05',90,5),(204,'2016-05-12 19:55:05','2016-05-12 19:55:05',92,5),(205,'2016-05-12 19:55:05','2016-05-12 19:55:05',93,5),(206,'2016-05-12 19:55:05','2016-05-12 19:55:05',94,5),(207,'2016-05-12 19:55:05','2016-05-12 19:55:05',97,5),(208,'2016-05-12 19:55:05','2016-05-12 19:55:05',98,5),(209,'2016-05-12 19:55:05','2016-05-12 19:55:05',99,5),(210,'2016-05-12 19:55:05','2016-05-12 19:55:05',100,5),(211,'2016-05-12 19:55:05','2016-05-12 19:55:05',101,5),(212,'2016-05-12 19:55:05','2016-05-12 19:55:05',104,5),(213,'2016-05-12 19:55:05','2016-05-12 19:55:05',105,5),(214,'2016-05-12 19:55:05','2016-05-12 19:55:05',106,5),(215,'2016-05-12 19:55:05','2016-05-12 19:55:05',107,5),(216,'2016-05-12 19:55:05','2016-05-12 19:55:05',108,5),(217,'2016-05-12 19:55:05','2016-05-12 19:55:05',109,5),(218,'2016-05-12 19:55:05','2016-05-12 19:55:05',110,5),(219,'2016-05-12 19:55:05','2016-05-12 19:55:05',111,5),(220,'2016-05-12 19:55:05','2016-05-12 19:55:05',113,5),(221,'2016-05-12 19:55:05','2016-05-12 19:55:05',116,5),(222,'2016-05-12 19:55:05','2016-05-12 19:55:05',119,5),(223,'2016-05-12 19:55:05','2016-05-12 19:55:05',120,5),(224,'2016-05-12 19:55:05','2016-05-12 19:55:05',121,5),(225,'2016-05-12 19:55:05','2016-05-12 19:55:05',122,5),(226,'2016-05-12 19:55:05','2016-05-12 19:55:05',124,5),(227,'2016-05-12 19:55:05','2016-05-12 19:55:05',127,5),(228,'2016-05-12 19:55:05','2016-05-12 19:55:05',128,5),(229,'2016-05-12 19:55:05','2016-05-12 19:55:05',129,5),(230,'2016-05-12 19:55:05','2016-05-12 19:55:05',130,5),(231,'2016-05-12 19:55:05','2016-05-12 19:55:05',132,5),(232,'2016-05-12 19:55:05','2016-05-12 19:55:05',133,5),(233,'2016-05-12 19:55:05','2016-05-12 19:55:05',136,5),(234,'2016-05-12 19:55:05','2016-05-12 19:55:05',137,5),(235,'2016-05-12 19:55:05','2016-05-12 19:55:05',141,5),(236,'2016-05-12 19:55:05','2016-05-12 19:55:05',144,5),(237,'2016-05-12 19:55:05','2016-05-12 19:55:05',145,5),(238,'2016-05-12 19:55:05','2016-05-12 19:55:05',146,5),(239,'2016-05-12 19:55:05','2016-05-12 19:55:05',148,5),(240,'2016-05-12 19:55:05','2016-05-12 19:55:05',150,5),(241,'2016-05-12 19:55:05','2016-05-12 19:55:05',152,5),(242,'2016-05-12 19:55:05','2016-05-12 19:55:05',157,5),(243,'2016-05-12 19:55:05','2016-05-12 19:55:05',159,5),(244,'2016-05-12 19:55:05','2016-05-12 19:55:05',160,5),(245,'2016-05-12 19:55:05','2016-05-12 19:55:05',161,5),(246,'2016-05-12 19:55:05','2016-05-12 19:55:05',164,5),(247,'2016-05-12 19:55:05','2016-05-12 19:55:05',165,5),(248,'2016-05-12 19:55:05','2016-05-12 19:55:05',168,5),(249,'2016-05-12 19:55:05','2016-05-12 19:55:05',171,5),(250,'2016-05-12 19:55:05','2016-05-12 19:55:05',172,5),(251,'2016-05-12 19:55:05','2016-05-12 19:55:05',173,5),(252,'2016-05-12 19:55:05','2016-05-12 19:55:05',174,5),(253,'2016-05-12 19:55:05','2016-05-12 19:55:05',175,5),(254,'2016-05-12 19:55:05','2016-05-12 19:55:05',176,5),(255,'2016-05-12 19:55:05','2016-05-12 19:55:05',177,5),(256,'2016-05-12 19:55:05','2016-05-12 19:55:05',180,5),(257,'2016-05-12 19:55:05','2016-05-12 19:55:05',182,5),(258,'2016-05-12 19:55:05','2016-05-12 19:55:05',183,5),(259,'2016-05-12 19:55:05','2016-05-12 19:55:05',185,5),(260,'2016-05-12 19:55:05','2016-05-12 19:55:05',188,5),(261,'2016-05-12 19:55:05','2016-05-12 19:55:05',215,5),(262,'2016-05-12 19:55:05','2016-05-12 19:55:05',217,5),(263,'2016-05-12 19:55:05','2016-05-12 19:55:05',218,5),(264,'2016-05-12 19:55:05','2016-05-12 19:55:05',220,5),(265,'2016-05-12 19:55:05','2016-05-12 19:55:05',224,5),(266,'2016-05-12 19:55:05','2016-05-12 19:55:05',225,5),(267,'2016-05-12 19:55:05','2016-05-12 19:55:05',230,5),(268,'2016-05-12 19:55:05','2016-05-12 19:55:05',231,5),(269,'2016-05-12 19:55:05','2016-05-12 19:55:05',232,5),(270,'2016-05-12 19:55:05','2016-05-12 19:55:05',233,5),(271,'2016-05-12 19:55:05','2016-05-12 19:55:05',235,5),(272,'2016-05-12 19:55:05','2016-05-12 19:55:05',237,5),(273,'2016-05-12 19:55:05','2016-05-12 19:55:05',238,5),(274,'2016-05-12 19:55:05','2016-05-12 19:55:05',242,5),(275,'2016-05-12 19:55:05','2016-05-12 19:55:05',243,5),(276,'2016-05-12 19:55:05','2016-05-12 19:55:05',246,5),(277,'2016-05-12 19:55:05','2016-05-12 19:55:05',247,5),(278,'2016-05-12 19:55:05','2016-05-12 19:55:05',250,5),(279,'2016-05-12 19:55:05','2016-05-12 19:55:05',253,5),(280,'2016-05-12 19:55:05','2016-05-12 19:55:05',255,5),(281,'2016-05-12 19:55:05','2016-05-12 19:55:05',257,5),(282,'2016-05-12 19:55:05','2016-05-12 19:55:05',258,5),(283,'2016-05-12 19:55:05','2016-05-12 19:55:05',260,5),(284,'2016-05-12 19:55:05','2016-05-12 19:55:05',261,5),(285,'2016-05-12 19:55:05','2016-05-12 19:55:05',262,5),(286,'2016-05-12 19:55:05','2016-05-12 19:55:05',265,5),(287,'2016-05-12 19:55:05','2016-05-12 19:55:05',267,5),(288,'2016-05-12 19:55:05','2016-05-12 19:55:05',268,5),(289,'2016-05-12 19:55:05','2016-05-12 19:55:05',269,5),(290,'2016-05-12 19:55:05','2016-05-12 19:55:05',270,5),(291,'2016-05-12 19:55:05','2016-05-12 19:55:05',272,5),(292,'2016-05-12 19:55:05','2016-05-12 19:55:05',273,5),(293,'2016-05-12 19:55:05','2016-05-12 19:55:05',274,5),(294,'2016-05-12 19:55:05','2016-05-12 19:55:05',275,5),(295,'2016-05-12 19:55:05','2016-05-12 19:55:05',276,5),(296,'2016-05-12 19:55:06','2016-05-12 19:55:06',277,5),(297,'2016-05-12 19:55:06','2016-05-12 19:55:06',278,5),(298,'2016-05-12 19:55:06','2016-05-12 19:55:06',279,5),(299,'2016-05-12 19:55:06','2016-05-12 19:55:06',280,5),(300,'2016-05-12 19:55:06','2016-05-12 19:55:06',281,5),(301,'2016-05-12 19:55:06','2016-05-12 19:55:06',282,5),(302,'2016-05-12 19:55:06','2016-05-12 19:55:06',283,5),(303,'2016-05-12 19:55:06','2016-05-12 19:55:06',284,5),(304,'2016-05-12 19:55:06','2016-05-12 19:55:06',285,5),(305,'2016-05-12 19:55:06','2016-05-12 19:55:06',287,5),(306,'2016-05-12 19:55:06','2016-05-12 19:55:06',289,5),(307,'2016-05-12 19:55:06','2016-05-12 19:55:06',290,5),(308,'2016-05-12 19:55:06','2016-05-12 19:55:06',291,5),(309,'2016-05-12 19:55:06','2016-05-12 19:55:06',294,5),(310,'2016-05-12 19:55:06','2016-05-12 19:55:06',299,5),(311,'2016-05-12 19:55:06','2016-05-12 19:55:06',301,5),(312,'2016-05-12 19:55:06','2016-05-12 19:55:06',302,5),(313,'2016-05-12 19:55:06','2016-05-12 19:55:06',303,5),(314,'2016-05-12 19:55:06','2016-05-12 19:55:06',304,5),(315,'2016-05-12 19:55:06','2016-05-12 19:55:06',306,5),(316,'2016-05-12 19:55:06','2016-05-12 19:55:06',307,5),(317,'2016-05-12 19:55:06','2016-05-12 19:55:06',308,5),(318,'2016-05-12 19:55:06','2016-05-12 19:55:06',309,5),(319,'2016-05-12 19:55:06','2016-05-12 19:55:06',311,5),(320,'2016-05-12 19:55:06','2016-05-12 19:55:06',313,5),(321,'2016-05-12 19:55:06','2016-05-12 19:55:06',314,5),(322,'2016-05-12 19:55:06','2016-05-12 19:55:06',315,5),(323,'2016-05-12 19:55:06','2016-05-12 19:55:06',5,5),(324,'2016-05-12 19:55:06','2016-05-12 19:55:06',27,5),(325,'2016-05-12 19:55:06','2016-05-12 19:55:06',30,5),(326,'2016-05-12 19:55:06','2016-05-12 19:55:06',31,5),(327,'2016-05-12 19:55:06','2016-05-12 19:55:06',36,5),(328,'2016-05-12 19:55:06','2016-05-12 19:55:06',39,5),(329,'2016-05-12 19:55:06','2016-05-12 19:55:06',40,5),(330,'2016-05-12 19:55:06','2016-05-12 19:55:06',44,5),(331,'2016-05-12 19:55:06','2016-05-12 19:55:06',50,5),(332,'2016-05-12 19:55:06','2016-05-12 19:55:06',61,5),(333,'2016-05-12 19:55:06','2016-05-12 19:55:06',65,5),(334,'2016-05-12 19:55:06','2016-05-12 19:55:06',81,5),(335,'2016-05-12 19:55:06','2016-05-12 19:55:06',90,5),(336,'2016-05-12 19:55:06','2016-05-12 19:55:06',108,5),(337,'2016-05-12 19:55:06','2016-05-12 19:55:06',123,5),(338,'2016-05-12 19:55:06','2016-05-12 19:55:06',126,5),(339,'2016-05-12 19:55:06','2016-05-12 19:55:06',135,5),(340,'2016-05-12 19:55:06','2016-05-12 19:55:06',142,5),(341,'2016-05-12 19:55:06','2016-05-12 19:55:06',143,5),(342,'2016-05-12 19:55:06','2016-05-12 19:55:06',147,5),(343,'2016-05-12 19:55:06','2016-05-12 19:55:06',154,5),(344,'2016-05-12 19:55:06','2016-05-12 19:55:06',160,5),(345,'2016-05-12 19:55:06','2016-05-12 19:55:06',164,5),(346,'2016-05-12 19:55:06','2016-05-12 19:55:06',165,5),(347,'2016-05-12 19:55:06','2016-05-12 19:55:06',168,5),(348,'2016-05-12 19:55:06','2016-05-12 19:55:06',173,5),(349,'2016-05-12 19:55:06','2016-05-12 19:55:06',175,5),(350,'2016-05-12 19:55:06','2016-05-12 19:55:06',180,5),(351,'2016-05-12 19:55:06','2016-05-12 19:55:06',182,5),(352,'2016-05-12 19:55:06','2016-05-12 19:55:06',183,5),(353,'2016-05-12 19:55:06','2016-05-12 19:55:06',233,5),(354,'2016-05-12 19:55:06','2016-05-12 19:55:06',237,5),(355,'2016-05-12 19:55:06','2016-05-12 19:55:06',250,5),(356,'2016-05-12 19:55:06','2016-05-12 19:55:06',254,5),(357,'2016-05-12 19:55:06','2016-05-12 19:55:06',266,5),(358,'2016-05-12 19:55:06','2016-05-12 19:55:06',269,5),(359,'2016-05-12 19:55:06','2016-05-12 19:55:06',290,5),(360,'2016-05-12 19:55:06','2016-05-12 19:55:06',305,5),(361,'2016-05-12 19:55:06','2016-05-12 19:55:06',316,5),(362,'2016-05-12 19:55:06','2016-05-12 19:55:06',317,5),(363,'2016-05-12 19:55:06','2016-05-12 19:55:06',2,4),(364,'2016-05-12 19:55:06','2016-05-12 19:55:06',3,4),(365,'2016-05-12 19:55:06','2016-05-12 19:55:06',5,4),(366,'2016-05-12 19:55:06','2016-05-12 19:55:06',8,4),(367,'2016-05-12 19:55:06','2016-05-12 19:55:06',9,4),(368,'2016-05-12 19:55:06','2016-05-12 19:55:06',10,4),(369,'2016-05-12 19:55:06','2016-05-12 19:55:06',12,4),(370,'2016-05-12 19:55:06','2016-05-12 19:55:06',13,4),(371,'2016-05-12 19:55:06','2016-05-12 19:55:06',14,4),(372,'2016-05-12 19:55:06','2016-05-12 19:55:06',15,4),(373,'2016-05-12 19:55:06','2016-05-12 19:55:06',16,4),(374,'2016-05-12 19:55:06','2016-05-12 19:55:06',17,4),(375,'2016-05-12 19:55:06','2016-05-12 19:55:06',18,4),(376,'2016-05-12 19:55:06','2016-05-12 19:55:06',19,4),(377,'2016-05-12 19:55:06','2016-05-12 19:55:06',20,4),(378,'2016-05-12 19:55:06','2016-05-12 19:55:06',21,4),(379,'2016-05-12 19:55:06','2016-05-12 19:55:06',22,4),(380,'2016-05-12 19:55:06','2016-05-12 19:55:06',23,4),(381,'2016-05-12 19:55:06','2016-05-12 19:55:06',46,4),(382,'2016-05-12 19:55:06','2016-05-12 19:55:06',123,4),(383,'2016-05-12 19:55:06','2016-05-12 19:55:06',137,4),(384,'2016-05-12 19:55:06','2016-05-12 19:55:06',145,4),(385,'2016-05-12 19:55:06','2016-05-12 19:55:06',167,4),(386,'2016-05-12 19:55:06','2016-05-12 19:55:06',246,4),(387,'2016-05-12 19:55:06','2016-05-12 19:55:06',250,4),(388,'2016-05-12 19:55:06','2016-05-12 19:55:06',266,4),(389,'2016-05-12 19:55:06','2016-05-12 19:55:06',269,4),(390,'2016-05-12 19:55:06','2016-05-12 19:55:06',305,4),(391,'2016-05-12 19:55:06','2016-05-12 19:55:06',316,4),(392,'2016-05-12 19:55:06','2016-05-12 19:55:06',318,1),(393,'2016-05-12 19:55:06','2016-05-12 19:55:06',319,1),(394,'2016-05-12 19:55:06','2016-05-12 19:55:06',319,5);
/*!40000 ALTER TABLE `privileges` ENABLE KEYS */;
UNLOCK TABLES;

--
-- Table structure for table `proposal_statuses`
--

DROP TABLE IF EXISTS `proposal_statuses`;
/*!40101 SET @saved_cs_client     = @@character_set_client */;
/*!40101 SET character_set_client = utf8 */;
CREATE TABLE `proposal_statuses` (
  `id` int(11) NOT NULL AUTO_INCREMENT,
  `name` varchar(255) COLLATE utf8_unicode_ci DEFAULT NULL,
  `code` varchar(255) COLLATE utf8_unicode_ci DEFAULT NULL,
  `created_at` datetime NOT NULL,
  `updated_at` datetime NOT NULL,
  PRIMARY KEY (`id`)
) ENGINE=InnoDB AUTO_INCREMENT=8 DEFAULT CHARSET=utf8 COLLATE=utf8_unicode_ci;
/*!40101 SET character_set_client = @saved_cs_client */;

--
-- Dumping data for table `proposal_statuses`
--

LOCK TABLES `proposal_statuses` WRITE;
/*!40000 ALTER TABLE `proposal_statuses` DISABLE KEYS */;
INSERT INTO `proposal_statuses` VALUES (1,'Draft/private proposal','draft','2016-05-12 19:55:06','2016-05-12 19:55:06'),(2,'Pending review','pending','2016-05-12 19:55:06','2016-05-12 19:55:06'),(3,'Under committee review','review','2016-05-12 19:55:06','2016-05-12 19:55:06'),(4,'Accepted/project initiated','accepted','2016-05-12 19:55:06','2016-05-12 19:55:06'),(5,'Rejected','rejected','2016-05-12 19:55:06','2016-05-12 19:55:06'),(6,'Abandoned','abandoned','2016-05-12 19:55:06','2016-05-12 19:55:06'),(7,'Complete/deprecated','complete','2016-05-12 19:55:06','2016-05-12 19:55:06');
/*!40000 ALTER TABLE `proposal_statuses` ENABLE KEYS */;
UNLOCK TABLES;

--
-- Table structure for table `roles`
--

DROP TABLE IF EXISTS `roles`;
/*!40101 SET @saved_cs_client     = @@character_set_client */;
/*!40101 SET character_set_client = utf8 */;
CREATE TABLE `roles` (
  `id` int(11) NOT NULL AUTO_INCREMENT,
  `name` varchar(255) COLLATE utf8_unicode_ci DEFAULT NULL,
  `description` varchar(255) COLLATE utf8_unicode_ci DEFAULT NULL,
  `created_at` datetime NOT NULL,
  `updated_at` datetime NOT NULL,
  PRIMARY KEY (`id`)
) ENGINE=InnoDB AUTO_INCREMENT=6 DEFAULT CHARSET=utf8 COLLATE=utf8_unicode_ci;
/*!40101 SET character_set_client = @saved_cs_client */;

--
-- Dumping data for table `roles`
--

LOCK TABLES `roles` WRITE;
/*!40000 ALTER TABLE `roles` DISABLE KEYS */;
INSERT INTO `roles` VALUES (1,'CCGD Administrator','admin','2016-05-12 19:55:04','2016-05-12 19:55:04'),(2,'CCGD Faculty','faculty','2016-05-12 19:55:04','2016-05-12 19:55:04'),(3,'CCGD Lab Staff','staff','2016-05-12 19:55:04','2016-05-12 19:55:04'),(4,'CCGD Scientific Advisor','advisor','2016-05-12 19:55:04','2016-05-12 19:55:04'),(5,'CCGD Submitter','submitter','2016-05-12 19:55:04','2016-05-12 19:55:04');
/*!40000 ALTER TABLE `roles` ENABLE KEYS */;
UNLOCK TABLES;

--
-- Table structure for table `schema_migrations`
--

DROP TABLE IF EXISTS `schema_migrations`;
/*!40101 SET @saved_cs_client     = @@character_set_client */;
/*!40101 SET character_set_client = utf8 */;
CREATE TABLE `schema_migrations` (
  `version` varchar(255) COLLATE utf8_unicode_ci NOT NULL,
  UNIQUE KEY `unique_schema_migrations` (`version`)
) ENGINE=InnoDB DEFAULT CHARSET=utf8 COLLATE=utf8_unicode_ci;
/*!40101 SET character_set_client = @saved_cs_client */;

--
-- Dumping data for table `schema_migrations`
--

LOCK TABLES `schema_migrations` WRITE;
/*!40000 ALTER TABLE `schema_migrations` DISABLE KEYS */;
INSERT INTO `schema_migrations` VALUES ('20160315193611'),('20160315194655'),('20160317142741'),('20160317193242'),('20160317194419'),('20160317202841'),('20160317202953'),('20160317204633'),('20160317205018'),('20160317211647'),('20160317211754'),('20160320233537'),('20160321220211'),('20160323145314'),('20160323150814'),('20160323193542'),('20160323193614'),('20160324175341'),('20160418170856'),('20160425171716'),('20160502160730'),('20160502160753'),('20160502162508'),('20160512194731'),('20160512194754');
/*!40000 ALTER TABLE `schema_migrations` ENABLE KEYS */;
UNLOCK TABLES;

--
-- Table structure for table `states`
--

DROP TABLE IF EXISTS `states`;
/*!40101 SET @saved_cs_client     = @@character_set_client */;
/*!40101 SET character_set_client = utf8 */;
CREATE TABLE `states` (
  `id` int(11) NOT NULL AUTO_INCREMENT,
  `name` varchar(255) COLLATE utf8_unicode_ci DEFAULT NULL,
  `code` varchar(255) COLLATE utf8_unicode_ci DEFAULT NULL,
  `created_at` datetime NOT NULL,
  `updated_at` datetime NOT NULL,
  PRIMARY KEY (`id`)
) ENGINE=InnoDB AUTO_INCREMENT=52 DEFAULT CHARSET=utf8 COLLATE=utf8_unicode_ci;
/*!40101 SET character_set_client = @saved_cs_client */;

--
-- Dumping data for table `states`
--

LOCK TABLES `states` WRITE;
/*!40000 ALTER TABLE `states` DISABLE KEYS */;
INSERT INTO `states` VALUES (1,'Alabama','AL','2016-05-12 19:54:52','2016-05-12 19:54:52'),(2,'Alaska','AK','2016-05-12 19:54:52','2016-05-12 19:54:52'),(3,'Arizona','AZ','2016-05-12 19:54:52','2016-05-12 19:54:52'),(4,'Arkansas','AR','2016-05-12 19:54:52','2016-05-12 19:54:52'),(5,'California','CA','2016-05-12 19:54:52','2016-05-12 19:54:52'),(6,'Colorado','CO','2016-05-12 19:54:52','2016-05-12 19:54:52'),(7,'Connecticut','CT','2016-05-12 19:54:52','2016-05-12 19:54:52'),(8,'Delaware','DE','2016-05-12 19:54:52','2016-05-12 19:54:52'),(9,'Florida','FL','2016-05-12 19:54:52','2016-05-12 19:54:52'),(10,'Georgia','GA','2016-05-12 19:54:52','2016-05-12 19:54:52'),(11,'Hawaii','HI','2016-05-12 19:54:52','2016-05-12 19:54:52'),(12,'Idaho','ID','2016-05-12 19:54:52','2016-05-12 19:54:52'),(13,'Illinois','IL','2016-05-12 19:54:52','2016-05-12 19:54:52'),(14,'Indiana','IN','2016-05-12 19:54:52','2016-05-12 19:54:52'),(15,'Iowa','IA','2016-05-12 19:54:52','2016-05-12 19:54:52'),(16,'Kansas','KS','2016-05-12 19:54:52','2016-05-12 19:54:52'),(17,'Kentucky','KY','2016-05-12 19:54:52','2016-05-12 19:54:52'),(18,'Louisiana','LA','2016-05-12 19:54:52','2016-05-12 19:54:52'),(19,'Maine','ME','2016-05-12 19:54:52','2016-05-12 19:54:52'),(20,'Maryland','MD','2016-05-12 19:54:52','2016-05-12 19:54:52'),(21,'Massachusetts','MA','2016-05-12 19:54:52','2016-05-12 19:54:52'),(22,'Michigan','MI','2016-05-12 19:54:52','2016-05-12 19:54:52'),(23,'Minnesota','MN','2016-05-12 19:54:52','2016-05-12 19:54:52'),(24,'Mississippi','MS','2016-05-12 19:54:52','2016-05-12 19:54:52'),(25,'Missouri','MO','2016-05-12 19:54:52','2016-05-12 19:54:52'),(26,'Montana','MT','2016-05-12 19:54:52','2016-05-12 19:54:52'),(27,'Nebraska','NE','2016-05-12 19:54:52','2016-05-12 19:54:52'),(28,'Nevada','NV','2016-05-12 19:54:52','2016-05-12 19:54:52'),(29,'New Hampshire','NH','2016-05-12 19:54:52','2016-05-12 19:54:52'),(30,'New Jersey','NJ','2016-05-12 19:54:52','2016-05-12 19:54:52'),(31,'New Mexico','NM','2016-05-12 19:54:52','2016-05-12 19:54:52'),(32,'New York','NY','2016-05-12 19:54:52','2016-05-12 19:54:52'),(33,'North Carolina','NC','2016-05-12 19:54:52','2016-05-12 19:54:52'),(34,'North Dakota','ND','2016-05-12 19:54:52','2016-05-12 19:54:52'),(35,'Ohio','OH','2016-05-12 19:54:52','2016-05-12 19:54:52'),(36,'Oklahoma','OK','2016-05-12 19:54:52','2016-05-12 19:54:52'),(37,'Oregon','OR','2016-05-12 19:54:52','2016-05-12 19:54:52'),(38,'Pennsylvania','PA','2016-05-12 19:54:52','2016-05-12 19:54:52'),(39,'Rhode Island','RI','2016-05-12 19:54:52','2016-05-12 19:54:52'),(40,'South Carolina','SC','2016-05-12 19:54:52','2016-05-12 19:54:52'),(41,'South Dakota','SD','2016-05-12 19:54:52','2016-05-12 19:54:52'),(42,'Tennessee','TN','2016-05-12 19:54:52','2016-05-12 19:54:52'),(43,'Texas','TX','2016-05-12 19:54:52','2016-05-12 19:54:52'),(44,'Utah','UT','2016-05-12 19:54:52','2016-05-12 19:54:52'),(45,'Vermont','VT','2016-05-12 19:54:52','2016-05-12 19:54:52'),(46,'Virginia','VA','2016-05-12 19:54:52','2016-05-12 19:54:52'),(47,'Washington','WA','2016-05-12 19:54:52','2016-05-12 19:54:52'),(48,'West Virginia','WV','2016-05-12 19:54:52','2016-05-12 19:54:52'),(49,'Wisconsin','WI','2016-05-12 19:54:52','2016-05-12 19:54:52'),(50,'Wyoming','WY','2016-05-12 19:54:52','2016-05-12 19:54:52'),(51,'District of Columbia','DC','2016-05-12 19:54:52','2016-05-12 19:54:52');
/*!40000 ALTER TABLE `states` ENABLE KEYS */;
UNLOCK TABLES;

--
-- Table structure for table `user_custom_labgroups`
--

DROP TABLE IF EXISTS `user_custom_labgroups`;
/*!40101 SET @saved_cs_client     = @@character_set_client */;
/*!40101 SET character_set_client = utf8 */;
CREATE TABLE `user_custom_labgroups` (
  `id` int(11) NOT NULL AUTO_INCREMENT,
  `custom_labgroup_name` varchar(255) COLLATE utf8_unicode_ci DEFAULT NULL,
  `custom_labgroup_code` varchar(255) COLLATE utf8_unicode_ci DEFAULT NULL,
  `custom_labgroup_building` varchar(255) COLLATE utf8_unicode_ci DEFAULT NULL,
  `custom_labgroup_room` varchar(255) COLLATE utf8_unicode_ci DEFAULT NULL,
  `custom_street` varchar(255) COLLATE utf8_unicode_ci DEFAULT NULL,
  `custom_city` varchar(255) COLLATE utf8_unicode_ci DEFAULT NULL,
  `custom_country` varchar(255) COLLATE utf8_unicode_ci DEFAULT NULL,
  `state_id` int(11) DEFAULT NULL,
  `user_id` int(11) DEFAULT NULL,
  `created_at` datetime NOT NULL,
  `updated_at` datetime NOT NULL,
  PRIMARY KEY (`id`)
) ENGINE=InnoDB DEFAULT CHARSET=utf8 COLLATE=utf8_unicode_ci;
/*!40101 SET character_set_client = @saved_cs_client */;

--
-- Dumping data for table `user_custom_labgroups`
--

LOCK TABLES `user_custom_labgroups` WRITE;
/*!40000 ALTER TABLE `user_custom_labgroups` DISABLE KEYS */;
/*!40000 ALTER TABLE `user_custom_labgroups` ENABLE KEYS */;
UNLOCK TABLES;

--
-- Table structure for table `user_custom_organizations`
--

DROP TABLE IF EXISTS `user_custom_organizations`;
/*!40101 SET @saved_cs_client     = @@character_set_client */;
/*!40101 SET character_set_client = utf8 */;
CREATE TABLE `user_custom_organizations` (
  `id` int(11) NOT NULL AUTO_INCREMENT,
  `custom_org_name` varchar(255) COLLATE utf8_unicode_ci DEFAULT NULL,
  `custom_org_phone` varchar(255) COLLATE utf8_unicode_ci DEFAULT NULL,
  `custom_org_email` varchar(255) COLLATE utf8_unicode_ci DEFAULT NULL,
  `custom_street` varchar(255) COLLATE utf8_unicode_ci DEFAULT NULL,
  `custom_city` varchar(255) COLLATE utf8_unicode_ci DEFAULT NULL,
  `custom_country` varchar(255) COLLATE utf8_unicode_ci DEFAULT NULL,
  `state_id` int(11) DEFAULT NULL,
  `user_id` int(11) DEFAULT NULL,
  `created_at` datetime NOT NULL,
  `updated_at` datetime NOT NULL,
  PRIMARY KEY (`id`)
) ENGINE=InnoDB DEFAULT CHARSET=utf8 COLLATE=utf8_unicode_ci;
/*!40101 SET character_set_client = @saved_cs_client */;

--
-- Dumping data for table `user_custom_organizations`
--

LOCK TABLES `user_custom_organizations` WRITE;
/*!40000 ALTER TABLE `user_custom_organizations` DISABLE KEYS */;
/*!40000 ALTER TABLE `user_custom_organizations` ENABLE KEYS */;
UNLOCK TABLES;

--
-- Table structure for table `users`
--

DROP TABLE IF EXISTS `users`;
/*!40101 SET @saved_cs_client     = @@character_set_client */;
/*!40101 SET character_set_client = utf8 */;
CREATE TABLE `users` (
  `id` int(11) NOT NULL AUTO_INCREMENT,
  `firstname` varchar(255) COLLATE utf8_unicode_ci DEFAULT NULL,
  `lastname` varchar(255) COLLATE utf8_unicode_ci DEFAULT NULL,
  `email` varchar(255) COLLATE utf8_unicode_ci DEFAULT NULL,
  `phone` varchar(255) COLLATE utf8_unicode_ci DEFAULT NULL,
  `created_at` datetime NOT NULL,
  `updated_at` datetime NOT NULL,
  `username` varchar(255) COLLATE utf8_unicode_ci DEFAULT NULL,
  `password_digest` varchar(255) COLLATE utf8_unicode_ci DEFAULT NULL,
  `organization_id` int(11) DEFAULT NULL,
  `status` varchar(2) COLLATE utf8_unicode_ci DEFAULT NULL,
  `password_reset_token` varchar(255) COLLATE utf8_unicode_ci DEFAULT NULL,
  `password_reset_sent_at` datetime DEFAULT NULL,
  PRIMARY KEY (`id`)
) ENGINE=InnoDB AUTO_INCREMENT=320 DEFAULT CHARSET=utf8 COLLATE=utf8_unicode_ci;
/*!40101 SET character_set_client = @saved_cs_client */;

--
-- Dumping data for table `users`
--

LOCK TABLES `users` WRITE;
/*!40000 ALTER TABLE `users` DISABLE KEYS */;
INSERT INTO `users` VALUES (2,'Laura','Macconaill','laura_macconaill@dfci.harvard.edu','617-582-7754','2016-05-12 19:54:58','2016-05-12 19:54:58','laura','$2a$04$5fT1WKmgQr6NZNIpivR.7el84sGU4/g/j0WX6n/APJNSE9r39H1my',1,'A',NULL,NULL),(3,'Megan','Hanna','mhanna@broad.mit.edu','617-324-4824','2016-05-12 19:54:59','2016-05-12 19:54:59','megan','$2a$04$OowV3/8a9AirUJOexeMnsOy12LFChhLr5tujxrccqYSg0h/YSLqwm',1,'A',NULL,NULL),(4,'Karen','Coughlan','karen_coughlan@dfci.harvard.edu','617-582-8736','2016-05-12 19:54:59','2016-05-12 19:54:59','karen','$2a$04$vIWiRW4peBKVur2DTTFD6eaILz76R2R5eiDdjXNBcN4zJeQeh3AXC',1,'I',NULL,NULL),(5,'Katie','Campbell','catarina_campbell@dfci.harvard.edu','617-632-2930','2016-05-12 19:54:59','2016-05-12 19:54:59','katie','$2a$04$sU5k0TweeSSyxD6dDZqkfuxYFjbVhF6Sv9.NKs71MNOO3OOoeS13O',1,'I',NULL,NULL),(6,'Nick','Wyhs','nwyhs@broad.mit.edu','617 582 8731','2016-05-12 19:54:59','2016-05-12 19:54:59','nick','$2a$04$oIUM7K1hOFOYjGqNSBzVP.4OrzZY0MG1vlWwifxDW5VXqRsiuVFu2',1,'I',NULL,NULL),(7,'Su','Huang','suhuang@dfci.harvard.edu','','2016-05-12 19:54:59','2016-05-12 19:54:59','su','$2a$04$TJR6EUuL044meNx55Drun.p0YaOik1366kWRA1r.UCCLw3nzX9LJu',1,'I',NULL,NULL),(8,'Matt','Freedman','matthew_freedman@dfci.harvard.edu','617-582-8598','2016-05-12 19:54:59','2016-05-12 19:54:59','matt','$2a$04$uHU7Jix/cpwFr4rdNoP4IutPCzthZVxUnsmsSIeCwwUnq5GW0vEnW',1,'A',NULL,NULL),(9,'Levi','Garraway','levi_garraway@dfci.harvard.edu','617-632-6689','2016-05-12 19:54:59','2016-05-12 19:54:59','levi','$2a$04$eb1gViEqLiV1luGIWrWxW.hx/i3XHp7AMY8fYg52AUckOd6V.Sk6e',1,'A',NULL,NULL),(10,'Todd','Golub','golub@broad.mit.edu','617-632-4903','2016-05-12 19:54:59','2016-05-12 19:54:59','todd','$2a$04$Q.1dHk51qEAU5vO14hqRw.rhK7umXDc.gpWU0t/UltyNQ5WeoqG/C',1,'A',NULL,NULL),(11,'William','Hahn','william_hahn@dfci.harvard.edu','617-632-2641','2016-05-12 19:54:59','2016-05-12 19:54:59','wchahn','$2a$04$VlwNMbeNVMQI1It8ouNTLesb4w/U1bfwNJ5.s1JuZBuwi5ZLqdX72',1,'A',NULL,NULL),(12,'Max','Loda','massimo_loda@dfci.harvard.edu','617-632-4001','2016-05-12 19:54:59','2016-05-12 19:54:59','max','$2a$04$RS7F9SOTOT9SIsmrDWCCWucQKCbqPGy1Xi0sKSqMo/jJLAZMpNZAW',1,'A',NULL,NULL),(13,'Matthew','Meyerson','matthew_meyerson@dfci.harvard.edu','617-632-4768','2016-05-12 19:54:59','2016-05-12 19:54:59','matthew','$2a$04$TYpQW1njZwt7Y3juE3GNFO0AJYJdju6HB0DxBqgZfQZD97KFcrMOu',1,'A',NULL,NULL),(14,'Nelly','Polyak','kornelia_polyak@dfci.harvard.edu','617-632-5746','2016-05-12 19:54:59','2016-05-12 19:54:59','nelly','$2a$04$J9AWPDF4YuoqNE/CbF/iKu9Iz0tvR8s2znB7YU0rtokZeQYr3/jYS',1,'A',NULL,NULL),(15,'Ramesh','Shivdasani','ramesh_shivdasani@dfci.harvard.edu','617-632-5746','2016-05-12 19:54:59','2016-05-12 19:54:59','Ramesh','$2a$04$bv4FQrrTmG7dlabZpSsI6OBokisjDi4khaBsAfVNxQRzdzGCNiCS6',1,'A',NULL,NULL),(16,'Pasi','Janne','pasi_janne@dfci.harvard.edu','617-632-6036','2016-05-12 19:54:59','2016-05-12 19:54:59','Pasi','$2a$04$G1hrRJ8z1onGnOBlcRO3tep6MYvMoTcQSlzJCQ3hFZh43Mgg4BEEW',1,'A',NULL,NULL),(17,'Rani','George','rani_george@dfci.harvard.edu','617-632-5281','2016-05-12 19:54:59','2016-05-12 19:54:59','rani','$2a$04$pd2K4/.GGFjBCkp0nzM8dOtD9oqvcZDOPa8tC.Kd70Aiptelhi0tK',1,'A',NULL,NULL),(18,'Thomas','Roberts','thomas_roberts@dfci.harvard.edu','617-632-3049','2016-05-12 19:54:59','2016-05-12 19:54:59','Thomas','$2a$04$Sym.Vy3fwxxVmZ0FTr6BZe5n5vo3teSu/n1PyhpG6m/hAVIATYNx.',1,'A',NULL,NULL),(19,'Thomas','Look','thomas_look@dfci.harvard.edu','617-632-5826','2016-05-12 19:54:59','2016-05-12 19:54:59','Thomaslook','$2a$04$BYzsTRo.iPxWowe8awBMQeFdElRbaYO4.fVDaMoWjMx.NAEpQrvHu',1,'A',NULL,NULL),(20,'Jerome','Ritz','jerome_ritz@dfci.harvard.edu','617-632-3465','2016-05-12 19:54:59','2016-05-12 19:54:59','JRitz','$2a$04$BrScddCLVXto7/twoHZkCO3xMZCoTGqKBzpRU8sa.6c07DFgwbOU2',1,'A',NULL,NULL),(21,'Matthew','Kulke','matthew_kulke@dfci.harvard.edu','617-632-5136','2016-05-12 19:54:59','2016-05-12 19:54:59','MatthewK','$2a$04$Bh.rP/7HRbI0OQHyQvGghe1PbPox57/X.fte0k6MBZma3GxTXcIru',1,'A',NULL,NULL),(22,'Margaret','Shipp','margaret_shipp@dfci.harvard.edu','617-632-3874','2016-05-12 19:54:59','2016-05-12 19:54:59','Margaret','$2a$04$WsL15Je82iRyvjpf9C7FPOVhAb.Y4a7UnraL5DZ3s60dZZ/pWQ4ze',1,'A',NULL,NULL),(23,'Philip','Kantoff','philip_kantoff@dfci.harvard.edu','617-632-1914','2016-05-12 19:54:59','2016-05-12 19:54:59','Philip','$2a$04$Fmtu4FyiI/gRuW6kKIV8huMzKmr9dPClNwbzUex2TUQdDNsnuE8bi',1,'A',NULL,NULL),(24,'Robert','Ross','robert_ross@dfci.harvard.edu','617-632-3237','2016-05-12 19:54:59','2016-05-12 19:54:59','RobertRoss','$2a$04$k17TQ2pz.00dpmepCfgh5emTt71K8V3fwQOgc5f2GUzJLQ4figdjm',1,'A',NULL,NULL),(25,'Myles','Brown','myles_brown@dfci.harvard.edu','617-632-3948','2016-05-12 19:54:59','2016-05-12 19:54:59','mbrown','$2a$04$4tMER18uPfeeKeq2s/gG3O1VBgqFeCN6ooth0dToW8cX05RWCiu3.',1,'A',NULL,NULL),(26,'Jennifer','Brown','jennifer_brown@dfci.harvard.edu','617-632-6692','2016-05-12 19:54:59','2016-05-12 19:54:59','JRBrown','$2a$04$6.RsybMymAQmqbsxYhdz1Ob1X/XmjY7nH90aaLvL6oxV4g.KXvLda',1,'A',NULL,NULL),(27,'Nasim','Ahmadiyeh','nahmadiyeh@partners.org','617-582-8682','2016-05-12 19:54:59','2016-05-12 19:54:59','nah495','$2a$04$gDRY.LHlUeiiLUo6q59/l.xZImI/IFbmctS52bzdt.rXY93aFtV0y',1,'A',NULL,NULL),(28,'Carrie','Emery','CarolineM_Emery@dfci.harvard.edu','617 632 1923','2016-05-12 19:54:59','2016-05-12 19:54:59','carrie','$2a$04$kqQh7QZpZ1PBV/0rfDTDCeadJVat34IoRiM4quIQVWsyEpF8iUQdu',1,'A',NULL,NULL),(30,'Alejandro','Gutierrez','alejandro_gutierrez@dfci.harvard.edu','617-632-2079','2016-05-12 19:54:59','2016-05-12 19:54:59','ag832','$2a$04$OUtOGqnD37LgLfXx0sFGuOT8J65TnonUoRKhm.CdZ./nPf32ebj32',1,'A',NULL,NULL),(31,'Kathryn','Penney','kpenney@hsph.harvard.edu','','2016-05-12 19:54:59','2016-05-12 19:54:59','kpenney','$2a$04$YsZGmVKrweivMU1RsX24W.SrhCeyf9.vTL6rzhd.JdDvT9fDeQu9y',1,'A',NULL,NULL),(33,'elisa','benedettini','elisa_benedettini@dfci.harvard.edu','6176322148','2016-05-12 19:54:59','2016-05-12 19:54:59','eb802','$2a$04$wTXFC2sq0Dd3VLdKfeEHqOeZ9kWwqIqJpnRa8eFsFQA4NZIOfFbQW',1,'A',NULL,NULL),(34,'charles','stiles','charles_stiles@dfci.harvard.edu','617 632-3512','2016-05-12 19:54:59','2016-05-12 19:54:59','cds10','$2a$04$xRVIUwgrsWdV8RKr1fN0g.5MtClGKIUp0DFqGkkOxphHGH4fzlI..',1,'A',NULL,NULL),(35,'Deborah','Goff','deborah_goff@dfci.harvard.edu','Feb-16','2016-05-12 19:54:59','2016-05-12 19:54:59','djg19','$2a$04$YRGFIZcfsbesMgKzDwrjyOzF3ozOaBfo1DDjSrqXSozjCaxnlcST6',1,'A',NULL,NULL),(36,'Christine','Beckwith','christine_beckwith@dfci.harvard.edu','6033876921','2016-05-12 19:54:59','2016-05-12 19:54:59','cb960','$2a$04$ji1vlLM/n9RgKHLlGg9FdemgcjX.i9/Oc9HGkvJMqSHy7EbfTBXdO',1,'A',NULL,NULL),(37,'Lucian','Chirieac','LCHIRIEAC@PARTNERS.ORG','617 732 8126','2016-05-12 19:54:59','2016-05-12 19:54:59','lchirieac','$2a$04$MCVte/7ObEW/nEq7YXRNeuiAW3MGQDdFE5nblT68sdJuDX5tIYONe',1,'A',NULL,NULL),(38,'Pat','Collaborator','ccgd@dfci.harvard.edu','27515','2016-05-12 19:54:59','2016-05-12 19:54:59','dfci_user','$2a$04$pzwNlrLm2WW2RUb77RhO/ODAiUiFRYSk8x8tnHLgEsWhK4o0RQ0eK',1,'I',NULL,NULL),(39,'mark','pomerantz','mpomerantz@partners.org','617-632-2312','2016-05-12 19:54:59','2016-05-12 19:54:59','mp91','$2a$04$wDvD72QNw6eR7vnqN9NBNOQ1VRasz1IXzTmjPOdoICPqdhi5e7O56',1,'A',NULL,NULL),(40,'Keluo','Yao','keluo_yao@dfci.harvard.edu','617-582-8731','2016-05-12 19:54:59','2016-05-12 19:54:59','ky058','$2a$04$sSvC3tiUfCbhpxZJ5nJSKeizGxiExTeCgxOKZ.e9uW23rq.43GL0y',1,'I',NULL,NULL),(41,'Edward','Fox','edward_fox@dfci.harvard.edu','617-632-2116','2016-05-12 19:54:59','2016-05-12 19:54:59','foxedward','$2a$04$Ka9/GnndLLmsC5HrYQOeGe1hPwuGqqUF3yG3f.riTcyqInlDKZY3a',1,'A',NULL,NULL),(42,'Edwin','Choy','echoy@partners.org','617-459-6804','2016-05-12 19:54:59','2016-05-12 19:54:59','ec952','$2a$04$XYXP/RC7C.jWpiU5xiOxpu9BjxV9psPhTe3RxMNCkvu7Y/8zzVb2W',24,'A',NULL,NULL),(43,'Mark','Pomerantz','mark_pomerantz@dfci.harvard.edu','617-632-1914','2016-05-12 19:54:59','2016-05-12 19:54:59','mp37','$2a$04$lJjuHj9DUd0VyjorPKZdCe966UhadzHQFZ4bA4EOyWCrdRwDrIXQC',1,'A',NULL,NULL),(44,'HIROKI','YAMADA','yamada_hiroki@dfci.harvard.edu','617.935.6863','2016-05-12 19:54:59','2016-05-12 19:54:59','YH058','$2a$04$CHyfcUTdCAgKxSuqngf2Fe36MTMZdrmzOl5c0OxLFFVp.7flGy8vq',1,'A',NULL,NULL),(45,'Mark','Pomerantz','nosman@partners.org','617-632-1914','2016-05-12 19:54:59','2016-05-12 19:54:59','mpomerantz','$2a$04$6azceT38YOaonpvhWzktYel1EflVGY9axKabxrq2qW4ou2pkMOeme',1,'I',NULL,NULL),(46,'Adam','Bass','ajbass@partners.org','617-407-9275','2016-05-12 19:54:59','2016-05-12 19:54:59','ajbass','$2a$04$FLewaR6b5kwdCojxn2/gheOh5GxQTt7IlHtYVJVH6TTatHF026zjK',1,'A',NULL,NULL),(47,'Hao','Zhang','zhangh@broad.mit.edu','919-423-5077','2016-05-12 19:54:59','2016-05-12 19:54:59','haozhang','$2a$04$99EXjm/eJANWwWjZ8i5NkO1uWmFhtXVr/VL6H5eKvX/W6t3Yfcnzi',2,'A',NULL,NULL),(48,'Rafael','Bejar','rbejar@partners.org','617-732-6510','2016-05-12 19:54:59','2016-05-12 19:54:59','rb850','$2a$04$iCmbMkqSuNmIuwWo6r4UluEtCStJiTeAx8jEOu58PgrjxjONHXQxW',16,'A',NULL,NULL),(49,'Derek','Chiang','dchiang@broad.mit.edu','(617) 324-2239','2016-05-12 19:54:59','2016-05-12 19:54:59','dychiang','$2a$04$8lDvC/3NGepOXHvg5j7RWOWGEN9B7HtI5cBkiqpTkB3UYfOt86dJi',1,'A',NULL,NULL),(50,'Sarah','Kehoe','sarahm_kehoe@dfci.harvard.edu','617-632-5783','2016-05-12 19:54:59','2016-05-12 19:54:59','sk580','$2a$04$5OUL6I6RKlF9KGFBFMx8Z.keJlrVMrJkAiclJw15C9vMVLNLumBcS',1,'I',NULL,NULL),(51,'Amit','Dutt','amitdutt@broad.mit.edu','8578911975','2016-05-12 19:54:59','2016-05-12 19:54:59','amitdutt','$2a$04$nycubesmoItEf9.l5FC7hepPSkiRHG94zITZxKHUVbdvjQcA0GRg2',1,'A',NULL,NULL),(52,'Aram','Hezel','ahezel@partners.org','617 643 3813','2016-05-12 19:54:59','2016-05-12 19:54:59','ahezel','$2a$04$nmOXimpHD/PI.YGJiyYHUuLIFq9QpZuB7XoNWWgV6IfoNKwkVyqwO',24,'A',NULL,NULL),(53,'Ivana','Kim','ivana_kim@meei.harvard.edu','617 573 3367','2016-05-12 19:54:59','2016-05-12 19:54:59','ivana','$2a$04$Yr9FaPC9syarJibAAQa7/uGuRQAedWhf/YWuBlvVkBQP.8c9Us7Rq',5,'A',NULL,NULL),(54,'Douglas','Medvetz','dmedvetz@partners.org','617-355-9103','2016-05-12 19:54:59','2016-05-12 19:54:59','dam90','$2a$04$BA.Z9Wf619DYaPzq0KdNm./3FO.oKA7e2sXV/fuYjU4fwJ2/NqKzG',16,'A',NULL,NULL),(55,'Ryan','Bender','rpbender@partners.org','582-8614','2016-05-12 19:54:59','2016-05-12 19:54:59','ChinLab2008','$2a$04$dq8pVz/75mNtVvkNz/L/I.wrgO7S9JlQwfwLI4MutI005KH5vcJjm',1,'A',NULL,NULL),(56,'Fran','Hornicek','fhornicek@partners.org','617 724 6802','2016-05-12 19:54:59','2016-05-12 19:54:59','hornicek','$2a$04$XAN/cl9pXK81QCxFWhTQKuFcmKe5wd2J12Lag4iC4M93Mb3KwLO.C',24,'A',NULL,NULL),(57,'Jonathan','Fletcher','jfletcher@partners.org','617 732 7883','2016-05-12 19:54:59','2016-05-12 19:54:59','fletcher','$2a$04$jZzgsXlTO4Yf2gLZoYcgIONlUZQ4OIjPu7QjSwhKiSMLoadWxdVs.',16,'A',NULL,NULL),(58,'June','Kinoshita','jkinoshita@n-of-one.com','617 669 1706','2016-05-12 19:54:59','2016-05-12 19:54:59','kinoshita','$2a$04$gWISwC00vHhpzR3zJAJXeOViYDaeBsKoPxwjE2vnWY./5i2dwx3Fa',6,'I',NULL,NULL),(59,'Alex','Ng','sng@rics.bwh.harvard.edu','617-278-0072','2016-05-12 19:54:59','2016-05-12 19:54:59','Alexng','$2a$04$8lnzbAwojcJc7WRe2zm.EOpTaUbQycNDB/07.CBlSAXdmp3PSX3Pi',16,'A',NULL,NULL),(60,'Antoni','Ribas','aribas@mednet.ucla.edu','3102063928','2016-05-12 19:54:59','2016-05-12 19:54:59','ribas','$2a$04$Tk./bdgUU5fQvbZQh3fOa.uk3.NhJruFeB6KS.jljQIZxbktVoPVy',7,'A',NULL,NULL),(61,'Chandrani','Mondal','Chandrani_Mondal@dfci.harvard.edu','6175826688','2016-05-12 19:54:59','2016-05-12 19:54:59','cm315','$2a$04$5vPsYNT64k2.rVRjdiuJJOhrLvH/Eu3Y2WsNMpsIiADA1qxvJE/Lu',1,'I',NULL,NULL),(62,'Anna','Schinzel','anna_schinzel@dfci.harvard.edu','617 632 2376','2016-05-12 19:54:59','2016-05-12 19:54:59','Schinzel','$2a$04$QL2r1Kt963MheUnhiuAoYO3g2iatcy7tQZQ6r2862l1VfUS0hxVAe',1,'A',NULL,NULL),(63,'vikram','Deshpande','vdeshpande@partners.org','6177247741','2016-05-12 19:54:59','2016-05-12 19:54:59','vd019','$2a$04$Q73dEMRKyb6LXcQcx7y8U.Uv.Z40brPSJT6WKD.QwYWP0ZUgBNKiC',24,'A',NULL,NULL),(64,'John','McGrath','johnp_mcgrath@dfci.harvard.edu','6175828668','2016-05-12 19:54:59','2016-05-12 19:54:59','jpmcgrath','$2a$04$0d4govrvbHi/kBV22Oq5KuL9oX6gi/TUQsFmeW4jcxyYe7hjn77Je',1,'A',NULL,NULL),(65,'Lauren','Luongo','LaurenA_Luongo@DFCI.HARVARD.EDU','6176325950','2016-05-12 19:54:59','2016-05-12 19:54:59','lal62','$2a$04$ilG1.j9z5t8JbMitnkHKN.Q/MUwi0p3pFeA0axU55RRcXjtqKAvQy',1,'I',NULL,NULL),(66,'Keith','Ligon','keith_ligon@dfci.harvard.edu','617-632-2357','2016-05-12 19:54:59','2016-05-12 19:54:59','ligonlab','$2a$04$RD09k0ZnOh0yrKqru9ypbeBldLov1zqG1hJ84Nhn7pwTRCt5.stU.',1,'A',NULL,NULL),(70,'Daniel','Chung','dchung@partners.org','617-726-8687','2016-05-12 19:54:59','2016-05-12 19:54:59','dchung','$2a$04$kfhYxqywdvSUYvYZ1WER1.EyK7ITmmvKBXnq4iUxpV9IlcY/M8hoy',24,'A',NULL,NULL),(71,'Henry','Koon','Henry.Koon@UHhospitals.org','(216) 368-1175','2016-05-12 19:54:59','2016-05-12 19:54:59','henrykoon','$2a$04$9zQ0.qH/ThfGOJXFeW9HzuUWMhB.F7CEet.i50YLbFT37uR8VBE66',12,'A',NULL,NULL),(72,'Irene','Ghobrial','irene_ghobrial@dfci.harvard.edu','2.4198','2016-05-12 19:54:59','2016-05-12 19:54:59','ghobrial','$2a$04$55F2w/WSDe9aUlsKvFsgZucrHhLYXf60chXch95OytZ7eMkMz/p9S',1,'A',NULL,NULL),(73,'Ashley','Fairbank','ashley_fairbank@dfci.harvard.edu','617-632-4606','2016-05-12 19:54:59','2016-05-12 19:54:59','afairbank','$2a$04$Fz7k.8TDTt6QrTUKLkt0ieUuCfaiKcH8jai/XV79fl6E2GAyicw2K',1,'A',NULL,NULL),(74,'Michael','Anglesio','michael.anglesio@petermac.org','+61 3 9656 1287','2016-05-12 19:54:59','2016-05-12 19:54:59','michael.angl','$2a$04$b5VgDgTosl18TLu4ESZWQ.mvjoGYmIBEYZd84xNxcQzrha0rvNy1O',13,'A',NULL,NULL),(76,'Jonathan','Rosenberg','jonathan_rosenberg@dfci.harvard.edu','617 632 5456','2016-05-12 19:54:59','2016-05-12 19:54:59','rosenberg','$2a$04$ZTy11XkibOejeSJ0g3eGBuZs2wJGQvaOOOm5VfVzMS6QGJGTerVaW',1,'A',NULL,NULL),(77,'Daniel','Costa','dbcosta@bidmc.harvard.edu','617-667-9236','2016-05-12 19:54:59','2016-05-12 19:54:59','dbcosta@bidm','$2a$04$Zyq1ZGrQH75sugSBut45H.NBAEYyvb4CO93Nq9Fv0frFokB28vq4y',14,'A',NULL,NULL),(78,'Peter','Guillen','pguillen06@gmail.com','617-956-2004','2016-05-12 19:54:59','2016-05-12 19:54:59','pguillen','$2a$04$gIjvj8n4rpus3K7AlZfVG.szNb9Z0GAvZrlNmPH7BRMZhjuux8LL.',1,'I',NULL,NULL),(79,'Toni','Choueiri','toni_choueiri@dfci.harvard.edu','617-632-5456','2016-05-12 19:54:59','2016-05-12 19:54:59','tc46','$2a$04$QnDZTgwTSTHhLyih.XAmyuA7rHNuTNYiXs6qi7MaWTDGt8RC9JN.G',1,'A',NULL,NULL),(80,'Fabio','Schutz','FabioA_Schutz@DFCI.harvard.edu','617-632-4622','2016-05-12 19:54:59','2016-05-12 19:54:59','fs975','$2a$04$01w40ul.b8lEf9qKteWjP.s/EhssopM6q0sOb.WhGQnCl7XutsDtq',1,'A',NULL,NULL),(81,'Aimee','Pike','AimeeM_Pike@dfci.harvard.edu','','2016-05-12 19:54:59','2016-05-12 19:54:59','AP595','$2a$04$rp0G/IxdNT4M7aGfq4QGW.5aIkjY6QlW/jWREfl53AS7T.hBvw4f.',1,'I',NULL,NULL),(82,'Mariella','Gruber-Olipitz','mariella_gruber-olipitz@dfci.harvard.edu','6177550949','2016-05-12 19:54:59','2016-05-12 19:54:59','mgo6','$2a$04$TicRGLqBWNjaSYyTrDGlgOV8zoN/8c2HMPue6ygB2VBrNT2E32Doa',1,'A',NULL,NULL),(83,'Patrick','Oberholzer','oberholz@broadinstitute.org','617-714-7552','2016-05-12 19:54:59','2016-05-12 19:54:59','oberholz','$2a$04$BGAaVWWRTBeGworqZpPzCeYZNHsnLhrA91tdcWXsinl0NK1Yas4MO',2,'A',NULL,NULL),(85,'Mike','Chapman','mchapman@broadinstitute.org','617 714 7572','2016-05-12 19:54:59','2016-05-12 19:54:59','mchapman','$2a$04$H5kqnvkieDD0eet8kd8cBuAiKUS0JDGQuSmuYkScsNyoC3QamefE6',2,'A',NULL,NULL),(86,'Gayane','Badalian','gayane_badalianvery@dfci.harvard.edu','857-488-9804','2016-05-12 19:54:59','2016-05-12 19:54:59','GBadalian','$2a$04$JqWqP2ThcRRRFOzLM9UEWeW/ZzFnhiH0/3DUXVoPHvcxlnP3f7922',1,'A',NULL,NULL),(87,'Scott','Armstrong','scott.armstrong@childrens.harvard.edu','617-919-2507','2016-05-12 19:54:59','2016-05-12 19:54:59','sa30','$2a$04$9iBT6kN7I6wMbkRpkF.N3e7/aDzRORkk0ltizg649G.H.3qok0I8O',32,'A',NULL,NULL),(88,'Tim','Heffernan','theffernan@partners.org','582-8338','2016-05-12 19:55:00','2016-05-12 19:55:00','theff','$2a$04$0cF58WIEqcQMBTrPkm1Q/Oqft4VOHdG.peX2kIbymHtbGqyvtYmze',1,'A',NULL,NULL),(89,'Athe','Tsibris','atsibris@partners.org','(617)417-1162','2016-05-12 19:55:00','2016-05-12 19:55:00','stethant','$2a$04$C126Dx6ZAeGTpeoOPXUAMuxg4TjbBlT4EwriOrK1tYOu1XduBK/e.',16,'A',NULL,NULL),(90,'Michael','Berger','berger@broadinstitute.org','617-714-7553','2016-05-12 19:55:00','2016-05-12 19:55:00','mfberger','$2a$04$f1H9dhQaSBR9oFxIXOyA/.W3dR5BEEk3Zx39oeUW47IIcKM7r0idu',2,'A',NULL,NULL),(91,'David','Kwiatkowski','dk@rics.bwh.harvard.edu','617-355-9005','2016-05-12 19:55:00','2016-05-12 19:55:00','dk','$2a$04$2QuWHRMcl2A1GD3O8JiH9e5aTa3MFFMbQgxD8TXwBBwCFXfMb4rCm',16,'A',NULL,NULL),(92,'Benjamin','Rich','brich@partners.org','','2016-05-12 19:55:00','2016-05-12 19:55:00','brich','$2a$04$FnvROEkc3OsGfiYmnvy4O.GDqLQYxhbkcKwuQZBrEWvW1RNedbLIa',1,'A',NULL,NULL),(93,'Christine','Obierika','christine_obierika@dfci.harvard.edu','6172596490','2016-05-12 19:55:00','2016-05-12 19:55:00','co932','$2a$04$f.R6Nvhh.p.Pvso3LO.SYetQzUyWMKk62TgqC7O1orJiKiyvHo3rG',1,'I',NULL,NULL),(94,'Carmelo','Nucera','cnucera@bidmc.harvard.edu','617-5990515','2016-05-12 19:55:00','2016-05-12 19:55:00','cnucera','$2a$04$xvnnsLIOuxUdzSC4Hnw/KelHC/3SJWaXmm5eGIcYUu8lTyEEJPMUC',24,'I',NULL,NULL),(95,'Cristina','Ferrone','cferrone@partners.org','617 643 6819','2016-05-12 19:55:00','2016-05-12 19:55:00','cferrone','$2a$04$5O2wtUMyMifpwK64pt1y5.cT6rsA16nQKmuQONrxvuUD3TBBntEuq',24,'A',NULL,NULL),(96,'Laura','Fredenburgh','lfredenburgh@rics.bwh.harvard.edu','617 525-9563','2016-05-12 19:55:00','2016-05-12 19:55:00','lf063','$2a$04$8F96ALT8JNp1u/Vc9VNbJ.D0w6Fz4aOh7gVxifBcB44/7mXCgClxK',16,'A',NULL,NULL),(97,'Hideo','Watanabe','hideo_watanabe@dfci.harvard.edu','617-632-4777','2016-05-12 19:55:00','2016-05-12 19:55:00','hw022','$2a$04$JhUJ0OWuRLl65yd.tlwyb.dXyGPLfxCAKox1jt1Q6eP.xw71GKs2S',1,'A',NULL,NULL),(98,'Yanan','Guo','yguo5@rics.bwh.harvard.edu','617-355-9039','2016-05-12 19:55:00','2016-05-12 19:55:00','yg067','$2a$04$dXDaBtBJOCsCsFejQrShBeBPxkznBmwLZoDjw/4vLpRyQctxa6j8q',16,'A',NULL,NULL),(99,'Peter','Hammerman','phammerman@partners.org','617-852-6224','2016-05-12 19:55:00','2016-05-12 19:55:00','phammerman','$2a$04$D/CASHjrCVAifaI66EPlsuAPCRjvZ2IMBGsKZXaiZbwpBwml1dcgG',1,'A',NULL,NULL),(100,'Yang','Liu','Yang_Liu2@DFCI.HARVARD.EDU','617-582-8535','2016-05-12 19:55:00','2016-05-12 19:55:00','tiger','$2a$04$LEaMJFE1dqw13uQ37u941e1H0643u3BIOS/kD6YEkL.YRB3TLKCLK',1,'A',NULL,NULL),(101,'Lars','Bullinger','lars.bullinger@childrens.harvard.edu','617-919-2510','2016-05-12 19:55:00','2016-05-12 19:55:00','lars.bulling','$2a$04$bdRRT7.sgXvywsdVasWIeugXbUh.FPzTXjNKl1ZumzhvX94IkXLsG',32,'A',NULL,NULL),(102,'Jeeyun','Lee','jyunlee@skku.edu','-4367','2016-05-12 19:55:00','2016-05-12 19:55:00','taro111','$2a$04$mKJX3mpy4ns4JppBzIOpl.zmcWlHwYwTZbKVbeAlZnRPNOiKyZMpW',23,'A',NULL,NULL),(103,'Frank','Kuo','fkuo@partners.org','1-857-307-1534','2016-05-12 19:55:00','2016-05-12 19:55:00','fkuo','$2a$04$jwSAt900LQ9ggj5pK8DX7.egWFD3Y/O14saNRx14yj5P3bb5bNjia',16,'A',NULL,NULL),(104,'Sushruta','Nagarkatti','snagarkatti@partners.org','6177266192','2016-05-12 19:55:00','2016-05-12 19:55:00','sn881','$2a$04$HIn5GsAsmh6fJPLtUHnG4eEqE/vT5o9Kla7Xo1qHz7p4b5014QbbO',24,'A',NULL,NULL),(105,'Jesse','Boehm','boehm@broadinstitute.org','617-714-7494','2016-05-12 19:55:00','2016-05-12 19:55:00','jboehm','$2a$04$rRp.16330AgpmiF.G9QW8.pxQaxFATclyW.GWNMvMltfIZWvETJ.u',2,'A',NULL,NULL),(106,'Jeffrey','Mito','jeffrey.mito@duke.edu','919-681-8683','2016-05-12 19:55:00','2016-05-12 19:55:00','jmito','$2a$04$OpQQpohsXNbvta4HGHB29uUmJHgZGquXr2NkKZ3MEOlqs9DR/vCZq',26,'A',NULL,NULL),(107,'Nikhil','Wagle','nwagle@partners.org','617 596-3957','2016-05-12 19:55:00','2016-05-12 19:55:00','nwagle','$2a$04$kzHC3apiDbGW0z8/KYsy9.QVFmXykrV38h5dOdCYfRgFHnnau2f6y',1,'A',NULL,NULL),(108,'Robert','Jones','RobertT_Jones@dfci.harvard.edu','6176325950','2016-05-12 19:55:00','2016-05-12 19:55:00','rj956','$2a$04$Ed95cMC9Cu0oatjeGeDOKOe.CrpkPe4Tlv8ADLW9APzVdR8hCNk7a',1,'A',NULL,NULL),(109,'Yariv','Houvras','yhouvras@enders.tch.harvard.edu','(617) 919-2074','2016-05-12 19:55:00','2016-05-12 19:55:00','yhouvras','$2a$04$ONkWrNwVacAgQGVakQJKkOBDGM7dbxUWSTTl/j62QdFdei2qr7Ulq',32,'A',NULL,NULL),(110,'Amity','Manning','almanning@partners.org','857-526-1728','2016-05-12 19:55:00','2016-05-12 19:55:00','almanning','$2a$04$HbMlWsTxIDgZXESoRxOYQe9ZnYP/Z1hPs6H2SMWt1CXOFH3FrVbxq',24,'A',NULL,NULL),(111,'Katherine','Dunn','katherine_dunn@dfci.harvard.edu','617-955-3417','2016-05-12 19:55:00','2016-05-12 19:55:00','kdunn','$2a$04$xWkKNL8akjEVL.dpWAiqBOHs4yTw7W/uu0iR6lhmQ99AhNaKi0HMG',1,'A',NULL,NULL),(112,'James','DeCaprio','james_decaprio@dfci.harvard.edu','617 632-3825','2016-05-12 19:55:00','2016-05-12 19:55:00','jd017','$2a$04$8kJZ5x/hvihh97FbRiSNG.DKH.dHc4UUTKuOXGX.um19qLRvIWuSG',1,'A',NULL,NULL),(113,'Shamini','Selvarajah','Shamini_Selvarajah@dfci.harvard.edu','6174558513','2016-05-12 19:55:00','2016-05-12 19:55:00','shamini','$2a$04$NZgW4quczxwSw/D72jGwTe9MMCIuu1Z0sZ1/gQb2sGD5oFoOHz362',1,'A',NULL,NULL),(114,'Nina','Lin','nhlin@partners.org','617-768-8479','2016-05-12 19:55:00','2016-05-12 19:55:00','ninalin','$2a$04$QdEYW10e2Zh4UjZlTlMOPe1VMUK0fI/aT1uggzSnaWDRnnMKWe81G',30,'A',NULL,NULL),(116,'Ann','Mullally','amullally@partners.org','6173559091','2016-05-12 19:55:00','2016-05-12 19:55:00','amullal','$2a$04$qv0qMIR1Uzbu43YDqqsqAOga4vNmxMZbt.WP.stish48QTFuiUEaC',16,'A',NULL,NULL),(117,'Eva','Hernando','eva.hernando@med.nyu.edu','1-212-263 9054','2016-05-12 19:55:00','2016-05-12 19:55:00','hernandoeva','$2a$04$tGfhSIATPWuSvB.RQ0K2uOjA.wXGEC7bH1EkTo/garklZMaNWIUR2',31,'A',NULL,NULL),(119,'Antoni','Ribas','evoneuw@mednet.ucla.edu','310-983-1262','2016-05-12 19:55:00','2016-05-12 19:55:00','oncomap3','$2a$04$weR1QP5pBxTSc1CFEs1JRO8KG127TkhKrFhB9Vxuug0WZwZTk0bLG',7,'A',NULL,NULL),(120,'Monica','Calicchio','monica.calicchio@childrens.harvard.edu','617.919.2495','2016-05-12 19:55:00','2016-05-12 19:55:00','mlcalicchio','$2a$04$0Z2P1axT1yEUPX8Aqk2LA.4CIeu8tndl/o5/o0QxbpIF1wwetoMuO',32,'A',NULL,NULL),(121,'Sandra','Kirley','skirley@partners.org','617-726-8480','2016-05-12 19:55:00','2016-05-12 19:55:00','sdk3','$2a$04$uNRkxBbZOSuJzps8eVaGDennRj8XWAUlzKWbVQqXhx/FjSTuZEeSi',24,'A',NULL,NULL),(122,'Eejung','Kim','eejung_kim@dfci.harvard.edu','22383','2016-05-12 19:55:00','2016-05-12 19:55:00','ek831','$2a$04$xMNnlDo2Cjhen6P2SQ42fOf4N8mLkt3gJzWWzG/K0QbT2wULggVG2',1,'A',NULL,NULL),(123,'Matt','Ducar','MatthewD_Ducar@DFCI.HARVARD.EDU','','2016-05-12 19:55:00','2016-05-12 19:55:00','mducar','$2a$04$XKS.q3DH8y3ZsMme4tdIv.E2cBQ.NtfrHGVAStk2jg99wCZFKYy.C',1,'A',NULL,NULL),(124,'Brian','Crompton','brian.crompton@childrens.harvard.edu','617-582-8553','2016-05-12 19:55:00','2016-05-12 19:55:00','bcrompton','$2a$04$QZxj8Veda8WpoTlbF4kDwu2pVMUsJ0VZRAFPBOk50IWwi.hnZEb7u',1,'A',NULL,NULL),(125,'Chin-Lee','Wu','CWU2@PARTNERS.ORG','617-726-8454','2016-05-12 19:55:00','2016-05-12 19:55:00','ChinLee','$2a$04$2XigYkBjhxYqCQjFt7P.A.t6GjE9av2KkS5yPHSwHuNIz3JQ3Wjza',24,'A',NULL,NULL),(126,'Meghan','Comeau','comeau.meghan@dfci.harvard.edu','9785058544','2016-05-12 19:55:00','2016-05-12 19:55:00','nc869','$2a$04$Td4nNg5zq5L9gqnMmZzCTe43MMjimrIvX3priLftAclxub9l9utk6',1,'I',NULL,NULL),(127,'Madhuri','Koti','madhurikoti@gmail.com','613-5332000 x 79055','2016-05-12 19:55:00','2016-05-12 19:55:00','jeremysquire','$2a$04$fhUqJhLoMILM1LzyWFBk/OQNK24kYKnqTMAphdXmPn/0CxE8VOgP.',33,'A',NULL,NULL),(128,'Youngwook','Kim','young_w_.kim@sbri.co.kr','82-2-2148-7349','2016-05-12 19:55:00','2016-05-12 19:55:00','Youngwook.Ki','$2a$04$g9O2M6RwNSL1FE.yPtigoONgxZHK.M4MrrIuDnedh0uz9jagTmik2',23,'A',NULL,NULL),(129,'Youngwook','Kim','qedos@hotmail.com','82-2-2148-7349','2016-05-12 19:55:00','2016-05-12 19:55:00','Youngwook.Ki','$2a$04$EJ4eTmSd7a0ybkkslLrNieYfLDds7QbIz6gFujdt/TGa.eEMPLpQK',23,'A',NULL,NULL),(130,'shamini','selvarajah','sselvarajah@partners.org','6174558513','2016-05-12 19:55:00','2016-05-12 19:55:00','shamrose','$2a$04$GD0eY1QiD4W4qU38PfMWC.REVyVHoDNoQgQyJTQK0sAy64G9gNtWG',16,'A',NULL,NULL),(132,'Stephen','Mok','smok@mednet.ucla.edu','3108252676','2016-05-12 19:55:00','2016-05-12 19:55:00','ribaslab','$2a$04$XcQzraO68yP5lFni5VNTaespfsUunNJKc2Wkd0Nh1ety2cfk3M2eW',7,'A',NULL,NULL),(133,'Jingwei','Cheng','jingwei_cheng@dfci.harvard.edu','617-632-4797','2016-05-12 19:55:00','2016-05-12 19:55:00','JC221','$2a$04$I0Kdng/dxjOVGPys05wHMeRxpHjv0d/TBekoWStBI1Drukm1UoWie',1,'A',NULL,NULL),(134,'Mark','Kieran','mark_kieran@dfci.harvard.edu','(617) 632-4907','2016-05-12 19:55:00','2016-05-12 19:55:00','mwk0','$2a$04$kl81o6akYy2JkON08OyTOOPyI9VKHDzz.BeMdZGXTNcR/PDa2Ggbe',1,'A',NULL,NULL),(135,'Matt','Theisen','matthewa_theisen@dfci.harvard.edu','6175828767','2016-05-12 19:55:00','2016-05-12 19:55:00','matheisen','$2a$04$eNIGTn2vSLju6UFWdZ/Fwue0t/FHWr.0a/Gs/8HTidRIYebKs9U6m',1,'A',NULL,NULL),(136,'Carmen','Priolo','carmen__priolo@dfci.harvard.edu','6176326461','2016-05-12 19:55:00','2016-05-12 19:55:00','CPriolo','$2a$04$Et5gahZj6SycDTyTTZHgLOjDdZsVY7m8MTDDqyCzDSa3nAlaP4.g6',1,'A',NULL,NULL),(137,'Paul','VanHummelen','paul_vanhummelen@dfci.harvard.edu','','2016-05-12 19:55:00','2016-05-12 19:55:00','paulvan','$2a$04$PfCAX4V/xUGm3gevPyTzOuspxQzYYILod/BBTqVViB2lRdamkcQ.m',1,'A',NULL,NULL),(138,'John','Keilty','john.keilty@infi.com','617-453-1000','2016-05-12 19:55:00','2016-05-12 19:55:00','jkeilty','$2a$04$UFTiOXzQTShjzCTH/YICA.hqo64P.KJ5RgbUv60nsej5ehJVOfwia',35,'A',NULL,NULL),(139,'Jennifer','Brown','jbrown2@partners.org','617-632-4894','2016-05-12 19:55:00','2016-05-12 19:55:00','jb916','$2a$04$jg8r/p1iQ2iyO69ZCepA3.NEaPcuAjwLbNLom0xpJ32SHkMuxwpnS',1,'A',NULL,NULL),(140,'Alexi','Wright','alexi_wright@dfci.harvard.edu','617-632-3547','2016-05-12 19:55:00','2016-05-12 19:55:00','alexiwright','$2a$04$Xt35nMU/ZdPCc.PxlccxNemukzNWjU/TnI9/4aQcPv/yWvG.F0s7i',1,'A',NULL,NULL),(141,'Filipe','Martins','filipe_martins@dfci.harvard.edu','6175828073','2016-05-12 19:55:00','2016-05-12 19:55:00','filipecorrei','$2a$04$6F/iNsgafRcyF/4mNq8qw.GbO460Gjhm6vm5.SXgLPqBvI1QzshSq',1,'A',NULL,NULL),(142,'Xiangqing','Yang','xiangqing_yang@dfci.harvard.edu','(617)582-8803','2016-05-12 19:55:00','2016-05-12 19:55:00','xyang','$2a$04$Y/Li0XF89QVhiBYd6yYPZe75RW5LPpbPxnZNEhZYlR8GsKpek90tu',1,'A',NULL,NULL),(143,'Xiangqing','Yang','xiangqingy@gmail.com','(617)582-8803','2016-05-12 19:55:00','2016-05-12 19:55:00','xyang126','$2a$04$2zSIGq9sE347cJ65aq3fBeUlLxLfbnWquFcsOxwLPDMh7wAU9T2Aq',1,'A',NULL,NULL),(144,'Daniel','Auclair','dauclair@broadinstitute.org','617-714-8644','2016-05-12 19:55:00','2016-05-12 19:55:00','auclaird','$2a$04$FltHhKgtNq2Z3BxRHcnpNuRM6dm8onEM8tNttKWU1RtNv53pBi9gy',2,'A',NULL,NULL),(145,'Elizabeth','Garcia','egarcia7@partners.org','','2016-05-12 19:55:00','2016-05-12 19:55:00','eg804','$2a$04$H3cMvgQvttKyVDW3v3oykuUonSfm5noJcnDexwRi4Ad6DpQkTnIbm',16,'A',NULL,NULL),(146,'Victoria','Brown','vebrown@partners.org','617 525 3168','2016-05-12 19:55:00','2016-05-12 19:55:00','vbrown88','$2a$04$1Wks5r68pEMTk8wfei7TouHK17UFgKU3uznv1wo5ZbL2aTtvbORVa',16,'A',NULL,NULL),(147,'Lan','Hu','lanhu@jimmy.harvard.edu','','2016-05-12 19:55:00','2016-05-12 19:55:00','hulan','$2a$04$8jGyKDnwoCjP4URcwkgmce35JeOr9Yn/NrLP4PJudxcb0dOswMDle',1,'A',NULL,NULL),(148,'Jacek','Wardzala','jacek_wardzala@gmail.com','617 632 2204','2016-05-12 19:55:00','2016-05-12 19:55:00','jw500','$2a$04$GPMAXYp0bdEP3ItZTe2ZtuLoqGqMEHJCiUcSDUhKdQxL.ZTy.ITWK',1,'A',NULL,NULL),(150,'Efi','Kokkotou','kthall@bidmc.harvard.edu','617 818 2111','2016-05-12 19:55:00','2016-05-12 19:55:00','kthall','$2a$04$0P38RXsnEWaMU4uEGXf0/uHx./vt2OzZCbb3YuRTGneLMSevHJdba',36,'A',NULL,NULL),(152,'Joonil','Jung','joonilj@broadinstitute.org','617-714-7579','2016-05-12 19:55:00','2016-05-12 19:55:00','joonilj','$2a$04$xlB3fHmB338jIZLeTt7lke5NVoDJhAv64LtskMpJn3rzxurssKUEa',2,'A',NULL,NULL),(153,'Kin','Yu','kin.yu@sanofi-aventis.com','6176654222','2016-05-12 19:55:00','2016-05-12 19:55:00','ktysaoncobu','$2a$04$gkuuONB/5CWYAzWczrw7yOxSjVAutICeGe7bZJG1JmKuh5QdpENPa',38,'A',NULL,NULL),(154,'Ravali','Adusumilli','ravali_adusumilli@dfci.harvard.edu','','2016-05-12 19:55:00','2016-05-12 19:55:00','ravali','$2a$04$k/UaW8GhV6NaoCdYUoGU7ueFCp4b11Hbm5M1AeO8nfloO0u1D8zDG',1,'A',NULL,NULL),(155,'Edward','Stack','edward_stack@dfci.harvard.edu','7818373367','2016-05-12 19:55:00','2016-05-12 19:55:00','ecstack','$2a$04$rdIjOXq4qbzyi2qa.RYFuuTlgezaVIT5QTqa..XLWeqaeEoxdZDle',1,'A',NULL,NULL),(156,'Scott','Swanson','sjswanson@partners.org','6175257532','2016-05-12 19:55:00','2016-05-12 19:55:00','SJS','$2a$04$Xc9BpgLBNtw8r68ukBhhM.y1FXTqh7Dsiu07NoYmK.TeEvfs09IH2',16,'A',NULL,NULL),(157,'Jeff','DeFrank','jeff_defrank@dfci.harvard.edu','Feb-64','2016-05-12 19:55:00','2016-05-12 19:55:00','JSD1','$2a$04$14unAMupacivgC.XfMcI9uQR7qQdNzZIetuS3UI4/bACmSdyPMt9.',1,'A',NULL,NULL),(158,'Alex','Huang','alex.huang@sanofi-aventis.com','617-665-4221','2016-05-12 19:55:00','2016-05-12 19:55:00','i0138401','$2a$04$FsYhUL/VuLzF/s6dTl782On07EXiwl1mNHZlpvcEAbCSi/C9WRNFW',38,'A',NULL,NULL),(159,'ruchi','joshi','rjoshi1@partners.org','','2016-05-12 19:55:00','2016-05-12 19:55:00','rjoshi','$2a$04$3Rhb2NTkJV2VAtFNmyEqWOvHJj0RN22ZVu85rFX4M1k1YYruMLBQq',16,'A',NULL,NULL),(160,'Adri','Mills','adri_mills@dfci.harvard.edu','607-229-9054','2016-05-12 19:55:00','2016-05-12 19:55:00','am20','$2a$04$whxPJz5Rb1lS1oGMF7/w5uS/RzZCWxbz4bv/Ww.0tGN3gjVUNIkw6',1,'I',NULL,NULL),(161,'Priscilla','Brastianos','pbrastianos@partners.org','617-632-2199','2016-05-12 19:55:00','2016-05-12 19:55:00','brastianos','$2a$04$.ophmOjmjGAuj0w6wUTzjeeAFc0fMcC7pQCQ7eSRif6QLh63PfIQS',1,'A',NULL,NULL),(164,'Takeshi','Shimamura','takeshi_shimamura@dfci.harvard.edu','617-582-7644','2016-05-12 19:55:00','2016-05-12 19:55:00','tshimamura','$2a$04$aEmdIlHeHbm4rNix4W7TleMjltAi13nju17dVrfVCPo4EKoSrfrhG',1,'A',NULL,NULL),(165,'Brenton','Mar','brenton.mar@childrens.harvard.edu','617-632-4689','2016-05-12 19:55:00','2016-05-12 19:55:00','brentonmar','$2a$04$VlZRu0jTyHOD.d7/nzs8aO2NRo92L/TSIVBLhBFkW.zaNm1w0lV/S',1,'A',NULL,NULL),(167,'Rameen','Beroukhim','rameen@broadinstitute.org','617-582-7941','2016-05-12 19:55:00','2016-05-12 19:55:00','rameen','$2a$04$FrjFaTmOvelYdXocRU43oeyjAr5bL6blZk85OXn4B.A.zNLZw40zK',1,'A',NULL,NULL),(168,'Youngha','Kim','youngha_kim@dfci.harvard.edu','617-582-4132','2016-05-12 19:55:00','2016-05-12 19:55:00','CMR','$2a$04$XiZzth1Zr8gYVA1nZxe09uSx8hpxQRE.TwQZfcT1NYwMLyY6SQyW2',1,'A',NULL,NULL),(169,'Andrea','Myers','apmyers@partners.org','650-714-5706','2016-05-12 19:55:00','2016-05-12 19:55:00','apmyers','$2a$04$JAAXk5UXfxVKOiIY0GGyZ.97qSir6U/mWzpqbArNm.NJ5gxIB1qhK',40,'A',NULL,NULL),(171,'Ashwini','Sunkavalli','ashwini_sunkavalli@dfci.harvard.edu','6176326439','2016-05-12 19:55:00','2016-05-12 19:55:00','az975','$2a$04$Dy14BFZbHLr8Ckf62uCS8OmZLXa52vum6/XHIuxXEXpr83VomIQ32',1,'A',NULL,NULL),(172,'Coren','Milbury','coren_milbury@dfci.harvard.edu','617-632-4120','2016-05-12 19:55:00','2016-05-12 19:55:00','cmilbury','$2a$04$kYXkfWkWpQ9xWYVhpFYPOeLSu.4wSnSwYsDFD4T0ze02ZVjQLx3tS',1,'A',NULL,NULL),(173,'Sung-Min','Chun','alsl1000@hanmail.net','8.21034E+11','2016-05-12 19:55:00','2016-05-12 19:55:00','tez','$2a$04$/vHBfEy7KLb7cqqr6.gN0ehjCciGxWfuYv64pN6ljQ.QcIL/G0KTi',1,'A',NULL,NULL),(174,'Josh','Francis','joshua_francis@dfci.harvard.edu','617-714-7586','2016-05-12 19:55:01','2016-05-12 19:55:01','jmf83','$2a$04$21z1UHk5oviHkgl8V0hxSuCVr3GhkuwBlz5YYEoh4E/oAWm7m0BeO',1,'A',NULL,NULL),(175,'Sung-Min','Chun','smchun@amc.seoul.kr','82230105999','2016-05-12 19:55:01','2016-05-12 19:55:01','alsl1000','$2a$04$avDlVsPfQx0V5/WqmEQYZuzzzddh1mCvkE1zlw.VagLmyqDrfxu8u',1,'A',NULL,NULL),(176,'Steven','Bair','stevenm_bair@dfci.harvard.edu','6176324610','2016-05-12 19:55:01','2016-05-12 19:55:01','sb670','$2a$04$/D8BgYytmW5QcFAJHQqtj.oNXzW4UuohGpz.sUfTYP3C4HpYXDX6e',1,'A',NULL,NULL),(177,'Alex','Kentsis','alex.kentsis@childrens.harvard.edu','6176324130','2016-05-12 19:55:01','2016-05-12 19:55:01','kentsis','$2a$04$G85b/YPYb1NU2GDroteoN.h2vdY4b2ZeKR78msqTSPRHwsQ0wrwNu',32,'A',NULL,NULL),(178,'Sewanti','Limaye','slimaye@partners.org','617-632-3090','2016-05-12 19:55:01','2016-05-12 19:55:01','sl113','$2a$04$yhqHCoWAXDKPJ/Fczj1cTeuqJLFs8FYnZMMwm54hmaWZd2N5YRtIe',16,'A',NULL,NULL),(179,'SARA','TOLANEY','stolaney@partners.org','617-632-5743','2016-05-12 19:55:01','2016-05-12 19:55:01','stolaney','$2a$04$HZPZX8yQyVBYxcyAezdb6eVWfdKUwNgAXDz55GsLXvW4VN04sCMg.',1,'A',NULL,NULL),(180,'Bjoern','Chapuy','Bjoern_Chapuy@dfci.harvard.edu','1(617)6323881','2016-05-12 19:55:01','2016-05-12 19:55:01','bchapuy','$2a$04$bHq4oVhSR9qHiOprZkuHwef4.HQ0JFGarnoyv89YY3TNtR4iVLjBm',1,'A',NULL,NULL),(182,'Peleg','Horowitz','phorowitz@partners.org','773-480-5987','2016-05-12 19:55:01','2016-05-12 19:55:01','horowitz','$2a$04$Z0cBr4/YVBNFZncyMKVis.bDpx6Xgi8/hC.2lm09XpcQlCTHazWNC',2,'A',NULL,NULL),(183,'Brian','Goodman','bmgoodman@partners.org','617-525-6784','2016-05-12 19:55:01','2016-05-12 19:55:01','bmgoodman','$2a$04$wOIxZ.zV6mZhYO1H34dC/u9XhPhVqvOjIMCMY9TaTs.a4s5CF9O1O',16,'A',NULL,NULL),(184,'Sandro','Santagata','ssantagata@partners.org','617-732-7532','2016-05-12 19:55:01','2016-05-12 19:55:01','santas01','$2a$04$.N4l17A1hf.szyiK05oZLOqNUcem0ulEZVbvXkanWOJdaUN4o8D.i',16,'A',NULL,NULL),(185,'Oliver','Weigert','oliver_weigert@dfci.harvard.edu','617-582-8868','2016-05-12 19:55:01','2016-05-12 19:55:01','oweigert','$2a$04$Ry/EL1GQFD2p./kWBBcZzORuT3FmEbfTFJXJmXfL363N5F2fTXjFy',1,'A',NULL,NULL),(186,'David','Hsu','hsu00018@dm.duke.edu','919-684-1739','2016-05-12 19:55:01','2016-05-12 19:55:01','swdhsu','$2a$04$p5nD/3zmfq0mM2/WegOHkuuwDuF6V1.o/vT4QAIf5hTT2jG8pPvUS',44,'A',NULL,NULL),(188,'Joshua','Uronis','ju12@duke.edu','+1 919 684 1591','2016-05-12 19:55:01','2016-05-12 19:55:01','hsulab','$2a$04$qlFROJiXXzoD5HePyRZC0eD7mrD63Yp.W3r.enVVqTWs1Ph07pOnO',44,'A',NULL,NULL),(215,'Xuesong','Zhao','xuesong_zhao@dfci.harvard.edu','617 632 6174','2016-05-12 19:55:01','2016-05-12 19:55:01','snowpine','$2a$04$MwXKFQTCWTY1AXLMtCgALuYQiqXZZxnsHMTehXVCHomSZ.ESGe.J.',1,'A',NULL,NULL),(216,'YF','Wong','yfwong@partners.org','6172780196','2016-05-12 19:55:01','2016-05-12 19:55:01','yfwong','$2a$04$53PPhDaN0d5Lb5xLvZvM..V55qaPCj6bvOdyYaP8eK3ypPZ1InrLC',16,'A',NULL,NULL),(217,'Aymen','Elfiky','Aymen_Elfiky@dfci.harvard.edu','617-632-5456','2016-05-12 19:55:01','2016-05-12 19:55:01','ae955','$2a$04$YiGq5awa.lOlkT8ZtDXIg.503Bp2T/eI36NMHm.m9IMq/4EiWWaBe',1,'A',NULL,NULL),(218,'Simone','Hettmer','simone_hettmer@dfci.harvard.edu','617 632-4550','2016-05-12 19:55:01','2016-05-12 19:55:01','Wagerslab','$2a$04$FK3tqAnR7BCRZCuBoH7s1OF3gy.YDaljhSXUh68VCY2dUSjoMRfcS',1,'A',NULL,NULL),(219,'Constantine','Mitsiades','constantine_mitsiades@dfci.harvard.edu','617-632-1962','2016-05-12 19:55:01','2016-05-12 19:55:01','cmitsiades','$2a$04$BHTfxIxEHxIprvKdyDdQ1eI4K1RE/wFSC942tAewzuiaFT7PsYL4G',1,'A',NULL,NULL),(220,'Louise','Koopman','louise_koopman@dfci.harvard.edu','617-632-6922','2016-05-12 19:55:01','2016-05-12 19:55:01','lkoopman','$2a$04$/iqWuBMzvUiYn7Ih/QCyc.vGCHVawLSQGwESDJ.gb41Hj.qQjifCi',48,'A',NULL,NULL),(221,'David','Weinstock','dweinstock@partners.org','24245','2016-05-12 19:55:01','2016-05-12 19:55:01','weinstod','$2a$04$3BGm48VMzMw6HYOEgzSXKOFGOjbt6jhuld.Ud8J.LRZtZqbubExDq',1,'A',NULL,NULL),(224,'Heidi','Greulich','heidig@broadinstitute.org','617-714-7475','2016-05-12 19:55:01','2016-05-12 19:55:01','heidigreulic','$2a$04$8RS7UNrlnfEES6o3RdqLb.lDyrJ.P5FSoEZiEJwCN0Lwn64zhs.4G',1,'A',NULL,NULL),(225,'Catriona','Hayes','catrionaa_hayes@dfci.harvard.edu','6175829895','2016-05-12 19:55:01','2016-05-12 19:55:01','cathayes','$2a$04$YEs08AGuYkHw3X5WqyT6JuWmaNDLwcewxU826k3Jb5Cdy10UV79JG',1,'A',NULL,NULL),(226,'Gerburg','Wulf','gwulf@bidmc.harvard.edu','617 331 7772','2016-05-12 19:55:01','2016-05-12 19:55:01','gwulf','$2a$04$Kr0ltEo52BKfI0QsYqgmAufB34sM60lgQzMFmmagCJa7/1alXCIuy',14,'A',NULL,NULL),(227,'Carmelo','Nucera','carmnuce@libero.it','617-599-0515','2016-05-12 19:55:01','2016-05-12 19:55:01','carmnuce','$2a$04$CP9BtmR2bVkL26dqBOLfo.EAqmxNTPqXgcYnGZ643CCzGryR.BPJG',51,'A',NULL,NULL),(228,'Claudius','Conrad','cconrad@partners.org','617-726-2000 pager 1','2016-05-12 19:55:01','2016-05-12 19:55:01','cconrad','$2a$04$S/R6s4Op9x6uXR0wU.adduqignxRQFhw4sgmd158nBJ27ACiMR0fu',24,'A',NULL,NULL),(229,'Larissa','Lee','llee@lroc.harvard.edu','617 331-9665','2016-05-12 19:55:01','2016-05-12 19:55:01','ljl14','$2a$04$RWv1nGA13pILjtqhpbmgMugMWaZs2nlHbdNicqWVKzKtGcsRwGZmS',16,'A',NULL,NULL),(230,'Megan','Lampron','Megan_Lampron@dfci.harvard.edu','617-632-5914','2016-05-12 19:55:01','2016-05-12 19:55:01','mel89','$2a$04$0VW5vh2xcIWF0uLnx.4GXOjtNH2Ctyglfpr3glNXRWK5pVxZtsPGK',1,'A',NULL,NULL),(231,'David','Kozono','dkozono@lroc.harvard.edu','617-582-8237','2016-05-12 19:55:01','2016-05-12 19:55:01','dkozono','$2a$04$MfNIogocB8lHeILLXCKQH.v5LdahHIL0wnXr6U0LnRkOSUOom8Qh6',52,'A',NULL,NULL),(232,'Sushma','Gurumurthy','sguru0@gmail.com','617-582-6598','2016-05-12 19:55:01','2016-05-12 19:55:01','sushguru','$2a$04$Y9AGo8P4w7.c4jbfHcr0r.9G8/kdN0f/SVX/3sewDQTIcMoKfepbi',53,'A',NULL,NULL),(233,'Laura','Schubert','laura_schubert@dfci.harvard.edu','6176326688','2016-05-12 19:55:01','2016-05-12 19:55:01','ls298','$2a$04$PEnXxNjadSqgA1SMp7iJbORHhSNYsy4Vt0BZ0RMPd5sUXh19WBzdG',52,'A',NULL,NULL),(234,'franklin','huang','fwhuang@partners.org','6175555555','2016-05-12 19:55:01','2016-05-12 19:55:01','fhuang','$2a$04$p2ex5y86ITnrxCQznYVmzePALDz1c.UTci4b8jZBjEfHNDqO5b1Lm',52,'A',NULL,NULL),(235,'himabindu','ramachandrareddy','himabindu_ramachandrareddy@dfci.harvard.edu','617-632-4749','2016-05-12 19:55:01','2016-05-12 19:55:01','bindubcl6','$2a$04$OrIBj3IKWyOBaJDiOANaJehvODZbXtjyRrLIIQOLKd/loZpNUKRTC',1,'A',NULL,NULL),(237,'Yuji','Mishima','yuji_mishima@dfci.harvard.edu','617-582-8535','2016-05-12 19:55:01','2016-05-12 19:55:01','yuji_mishima','$2a$04$c2jo0SaGmX7grq57FxtrFOp4pwiyOOhtxmLv62pLzRO/lLfZrAC26',53,'A',NULL,NULL),(238,'Shakti','Ramkissoon','sramkissoon@partners.org','617-582-8767','2016-05-12 19:55:01','2016-05-12 19:55:01','Shak2012','$2a$04$yztjZGHlc7gdB5OkvwBPN.y3rr6Ni1m4z1aAumS4KOHLAmSiLfSMO',52,'A',NULL,NULL),(239,'Kevin','Elias','kelias1@partners.org','6154280480','2016-05-12 19:55:01','2016-05-12 19:55:01','kevinelias','$2a$04$3S7LTkxrfQEdP1Mq/SboAukS1AxHXJi2MXgyOHSfb49DMQ.2okeaC',54,'A',NULL,NULL),(240,'David','Barbie','dbarbie@partners.org','617-632-3614','2016-05-12 19:55:01','2016-05-12 19:55:01','dbarbie','$2a$04$u6zuO0HNN0jB62dlNmj1vekaab1CdUPE.Ja8/jnFtbimqCSQzGmsW',1,'A',NULL,NULL),(242,'Michael','DiGiovanni','mjdigiovanni@beckman.com','978-204-3110','2016-05-12 19:55:01','2016-05-12 19:55:01','Michael','$2a$04$TavuMI6T0H8ty1RXoeX9A.LVoq08g/MpxnT45RMnxnbjfMlqer3w6',55,'A',NULL,NULL),(243,'Eva','Goetz','evam_goetz@dfci.harvard.edu','214-478-9836','2016-05-12 19:55:01','2016-05-12 19:55:01','evagoetz','$2a$04$76iF/tq8i3yHD7AVOARuzOt913Eyj9qUPy7ubnSDA3r42az0IWyHy',52,'A',NULL,NULL),(244,'Jonathan','Wasserman','jonathan.wasserman@sickkids.ca','4168137654x28949','2016-05-12 19:55:01','2016-05-12 19:55:01','jdwass','$2a$04$QmxxlCb9UdYtW1hC1fuwUuZ..m6Q8ac0etW4.FfuJ8iY84IkXNEUG',56,'A',NULL,NULL),(245,'Adam','Bass','adam_bass@dfci.harvard.edu','617-407-9275','2016-05-12 19:55:01','2016-05-12 19:55:01','ajb12','$2a$04$sUxzyfAmCW7EbxUUTQMx5eCVUXY/J8g0d8eWuZiJqmwr0ZWEZVk6W',52,'A',NULL,NULL),(246,'Anna','Cooley','AnnaC_Cooley@DFCI.HARVARD.EDU','617 58-28643','2016-05-12 19:55:01','2016-05-12 19:55:01','cooleya','$2a$04$U2rz8qaD1PZHmcRfFLU8SOeJNHvP8PmButsLEznnBC8TxqvMmHOU2',52,'A',NULL,NULL),(247,'Rhamy','Zeid','rhamyzeid@fas.harvard.edu','617-632-4658','2016-05-12 19:55:01','2016-05-12 19:55:01','rz042','$2a$04$2IFHaE4yjKvUdbeFw97lTeeubU0xZmFnFrGOkp7exlYvEef/Wo16K',57,'P',NULL,NULL),(249,'Brenton','Paolella','brenton_paolella@dfci.harvard.edu','(617) 582-7948','2016-05-12 19:55:01','2016-05-12 19:55:01','snomiester','$2a$04$VsrO4zjlv.tOiAjMJAr3uOjY7Gr6iMi0l.cligpnhcI6pp9/FroP6',52,'P',NULL,NULL),(250,'Aaron','Thorner','Aaron_Thorner@dfci.harvard.edu','27253','2016-05-12 19:55:01','2016-05-12 19:55:01','athorner','$2a$04$w9kjFHcIR7eVjwJK.z0S9OEmT0ot9lEHUaSRXp3sHFMy9JiJL5lk.',52,'A',NULL,NULL),(251,'Geoffrey','Oxnard','goxnard@partners.org','617-632-6049','2016-05-12 19:55:01','2016-05-12 19:55:01','gro4','$2a$04$ZfOCUd1jYS/OmE3krqlSZe02Z/Spc5Xk6yHYwLqkvUO2d7WRiLLMm',1,'A',NULL,NULL),(252,'Joyce','Liu','joyce_liu@dfci.harvard.edu','617-632-5269','2016-05-12 19:55:01','2016-05-12 19:55:01','joyceliu','$2a$04$osnkEKr.S5S0U7IuUIQoZOjpytQeWDhF/MCv3cB5Y4qOklc2pm6x2',1,'A',NULL,NULL),(253,'Rachel','Liao','rienstra@broadinstitute.org','6177147557','2016-05-12 19:55:01','2016-05-12 19:55:01','rliao','$2a$04$xyQc1dDLUPocDnvl3fZ1kO.kpVwf4vvegFQEsF8fRI4zh4KjBchuG',58,'A',NULL,NULL),(254,'Adri','Mills','aamills@gmail.com','123-456-7890','2016-05-12 19:55:01','2016-05-12 19:55:01','am20b','$2a$04$/eOnEhhLTiVDl9Fj5qZPRuJAJX9Je.1xWTU.S/UtYzhkxX1a1OKe6',52,'I',NULL,NULL),(255,'Hauke','Cornils','hauke_cornils@dfci.harvard.edu','617-632-4343','2016-05-12 19:55:01','2016-05-12 19:55:01','hauke_cornil','$2a$04$HoafCRWwotuv1Ud.uP5dqej3KWoLqfRwdNdxrGukqjQYWg7Cou5Yu',53,'A',NULL,NULL),(256,'Emanuele','Palescandolo','epalesca@its.jnj.com','3214604741','2016-05-12 19:55:01','2016-05-12 19:55:01','epalesca','$2a$04$qBQ0EOZ1LOD2II7naeFUPOBk/H9pcD8XOaAFzs1c7h70kLDXQ9GFu',59,'A',NULL,NULL),(257,'Kathleen','Yates','kathleen_yates@dfci.harvard.edu','617-582-8874','2016-05-12 19:55:01','2016-05-12 19:55:01','kb686','$2a$04$a4FmmsIEPi7aSqfUraO3Re991KLTE.LCPy8MXl0dRaYuFUaHCIZU.',1,'A',NULL,NULL),(258,'Ami','Bhatt','asbhatt@broadinstitute.org','617-714-7559','2016-05-12 19:55:01','2016-05-12 19:55:01','asbhatt','$2a$04$4mezpMt2eFCdbXegR0Qdcu9GK1i5QUYjJx.mZSkLsbVwK4BQB2yES',52,'A',NULL,NULL),(259,'Alejandro','Gutierrez','alejandro.gutierrez@childrens.harvard.edu','617-919-3660','2016-05-12 19:55:01','2016-05-12 19:55:01','alejandro.gu','$2a$04$C5N2lyGWIJxvaji5a/EbA.AUnWU17dwQ5yznvYuik22JWXjJ66kRG',60,'A',NULL,NULL),(260,'Prakash','Rao','prakash_rao@dfci.harvard.edu','617 582 9813','2016-05-12 19:55:01','2016-05-12 19:55:01','prakashrao','$2a$04$ZCeUqeFfClRWGdg9/Z72VOC2talJc47F64ukoyZSfGlxL.iigj1wC',53,'A',NULL,NULL),(261,'Jeffrey','Sorrell','jeffrey_sorrell@dfci.harvard.edu','617-632-1952','2016-05-12 19:55:01','2016-05-12 19:55:01','jds53','$2a$04$2DLmbBJz5t7sEodovXG29ebTcyoBI5f6YDfx0KYgQntJjyV4BWIA.',53,'A',NULL,NULL),(262,'Nathan','Moerke','nathanmoerke@gmail.com','8572252576','2016-05-12 19:55:01','2016-05-12 19:55:01','nmoerke','$2a$04$u7YIuBMXZcaasHbe6XB4k.0vx4x1x0Ll64gGU5SfkeuuMHkxAETDW',61,'A',NULL,NULL),(263,'Charles','Roberts','charles_roberts@dfci.harvard.edu','617-632-6497','2016-05-12 19:55:01','2016-05-12 19:55:01','kim','$2a$04$50yFc5KQKXxIO8uaZebWK.LfywGQoI5tIRMDDHdE8c1ev.COh06R.',1,'A',NULL,NULL),(264,'Kimberly','Stegmaier','kimberly_stegmaier@dfci.harvard.edu','617-632-4985','2016-05-12 19:55:01','2016-05-12 19:55:01','charles','$2a$04$fG1A4K0ZfKe1CL.bUY4fv.E6d6Axr8BTpgKE/0BCdQ5BubU9Isnmq',1,'A',NULL,NULL),(265,'Cecile','Maire','cecile_maire@dfci.harvard.edu','617 582 8765','2016-05-12 19:55:01','2016-05-12 19:55:01','cecilemaire','$2a$04$UwbJKvY5tXilgeBhjbf4EOQh927/9uUlbWHDw9Lm4j1FJN8PyQkFO',52,'A',NULL,NULL),(266,'Ryan','Abo','ryanp_abo@dfci.harvard.edu','','2016-05-12 19:55:01','2016-05-12 19:55:01','rpa4','$2a$04$kGRaAkVrdHgSRB.bkxEsqOVDoQPJWujbDNbYE/pYShvEQGR/L4Kma',53,'A',NULL,NULL),(267,'Jack','Lepine','jackr_lepine@dfci.harvard.edu','617-582-8643','2016-05-12 19:55:01','2016-05-12 19:55:01','lepinej','$2a$04$tCmwUQaYLxN3SHI2rVE8oe39P9vUOKvIcaAJwXY2RXJ0DAba0iz4.',1,'A',NULL,NULL),(268,'Abhishek','Chakraborty','abhishek_chakraborty@dfci.harvard.edu','6176324745','2016-05-12 19:55:01','2016-05-12 19:55:01','achakraborty','$2a$04$iqodVnijT3/C3FCe7pqlIeLaIXh7oObbmRzRJ362JWx9gwksCkRwW',52,'A',NULL,NULL),(269,'Ling','Lin','ling_lin@dfci.harvard.edu','617-582-8893','2016-05-12 19:55:01','2016-05-12 19:55:01','ll620','$2a$04$Iw2hHboYISnBBL7raRuEPe2aXm/HQppaDFY0HtWUPfbGcNIODqURe',53,'A',NULL,NULL),(270,'Akinyemi','Ojesina','ojesina@broadinstitute.org','617-714-7570','2016-05-12 19:55:01','2016-05-12 19:55:01','ojesina','$2a$04$HYNHLhoKJkJ9rT4xyTTtceYjm5wHwLY8jiTJlFE2rXi847CEvO2p.',1,'A',NULL,NULL),(271,'Michael','Rosu-Myles','michael.rosu-myles@hc-sc.gc.ca','613-954-8742','2016-05-12 19:55:01','2016-05-12 19:55:01','mrosumyl','$2a$04$3uMWG/b.2lgID04Ac.Qyl.x3QVfkfA5wF2HuCl3s4rIJMosxHYso.',62,'A',NULL,NULL),(272,'Andrew','Hong','andrew.hong@childrens.harvard.edu','6176323270','2016-05-12 19:55:01','2016-05-12 19:55:01','ah90','$2a$04$gAJr3OT2Z/6bKgrFb2bj9urGb/slzM/PyIMIlbsTo6ABQyHEj0bfO',63,'A',NULL,NULL),(273,'Giovanni','Roti','Giovanni_Roti@dfci.harvard.edu','6175827631','2016-05-12 19:55:01','2016-05-12 19:55:01','rotigiova','$2a$04$BdEf4qt8OUYN8XKpUonqXO.ubAfEgoU8uunrxGmFvsHJ4FtmWv1ny',1,'A',NULL,NULL),(274,'Andre','Fay','Andre_Fay@DFCI.HARVARD.EDU','6175139895','2016-05-12 19:55:01','2016-05-12 19:55:01','af638','$2a$04$n6B1/MfTpi93ucK3SnAwF.luSM9yhiI6o2uMFNuRMJYrEe8eanSlq',1,'A',NULL,NULL),(275,'Michalina','Janiszewska','michalina_janiszewska@dfci.harvard.edu','618-582-8755','2016-05-12 19:55:01','2016-05-12 19:55:01','mjanisze','$2a$04$S4MG7bQHKXrHy9AJkaa2b.SoC9PxKa4I7VoYDS3sMxAiur/RiVzmG',52,'A',NULL,NULL),(276,'Robert','Barnitz','robert_barnitz@dfci.harvard.edu','6175827625','2016-05-12 19:55:01','2016-05-12 19:55:01','rab72','$2a$04$s5MgpJNSJvpZZfmcbfD/mOeFb2VTc9jRr68TemlzZl3Mh/2aHkTxq',1,'A',NULL,NULL),(277,'Shiliang','Cao','Shiliang_Cao@dfci.harvard.edu','7044514511','2016-05-12 19:55:01','2016-05-12 19:55:01','sc20','$2a$04$Rfyc7xHTKEHCBkj066CxsOxUVy88jYhFeP/l5.A.PYIjSgMl2CAZq',53,'A',NULL,NULL),(278,'Susan','Moody','semoody@partners.org','267-980-8978','2016-05-12 19:55:01','2016-05-12 19:55:01','sem42','$2a$04$KouR9G4HR3868QmcIfy8u.YroohBmBKcBJDSsRwikJyCbZcvFntUG',1,'A',NULL,NULL),(279,'Salomon','Manier','salomon_manier@dfci.harvard.edu','8573996947','2016-05-12 19:55:01','2016-05-12 19:55:01','Salomonmanie','$2a$04$7cF/.LBPjbnj0Nww3p4RQe5FZLOsixd.1kwCndVi0D9Xd.iVTI9nW',52,'A',NULL,NULL),(280,'Srunphut','Pukma','pukmas@emmanuel.edu','6178510303','2016-05-12 19:55:01','2016-05-12 19:55:01','pukmas1991','$2a$04$injKJ3tUzV1UpTNUQNIod.l8ZyKtzCh7xWVzITLdeXUlGzN4A0iZy',64,'P',NULL,NULL),(281,'Atsush','Nonami','Atsushi_Nonami@dfci.harvard.edu','8572419779','2016-05-12 19:55:01','2016-05-12 19:55:01','an892','$2a$04$x68eEgvHECIIWc1vr06PkeTrZtb/ms1ZrdZ/DVymX86EN7eJSJbdS',52,'A',NULL,NULL),(282,'ASLI','MUVAFFAK','asli_muvaffak@dfci.harvard.edu','617-582-8789','2016-05-12 19:55:01','2016-05-12 19:55:01','aslim','$2a$04$qeBz8msXqdG051nsZ7iAD.fDspvj3fJuC1QVmwnMZGhzNiqqhGABa',52,'A',NULL,NULL),(283,'Melanie','Prasol','Melanie_Prasol@dfci.harvard.edu','','2016-05-12 19:55:01','2016-05-12 19:55:01','mp197','$2a$04$dfZjU3.YLki8xSjlTmnNDetAeCvHUfGrtjHktgsm3144Wvg/qAery',53,'P',NULL,NULL),(284,'Stephanie','Mullane','stephanie_mullane@dfci.harvard.edu','617-632-2397','2016-05-12 19:55:01','2016-05-12 19:55:01','smullane','$2a$04$8wkcsfiEUKiI3CiGhlzT3eBGE6gwtd6tBQM.GIgvd7IuV9usw/.ZO',52,'A',NULL,NULL),(285,'Ganesh','Shankar','gshankar@partners.org','805-796-0878','2016-05-12 19:55:01','2016-05-12 19:55:01','gshankar','$2a$04$Ui94V8gBfVZ6nieMz4FoMOvNBm7Rt1PTE6XKSrq4hra3uzd1BX9Yq',2,'A',NULL,NULL),(286,'James','Amatruda','james.amatruda@utsouthwestern.edu','214-648-1645','2016-05-12 19:55:01','2016-05-12 19:55:01','amatrudalab','$2a$04$EJVvOM1fR6.pIiRs.W6hZ.A.LN5tmGbCJZx62D5sMlQwPlA6REBii',65,'A',NULL,NULL),(287,'Ho-Chou','Tu','hochoutu@gmail.com','3145181002','2016-05-12 19:55:01','2016-05-12 19:55:01','Daleylab','$2a$04$u/RrYWs1DxLhRfF7NoIHsuV3AchnHgcn2Wd/JdCn.DPqhGd4crwH.',32,'A',NULL,NULL),(288,'Oliver','Weigert','olver.weigert@helmholtz-muenchen.de','+49.89.3187.1402','2016-05-12 19:55:01','2016-05-12 19:55:01','oliver.weige','$2a$04$N//tznJ/bVef3Coc0wNMBuup04PFSblRYKzk6QVmMgNWuteMjuDkC',66,'A',NULL,NULL),(289,'Atish','Choudhury','achoudhury@partners.org','6176324524','2016-05-12 19:55:01','2016-05-12 19:55:01','achoudhury','$2a$04$pSHCSUHSwBK5ungyIZi3h.iit38QD572IsDy/C8/KiB4K4FkHKBsm',1,'A',NULL,NULL),(290,'Johann','Hoeftberger','johann_hoeftberger@dfci.harvard.edu','','2016-05-12 19:55:01','2016-05-12 19:55:01','JHoeftberger','$2a$04$BxnDq0qTpA90tr9dJO0jcOqfMC4LV4VpwHSddsVF.IEumFj1/7S0i',53,'A',NULL,NULL),(291,'Peter','Choi','peter_choi@dfci.harvard.edu','6176322930','2016-05-12 19:55:01','2016-05-12 19:55:01','pchoi','$2a$04$jyz94K0jtie4nEucPHYeBONhcDWsWeDiblE6YNB/IUOhPOPS0Zl0K',1,'A',NULL,NULL),(292,'Coleman','Lindsley','coleman_lindsley@dfci.harvard.edu','617-997-3715','2016-05-12 19:55:01','2016-05-12 19:55:01','clindsley','$2a$04$tfn84/AYKnT0nrNV/s9moOyJqP9HO2CAsGi7kIsi5mKNreHjFt0mK',52,'A',NULL,NULL),(293,'Julide','Celebi','julide.celebi@mountsinai.org','347-247-1576','2016-05-12 19:55:01','2016-05-12 19:55:01','julidecelebi','$2a$04$ij5tOheDcuaeC2ZkE3QpYeau6eG1vTrPGrm1QmhDR0ZEJwfBFxikO',67,'A',NULL,NULL),(294,'Michael','Nehil','michael_nehil@dfci.harvard.edu','8312477018','2016-05-12 19:55:01','2016-05-12 19:55:01','mnehil','$2a$04$eAeNjvvURf6ISFUBakOIDO.RAHt35hS7w.rKk9Ya.fhrcm9XskVgS',52,'A',NULL,NULL),(295,'Abner','Louissaint','alouissaint@partners.org','(617) 943-2890','2016-05-12 19:55:02','2016-05-12 19:55:02','alouissa','$2a$04$7rCtS1MCPxnIk7DBgBo8KOT.KSifhZs4eEtGswVTb3nkL/KJ/SYG.',52,'A',NULL,NULL),(296,'Leena','Gandhi','Leena_Gandhi@dfci.harvard.edu','617-632-6049','2016-05-12 19:55:02','2016-05-12 19:55:02','lgandhi','$2a$04$hgphfSaFziez1YpKINpSMetcGq5wu2HMp7R5yqv.xsgdRn0UPW0sW',52,'A',NULL,NULL),(297,'Rebecca','Chin','rchin1@bidmc.harvard.edu','6177352484','2016-05-12 19:55:02','2016-05-12 19:55:02','chinlab','$2a$04$kE3cI6Qd4X2X2cVFjGxkkeoTDzdC9ICvb4E/aWbubxGrNiSb4AvRy',68,'A',NULL,NULL),(298,'Florian','Heitz','florian.heitz@gmx.net','4.92012E+12','2016-05-12 19:55:02','2016-05-12 19:55:02','Fheitz','$2a$04$hbC9UuXvyIrZM.IxEddksuUWj6hWH4/csVQMOm7Ycwk9nI5c2DF8q',69,'A',NULL,NULL),(299,'Linda','Bi','lbi@partners.org','203-645-9485','2016-05-12 19:55:02','2016-05-12 19:55:02','wbi','$2a$04$imiPm0yT4vBi/avrAy5DDuqmbiqZdV9chlUJ3Z3elPwWeUYUTDb8m',70,'A',NULL,NULL),(300,'Andrew','Lane','andrew_lane@dfci.harvard.edu','617-632-4589','2016-05-12 19:55:02','2016-05-12 19:55:02','aal17','$2a$04$JGhnjFcE6rd2iL4IEHSqcudBPnhKI8IvnzRueX685ApoVr.y19AlK',52,'A',NULL,NULL),(301,'Pankaj','Agarwalla','agarwalla@gmail.com','617-726-2000','2016-05-12 19:55:02','2016-05-12 19:55:02','agarwalla','$2a$04$FTszwy0W//dOgL2xY3ENT.0bJ.adiI3nTWnPdWX0aS2VquRjunpDu',52,'A',NULL,NULL),(302,'Kent','Mouw','kmouw@partners.org','617-632-5145','2016-05-12 19:55:02','2016-05-12 19:55:02','kmouw','$2a$04$9lUIgdbXdTGvTZCThURQ4uErmBkOYRgBcbFhi4eCx/3kToVpu2oUm',1,'A',NULL,NULL),(303,'Mark','Murakami','Mark_Murakami@DFCI.harvard.edu','617-582-9171','2016-05-12 19:55:02','2016-05-12 19:55:02','mym97','$2a$04$W5f7wN1G5Dz10RpIv0wYCeF.Dg0jRsZsGUj3vXbykOPAdPiPoqmZ2',53,'A',NULL,NULL),(304,'Thomas','Melchardt','t.melchardt@salk.at','0043-662-4482','2016-05-12 19:55:02','2016-05-12 19:55:02','t.melchardt@','$2a$04$Y8z/Ie/wNh.5qLt7zn2rJOfyrGgr7nqhJ5StYnVKPAKB9YZrvGdTO',71,'A',NULL,NULL),(305,'Sam','Hunter','samuels_hunter@dfci.harvard.edu','208-546-9229','2016-05-12 19:55:02','2016-05-12 19:55:02','shunter','$2a$04$F9QBkdrYnLLIfxjcVCTrOeoYKYmXHdcJk91.xmIAlsUDZ0P0wtpze',53,'A',NULL,NULL),(306,'Melissa','Burns','melissa.burns@childrens.harvard.edu','617-919-7011','2016-05-12 19:55:02','2016-05-12 19:55:02','melissa.burn','$2a$04$PpiKD70JYn3YeEZbg7VKk.RiZLEmlmzJFWKVZGiZNW6ac9Pgl4TFG',60,'A',NULL,NULL),(307,'Sima','Zacharek','sima_zacharek@dfci.harvard.edu','617-582-8026','2016-05-12 19:55:02','2016-05-12 19:55:02','simazac','$2a$04$SgYY3qXSpuSBzEMkE.nbpO.i3xfbGc4UpZGuwAL6SEbcUxHYG1Fwi',52,'A',NULL,NULL),(308,'Harshabad','Singh','hsingh3@partners.org','617-620-3201','2016-05-12 19:55:02','2016-05-12 19:55:02','harshabadsin','$2a$04$ma797M9SSZ.UsWQIPyUORu7T0yFj5.6nVzdl644Ql6LI/Yy2xofge',53,'A',NULL,NULL),(309,'Raphael','Koch','raphael_koch@dfci.harvard.edu','6174879588','2016-05-12 19:55:02','2016-05-12 19:55:02','rkoch','$2a$04$QbqobAAIMVHmkbFaM90cfer/DXDLz6jqvpJzp1g/hnUuZK0.Zakpi',53,'A',NULL,NULL),(310,'Volker','Blank','volker.blank@mcgill.ca','5145 340 8260','2016-05-12 19:55:02','2016-05-12 19:55:02','Volker','$2a$04$HFLycJVk3eRdpL7mCxFyA.ugutDwe0C7A/P/ho1GafLnVamFMO1xm',72,'P',NULL,NULL),(311,'Elizabeth','Townsend','elizabethc_townsend@dfci.harvard.edu','617 582-8868','2016-05-12 19:55:02','2016-05-12 19:55:02','Townsend','$2a$04$M2fLRE1gxpjPCx6Ui/sLGOfiLAyd76Kc/dEqSN0Bhhy2qCM2p69Ye',64,'A',NULL,NULL),(312,'Brooke','Howitt','bhowitt@partners.org','6175257295','2016-05-12 19:55:02','2016-05-12 19:55:02','brookehowitt','$2a$04$kISxb4Gn.adQr3DZUF.6.OW.gaOJjKkG.iq4/9G8iba9t1d2JDTH2',73,'A',NULL,NULL),(313,'Christopher','Gibson','christopher_gibson@dfci.harvard.edu','617-510-9454','2016-05-12 19:55:02','2016-05-12 19:55:02','christopher_','$2a$04$6zG5VMmB6AuKleGzWd35c.BwBSGR2GdUAnHA2TDeUi/gRZ99.gxpq',74,'A',NULL,NULL),(314,'Lori','Ramkissoon','lori_ramkissoon@dfci.harvard.edu','617-582-8768','2016-05-12 19:55:02','2016-05-12 19:55:02','ramkissl','$2a$04$oz3rGPpnu0uOsC0HE8pf1uYc.K3t1VEExTVVcVDmDndsdwVn6VG0C',52,'A',NULL,NULL),(315,'Amanda','Balboni','amandal_balboni@dfci.harvard.edu','3397881634','2016-05-12 19:55:02','2016-05-12 19:55:02','balbonia','$2a$04$nERKJXYYQTHNe8djXJBRCO03CNQT.3BOiC7gCEW0cSe9HAwAYYg/C',52,'P',NULL,NULL),(316,'Monica','Manam','monicad_manam@dfci.harvard.edu','7036597016','2016-05-12 19:55:02','2016-05-12 19:55:02','mdm68','$2a$04$x2Muk6LlRrCKVxj.5lub4.1kF.uA.GpYJiWT4TLnhjcJs9hMBc1c.',52,'A',NULL,NULL),(317,'Catherine','Coleman','Catherine_Coleman@DFCI.HARVARD.EDU','617-632-5078','2016-05-12 19:55:02','2016-05-12 19:55:02','ccoleman','$2a$04$XIx6OrB4jauvqssC6pL9luVmF0h6t/XTbgRlXUvUKNMglDgRy8VWC',52,'A',NULL,NULL),(318,'HENRY','LONG','henry_long@dfci.harvard.edu','8576543824','2016-05-12 19:55:02','2016-05-12 19:55:02','henry_long@d','$2a$04$devy4xYYwZojJt0HiZ6.hOb9IotSE.MJFgmMVDjYEoxzVujPaJkQm',75,'A',NULL,NULL),(319,'Dave','Rothfarb','dave.rothfarb@daverothfarb.com','555-555-5555','2016-05-12 19:55:02','2016-05-12 19:55:02','rothfarb-test','$2a$04$NQ3f.Dkv0ubVAOL/AdlN7.FcJV.oUiaMdFlrQP3O/N.fukmBxcb.e',52,'A',NULL,NULL);
/*!40000 ALTER TABLE `users` ENABLE KEYS */;
UNLOCK TABLES;
/*!40103 SET TIME_ZONE=@OLD_TIME_ZONE */;

/*!40101 SET SQL_MODE=@OLD_SQL_MODE */;
/*!40014 SET FOREIGN_KEY_CHECKS=@OLD_FOREIGN_KEY_CHECKS */;
/*!40014 SET UNIQUE_CHECKS=@OLD_UNIQUE_CHECKS */;
/*!40101 SET CHARACTER_SET_CLIENT=@OLD_CHARACTER_SET_CLIENT */;
/*!40101 SET CHARACTER_SET_RESULTS=@OLD_CHARACTER_SET_RESULTS */;
/*!40101 SET COLLATION_CONNECTION=@OLD_COLLATION_CONNECTION */;
/*!40111 SET SQL_NOTES=@OLD_SQL_NOTES */;

-- Dump completed on 2016-05-12 15:57:28
