-- MySQL dump 10.13  Distrib 5.1.73, for redhat-linux-gnu (x86_64)
--
-- Host: localhost    Database: ccgd_test
-- ------------------------------------------------------
-- Server version	5.1.73

/*!40101 SET @OLD_CHARACTER_SET_CLIENT=@@CHARACTER_SET_CLIENT */;
/*!40101 SET @OLD_CHARACTER_SET_RESULTS=@@CHARACTER_SET_RESULTS */;
/*!40101 SET @OLD_COLLATION_CONNECTION=@@COLLATION_CONNECTION */;
/*!40101 SET NAMES utf8 */;
/*!40103 SET @OLD_TIME_ZONE=@@TIME_ZONE */;
/*!40103 SET TIME_ZONE='+00:00' */;
/*!40014 SET @OLD_UNIQUE_CHECKS=@@UNIQUE_CHECKS, UNIQUE_CHECKS=0 */;
/*!40014 SET @OLD_FOREIGN_KEY_CHECKS=@@FOREIGN_KEY_CHECKS, FOREIGN_KEY_CHECKS=0 */;
/*!40101 SET @OLD_SQL_MODE=@@SQL_MODE, SQL_MODE='NO_AUTO_VALUE_ON_ZERO' */;
/*!40111 SET @OLD_SQL_NOTES=@@SQL_NOTES, SQL_NOTES=0 */;

--
-- Table structure for table `addresses`
--

DROP TABLE IF EXISTS `addresses`;
/*!40101 SET @saved_cs_client     = @@character_set_client */;
/*!40101 SET character_set_client = utf8 */;
CREATE TABLE `addresses` (
  `id` int(11) NOT NULL AUTO_INCREMENT,
  `street` varchar(255) COLLATE utf8_unicode_ci DEFAULT NULL,
  `city` varchar(255) COLLATE utf8_unicode_ci DEFAULT NULL,
  `country` varchar(255) COLLATE utf8_unicode_ci DEFAULT NULL,
  `created_at` datetime NOT NULL,
  `updated_at` datetime NOT NULL,
  `state_id` int(11) DEFAULT NULL,
  PRIMARY KEY (`id`)
) ENGINE=InnoDB AUTO_INCREMENT=79 DEFAULT CHARSET=utf8 COLLATE=utf8_unicode_ci;
/*!40101 SET character_set_client = @saved_cs_client */;

--
-- Dumping data for table `addresses`
--

LOCK TABLES `addresses` WRITE;
/*!40000 ALTER TABLE `addresses` DISABLE KEYS */;
INSERT INTO `addresses` VALUES (1,'44 Binney Street','Boston','NULL','2016-05-18 21:05:17','2016-05-18 21:05:17',21),(2,'7 Cambridge Center','Cambridge','NULL','2016-05-18 21:05:17','2016-05-18 21:05:17',21),(3,'75 Francis Street','Boston','NULL','2016-05-18 21:05:17','2016-05-18 21:05:17',21),(4,'21-27 Burlington Ave.','Boston','NULL','2016-05-18 21:05:17','2016-05-18 21:05:17',21),(5,'55 Fruit Street','Boston','NULL','2016-05-18 21:05:17','2016-05-18 21:05:17',21),(6,'243 Charles St','Boston','NULL','2016-05-18 21:05:17','2016-05-18 21:05:17',21),(7,'1 Blackfan Circle','Boston','NULL','2016-05-18 21:05:17','2016-05-18 21:05:17',21),(8,'20 Shattuck St','Boston','NULL','2016-05-18 21:05:17','2016-05-18 21:05:17',21),(9,'600 Beaver St','Waltham ','NULL','2016-05-18 21:05:17','2016-05-18 21:05:17',21),(10,'221 Longwood Ave','Boston','NULL','2016-05-18 21:05:17','2016-05-18 21:05:17',21),(11,'11-934 Factor Bldg','Los Angeles','NULL','2016-05-18 21:05:17','2016-05-18 21:05:17',5),(12,'3 Blackfan Circle','Boston','NULL','2016-05-18 21:05:17','2016-05-18 21:05:17',21),(13,'250 Mass Ave','Cambridge','NULL','2016-05-18 21:05:17','2016-05-18 21:05:17',21),(14,'50 Blossom Street','Boston','NULL','2016-05-18 21:05:17','2016-05-18 21:05:17',21),(15,'Ireland Cancer Center / University Hospitals 2103 Cornell Road ','Cleveland','NULL','2016-05-18 21:05:17','2016-05-18 21:05:17',35),(16,'78 Memorial Dr.','Cambridge','NULL','2016-05-18 21:05:17','2016-05-18 21:05:17',21),(17,'375 Longwood','Boston','NULL','2016-05-18 21:05:17','2016-05-18 21:05:17',21),(18,'St Andrews Place','Melbourne','Victoria','2016-05-18 21:05:17','2016-05-18 21:05:17',0),(19,'15 Parkman Street',' Wang 460','Boston','2016-05-18 21:05:17','2016-05-18 21:05:17',0),(20,'Irwondong 50',' Kangnamgu','Seoul','2016-05-18 21:05:17','2016-05-18 21:05:17',0),(21,'Box 91006',' B232 LSRC','Durham','2016-05-18 21:05:17','2016-05-18 21:05:17',0),(22,'149 13th Street','Charlestown','NULL','2016-05-18 21:05:17','2016-05-18 21:05:17',21),(23,'65 Landsdowne Street','Cambridge','NULL','2016-05-18 21:05:17','2016-05-18 21:05:17',21),(24,'550 First Avenue','New York','NULL','2016-05-18 21:05:17','2016-05-18 21:05:17',32),(25,'61 Binney Street','Boston','NULL','2016-05-18 21:05:17','2016-05-18 21:05:17',21),(26,'88',' Stuart Street',' Queen\'s University','2016-05-18 21:05:17','2016-05-18 21:05:17',0),(27,'50 Irwon-dong Gangnam-gu','Seoul','Korea','2016-05-18 21:05:17','2016-05-18 21:05:17',0),(28,'650 Charles E Young Dr. South','Los Angeles','NULL','2016-05-18 21:05:17','2016-05-18 21:05:17',5),(29,'780 Memorial Drive','Cambridge','NULL','2016-05-18 21:05:18','2016-05-18 21:05:18',21),(30,'70 Francis Street','Boston','NULL','2016-05-18 21:05:18','2016-05-18 21:05:18',21),(31,'301 Binney Street','Cambridge','NULL','2016-05-18 21:05:18','2016-05-18 21:05:18',21),(32,'270 Albany Street','Cambridge','NULL','2016-05-18 21:05:18','2016-05-18 21:05:18',21),(33,'450 Brookline Avenue','Boston','NULL','2016-05-18 21:05:18','2016-05-18 21:05:18',21),(34,'123-34',' GIL','SEOUL','2016-05-18 21:05:18','2016-05-18 21:05:18',0),(35,'101 Science Drive','Durham','NULL','2016-05-18 21:05:18','2016-05-18 21:05:18',33),(36,'1 joslin Place','Boston','NULL','2016-05-18 21:05:18','2016-05-18 21:05:18',21),(37,'27 Drydock Avenue','Boston','NULL','2016-05-18 21:05:18','2016-05-18 21:05:18',21),(38,'77 Avenue Louis Pasteur','Boston','NULL','2016-05-18 21:05:18','2016-05-18 21:05:18',21),(39,'330 Brookline Ave','Boston','NULL','2016-05-18 21:05:18','2016-05-18 21:05:18',21),(40,'99 Brookline Avenue','Boston','NULL','2016-05-18 21:05:18','2016-05-18 21:05:18',21),(41,'450 Brookline Ave','Boston','NULL','2016-05-18 21:05:18','2016-05-18 21:05:18',21),(42,'4 Blackfan street','Boston','NULL','2016-05-18 21:05:18','2016-05-18 21:05:18',21),(43,'Dana 15',' 450 Brookline Avenue','Boston','2016-05-18 21:05:18','2016-05-18 21:05:18',0),(44,'450 Brookline Ave',' JF208B','Boston','2016-05-18 21:05:18','2016-05-18 21:05:18',0),(45,'5 Blackfan Circle','Boston','NULL','2016-05-18 21:05:18','2016-05-18 21:05:18',21),(46,'221 Longwood Avenue','Boston','NULL','2016-05-18 21:05:18','2016-05-18 21:05:18',21),(47,'nowhere','boston','NULL','2016-05-18 21:05:18','2016-05-18 21:05:18',21),(48,'94 heritage dr','lowell','NULL','2016-05-18 21:05:18','2016-05-18 21:05:18',21),(49,'450 Brookline Ave.','Boston','NULL','2016-05-18 21:05:18','2016-05-18 21:05:18',21),(50,'555 University Avenue','Toronto','Ontario','2016-05-18 21:05:18','2016-05-18 21:05:18',0),(51,'450 Brookline Ave. SM1010','Boston','NULL','2016-05-18 21:05:18','2016-05-18 21:05:18',21),(52,'Dana Farber','Boston','NULL','2016-05-18 21:05:18','2016-05-18 21:05:18',21),(53,'450 Brookline Av','Boston','NULL','2016-05-18 21:05:18','2016-05-18 21:05:18',21),(54,'Turnhoutseweg 30','Beerse','Belgium','2016-05-18 21:05:18','2016-05-18 21:05:18',0),(55,'300 Longwood Avenue','Boston','NULL','2016-05-18 21:05:18','2016-05-18 21:05:18',21),(56,'250 Longwood Avenue','Boston','NULL','2016-05-18 21:05:18','2016-05-18 21:05:18',21),(57,'251 Sir Frederick Banting Driveway','Ottawa','Ontario','2016-05-18 21:05:18','2016-05-18 21:05:18',0),(58,'450 Brookline Avenue',' Dana 1514','Boston','2016-05-18 21:05:18','2016-05-18 21:05:18',0),(59,'1450 Brookline  Avenue','Boston','NULL','2016-05-18 21:05:18','2016-05-18 21:05:18',21),(60,'44 Binney St','Boston','NULL','2016-05-18 21:05:18','2016-05-18 21:05:18',21),(61,'Dana-Farber Cancer Institute',' 44 Binney St.','Boston','2016-05-18 21:05:18','2016-05-18 21:05:18',0),(62,'77 Ave Louis Pasteur','Boston','NULL','2016-05-18 21:05:18','2016-05-18 21:05:18',21),(63,'440 Brookline Ave.','Boston','NULL','2016-05-18 21:05:18','2016-05-18 21:05:18',21),(64,'450 Brookline Ave M534','Boston','NULL','2016-05-18 21:05:18','2016-05-18 21:05:18',21),(65,'301 Binney Street','Boston','NULL','2016-05-18 21:05:18','2016-05-18 21:05:18',21),(66,'5323 Harry Hines Blvd.','Dallas','NULL','2016-05-18 21:05:18','2016-05-18 21:05:18',43),(67,'Karp 7',' One Blackfan Circle','Boston','2016-05-18 21:05:18','2016-05-18 21:05:18',0),(68,'Marchioninistr. 25','Munich','Germany','2016-05-18 21:05:18','2016-05-18 21:05:18',0),(69,'1470 Madison Avenue','New York','NULL','2016-05-18 21:05:18','2016-05-18 21:05:18',32),(70,'Henricistrasse 92','Essen','Germany','2016-05-18 21:05:18','2016-05-18 21:05:18',0),(71,'1 Jimmy Fund Way',' Sm-1022','Boston','2016-05-18 21:05:18','2016-05-18 21:05:18',0),(72,'1 Jimmy Fund Way','Boston','NULL','2016-05-18 21:05:18','2016-05-18 21:05:18',21),(73,'Muellner Hauptstraße 48','Salzburg','Salzburg Austria','2016-05-18 21:05:18','2016-05-18 21:05:18',0),(74,'4 Blackfan St','Boston','NULL','2016-05-18 21:05:18','2016-05-18 21:05:18',21),(75,'tbd','tbd','tbd','2016-05-18 21:05:18','2016-05-18 21:05:18',0),(76,'3755 Cote Sainte-Catherine Road','Montreal','Canada','2016-05-18 21:05:18','2016-05-18 21:05:18',0),(77,'75 Francis St',' Dept of Pathology',' Amory 3','2016-05-18 21:05:18','2016-05-18 21:05:18',0),(78,'1 Blackfan Cir','Boston','NULL','2016-05-18 21:05:18','2016-05-18 21:05:18',21);
/*!40000 ALTER TABLE `addresses` ENABLE KEYS */;
UNLOCK TABLES;

--
-- Table structure for table `lab_groups`
--

DROP TABLE IF EXISTS `lab_groups`;
/*!40101 SET @saved_cs_client     = @@character_set_client */;
/*!40101 SET character_set_client = utf8 */;
CREATE TABLE `lab_groups` (
  `id` int(11) NOT NULL AUTO_INCREMENT,
  `name` varchar(255) COLLATE utf8_unicode_ci DEFAULT NULL,
  `code` varchar(255) COLLATE utf8_unicode_ci DEFAULT NULL,
  `created_at` datetime NOT NULL,
  `updated_at` datetime NOT NULL,
  `location_id` int(11) DEFAULT NULL,
  PRIMARY KEY (`id`)
) ENGINE=InnoDB AUTO_INCREMENT=203 DEFAULT CHARSET=utf8 COLLATE=utf8_unicode_ci;
/*!40101 SET character_set_client = @saved_cs_client */;

--
-- Dumping data for table `lab_groups`
--

LOCK TABLES `lab_groups` WRITE;
/*!40000 ALTER TABLE `lab_groups` DISABLE KEYS */;
INSERT INTO `lab_groups` VALUES (1,'CCGD Administration','CCGD','2016-05-18 21:05:21','2016-05-18 21:05:21',1),(2,'CCGD Genotyping','CCGD','2016-05-18 21:05:21','2016-05-18 21:05:21',1),(3,'Freedman Lab','FRDMAN','2016-05-18 21:05:21','2016-05-18 21:05:21',3),(4,'Garraway Lab','GARRWY','2016-05-18 21:05:21','2016-05-18 21:05:21',2),(5,'Golub Broad Lab','GOLBBI','2016-05-18 21:05:21','2016-05-18 21:05:21',4),(6,'Golub DFCI Lab','GOLUB','2016-05-18 21:05:21','2016-05-18 21:05:21',2),(7,'Hahn Lab','HAHN','2016-05-18 21:05:21','2016-05-18 21:05:21',2),(8,'Loda Lab','LODA','2016-05-18 21:05:21','2016-05-18 21:05:21',2),(9,'Kinome','MRSNBI','2016-05-18 21:05:21','2016-05-18 21:05:21',4),(10,'Meyerson DFCI Lab','MYRSON','2016-05-18 21:05:21','2016-05-18 21:05:21',2),(11,'Polyak Lab','POLYAK','2016-05-18 21:05:21','2016-05-18 21:05:21',2),(12,'ramesh shivdasani','SHIV','2016-05-18 21:05:21','2016-05-18 21:05:21',3),(13,'Janne Lab','JANNE','2016-05-18 21:05:21','2016-05-18 21:05:21',5),(14,'Rani George','GEORGE','2016-05-18 21:05:21','2016-05-18 21:05:21',6),(15,'Thomas Roberts','RBERTS','2016-05-18 21:05:21','2016-05-18 21:05:21',7),(16,'Thomas Look','LOOK','2016-05-18 21:05:21','2016-05-18 21:05:21',8),(17,'Jerome Ritz','RITZ','2016-05-18 21:05:21','2016-05-18 21:05:21',10),(18,'Matthew Kulke','KULKE','2016-05-18 21:05:21','2016-05-18 21:05:21',11),(19,'Margaret Shipp','SHIPP','2016-05-18 21:05:21','2016-05-18 21:05:21',12),(20,'Philip Kantoff','KNTOFF','2016-05-18 21:05:21','2016-05-18 21:05:21',13),(21,'Robert Ross','ROSS','2016-05-18 21:05:21','2016-05-18 21:05:21',13),(22,'Myles Brown','BROWN','2016-05-18 21:05:21','2016-05-18 21:05:21',14),(23,'Jennifer R. Brown','JRBRWN','2016-05-18 21:05:21','2016-05-18 21:05:21',15),(24,'Rollins','ROLLNS','2016-05-18 21:05:21','2016-05-18 21:05:21',16),(25,'Stiles Lab','STILES','2016-05-18 21:05:21','2016-05-18 21:05:21',21),(26,'Chirieac','CHIRI','2016-05-18 21:05:21','2016-05-18 21:05:21',22),(27,'CCGD Pilot','CCGD','2016-05-18 21:05:21','2016-05-18 21:05:21',1),(28,'Microarray Core','CHPLAB','2016-05-18 21:05:21','2016-05-18 21:05:21',23),(29,'Sarcoma Lab','DUAN','2016-05-18 21:05:21','2016-05-18 21:05:21',24),(30,'Ebert Lab','EBERT','2016-05-18 21:05:21','2016-05-18 21:05:21',22),(31,'Gilliland','GLLLND','2016-05-18 21:05:21','2016-05-18 21:05:21',22),(32,'Hezel','HEZEL','2016-05-18 21:05:21','2016-05-18 21:05:21',24),(33,'Kim','KIM','2016-05-18 21:05:21','2016-05-18 21:05:21',25),(34,'Henske','HENSKE','2016-05-18 21:05:21','2016-05-18 21:05:21',22),(35,'Chin Lab','CHIN','2016-05-18 21:05:21','2016-05-18 21:05:21',26),(36,'Hornicek','HRNCEK','2016-05-18 21:05:21','2016-05-18 21:05:21',27),(37,'Fletcher lab','FLTCHR','2016-05-18 21:05:21','2016-05-18 21:05:21',28),(38,'Ng','NG','2016-05-18 21:05:21','2016-05-18 21:05:21',30),(39,'Ribas','RIBAS','2016-05-18 21:05:21','2016-05-18 21:05:21',31),(40,'Christopher Walsh','WALSH','2016-05-18 21:05:21','2016-05-18 21:05:21',32),(41,'BIACS','BIACS','2016-05-18 21:05:21','2016-05-18 21:05:21',33),(42,'Ligon Lab','LIGON','2016-05-18 21:05:21','2016-05-18 21:05:21',35),(43,'Monahan','MONHAN','2016-05-18 21:05:21','2016-05-18 21:05:21',36),(44,'Chung Lab','CHUNG','2016-05-18 21:05:21','2016-05-18 21:05:21',40),(45,'Koon lab','KOON','2016-05-18 21:05:21','2016-05-18 21:05:21',42),(46,'Infinity','INFI','2016-05-18 21:05:21','2016-05-18 21:05:21',43),(47,'Infinity','INFI','2016-05-18 21:05:21','2016-05-18 21:05:21',43),(48,'Ovarian Cancer Genomics','LEVEL3','2016-05-18 21:05:21','2016-05-18 21:05:21',45),(49,'Rosenberg','RSNBRG','2016-05-18 21:05:21','2016-05-18 21:05:21',13),(50,'Tenen Lab','TENEN','2016-05-18 21:05:21','2016-05-18 21:05:21',46),(51,'Segal lab','Segallab','2016-05-18 21:05:21','2016-05-18 21:05:21',47),(52,'4th floor','Kinome','2016-05-18 21:05:21','2016-05-18 21:05:21',48),(53,'Cancer Program','GOLUB','2016-05-18 21:05:21','2016-05-18 21:05:21',2),(54,'BJ Rollins','BJR grou','2016-05-18 21:05:21','2016-05-18 21:05:21',50),(55,'Armstrong Lab','SAA','2016-05-18 21:05:21','2016-05-18 21:05:21',51),(56,'HIV Therapeutics','kuritzke','2016-05-18 21:05:21','2016-05-18 21:05:21',52),(57,'Garraway Lab','Garraway','2016-05-18 21:05:21','2016-05-18 21:05:21',53),(58,'genetics','Kwiatkow','2016-05-18 21:05:21','2016-05-18 21:05:21',54),(59,'Thyroid Cancer','214741','2016-05-18 21:05:21','2016-05-18 21:05:21',55),(60,'Panc Adeno Project',' Ferrone Lab','2016-05-18 21:05:21','2016-05-18 21:05:21',0),(61,'Fredenburgh Lab','FREDEN','2016-05-18 21:05:21','2016-05-18 21:05:21',57),(62,'Kwiatkowski Lab','RB06005A','2016-05-18 21:05:21','2016-05-18 21:05:21',58),(63,'15th floor','Meyerson','2016-05-18 21:05:21','2016-05-18 21:05:21',59),(64,'Medical Oncology - 8th floor',' Ghobrial lab','2016-05-18 21:05:21','2016-05-18 21:05:21',123456),(65,'Ghobrial lab','1234567','2016-05-18 21:05:22','2016-05-18 21:05:22',60),(66,'Oncology','ONC','2016-05-18 21:05:22','2016-05-18 21:05:22',62),(67,'CAMD','CAMD','2016-05-18 21:05:22','2016-05-18 21:05:22',22),(68,'Thyroid Surgery Lab Thier 603 Parangi Lab','1151983','2016-05-18 21:05:22','2016-05-18 21:05:22',63),(69,'ORF and RNAi work','HahnLab','2016-05-18 21:05:22','2016-05-18 21:05:22',64),(70,'Kirsch Lab',' ','2016-05-18 21:05:22','2016-05-18 21:05:22',65),(71,'Dana 15','Garraway','2016-05-18 21:05:22','2016-05-18 21:05:22',53),(72,'Bowtell Lab','LEVEL3','2016-05-18 21:05:22','2016-05-18 21:05:22',45),(73,'Cancer','zonlab','2016-05-18 21:05:22','2016-05-18 21:05:22',67),(74,'Dyson Lab','NDYSON','2016-05-18 21:05:22','2016-05-18 21:05:22',68),(75,'DePinho lab','depinho1','2016-05-18 21:05:22','2016-05-18 21:05:22',69),(76,'Mayer 4','DeCaprio','2016-05-18 21:05:22','2016-05-18 21:05:22',70),(77,'Kuritzkes Lab','87654321','2016-05-18 21:05:22','2016-05-18 21:05:22',71),(78,'Lab of Benjamin L. Ebert','ebert201','2016-05-18 21:05:22','2016-05-18 21:05:22',72),(79,'Pathology Dpt.','EHL305','2016-05-18 21:05:22','2016-05-18 21:05:22',73),(80,'Ribas Lab','31262','2016-05-18 21:05:22','2016-05-18 21:05:22',74),(81,'Translational Research','Fleming','2016-05-18 21:05:22','2016-05-18 21:05:22',75),(82,'Chin-Lee Wu','Wu Lab','2016-05-18 21:05:22','2016-05-18 21:05:22',76),(83,'Pediatric Oncology','KSteg','2016-05-18 21:05:22','2016-05-18 21:05:22',77),(84,'Cancer cytogenetics','JSOVCA','2016-05-18 21:05:22','2016-05-18 21:05:22',78),(85,'Nanomed','Nanomed','2016-05-18 21:05:22','2016-05-18 21:05:22',79),(86,'Antoni Ribas','RIBAS','2016-05-18 21:05:22','2016-05-18 21:05:22',31),(87,'Mark Kieran','Kieran','2016-05-18 21:05:22','2016-05-18 21:05:22',6),(88,'Ligon Lab','Ligon208','2016-05-18 21:05:22','2016-05-18 21:05:22',83),(89,'Leiomyosarcoma','EHL305','2016-05-18 21:05:22','2016-05-18 21:05:22',73),(90,'15th floor','prostate','2016-05-18 21:05:22','2016-05-18 21:05:22',84),(91,'Infinity','Infinity','2016-05-18 21:05:22','2016-05-18 21:05:22',85),(92,'Heme Malignancies','BrownCLL','2016-05-18 21:05:22','2016-05-18 21:05:22',86),(93,'Cancer Program','BSP','2016-05-18 21:05:22','2016-05-18 21:05:22',90),(94,'CCCB','CCCB','2016-05-18 21:05:22','2016-05-18 21:05:22',91),(95,'DeCaprio','DcCaprio','2016-05-18 21:05:22','2016-05-18 21:05:22',70),(96,'Gastroenterology','Kokkotou','2016-05-18 21:05:22','2016-05-18 21:05:22',92),(97,'Meyerson Lab','Meyerson','2016-05-18 21:05:22','2016-05-18 21:05:22',59),(98,'Cancer Bio','YUG310J','2016-05-18 21:05:22','2016-05-18 21:05:22',94),(99,'CMOP','CMOP','2016-05-18 21:05:22','2016-05-18 21:05:22',35),(100,'Choueiri-Signoretti','Choueiri','2016-05-18 21:05:22','2016-05-18 21:05:22',22),(101,'Swanson Research','Swanson','2016-05-18 21:05:22','2016-05-18 21:05:22',95),(102,'Cancer Biology','unknown','2016-05-18 21:05:22','2016-05-18 21:05:22',96),(103,'Saurin Lab','1234','2016-05-18 21:05:22','2016-05-18 21:05:22',22),(104,'Wong','7644','2016-05-18 21:05:22','2016-05-18 21:05:22',97),(105,'Pedi Onc','unknown','2016-05-18 21:05:22','2016-05-18 21:05:22',96),(106,'Beroukhim Lab','rameen','2016-05-18 21:05:22','2016-05-18 21:05:22',100),(107,'Pedatric Oncology','snf5','2016-05-18 21:05:22','2016-05-18 21:05:22',101),(108,'Cantley Lab','NA','2016-05-18 21:05:22','2016-05-18 21:05:22',102),(109,'Makrigiorgos','coldpcr','2016-05-18 21:05:22','2016-05-18 21:05:22',103),(110,'AML','1','2016-05-18 21:05:22','2016-05-18 21:05:22',8),(111,'Jeff Krane',' Head and Neck Pathology','2016-05-18 21:05:22','2016-05-18 21:05:22',11911),(112,'Breast Oncology','none','2016-05-18 21:05:22','2016-05-18 21:05:22',107),(113,'Shipp Lab','Shipp La','2016-05-18 21:05:22','2016-05-18 21:05:22',108),(114,'Santagata Lab','103964','2016-05-18 21:05:22','2016-05-18 21:05:22',110),(115,'Hematologic Neoplasia','D512WEIN','2016-05-18 21:05:22','2016-05-18 21:05:22',111),(116,'GI Genomics','Hsu_lab','2016-05-18 21:05:22','2016-05-18 21:05:22',112),(117,'Hsu lab','hsu','2016-05-18 21:05:22','2016-05-18 21:05:22',113),(118,'medulloblastoma','Segallab','2016-05-18 21:05:22','2016-05-18 21:05:22',47),(119,'OBSGYN','GYNONCOL','2016-05-18 21:05:22','2016-05-18 21:05:22',123),(120,'Choueiri-Signoretti','12345','2016-05-18 21:05:22','2016-05-18 21:05:22',124),(121,'Wagers Lab','Jos630 ','2016-05-18 21:05:22','2016-05-18 21:05:22',125),(122,'HIM346','MITSIAD','2016-05-18 21:05:22','2016-05-18 21:05:22',126),(123,'C-NExT','Ligonext','2016-05-18 21:05:22','2016-05-18 21:05:22',127),(124,'Weinstock lab','weinstoc','2016-05-18 21:05:22','2016-05-18 21:05:22',128),(125,'Meyerson','??','2016-05-18 21:05:22','2016-05-18 21:05:22',131),(126,'Mitsiades lab','Mitsiade','2016-05-18 21:05:22','2016-05-18 21:05:22',132),(127,'BIDMC Cancer Center Cantley','none','2016-05-18 21:05:22','2016-05-18 21:05:22',107),(128,'Thyroid Cancer Translational','212354','2016-05-18 21:05:22','2016-05-18 21:05:22',134),(129,'Conrad','WRN-4-40','2016-05-18 21:05:22','2016-05-18 21:05:22',135),(130,'Human Thyroid Cancers Translational Research','CNUCERA','2016-05-18 21:05:22','2016-05-18 21:05:22',136),(131,'Gyn Rad Onc','GynRO','2016-05-18 21:05:22','2016-05-18 21:05:22',137),(132,'Choueiri-Signoretti','522','2016-05-18 21:05:22','2016-05-18 21:05:22',138),(133,'JF5','DANDREA','2016-05-18 21:05:22','2016-05-18 21:05:22',139),(134,'Belfer','Belfer','2016-05-18 21:05:22','2016-05-18 21:05:22',140),(135,'Bass Laboratory','Bass','2016-05-18 21:05:22','2016-05-18 21:05:22',66),(136,'Shipp lab','lymphoma','2016-05-18 21:05:22','2016-05-18 21:05:22',142),(137,'Keith Ligon Lab @ DFCI','1234567','2016-05-18 21:05:22','2016-05-18 21:05:22',60),(138,'Ghobrial Lab','HUM237','2016-05-18 21:05:22','2016-05-18 21:05:22',144),(139,'Keith Ligon\'s Lab','1234567','2016-05-18 21:05:22','2016-05-18 21:05:22',60),(140,'Division of Gynecologic Oncology','RSBLAB','2016-05-18 21:05:22','2016-05-18 21:05:22',146),(141,'Barbie Lab','dana819','2016-05-18 21:05:22','2016-05-18 21:05:22',147),(142,'none','123','2016-05-18 21:05:22','2016-05-18 21:05:22',148),(143,'Beckman','Beckman','2016-05-18 21:05:22','2016-05-18 21:05:22',149),(144,'Garraway Lab','LAG','2016-05-18 21:05:22','2016-05-18 21:05:22',150),(145,'Thyroid','WASS','2016-05-18 21:05:22','2016-05-18 21:05:22',151),(146,'Bass Lab DFCI/MCO Dana 8','Bass','2016-05-18 21:05:22','2016-05-18 21:05:22',66),(147,'Bradner Lab','BRADNER','2016-05-18 21:05:22','2016-05-18 21:05:22',153),(148,'Beroukhim Lab','Berouk','2016-05-18 21:05:22','2016-05-18 21:05:22',154),(149,'Genomics','9617589','2016-05-18 21:05:22','2016-05-18 21:05:22',155),(150,'Gyn Oncology','LIU','2016-05-18 21:05:22','2016-05-18 21:05:22',156),(151,'Meyerson Cancer Program Lab','1111','2016-05-18 21:05:22','2016-05-18 21:05:22',157),(152,'Bioinformatics','000','2016-05-18 21:05:22','2016-05-18 21:05:22',158),(153,'PedOnc','PellmanM','2016-05-18 21:05:22','2016-05-18 21:05:22',159),(154,'MPS','BTP','2016-05-18 21:05:22','2016-05-18 21:05:22',160),(155,'Haining Lab','Haining','2016-05-18 21:05:22','2016-05-18 21:05:22',161),(156,'Cancer Program',' Broad','2016-05-18 21:05:22','2016-05-18 21:05:22',0),(157,'T-ALL','aglab','2016-05-18 21:05:22','2016-05-18 21:05:22',163),(158,'Long Lab Group','CFCE','2016-05-18 21:05:23','2016-05-18 21:05:23',164),(159,'Sorger Lab Group','plx4032','2016-05-18 21:05:23','2016-05-18 21:05:23',165),(160,'CMOP','JF208','2016-05-18 21:05:23','2016-05-18 21:05:23',166),(161,'Kaelin','Kaelin','2016-05-18 21:05:23','2016-05-18 21:05:23',167),(162,'Medical Oncology','........','2016-05-18 21:05:23','2016-05-18 21:05:23',2),(163,'Stem Cell Group','BGTDSCL','2016-05-18 21:05:23','2016-05-18 21:05:23',168),(164,'Hahn Lab','HahnLab','2016-05-18 21:05:23','2016-05-18 21:05:23',64),(165,'Stegmaier 6th Floor Group','STEGLAB','2016-05-18 21:05:23','2016-05-18 21:05:23',170),(166,'Kidney Cancer','GU Oncol','2016-05-18 21:05:23','2016-05-18 21:05:23',171),(167,'Biostatistics and Computational Biology DFCI Group','BCB','2016-05-18 21:05:23','2016-05-18 21:05:23',91),(168,'Polyak Lab Group','POLYAK','2016-05-18 21:05:23','2016-05-18 21:05:23',2),(169,'Brown PDX Group','BROWN','2016-05-18 21:05:23','2016-05-18 21:05:23',14),(170,'15th floor','HAHN','2016-05-18 21:05:23','2016-05-18 21:05:23',2),(171,'Medical Oncology','Ghobrial','2016-05-18 21:05:23','2016-05-18 21:05:23',177),(172,'Pediatric Oncology','76325281','2016-05-18 21:05:23','2016-05-18 21:05:23',178),(173,'Griffin',' J','2016-05-18 21:05:23','2016-05-18 21:05:23',0),(174,'Bladder Cancer Center','40888','2016-05-18 21:05:23','2016-05-18 21:05:23',180),(175,'Meyerson Lab Group','Meyerson','2016-05-18 21:05:23','2016-05-18 21:05:23',59),(176,'Joaquim Bellmunt','40888','2016-05-18 21:05:23','2016-05-18 21:05:23',180),(177,'Amatruda lab group','UTAMAT','2016-05-18 21:05:23','2016-05-18 21:05:23',182),(178,'Daley','Daley','2016-05-18 21:05:23','2016-05-18 21:05:23',183),(179,'Collaboration with Weinstock Lab','002a','2016-05-18 21:05:23','2016-05-18 21:05:23',184),(180,'Dana15','HahnLab','2016-05-18 21:05:23','2016-05-18 21:05:23',64),(181,'Med Onc - Hematologic Malignancies','TBD','2016-05-18 21:05:23','2016-05-18 21:05:23',186),(182,'Celebi','Celebi','2016-05-18 21:05:23','2016-05-18 21:05:23',187),(183,'GlenDranoff','524','2016-05-18 21:05:23','2016-05-18 21:05:23',188),(184,'Weinstock lab','510B','2016-05-18 21:05:23','2016-05-18 21:05:23',128),(185,'Medical Oncology','HER2','2016-05-18 21:05:23','2016-05-18 21:05:23',189),(186,'Chin Lab Group','Chinlab1','2016-05-18 21:05:23','2016-05-18 21:05:23',190),(187,'Department for Gynecologic Oncology','\"\"GynOnc_','2016-05-18 21:05:23','2016-05-18 21:05:23',191),(188,'Beroukhim Lab Group ','N/A','2016-05-18 21:05:23','2016-05-18 21:05:23',192),(189,'Lane Lab Group','Lane','2016-05-18 21:05:23','2016-05-18 21:05:23',97),(190,'Cancer Biology','N/A','2016-05-18 21:05:23','2016-05-18 21:05:23',192),(191,'D\'Andrea Lab Genomics','D\'Andrea','2016-05-18 21:05:23','2016-05-18 21:05:23',195),(192,'Egles Group','LIMCR','2016-05-18 21:05:23','2016-05-18 21:05:23',196),(193,'Gutierrez Lab','aglab','2016-05-18 21:05:23','2016-05-18 21:05:23',163),(194,'Target Discovery','Belfer','2016-05-18 21:05:23','2016-05-18 21:05:23',140),(195,'tbd','TBD','2016-05-18 21:05:23','2016-05-18 21:05:23',186),(196,'PTCL','D512','2016-05-18 21:05:23','2016-05-18 21:05:23',200),(197,'Blank Lab Group','cncmaf','2016-05-18 21:05:23','2016-05-18 21:05:23',201),(198,'GYN mesenchymal tumors group','BHMNBQ','2016-05-18 21:05:23','2016-05-18 21:05:23',203),(199,'BWH Hematology','EbertLab','2016-05-18 21:05:23','2016-05-18 21:05:23',204),(200,'CMOP','LIGON','2016-05-18 21:05:23','2016-05-18 21:05:23',35),(201,'Ped Onc 6th floor','PedOnc','2016-05-18 21:05:23','2016-05-18 21:05:23',206),(202,'CFCE','CFCE','2016-05-18 21:05:23','2016-05-18 21:05:23',164);
/*!40000 ALTER TABLE `lab_groups` ENABLE KEYS */;
UNLOCK TABLES;

--
-- Table structure for table `locations`
--

DROP TABLE IF EXISTS `locations`;
/*!40101 SET @saved_cs_client     = @@character_set_client */;
/*!40101 SET character_set_client = utf8 */;
CREATE TABLE `locations` (
  `id` int(11) NOT NULL AUTO_INCREMENT,
  `building` varchar(255) COLLATE utf8_unicode_ci DEFAULT NULL,
  `room` varchar(255) COLLATE utf8_unicode_ci DEFAULT NULL,
  `created_at` datetime NOT NULL,
  `updated_at` datetime NOT NULL,
  `address_id` int(11) DEFAULT NULL,
  PRIMARY KEY (`id`)
) ENGINE=InnoDB AUTO_INCREMENT=208 DEFAULT CHARSET=utf8 COLLATE=utf8_unicode_ci;
/*!40101 SET character_set_client = @saved_cs_client */;

--
-- Dumping data for table `locations`
--

LOCK TABLES `locations` WRITE;
/*!40000 ALTER TABLE `locations` DISABLE KEYS */;
INSERT INTO `locations` VALUES (1,'Dana','1539','2016-05-18 21:05:18','2016-05-18 21:05:18',1),(2,'Dana','15th Floor','2016-05-18 21:05:18','2016-05-18 21:05:18',1),(3,'Dana','7th Floor','2016-05-18 21:05:18','2016-05-18 21:05:18',1),(4,'7CC','4th Floor','2016-05-18 21:05:18','2016-05-18 21:05:18',2),(5,'Dana','820','2016-05-18 21:05:18','2016-05-18 21:05:18',1),(6,'Dana','D3-JFC','2016-05-18 21:05:18','2016-05-18 21:05:18',1),(7,'Smith','970','2016-05-18 21:05:18','2016-05-18 21:05:18',1),(8,'Mayer','630','2016-05-18 21:05:18','2016-05-18 21:05:18',1),(10,'Mayer','530','2016-05-18 21:05:18','2016-05-18 21:05:18',1),(11,'Dana','1220','2016-05-18 21:05:18','2016-05-18 21:05:18',1),(12,'Mayer','513','2016-05-18 21:05:18','2016-05-18 21:05:18',1),(13,'Dana','1230','2016-05-18 21:05:18','2016-05-18 21:05:18',1),(14,'Dana','730','2016-05-18 21:05:18','2016-05-18 21:05:18',1),(15,'Dana','1B30','2016-05-18 21:05:18','2016-05-18 21:05:18',1),(16,'Mayer','430','2016-05-18 21:05:18','2016-05-18 21:05:18',1),(21,'Smith','1070','2016-05-18 21:05:18','2016-05-18 21:05:18',1),(22,'BWH','','2016-05-18 21:05:18','2016-05-18 21:05:18',3),(23,'21-27 Burlington Ave.','464','2016-05-18 21:05:18','2016-05-18 21:05:18',4),(24,'MGH','','2016-05-18 21:05:18','2016-05-18 21:05:18',5),(25,'Ophthalmology-Retina Service','','2016-05-18 21:05:18','2016-05-18 21:05:18',6),(26,'Mayer','448','2016-05-18 21:05:18','2016-05-18 21:05:18',1),(27,'MGH','Yawkey 3700','2016-05-18 21:05:18','2016-05-18 21:05:18',5),(28,'Thorn ','528','2016-05-18 21:05:18','2016-05-18 21:05:18',8),(29,'N-Of-One','','2016-05-18 21:05:18','2016-05-18 21:05:18',9),(30,'BWH','BLI-449A','2016-05-18 21:05:18','2016-05-18 21:05:18',10),(31,'Factor','','2016-05-18 21:05:18','2016-05-18 21:05:18',11),(32,'Neurology','','2016-05-18 21:05:18','2016-05-18 21:05:18',12),(33,'21-27 Burlington Ave.','B452A','2016-05-18 21:05:18','2016-05-18 21:05:18',4),(35,'Jimmy Fund','JF215','2016-05-18 21:05:18','2016-05-18 21:05:18',1),(36,'NIBR','','2016-05-18 21:05:18','2016-05-18 21:05:18',13),(40,'50 Blossom Street','GRJ 825','2016-05-18 21:05:18','2016-05-18 21:05:18',17),(42,'WRB','2-143','2016-05-18 21:05:18','2016-05-18 21:05:18',18),(43,'Infinity Pharmaceuticals','','2016-05-18 21:05:18','2016-05-18 21:05:18',19),(44,'375 Longwood','226','2016-05-18 21:05:18','2016-05-18 21:05:18',20),(45,'Peter Mac Research','3539','2016-05-18 21:05:18','2016-05-18 21:05:18',21),(46,'CLS','428','2016-05-18 21:05:18','2016-05-18 21:05:18',74),(47,'Smith','1054','2016-05-18 21:05:18','2016-05-18 21:05:18',1),(48,'Main building','4175-B','2016-05-18 21:05:18','2016-05-18 21:05:18',2),(49,'7CC','4175-X','2016-05-18 21:05:18','2016-05-18 21:05:18',2),(50,'Smith','742','2016-05-18 21:05:18','2016-05-18 21:05:18',1),(51,'Karp','08211','2016-05-18 21:05:18','2016-05-18 21:05:18',7),(52,'65 Landsdowne','435','2016-05-18 21:05:18','2016-05-18 21:05:18',34),(53,'Dana','D1541','2016-05-18 21:05:19','2016-05-18 21:05:19',1),(54,'Karp','6-216','2016-05-18 21:05:19','2016-05-18 21:05:19',7),(55,'Thier','6 floor','2016-05-18 21:05:19','2016-05-18 21:05:19',5),(56,'WANG','460','2016-05-18 21:05:19','2016-05-18 21:05:19',26),(57,'Thorn','932','2016-05-18 21:05:19','2016-05-18 21:05:19',3),(58,'Karp','RB06005A','2016-05-18 21:05:19','2016-05-18 21:05:19',7),(59,'Dana','1526','2016-05-18 21:05:19','2016-05-18 21:05:19',1),(60,'Dana','802','2016-05-18 21:05:19','2016-05-18 21:05:19',1),(61,'Karp','Rm 08006A','2016-05-18 21:05:19','2016-05-18 21:05:19',7),(62,'Samsung Cancer Center','11th floor','2016-05-18 21:05:19','2016-05-18 21:05:19',29),(63,'Thier','603','2016-05-18 21:05:19','2016-05-18 21:05:19',5),(64,'7CC','4034','2016-05-18 21:05:19','2016-05-18 21:05:19',2),(65,'LSRC','232','2016-05-18 21:05:19','2016-05-18 21:05:19',31),(66,'Dana','Lab','2016-05-18 21:05:19','2016-05-18 21:05:19',1),(67,'Karp','RB-07005A','2016-05-18 21:05:19','2016-05-18 21:05:19',7),(68,'149','7330','2016-05-18 21:05:19','2016-05-18 21:05:19',33),(69,'Mayer','415','2016-05-18 21:05:19','2016-05-18 21:05:19',1),(70,'Mayer','440','2016-05-18 21:05:19','2016-05-18 21:05:19',1),(71,'Partners Research bldg','441','2016-05-18 21:05:19','2016-05-18 21:05:19',34),(72,'Karp','5.210','2016-05-18 21:05:19','2016-05-18 21:05:19',7),(73,'Smilow','305','2016-05-18 21:05:19','2016-05-18 21:05:19',36),(74,'Factor','14-635','2016-05-18 21:05:19','2016-05-18 21:05:19',42),(75,'Enders','1174','2016-05-18 21:05:19','2016-05-18 21:05:19',38),(76,'WRN','3-324','2016-05-18 21:05:19','2016-05-18 21:05:19',5),(77,'Dana','640A','2016-05-18 21:05:19','2016-05-18 21:05:19',1),(78,'Richardson Laboratory','401','2016-05-18 21:05:19','2016-05-18 21:05:19',39),(79,'Samsung Cancer Center','188 B4','2016-05-18 21:05:19','2016-05-18 21:05:19',41),(81,'Factor','14-638','2016-05-18 21:05:19','2016-05-18 21:05:19',42),(83,'JF','208','2016-05-18 21:05:19','2016-05-18 21:05:19',1),(84,'Dana','1516','2016-05-18 21:05:19','2016-05-18 21:05:19',1),(85,'780 Memorial Drive','780 Memorial Drive','2016-05-18 21:05:19','2016-05-18 21:05:19',44),(86,'Mayer','1B29','2016-05-18 21:05:19','2016-05-18 21:05:19',1),(87,'Dana','1210','2016-05-18 21:05:19','2016-05-18 21:05:19',1),(88,'Dana','740','2016-05-18 21:05:19','2016-05-18 21:05:19',1),(90,'B301','5019','2016-05-18 21:05:19','2016-05-18 21:05:19',46),(91,'Smith','824','2016-05-18 21:05:19','2016-05-18 21:05:19',1),(92,'BIDMC Dana','536','2016-05-18 21:05:19','2016-05-18 21:05:19',74),(93,'Dana','15th floor','2016-05-18 21:05:19','2016-05-18 21:05:19',1),(94,'270 Albany','G310J','2016-05-18 21:05:19','2016-05-18 21:05:19',49),(95,'Peter Bent Brigham','CA 355','2016-05-18 21:05:19','2016-05-18 21:05:19',3),(96,'270 Albany','G310I','2016-05-18 21:05:19','2016-05-18 21:05:19',49),(97,'Mayer','413','2016-05-18 21:05:19','2016-05-18 21:05:19',50),(98,'Dana','630F','2016-05-18 21:05:19','2016-05-18 21:05:19',50),(99,'Smith','708','2016-05-18 21:05:19','2016-05-18 21:05:19',50),(100,'Smith','1022C','2016-05-18 21:05:19','2016-05-18 21:05:19',50),(101,'Mayer','654','2016-05-18 21:05:19','2016-05-18 21:05:19',50),(102,'CLS ','417','2016-05-18 21:05:19','2016-05-18 21:05:19',12),(103,'Jimmy Fund','614','2016-05-18 21:05:19','2016-05-18 21:05:19',50),(104,'Dana','1526','2016-05-18 21:05:19','2016-05-18 21:05:19',1),(105,'Mayer','457','2016-05-18 21:05:19','2016-05-18 21:05:19',50),(107,'Yawkey','1257','2016-05-18 21:05:19','2016-05-18 21:05:19',50),(108,'Mayer','563','2016-05-18 21:05:19','2016-05-18 21:05:19',1),(110,'Amory','360U','2016-05-18 21:05:19','2016-05-18 21:05:19',3),(111,'Dana','D512','2016-05-18 21:05:19','2016-05-18 21:05:19',1),(112,'CIEMAS','2323','2016-05-18 21:05:19','2016-05-18 21:05:19',57),(113,'CIEMAS','2323','2016-05-18 21:05:19','2016-05-18 21:05:19',57),(122,'Smith','1052','2016-05-18 21:05:19','2016-05-18 21:05:19',50),(123,'BLI','449B','2016-05-18 21:05:19','2016-05-18 21:05:19',10),(124,'Dana','1230','2016-05-18 21:05:19','2016-05-18 21:05:19',1),(125,'Joslin','630','2016-05-18 21:05:19','2016-05-18 21:05:19',68),(126,'Harvard Institutes of Medicine Building (4 Blackfan Circle)','HIM346','2016-05-18 21:05:19','2016-05-18 21:05:19',50),(127,'27 Drydock','DD466S','2016-05-18 21:05:19','2016-05-18 21:05:19',70),(128,'Dana','510B','2016-05-18 21:05:19','2016-05-18 21:05:19',50),(131,'7CC','4027','2016-05-18 21:05:19','2016-05-18 21:05:19',2),(132,'HIM','309','2016-05-18 21:05:19','2016-05-18 21:05:19',74),(133,'Center for Life Sciences','CLS441','2016-05-18 21:05:19','2016-05-18 21:05:19',75),(134,'Research North','2 floor','2016-05-18 21:05:19','2016-05-18 21:05:19',76),(135,'Warren','WRN-4-408C','2016-05-18 21:05:19','2016-05-18 21:05:19',5),(136,'BIDMC Pathology','','2016-05-18 21:05:19','2016-05-18 21:05:19',76),(137,'CWN-L2','Brachy','2016-05-18 21:05:19','2016-05-18 21:05:19',3),(138,'Dana','1230','2016-05-18 21:05:19','2016-05-18 21:05:19',50),(139,'Jimmy Fund','521','2016-05-18 21:05:19','2016-05-18 21:05:19',77),(140,'HIM ','344','2016-05-18 21:05:19','2016-05-18 21:05:19',78),(141,'Dana','15','2016-05-18 21:05:19','2016-05-18 21:05:19',79),(142,'mayer','515','2016-05-18 21:05:19','2016-05-18 21:05:19',77),(143,'Jimmy Fund','208B','2016-05-18 21:05:19','2016-05-18 21:05:19',80),(144,'HIM','240','2016-05-18 21:05:19','2016-05-18 21:05:19',81),(145,'Jimmy Fund','208B','2016-05-18 21:05:19','2016-05-18 21:05:19',77),(146,'Boston Lying-In','429A','2016-05-18 21:05:19','2016-05-18 21:05:19',82),(147,'Dana','819','2016-05-18 21:05:19','2016-05-18 21:05:19',77),(148,'bldg','rm','2016-05-18 21:05:19','2016-05-18 21:05:19',83),(149,'Smith','1234','2016-05-18 21:05:19','2016-05-18 21:05:19',84),(150,'Dana','1524','2016-05-18 21:05:19','2016-05-18 21:05:19',85),(151,'HSC','5445','2016-05-18 21:05:19','2016-05-18 21:05:19',86),(152,'Dana','8th Floor','2016-05-18 21:05:19','2016-05-18 21:05:19',1),(153,'Dana','510','2016-05-18 21:05:19','2016-05-18 21:05:19',1),(154,'Smith','1010','2016-05-18 21:05:19','2016-05-18 21:05:19',87),(155,'Dana','1234','2016-05-18 21:05:19','2016-05-18 21:05:19',85),(156,'Yawkey','1425','2016-05-18 21:05:19','2016-05-18 21:05:19',50),(157,'7CC','4175-J','2016-05-18 21:05:19','2016-05-18 21:05:19',2),(158,'DA','8','2016-05-18 21:05:19','2016-05-18 21:05:19',88),(159,'Mayer','620','2016-05-18 21:05:19','2016-05-18 21:05:19',89),(160,'020','0G4','2016-05-18 21:05:19','2016-05-18 21:05:19',90),(161,'Dana','D644','2016-05-18 21:05:19','2016-05-18 21:05:19',50),(162,'7CC','4th floor','2016-05-18 21:05:19','2016-05-18 21:05:19',50),(163,'Karp','08-212','2016-05-18 21:05:20','2016-05-18 21:05:20',91),(164,'Dana','757','2016-05-18 21:05:20','2016-05-18 21:05:20',50),(165,'WAB','444','2016-05-18 21:05:20','2016-05-18 21:05:20',92),(166,'Jimmy Fund','208C','2016-05-18 21:05:20','2016-05-18 21:05:20',1),(167,'Mayer','457','2016-05-18 21:05:20','2016-05-18 21:05:20',77),(168,'Banting Building','E110','2016-05-18 21:05:20','2016-05-18 21:05:20',93),(169,'Dana','1514','2016-05-18 21:05:20','2016-05-18 21:05:20',94),(170,'Dana','D628','2016-05-18 21:05:20','2016-05-18 21:05:20',95),(171,'Dana Building','1230','2016-05-18 21:05:20','2016-05-18 21:05:20',77),(172,'Smith','822C','2016-05-18 21:05:20','2016-05-18 21:05:20',77),(173,'Dana','D740B','2016-05-18 21:05:20','2016-05-18 21:05:20',50),(174,'Dana','D614','2016-05-18 21:05:20','2016-05-18 21:05:20',96),(175,'Dana','728','2016-05-18 21:05:20','2016-05-18 21:05:20',96),(176,'Dana','1514','2016-05-18 21:05:20','2016-05-18 21:05:20',97),(177,'HIM','237','2016-05-18 21:05:20','2016-05-18 21:05:20',98),(178,'Dana','640A','2016-05-18 21:05:20','2016-05-18 21:05:20',99),(179,'Mayer ','534','2016-05-18 21:05:20','2016-05-18 21:05:20',100),(180,'Dana ','1230','2016-05-18 21:05:20','2016-05-18 21:05:20',77),(181,'Broad','5064D','2016-05-18 21:05:20','2016-05-18 21:05:20',101),(182,'ND3','136','2016-05-18 21:05:20','2016-05-18 21:05:20',102),(183,'Karp','7004','2016-05-18 21:05:20','2016-05-18 21:05:20',103),(184,'Haematologicum','007','2016-05-18 21:05:20','2016-05-18 21:05:20',104),(185,'Dana','1514','2016-05-18 21:05:20','2016-05-18 21:05:20',77),(186,'Karp','5th floor','2016-05-18 21:05:20','2016-05-18 21:05:20',50),(187,'Hess','5-108','2016-05-18 21:05:20','2016-05-18 21:05:20',105),(188,'Dana','524','2016-05-18 21:05:20','2016-05-18 21:05:20',96),(189,'Dana','1240F','2016-05-18 21:05:20','2016-05-18 21:05:20',77),(190,'CLS','628C','2016-05-18 21:05:20','2016-05-18 21:05:20',75),(191,'Haupthaus','E.408','2016-05-18 21:05:20','2016-05-18 21:05:20',106),(192,'Smith','1022','2016-05-18 21:05:20','2016-05-18 21:05:20',107),(193,'Smith','1010','2016-05-18 21:05:20','2016-05-18 21:05:20',108),(194,'Dana Building','630D','2016-05-18 21:05:20','2016-05-18 21:05:20',1),(195,'Mayer','640','2016-05-18 21:05:20','2016-05-18 21:05:20',85),(196,'C','1.1','2016-05-18 21:05:20','2016-05-18 21:05:20',109),(197,'Karp','08006C','2016-05-18 21:05:20','2016-05-18 21:05:20',7),(198,'HIM','343','2016-05-18 21:05:20','2016-05-18 21:05:20',110),(199,'tbd','tbd','2016-05-18 21:05:20','2016-05-18 21:05:20',111),(200,'Dana','512','2016-05-18 21:05:20','2016-05-18 21:05:20',1),(201,'Pavillon F','623','2016-05-18 21:05:20','2016-05-18 21:05:20',112),(202,'Dana','512','2016-05-18 21:05:20','2016-05-18 21:05:20',77),(203,'Medical Research Building','7th floor','2016-05-18 21:05:20','2016-05-18 21:05:20',113),(204,'Karp','520','2016-05-18 21:05:20','2016-05-18 21:05:20',114),(205,'Jimmy Fund','208','2016-05-18 21:05:20','2016-05-18 21:05:20',77),(206,'Dana','628','2016-05-18 21:05:20','2016-05-18 21:05:20',77),(207,'Dana','730B','2016-05-18 21:05:20','2016-05-18 21:05:20',77);
/*!40000 ALTER TABLE `locations` ENABLE KEYS */;
UNLOCK TABLES;

--
-- Table structure for table `memberships`
--

DROP TABLE IF EXISTS `memberships`;
/*!40101 SET @saved_cs_client     = @@character_set_client */;
/*!40101 SET character_set_client = utf8 */;
CREATE TABLE `memberships` (
  `id` int(11) NOT NULL AUTO_INCREMENT,
  `user_id` int(11) DEFAULT NULL,
  `lab_group_id` int(11) DEFAULT NULL,
  `created_at` datetime NOT NULL,
  `updated_at` datetime NOT NULL,
  PRIMARY KEY (`id`)
) ENGINE=InnoDB AUTO_INCREMENT=269 DEFAULT CHARSET=utf8 COLLATE=utf8_unicode_ci;
/*!40101 SET character_set_client = @saved_cs_client */;

--
-- Dumping data for table `memberships`
--

LOCK TABLES `memberships` WRITE;
/*!40000 ALTER TABLE `memberships` DISABLE KEYS */;
INSERT INTO `memberships` VALUES (1,2,1,'2016-05-18 21:05:27','2016-05-18 21:05:27'),(2,3,1,'2016-05-18 21:05:27','2016-05-18 21:05:27'),(3,4,1,'2016-05-18 21:05:27','2016-05-18 21:05:27'),(4,50,1,'2016-05-18 21:05:27','2016-05-18 21:05:27'),(5,58,1,'2016-05-18 21:05:27','2016-05-18 21:05:27'),(6,61,1,'2016-05-18 21:05:27','2016-05-18 21:05:27'),(7,65,1,'2016-05-18 21:05:27','2016-05-18 21:05:27'),(8,73,1,'2016-05-18 21:05:27','2016-05-18 21:05:27'),(9,78,1,'2016-05-18 21:05:27','2016-05-18 21:05:27'),(10,81,1,'2016-05-18 21:05:27','2016-05-18 21:05:27'),(11,93,1,'2016-05-18 21:05:27','2016-05-18 21:05:27'),(12,108,1,'2016-05-18 21:05:27','2016-05-18 21:05:27'),(13,126,1,'2016-05-18 21:05:27','2016-05-18 21:05:27'),(14,137,1,'2016-05-18 21:05:27','2016-05-18 21:05:27'),(15,160,1,'2016-05-18 21:05:27','2016-05-18 21:05:27'),(16,171,1,'2016-05-18 21:05:27','2016-05-18 21:05:27'),(17,246,1,'2016-05-18 21:05:27','2016-05-18 21:05:27'),(18,250,1,'2016-05-18 21:05:27','2016-05-18 21:05:27'),(19,267,1,'2016-05-18 21:05:27','2016-05-18 21:05:27'),(20,317,1,'2016-05-18 21:05:27','2016-05-18 21:05:27'),(21,5,1,'2016-05-18 21:05:27','2016-05-18 21:05:27'),(22,6,1,'2016-05-18 21:05:27','2016-05-18 21:05:27'),(23,7,1,'2016-05-18 21:05:27','2016-05-18 21:05:27'),(24,40,1,'2016-05-18 21:05:27','2016-05-18 21:05:27'),(25,72,1,'2016-05-18 21:05:27','2016-05-18 21:05:27'),(26,154,1,'2016-05-18 21:05:27','2016-05-18 21:05:27'),(27,173,1,'2016-05-18 21:05:27','2016-05-18 21:05:27'),(28,175,1,'2016-05-18 21:05:27','2016-05-18 21:05:27'),(29,233,1,'2016-05-18 21:05:27','2016-05-18 21:05:27'),(30,266,1,'2016-05-18 21:05:27','2016-05-18 21:05:27'),(31,269,1,'2016-05-18 21:05:27','2016-05-18 21:05:27'),(32,38,1,'2016-05-18 21:05:27','2016-05-18 21:05:27'),(33,8,2,'2016-05-18 21:05:27','2016-05-18 21:05:27'),(34,27,2,'2016-05-18 21:05:27','2016-05-18 21:05:27'),(35,31,2,'2016-05-18 21:05:27','2016-05-18 21:05:27'),(36,36,2,'2016-05-18 21:05:27','2016-05-18 21:05:27'),(37,39,2,'2016-05-18 21:05:28','2016-05-18 21:05:28'),(38,43,2,'2016-05-18 21:05:28','2016-05-18 21:05:28'),(39,44,2,'2016-05-18 21:05:28','2016-05-18 21:05:28'),(40,45,2,'2016-05-18 21:05:28','2016-05-18 21:05:28'),(41,79,2,'2016-05-18 21:05:28','2016-05-18 21:05:28'),(42,80,2,'2016-05-18 21:05:28','2016-05-18 21:05:28'),(43,146,2,'2016-05-18 21:05:28','2016-05-18 21:05:28'),(44,9,3,'2016-05-18 21:05:28','2016-05-18 21:05:28'),(45,28,3,'2016-05-18 21:05:28','2016-05-18 21:05:28'),(46,10,4,'2016-05-18 21:05:28','2016-05-18 21:05:28'),(47,47,4,'2016-05-18 21:05:28','2016-05-18 21:05:28'),(48,10,5,'2016-05-18 21:05:28','2016-05-18 21:05:28'),(49,85,5,'2016-05-18 21:05:28','2016-05-18 21:05:28'),(50,11,6,'2016-05-18 21:05:28','2016-05-18 21:05:28'),(51,62,6,'2016-05-18 21:05:28','2016-05-18 21:05:28'),(52,122,6,'2016-05-18 21:05:28','2016-05-18 21:05:28'),(53,157,6,'2016-05-18 21:05:28','2016-05-18 21:05:28'),(54,161,6,'2016-05-18 21:05:28','2016-05-18 21:05:28'),(55,278,6,'2016-05-18 21:05:28','2016-05-18 21:05:28'),(56,12,7,'2016-05-18 21:05:28','2016-05-18 21:05:28'),(57,33,7,'2016-05-18 21:05:28','2016-05-18 21:05:28'),(58,113,7,'2016-05-18 21:05:28','2016-05-18 21:05:28'),(59,13,8,'2016-05-18 21:05:28','2016-05-18 21:05:28'),(60,49,8,'2016-05-18 21:05:28','2016-05-18 21:05:28'),(61,51,8,'2016-05-18 21:05:28','2016-05-18 21:05:28'),(62,13,9,'2016-05-18 21:05:28','2016-05-18 21:05:28'),(63,46,9,'2016-05-18 21:05:28','2016-05-18 21:05:28'),(64,97,9,'2016-05-18 21:05:28','2016-05-18 21:05:28'),(65,14,10,'2016-05-18 21:05:28','2016-05-18 21:05:28'),(66,141,10,'2016-05-18 21:05:28','2016-05-18 21:05:28'),(67,275,10,'2016-05-18 21:05:28','2016-05-18 21:05:28'),(68,15,11,'2016-05-18 21:05:28','2016-05-18 21:05:28'),(69,16,12,'2016-05-18 21:05:28','2016-05-18 21:05:28'),(70,17,13,'2016-05-18 21:05:28','2016-05-18 21:05:28'),(71,18,14,'2016-05-18 21:05:28','2016-05-18 21:05:28'),(72,19,15,'2016-05-18 21:05:28','2016-05-18 21:05:28'),(73,30,15,'2016-05-18 21:05:28','2016-05-18 21:05:28'),(74,20,16,'2016-05-18 21:05:28','2016-05-18 21:05:28'),(75,21,17,'2016-05-18 21:05:28','2016-05-18 21:05:28'),(76,22,18,'2016-05-18 21:05:28','2016-05-18 21:05:28'),(77,23,19,'2016-05-18 21:05:28','2016-05-18 21:05:28'),(78,24,20,'2016-05-18 21:05:28','2016-05-18 21:05:28'),(79,25,21,'2016-05-18 21:05:28','2016-05-18 21:05:28'),(80,277,21,'2016-05-18 21:05:28','2016-05-18 21:05:28'),(81,26,22,'2016-05-18 21:05:28','2016-05-18 21:05:28'),(82,34,24,'2016-05-18 21:05:28','2016-05-18 21:05:28'),(83,35,24,'2016-05-18 21:05:28','2016-05-18 21:05:28'),(84,37,25,'2016-05-18 21:05:28','2016-05-18 21:05:28'),(85,41,26,'2016-05-18 21:05:28','2016-05-18 21:05:28'),(86,42,27,'2016-05-18 21:05:28','2016-05-18 21:05:28'),(87,48,28,'2016-05-18 21:05:28','2016-05-18 21:05:28'),(88,52,30,'2016-05-18 21:05:28','2016-05-18 21:05:28'),(89,63,30,'2016-05-18 21:05:28','2016-05-18 21:05:28'),(90,53,31,'2016-05-18 21:05:28','2016-05-18 21:05:28'),(91,54,32,'2016-05-18 21:05:28','2016-05-18 21:05:28'),(92,55,33,'2016-05-18 21:05:28','2016-05-18 21:05:28'),(93,142,33,'2016-05-18 21:05:28','2016-05-18 21:05:28'),(94,143,33,'2016-05-18 21:05:28','2016-05-18 21:05:28'),(95,56,34,'2016-05-18 21:05:28','2016-05-18 21:05:28'),(96,57,35,'2016-05-18 21:05:28','2016-05-18 21:05:28'),(97,59,36,'2016-05-18 21:05:28','2016-05-18 21:05:28'),(98,60,37,'2016-05-18 21:05:28','2016-05-18 21:05:28'),(99,132,37,'2016-05-18 21:05:28','2016-05-18 21:05:28'),(100,64,39,'2016-05-18 21:05:28','2016-05-18 21:05:28'),(101,88,39,'2016-05-18 21:05:28','2016-05-18 21:05:28'),(102,282,39,'2016-05-18 21:05:28','2016-05-18 21:05:28'),(103,66,40,'2016-05-18 21:05:28','2016-05-18 21:05:28'),(104,92,40,'2016-05-18 21:05:28','2016-05-18 21:05:28'),(105,314,40,'2016-05-18 21:05:28','2016-05-18 21:05:28'),(106,70,42,'2016-05-18 21:05:28','2016-05-18 21:05:28'),(107,71,43,'2016-05-18 21:05:28','2016-05-18 21:05:28'),(108,74,45,'2016-05-18 21:05:28','2016-05-18 21:05:28'),(109,76,46,'2016-05-18 21:05:28','2016-05-18 21:05:28'),(110,130,46,'2016-05-18 21:05:28','2016-05-18 21:05:28'),(111,77,47,'2016-05-18 21:05:28','2016-05-18 21:05:28'),(112,82,48,'2016-05-18 21:05:28','2016-05-18 21:05:28'),(113,101,48,'2016-05-18 21:05:28','2016-05-18 21:05:28'),(114,215,48,'2016-05-18 21:05:28','2016-05-18 21:05:28'),(115,83,49,'2016-05-18 21:05:28','2016-05-18 21:05:28'),(116,176,49,'2016-05-18 21:05:28','2016-05-18 21:05:28'),(117,86,50,'2016-05-18 21:05:28','2016-05-18 21:05:28'),(118,87,51,'2016-05-18 21:05:28','2016-05-18 21:05:28'),(119,89,52,'2016-05-18 21:05:28','2016-05-18 21:05:28'),(120,90,53,'2016-05-18 21:05:28','2016-05-18 21:05:28'),(121,234,53,'2016-05-18 21:05:28','2016-05-18 21:05:28'),(122,107,53,'2016-05-18 21:05:29','2016-05-18 21:05:29'),(123,91,54,'2016-05-18 21:05:29','2016-05-18 21:05:29'),(124,94,55,'2016-05-18 21:05:29','2016-05-18 21:05:29'),(125,95,56,'2016-05-18 21:05:29','2016-05-18 21:05:29'),(126,96,57,'2016-05-18 21:05:29','2016-05-18 21:05:29'),(127,98,58,'2016-05-18 21:05:29','2016-05-18 21:05:29'),(128,99,59,'2016-05-18 21:05:29','2016-05-18 21:05:29'),(129,123,59,'2016-05-18 21:05:29','2016-05-18 21:05:29'),(130,291,59,'2016-05-18 21:05:29','2016-05-18 21:05:29'),(131,152,59,'2016-05-18 21:05:29','2016-05-18 21:05:29'),(132,174,59,'2016-05-18 21:05:29','2016-05-18 21:05:29'),(133,285,59,'2016-05-18 21:05:29','2016-05-18 21:05:29'),(134,100,60,'2016-05-18 21:05:29','2016-05-18 21:05:29'),(135,238,61,'2016-05-18 21:05:29','2016-05-18 21:05:29'),(136,102,63,'2016-05-18 21:05:29','2016-05-18 21:05:29'),(137,140,63,'2016-05-18 21:05:29','2016-05-18 21:05:29'),(138,103,64,'2016-05-18 21:05:29','2016-05-18 21:05:29'),(139,145,64,'2016-05-18 21:05:29','2016-05-18 21:05:29'),(140,159,64,'2016-05-18 21:05:29','2016-05-18 21:05:29'),(141,104,65,'2016-05-18 21:05:29','2016-05-18 21:05:29'),(142,105,66,'2016-05-18 21:05:29','2016-05-18 21:05:29'),(143,272,66,'2016-05-18 21:05:29','2016-05-18 21:05:29'),(144,289,66,'2016-05-18 21:05:29','2016-05-18 21:05:29'),(145,106,67,'2016-05-18 21:05:29','2016-05-18 21:05:29'),(146,109,68,'2016-05-18 21:05:29','2016-05-18 21:05:29'),(147,110,69,'2016-05-18 21:05:29','2016-05-18 21:05:29'),(148,111,70,'2016-05-18 21:05:29','2016-05-18 21:05:29'),(149,112,71,'2016-05-18 21:05:29','2016-05-18 21:05:29'),(150,133,71,'2016-05-18 21:05:29','2016-05-18 21:05:29'),(151,114,72,'2016-05-18 21:05:29','2016-05-18 21:05:29'),(152,116,73,'2016-05-18 21:05:29','2016-05-18 21:05:29'),(153,117,74,'2016-05-18 21:05:29','2016-05-18 21:05:29'),(154,119,75,'2016-05-18 21:05:29','2016-05-18 21:05:29'),(155,120,76,'2016-05-18 21:05:29','2016-05-18 21:05:29'),(156,121,77,'2016-05-18 21:05:29','2016-05-18 21:05:29'),(157,125,77,'2016-05-18 21:05:29','2016-05-18 21:05:29'),(158,124,78,'2016-05-18 21:05:29','2016-05-18 21:05:29'),(159,127,79,'2016-05-18 21:05:29','2016-05-18 21:05:29'),(160,128,80,'2016-05-18 21:05:29','2016-05-18 21:05:29'),(161,129,80,'2016-05-18 21:05:29','2016-05-18 21:05:29'),(162,134,81,'2016-05-18 21:05:29','2016-05-18 21:05:29'),(163,135,82,'2016-05-18 21:05:29','2016-05-18 21:05:29'),(164,136,83,'2016-05-18 21:05:29','2016-05-18 21:05:29'),(165,138,84,'2016-05-18 21:05:29','2016-05-18 21:05:29'),(166,139,85,'2016-05-18 21:05:29','2016-05-18 21:05:29'),(167,144,86,'2016-05-18 21:05:29','2016-05-18 21:05:29'),(168,147,87,'2016-05-18 21:05:29','2016-05-18 21:05:29'),(169,148,88,'2016-05-18 21:05:29','2016-05-18 21:05:29'),(170,150,89,'2016-05-18 21:05:29','2016-05-18 21:05:29'),(171,153,90,'2016-05-18 21:05:29','2016-05-18 21:05:29'),(172,155,91,'2016-05-18 21:05:29','2016-05-18 21:05:29'),(173,283,91,'2016-05-18 21:05:29','2016-05-18 21:05:29'),(174,156,93,'2016-05-18 21:05:29','2016-05-18 21:05:29'),(175,183,93,'2016-05-18 21:05:29','2016-05-18 21:05:29'),(176,158,94,'2016-05-18 21:05:29','2016-05-18 21:05:29'),(177,165,94,'2016-05-18 21:05:29','2016-05-18 21:05:29'),(178,258,94,'2016-05-18 21:05:29','2016-05-18 21:05:29'),(179,164,96,'2016-05-18 21:05:29','2016-05-18 21:05:29'),(180,167,97,'2016-05-18 21:05:29','2016-05-18 21:05:29'),(181,182,97,'2016-05-18 21:05:29','2016-05-18 21:05:29'),(182,168,98,'2016-05-18 21:05:29','2016-05-18 21:05:29'),(183,169,99,'2016-05-18 21:05:29','2016-05-18 21:05:29'),(184,172,100,'2016-05-18 21:05:29','2016-05-18 21:05:29'),(185,177,101,'2016-05-18 21:05:29','2016-05-18 21:05:29'),(186,178,102,'2016-05-18 21:05:29','2016-05-18 21:05:29'),(187,179,103,'2016-05-18 21:05:29','2016-05-18 21:05:29'),(188,226,103,'2016-05-18 21:05:29','2016-05-18 21:05:29'),(189,180,104,'2016-05-18 21:05:29','2016-05-18 21:05:29'),(190,184,106,'2016-05-18 21:05:29','2016-05-18 21:05:29'),(191,185,107,'2016-05-18 21:05:29','2016-05-18 21:05:29'),(192,186,108,'2016-05-18 21:05:29','2016-05-18 21:05:29'),(193,188,109,'2016-05-18 21:05:29','2016-05-18 21:05:29'),(194,216,112,'2016-05-18 21:05:29','2016-05-18 21:05:29'),(195,217,113,'2016-05-18 21:05:29','2016-05-18 21:05:29'),(196,218,114,'2016-05-18 21:05:29','2016-05-18 21:05:29'),(197,219,115,'2016-05-18 21:05:29','2016-05-18 21:05:29'),(198,220,116,'2016-05-18 21:05:29','2016-05-18 21:05:29'),(199,221,117,'2016-05-18 21:05:29','2016-05-18 21:05:29'),(200,309,117,'2016-05-18 21:05:29','2016-05-18 21:05:29'),(201,311,117,'2016-05-18 21:05:29','2016-05-18 21:05:29'),(202,224,118,'2016-05-18 21:05:29','2016-05-18 21:05:29'),(203,225,119,'2016-05-18 21:05:29','2016-05-18 21:05:29'),(204,261,119,'2016-05-18 21:05:29','2016-05-18 21:05:29'),(205,227,120,'2016-05-18 21:05:29','2016-05-18 21:05:29'),(206,228,121,'2016-05-18 21:05:29','2016-05-18 21:05:29'),(207,229,123,'2016-05-18 21:05:29','2016-05-18 21:05:29'),(208,230,124,'2016-05-18 21:05:29','2016-05-18 21:05:29'),(209,231,125,'2016-05-18 21:05:29','2016-05-18 21:05:29'),(210,232,126,'2016-05-18 21:05:29','2016-05-18 21:05:29'),(211,307,126,'2016-05-18 21:05:29','2016-05-18 21:05:29'),(212,245,127,'2016-05-18 21:05:29','2016-05-18 21:05:29'),(213,235,128,'2016-05-18 21:05:29','2016-05-18 21:05:29'),(214,237,129,'2016-05-18 21:05:29','2016-05-18 21:05:29'),(215,239,130,'2016-05-18 21:05:29','2016-05-18 21:05:29'),(216,240,131,'2016-05-18 21:05:29','2016-05-18 21:05:29'),(217,242,133,'2016-05-18 21:05:29','2016-05-18 21:05:29'),(218,243,134,'2016-05-18 21:05:29','2016-05-18 21:05:29'),(219,244,135,'2016-05-18 21:05:29','2016-05-18 21:05:29'),(220,247,136,'2016-05-18 21:05:29','2016-05-18 21:05:29'),(221,251,138,'2016-05-18 21:05:29','2016-05-18 21:05:29'),(222,252,139,'2016-05-18 21:05:29','2016-05-18 21:05:29'),(223,253,140,'2016-05-18 21:05:29','2016-05-18 21:05:29'),(224,254,141,'2016-05-18 21:05:29','2016-05-18 21:05:29'),(225,290,141,'2016-05-18 21:05:30','2016-05-18 21:05:30'),(226,305,141,'2016-05-18 21:05:30','2016-05-18 21:05:30'),(227,316,141,'2016-05-18 21:05:30','2016-05-18 21:05:30'),(228,255,142,'2016-05-18 21:05:30','2016-05-18 21:05:30'),(229,256,143,'2016-05-18 21:05:30','2016-05-18 21:05:30'),(230,257,144,'2016-05-18 21:05:30','2016-05-18 21:05:30'),(231,276,144,'2016-05-18 21:05:30','2016-05-18 21:05:30'),(232,259,145,'2016-05-18 21:05:30','2016-05-18 21:05:30'),(233,306,145,'2016-05-18 21:05:30','2016-05-18 21:05:30'),(234,260,146,'2016-05-18 21:05:30','2016-05-18 21:05:30'),(235,318,146,'2016-05-18 21:05:30','2016-05-18 21:05:30'),(236,262,147,'2016-05-18 21:05:30','2016-05-18 21:05:30'),(237,265,148,'2016-05-18 21:05:30','2016-05-18 21:05:30'),(238,268,149,'2016-05-18 21:05:30','2016-05-18 21:05:30'),(239,270,150,'2016-05-18 21:05:30','2016-05-18 21:05:30'),(240,271,151,'2016-05-18 21:05:30','2016-05-18 21:05:30'),(241,273,152,'2016-05-18 21:05:30','2016-05-18 21:05:30'),(242,274,153,'2016-05-18 21:05:30','2016-05-18 21:05:30'),(243,279,155,'2016-05-18 21:05:30','2016-05-18 21:05:30'),(244,280,156,'2016-05-18 21:05:30','2016-05-18 21:05:30'),(245,281,157,'2016-05-18 21:05:30','2016-05-18 21:05:30'),(246,284,158,'2016-05-18 21:05:30','2016-05-18 21:05:30'),(247,286,159,'2016-05-18 21:05:30','2016-05-18 21:05:30'),(248,287,160,'2016-05-18 21:05:30','2016-05-18 21:05:30'),(249,288,161,'2016-05-18 21:05:30','2016-05-18 21:05:30'),(250,292,162,'2016-05-18 21:05:30','2016-05-18 21:05:30'),(251,308,162,'2016-05-18 21:05:30','2016-05-18 21:05:30'),(252,293,163,'2016-05-18 21:05:30','2016-05-18 21:05:30'),(253,294,164,'2016-05-18 21:05:30','2016-05-18 21:05:30'),(254,295,165,'2016-05-18 21:05:30','2016-05-18 21:05:30'),(255,303,165,'2016-05-18 21:05:30','2016-05-18 21:05:30'),(256,296,166,'2016-05-18 21:05:30','2016-05-18 21:05:30'),(257,297,167,'2016-05-18 21:05:30','2016-05-18 21:05:30'),(258,298,168,'2016-05-18 21:05:30','2016-05-18 21:05:30'),(259,299,169,'2016-05-18 21:05:30','2016-05-18 21:05:30'),(260,301,169,'2016-05-18 21:05:30','2016-05-18 21:05:30'),(261,300,170,'2016-05-18 21:05:30','2016-05-18 21:05:30'),(262,302,171,'2016-05-18 21:05:30','2016-05-18 21:05:30'),(263,304,172,'2016-05-18 21:05:30','2016-05-18 21:05:30'),(264,310,174,'2016-05-18 21:05:30','2016-05-18 21:05:30'),(265,312,175,'2016-05-18 21:05:30','2016-05-18 21:05:30'),(266,313,176,'2016-05-18 21:05:30','2016-05-18 21:05:30'),(267,315,177,'2016-05-18 21:05:30','2016-05-18 21:05:30'),(268,319,141,'2016-05-18 21:05:30','2016-05-18 21:05:30');
/*!40000 ALTER TABLE `memberships` ENABLE KEYS */;
UNLOCK TABLES;

--
-- Table structure for table `organizations`
--

DROP TABLE IF EXISTS `organizations`;
/*!40101 SET @saved_cs_client     = @@character_set_client */;
/*!40101 SET character_set_client = utf8 */;
CREATE TABLE `organizations` (
  `id` int(11) NOT NULL AUTO_INCREMENT,
  `name` varchar(255) COLLATE utf8_unicode_ci DEFAULT NULL,
  `phone` varchar(255) COLLATE utf8_unicode_ci DEFAULT NULL,
  `email` varchar(255) COLLATE utf8_unicode_ci DEFAULT NULL,
  `created_at` datetime NOT NULL,
  `updated_at` datetime NOT NULL,
  `address_id` int(11) DEFAULT NULL,
  PRIMARY KEY (`id`)
) ENGINE=InnoDB AUTO_INCREMENT=76 DEFAULT CHARSET=utf8 COLLATE=utf8_unicode_ci;
/*!40101 SET character_set_client = @saved_cs_client */;

--
-- Dumping data for table `organizations`
--

LOCK TABLES `organizations` WRITE;
/*!40000 ALTER TABLE `organizations` DISABLE KEYS */;
INSERT INTO `organizations` VALUES (1,'Dana-Farber Cancer Institute','','','2016-05-18 21:05:20','2016-05-18 21:05:20',1),(2,'Broad Institute','','','2016-05-18 21:05:20','2016-05-18 21:05:20',2),(5,'Massachusetts Eye and Ear Infirmary','617 573 3367','inetwebmaster@meei.harvard.edu','2016-05-18 21:05:20','2016-05-18 21:05:20',6),(6,'N-Of-One','617 669 1706','jkinoshita@n-of-one.com','2016-05-18 21:05:20','2016-05-18 21:05:20',9),(7,'UCLA','3108259111','somwebmaster@mednet.ucla.edu','2016-05-18 21:05:20','2016-05-18 21:05:20',11),(11,'Novartis NIBR','6178718000','nibr@novartis.com','2016-05-18 21:05:20','2016-05-18 21:05:20',13),(12,'Case Western Reserve University','','Henry.Koon@UHhospitals.org','2016-05-18 21:05:20','2016-05-18 21:05:20',18),(13,'Peter MacCallum Cancer Centre','NULL','NULL','2016-05-18 21:05:20','2016-05-18 21:05:20',21),(14,'BIDMC','NULL','NULL','2016-05-18 21:05:20','2016-05-18 21:05:20',75),(16,'Brigham and Women\'s Hospital','NULL','NULL','2016-05-18 21:05:20','2016-05-18 21:05:20',34),(23,'Samsung Medical Center','NULL','NULL','2016-05-18 21:05:20','2016-05-18 21:05:20',29),(24,'Massachusetts General Hospital','NULL','NULL','2016-05-18 21:05:20','2016-05-18 21:05:20',5),(26,'Duke University Medical Center','NULL','NULL','2016-05-18 21:05:20','2016-05-18 21:05:20',31),(30,'Partners Healthcare-Virology','NULL','NULL','2016-05-18 21:05:20','2016-05-18 21:05:20',34),(31,'NYU School of Medicine','NULL','NULL','2016-05-18 21:05:20','2016-05-18 21:05:20',36),(32,'Children\'s Hospital Boston','NULL','NULL','2016-05-18 21:05:20','2016-05-18 21:05:20',38),(33,'Queen\'s University','NULL','NULL','2016-05-18 21:05:20','2016-05-18 21:05:20',39),(35,'Infinity Pharmaceuticals','NULL','NULL','2016-05-18 21:05:20','2016-05-18 21:05:20',44),(36,'Harvard University','NULL','NULL','2016-05-18 21:05:20','2016-05-18 21:05:20',75),(38,'Sanofi-Aventis','NULL','NULL','2016-05-18 21:05:20','2016-05-18 21:05:20',49),(40,'DFCI /HCC','NULL','NULL','2016-05-18 21:05:20','2016-05-18 21:05:20',12),(44,'Duke University','NULL','NULL','2016-05-18 21:05:20','2016-05-18 21:05:20',57),(48,'Center for Novel Exp Therapeutics','NULL','NULL','2016-05-18 21:05:20','2016-05-18 21:05:20',70),(51,'Beth Israel Deaconess Medical Center Harvard Medical School','NULL','NULL','2016-05-18 21:05:20','2016-05-18 21:05:20',76),(52,'DFCI','NULL','NULL','2016-05-18 21:05:20','2016-05-18 21:05:20',77),(53,'Dana Farber Cancer Institute','NULL','NULL','2016-05-18 21:05:20','2016-05-18 21:05:20',78),(54,'BWH','NULL','NULL','2016-05-18 21:05:20','2016-05-18 21:05:20',82),(55,'Beckman Coulter','NULL','NULL','2016-05-18 21:05:20','2016-05-18 21:05:20',84),(56,'Hospital For Sick CHildren','NULL','NULL','2016-05-18 21:05:20','2016-05-18 21:05:20',86),(57,'DFCI/Harvard','NULL','NULL','2016-05-18 21:05:20','2016-05-18 21:05:20',1),(58,'The Broad Institute of Harvard and MIT','NULL','NULL','2016-05-18 21:05:20','2016-05-18 21:05:20',2),(59,'Janssen Pharmaceutica','NULL','NULL','2016-05-18 21:05:20','2016-05-18 21:05:20',90),(60,'Boston Children\'s Hospital','NULL','NULL','2016-05-18 21:05:20','2016-05-18 21:05:20',91),(61,'Harvard Medical School','NULL','NULL','2016-05-18 21:05:20','2016-05-18 21:05:20',92),(62,'Health Canada','NULL','NULL','2016-05-18 21:05:20','2016-05-18 21:05:20',93),(63,'DFCI/Broad/BCH','NULL','NULL','2016-05-18 21:05:20','2016-05-18 21:05:20',94),(64,'Dana Farber','NULL','NULL','2016-05-18 21:05:20','2016-05-18 21:05:20',99),(65,'University of Texas Southwestern Medical Center','NULL','NULL','2016-05-18 21:05:21','2016-05-18 21:05:21',102),(66,'University of Munich','NULL','NULL','2016-05-18 21:05:21','2016-05-18 21:05:21',104),(67,'Mount Sinai','NULL','NULL','2016-05-18 21:05:21','2016-05-18 21:05:21',105),(68,'BIDMC',' Harvard Medical School','NULL','2016-05-18 21:05:21','2016-05-18 21:05:21',0),(69,'Kliniken Essen-Mitte','NULL','NULL','2016-05-18 21:05:21','2016-05-18 21:05:21',106),(70,'DFCI / BWH','NULL','NULL','2016-05-18 21:05:21','2016-05-18 21:05:21',107),(71,'Salzburg Cancer Research Institute','NULL','NULL','2016-05-18 21:05:21','2016-05-18 21:05:21',109),(72,'Lady Davis Institute','NULL','NULL','2016-05-18 21:05:21','2016-05-18 21:05:21',112),(73,'BWH Pathology','NULL','NULL','2016-05-18 21:05:21','2016-05-18 21:05:21',113),(74,'DFCI/BWH','NULL','NULL','2016-05-18 21:05:21','2016-05-18 21:05:21',114),(75,'DFCI-MO','NULL','NULL','2016-05-18 21:05:21','2016-05-18 21:05:21',77);
/*!40000 ALTER TABLE `organizations` ENABLE KEYS */;
UNLOCK TABLES;

--
-- Table structure for table `platforms`
--

DROP TABLE IF EXISTS `platforms`;
/*!40101 SET @saved_cs_client     = @@character_set_client */;
/*!40101 SET character_set_client = utf8 */;
CREATE TABLE `platforms` (
  `id` int(11) NOT NULL AUTO_INCREMENT,
  `name` varchar(255) COLLATE utf8_unicode_ci DEFAULT NULL,
  `code` varchar(4) COLLATE utf8_unicode_ci DEFAULT NULL,
  `created_at` datetime NOT NULL,
  `updated_at` datetime NOT NULL,
  PRIMARY KEY (`id`)
) ENGINE=InnoDB AUTO_INCREMENT=20 DEFAULT CHARSET=utf8 COLLATE=utf8_unicode_ci;
/*!40101 SET character_set_client = @saved_cs_client */;

--
-- Dumping data for table `platforms`
--

LOCK TABLES `platforms` WRITE;
/*!40000 ALTER TABLE `platforms` DISABLE KEYS */;
INSERT INTO `platforms` VALUES (1,'Sequenom Genotyping','GT','2016-05-18 21:05:34','2016-05-18 21:05:34'),(2,'Illumina Whole Genome Sequencing','WG','2016-05-18 21:05:34','2016-05-18 21:05:34'),(3,'Sanger Sequencing','AS','2016-05-18 21:05:34','2016-05-18 21:05:34'),(4,'Illumina Whole Exome Sequencing (v2)','WE','2016-05-18 21:05:34','2016-05-18 21:05:34'),(5,'Illumina Targeted Sequencing (Oncopanel version 2)','TS','2016-05-18 21:05:34','2016-05-18 21:05:34'),(6,'Affymetrix SNP Array','A6','2016-05-18 21:05:34','2016-05-18 21:05:34'),(7,'DNA Fingerprinting','FP','2016-05-18 21:05:34','2016-05-18 21:05:34'),(8,'Affymetrix Gene Expression','AG','2016-05-18 21:05:34','2016-05-18 21:05:34'),(9,'Illumina Sequencing of Prepared Libraries','IS','2016-05-18 21:05:34','2016-05-18 21:05:34'),(10,'Whole Transcriptome Shotgun Sequencing (RNA-Seq)','RS','2016-05-18 21:05:34','2016-05-18 21:05:34'),(11,'ChIP-Sequencing','CS','2016-05-18 21:05:34','2016-05-18 21:05:34'),(12,'Amplicon Sequencing','AS','2016-05-18 21:05:34','2016-05-18 21:05:34'),(13,'Illumina Targeted Sequencing (Custom Bait set)','CB','2016-05-18 21:05:34','2016-05-18 21:05:34'),(14,'Illumina Targeted Sequencing (Profile Oncopanel version 1)','PP','2016-05-18 21:05:34','2016-05-18 21:05:34'),(15,'Illumina Targeted Sequencing (Oncopanel version 3)','P3','2016-05-18 21:05:34','2016-05-18 21:05:34'),(16,'Illumina Targeted Sequencing (Oncopanel version 3 w/ Trl)','3T','2016-05-18 21:05:34','2016-05-18 21:05:34'),(17,'Illumina Whole Exome Sequencing (v5)','E5','2016-05-18 21:05:34','2016-05-18 21:05:34'),(18,'Illumina Whole Exome Sequencing w/ Trl (v5)','ET','2016-05-18 21:05:34','2016-05-18 21:05:34'),(19,'Illumina Whole Exome Sequencing - Mouse (v1)','ME','2016-05-18 21:05:34','2016-05-18 21:05:34');
/*!40000 ALTER TABLE `platforms` ENABLE KEYS */;
UNLOCK TABLES;

--
-- Table structure for table `privileges`
--

DROP TABLE IF EXISTS `privileges`;
/*!40101 SET @saved_cs_client     = @@character_set_client */;
/*!40101 SET character_set_client = utf8 */;
CREATE TABLE `privileges` (
  `id` int(11) NOT NULL AUTO_INCREMENT,
  `created_at` datetime NOT NULL,
  `updated_at` datetime NOT NULL,
  `user_id` int(11) NOT NULL,
  `role_id` int(11) NOT NULL,
  PRIMARY KEY (`id`),
  KEY `index_privileges_on_role_id` (`role_id`) USING BTREE,
  KEY `index_privileges_on_user_id` (`user_id`) USING BTREE
) ENGINE=InnoDB AUTO_INCREMENT=395 DEFAULT CHARSET=utf8 COLLATE=utf8_unicode_ci;
/*!40101 SET character_set_client = @saved_cs_client */;

--
-- Dumping data for table `privileges`
--

LOCK TABLES `privileges` WRITE;
/*!40000 ALTER TABLE `privileges` DISABLE KEYS */;
INSERT INTO `privileges` VALUES (1,'2016-05-18 21:05:30','2016-05-18 21:05:30',2,1),(2,'2016-05-18 21:05:30','2016-05-18 21:05:30',3,1),(3,'2016-05-18 21:05:30','2016-05-18 21:05:30',73,1),(4,'2016-05-18 21:05:30','2016-05-18 21:05:30',108,1),(5,'2016-05-18 21:05:30','2016-05-18 21:05:30',123,1),(6,'2016-05-18 21:05:30','2016-05-18 21:05:30',137,1),(7,'2016-05-18 21:05:30','2016-05-18 21:05:30',154,1),(8,'2016-05-18 21:05:30','2016-05-18 21:05:30',160,1),(9,'2016-05-18 21:05:30','2016-05-18 21:05:30',171,1),(10,'2016-05-18 21:05:30','2016-05-18 21:05:30',233,1),(11,'2016-05-18 21:05:30','2016-05-18 21:05:30',246,1),(12,'2016-05-18 21:05:30','2016-05-18 21:05:30',250,1),(13,'2016-05-18 21:05:30','2016-05-18 21:05:30',267,1),(14,'2016-05-18 21:05:30','2016-05-18 21:05:30',316,1),(15,'2016-05-18 21:05:30','2016-05-18 21:05:30',317,1),(16,'2016-05-18 21:05:30','2016-05-18 21:05:30',8,2),(17,'2016-05-18 21:05:30','2016-05-18 21:05:30',9,2),(18,'2016-05-18 21:05:30','2016-05-18 21:05:30',10,2),(19,'2016-05-18 21:05:30','2016-05-18 21:05:30',11,2),(20,'2016-05-18 21:05:30','2016-05-18 21:05:30',12,2),(21,'2016-05-18 21:05:30','2016-05-18 21:05:30',13,2),(22,'2016-05-18 21:05:30','2016-05-18 21:05:30',14,2),(23,'2016-05-18 21:05:30','2016-05-18 21:05:30',46,2),(24,'2016-05-18 21:05:30','2016-05-18 21:05:30',167,2),(25,'2016-05-18 21:05:30','2016-05-18 21:05:30',263,2),(26,'2016-05-18 21:05:30','2016-05-18 21:05:30',264,2),(27,'2016-05-18 21:05:30','2016-05-18 21:05:30',2,3),(28,'2016-05-18 21:05:30','2016-05-18 21:05:30',3,3),(29,'2016-05-18 21:05:30','2016-05-18 21:05:30',4,3),(30,'2016-05-18 21:05:30','2016-05-18 21:05:30',5,3),(31,'2016-05-18 21:05:30','2016-05-18 21:05:30',7,3),(32,'2016-05-18 21:05:30','2016-05-18 21:05:30',27,3),(33,'2016-05-18 21:05:30','2016-05-18 21:05:30',40,3),(34,'2016-05-18 21:05:30','2016-05-18 21:05:30',61,3),(35,'2016-05-18 21:05:30','2016-05-18 21:05:30',65,3),(36,'2016-05-18 21:05:30','2016-05-18 21:05:30',81,3),(37,'2016-05-18 21:05:30','2016-05-18 21:05:30',108,3),(38,'2016-05-18 21:05:30','2016-05-18 21:05:30',123,3),(39,'2016-05-18 21:05:30','2016-05-18 21:05:30',126,3),(40,'2016-05-18 21:05:30','2016-05-18 21:05:30',137,3),(41,'2016-05-18 21:05:30','2016-05-18 21:05:30',145,3),(42,'2016-05-18 21:05:30','2016-05-18 21:05:30',154,3),(43,'2016-05-18 21:05:30','2016-05-18 21:05:30',160,3),(44,'2016-05-18 21:05:30','2016-05-18 21:05:30',171,3),(45,'2016-05-18 21:05:30','2016-05-18 21:05:30',173,3),(46,'2016-05-18 21:05:30','2016-05-18 21:05:30',233,3),(47,'2016-05-18 21:05:30','2016-05-18 21:05:30',246,3),(48,'2016-05-18 21:05:30','2016-05-18 21:05:30',250,3),(49,'2016-05-18 21:05:30','2016-05-18 21:05:30',266,3),(50,'2016-05-18 21:05:30','2016-05-18 21:05:30',267,3),(51,'2016-05-18 21:05:30','2016-05-18 21:05:30',269,3),(52,'2016-05-18 21:05:30','2016-05-18 21:05:30',290,3),(53,'2016-05-18 21:05:30','2016-05-18 21:05:30',305,3),(54,'2016-05-18 21:05:31','2016-05-18 21:05:31',2,5),(55,'2016-05-18 21:05:31','2016-05-18 21:05:31',3,5),(56,'2016-05-18 21:05:31','2016-05-18 21:05:31',4,5),(57,'2016-05-18 21:05:31','2016-05-18 21:05:31',5,5),(58,'2016-05-18 21:05:31','2016-05-18 21:05:31',8,5),(59,'2016-05-18 21:05:31','2016-05-18 21:05:31',9,5),(60,'2016-05-18 21:05:31','2016-05-18 21:05:31',10,5),(61,'2016-05-18 21:05:31','2016-05-18 21:05:31',11,5),(62,'2016-05-18 21:05:31','2016-05-18 21:05:31',12,5),(63,'2016-05-18 21:05:31','2016-05-18 21:05:31',13,5),(64,'2016-05-18 21:05:31','2016-05-18 21:05:31',14,5),(65,'2016-05-18 21:05:31','2016-05-18 21:05:31',15,5),(66,'2016-05-18 21:05:31','2016-05-18 21:05:31',16,5),(67,'2016-05-18 21:05:31','2016-05-18 21:05:31',17,5),(68,'2016-05-18 21:05:31','2016-05-18 21:05:31',18,5),(69,'2016-05-18 21:05:31','2016-05-18 21:05:31',19,5),(70,'2016-05-18 21:05:31','2016-05-18 21:05:31',20,5),(71,'2016-05-18 21:05:31','2016-05-18 21:05:31',21,5),(72,'2016-05-18 21:05:31','2016-05-18 21:05:31',22,5),(73,'2016-05-18 21:05:31','2016-05-18 21:05:31',23,5),(74,'2016-05-18 21:05:31','2016-05-18 21:05:31',24,5),(75,'2016-05-18 21:05:31','2016-05-18 21:05:31',25,5),(76,'2016-05-18 21:05:31','2016-05-18 21:05:31',26,5),(77,'2016-05-18 21:05:31','2016-05-18 21:05:31',34,5),(78,'2016-05-18 21:05:31','2016-05-18 21:05:31',37,5),(79,'2016-05-18 21:05:31','2016-05-18 21:05:31',38,5),(80,'2016-05-18 21:05:31','2016-05-18 21:05:31',39,5),(81,'2016-05-18 21:05:31','2016-05-18 21:05:31',41,5),(82,'2016-05-18 21:05:31','2016-05-18 21:05:31',42,5),(83,'2016-05-18 21:05:31','2016-05-18 21:05:31',50,5),(84,'2016-05-18 21:05:31','2016-05-18 21:05:31',51,5),(85,'2016-05-18 21:05:31','2016-05-18 21:05:31',52,5),(86,'2016-05-18 21:05:31','2016-05-18 21:05:31',53,5),(87,'2016-05-18 21:05:31','2016-05-18 21:05:31',56,5),(88,'2016-05-18 21:05:31','2016-05-18 21:05:31',57,5),(89,'2016-05-18 21:05:31','2016-05-18 21:05:31',58,5),(90,'2016-05-18 21:05:31','2016-05-18 21:05:31',59,5),(91,'2016-05-18 21:05:31','2016-05-18 21:05:31',60,5),(92,'2016-05-18 21:05:31','2016-05-18 21:05:31',63,5),(93,'2016-05-18 21:05:31','2016-05-18 21:05:31',66,5),(94,'2016-05-18 21:05:31','2016-05-18 21:05:31',70,5),(95,'2016-05-18 21:05:31','2016-05-18 21:05:31',71,5),(96,'2016-05-18 21:05:31','2016-05-18 21:05:31',72,5),(97,'2016-05-18 21:05:31','2016-05-18 21:05:31',76,5),(98,'2016-05-18 21:05:31','2016-05-18 21:05:31',77,5),(99,'2016-05-18 21:05:31','2016-05-18 21:05:31',79,5),(100,'2016-05-18 21:05:31','2016-05-18 21:05:31',87,5),(101,'2016-05-18 21:05:31','2016-05-18 21:05:31',91,5),(102,'2016-05-18 21:05:31','2016-05-18 21:05:31',95,5),(103,'2016-05-18 21:05:31','2016-05-18 21:05:31',96,5),(104,'2016-05-18 21:05:31','2016-05-18 21:05:31',99,5),(105,'2016-05-18 21:05:31','2016-05-18 21:05:31',102,5),(106,'2016-05-18 21:05:31','2016-05-18 21:05:31',103,5),(107,'2016-05-18 21:05:31','2016-05-18 21:05:31',112,5),(108,'2016-05-18 21:05:31','2016-05-18 21:05:31',114,5),(109,'2016-05-18 21:05:31','2016-05-18 21:05:31',117,5),(110,'2016-05-18 21:05:31','2016-05-18 21:05:31',125,5),(111,'2016-05-18 21:05:31','2016-05-18 21:05:31',134,5),(112,'2016-05-18 21:05:31','2016-05-18 21:05:31',137,5),(113,'2016-05-18 21:05:31','2016-05-18 21:05:31',138,5),(114,'2016-05-18 21:05:31','2016-05-18 21:05:31',139,5),(115,'2016-05-18 21:05:31','2016-05-18 21:05:31',140,5),(116,'2016-05-18 21:05:31','2016-05-18 21:05:31',145,5),(117,'2016-05-18 21:05:31','2016-05-18 21:05:31',153,5),(118,'2016-05-18 21:05:31','2016-05-18 21:05:31',154,5),(119,'2016-05-18 21:05:31','2016-05-18 21:05:31',155,5),(120,'2016-05-18 21:05:31','2016-05-18 21:05:31',156,5),(121,'2016-05-18 21:05:31','2016-05-18 21:05:31',158,5),(122,'2016-05-18 21:05:31','2016-05-18 21:05:31',161,5),(123,'2016-05-18 21:05:31','2016-05-18 21:05:31',164,5),(124,'2016-05-18 21:05:31','2016-05-18 21:05:31',167,5),(125,'2016-05-18 21:05:31','2016-05-18 21:05:31',168,5),(126,'2016-05-18 21:05:31','2016-05-18 21:05:31',169,5),(127,'2016-05-18 21:05:31','2016-05-18 21:05:31',177,5),(128,'2016-05-18 21:05:31','2016-05-18 21:05:31',178,5),(129,'2016-05-18 21:05:31','2016-05-18 21:05:31',179,5),(130,'2016-05-18 21:05:31','2016-05-18 21:05:31',184,5),(131,'2016-05-18 21:05:31','2016-05-18 21:05:31',186,5),(132,'2016-05-18 21:05:31','2016-05-18 21:05:31',216,5),(133,'2016-05-18 21:05:31','2016-05-18 21:05:31',217,5),(134,'2016-05-18 21:05:31','2016-05-18 21:05:31',219,5),(135,'2016-05-18 21:05:31','2016-05-18 21:05:31',221,5),(136,'2016-05-18 21:05:31','2016-05-18 21:05:31',226,5),(137,'2016-05-18 21:05:31','2016-05-18 21:05:31',227,5),(138,'2016-05-18 21:05:31','2016-05-18 21:05:31',228,5),(139,'2016-05-18 21:05:31','2016-05-18 21:05:31',229,5),(140,'2016-05-18 21:05:31','2016-05-18 21:05:31',231,5),(141,'2016-05-18 21:05:31','2016-05-18 21:05:31',234,5),(142,'2016-05-18 21:05:31','2016-05-18 21:05:31',239,5),(143,'2016-05-18 21:05:31','2016-05-18 21:05:31',240,5),(144,'2016-05-18 21:05:31','2016-05-18 21:05:31',243,5),(145,'2016-05-18 21:05:31','2016-05-18 21:05:31',244,5),(146,'2016-05-18 21:05:31','2016-05-18 21:05:31',245,5),(147,'2016-05-18 21:05:31','2016-05-18 21:05:31',246,5),(148,'2016-05-18 21:05:31','2016-05-18 21:05:31',250,5),(149,'2016-05-18 21:05:31','2016-05-18 21:05:31',251,5),(150,'2016-05-18 21:05:31','2016-05-18 21:05:31',252,5),(151,'2016-05-18 21:05:31','2016-05-18 21:05:31',256,5),(152,'2016-05-18 21:05:31','2016-05-18 21:05:31',259,5),(153,'2016-05-18 21:05:31','2016-05-18 21:05:31',269,5),(154,'2016-05-18 21:05:31','2016-05-18 21:05:31',270,5),(155,'2016-05-18 21:05:31','2016-05-18 21:05:31',271,5),(156,'2016-05-18 21:05:31','2016-05-18 21:05:31',286,5),(157,'2016-05-18 21:05:31','2016-05-18 21:05:31',288,5),(158,'2016-05-18 21:05:31','2016-05-18 21:05:31',292,5),(159,'2016-05-18 21:05:31','2016-05-18 21:05:31',293,5),(160,'2016-05-18 21:05:31','2016-05-18 21:05:31',295,5),(161,'2016-05-18 21:05:31','2016-05-18 21:05:31',296,5),(162,'2016-05-18 21:05:31','2016-05-18 21:05:31',297,5),(163,'2016-05-18 21:05:31','2016-05-18 21:05:31',298,5),(164,'2016-05-18 21:05:32','2016-05-18 21:05:32',300,5),(165,'2016-05-18 21:05:32','2016-05-18 21:05:32',310,5),(166,'2016-05-18 21:05:32','2016-05-18 21:05:32',312,5),(167,'2016-05-18 21:05:32','2016-05-18 21:05:32',318,5),(168,'2016-05-18 21:05:32','2016-05-18 21:05:32',5,5),(169,'2016-05-18 21:05:32','2016-05-18 21:05:32',6,5),(170,'2016-05-18 21:05:32','2016-05-18 21:05:32',27,5),(171,'2016-05-18 21:05:32','2016-05-18 21:05:32',28,5),(172,'2016-05-18 21:05:32','2016-05-18 21:05:32',30,5),(173,'2016-05-18 21:05:32','2016-05-18 21:05:32',31,5),(174,'2016-05-18 21:05:32','2016-05-18 21:05:32',33,5),(175,'2016-05-18 21:05:32','2016-05-18 21:05:32',35,5),(176,'2016-05-18 21:05:32','2016-05-18 21:05:32',36,5),(177,'2016-05-18 21:05:32','2016-05-18 21:05:32',39,5),(178,'2016-05-18 21:05:32','2016-05-18 21:05:32',40,5),(179,'2016-05-18 21:05:32','2016-05-18 21:05:32',43,5),(180,'2016-05-18 21:05:32','2016-05-18 21:05:32',44,5),(181,'2016-05-18 21:05:32','2016-05-18 21:05:32',45,5),(182,'2016-05-18 21:05:32','2016-05-18 21:05:32',46,5),(183,'2016-05-18 21:05:32','2016-05-18 21:05:32',47,5),(184,'2016-05-18 21:05:32','2016-05-18 21:05:32',48,5),(185,'2016-05-18 21:05:32','2016-05-18 21:05:32',49,5),(186,'2016-05-18 21:05:32','2016-05-18 21:05:32',50,5),(187,'2016-05-18 21:05:32','2016-05-18 21:05:32',54,5),(188,'2016-05-18 21:05:32','2016-05-18 21:05:32',55,5),(189,'2016-05-18 21:05:32','2016-05-18 21:05:32',61,5),(190,'2016-05-18 21:05:32','2016-05-18 21:05:32',62,5),(191,'2016-05-18 21:05:32','2016-05-18 21:05:32',64,5),(192,'2016-05-18 21:05:32','2016-05-18 21:05:32',65,5),(193,'2016-05-18 21:05:32','2016-05-18 21:05:32',74,5),(194,'2016-05-18 21:05:32','2016-05-18 21:05:32',78,5),(195,'2016-05-18 21:05:32','2016-05-18 21:05:32',80,5),(196,'2016-05-18 21:05:32','2016-05-18 21:05:32',81,5),(197,'2016-05-18 21:05:32','2016-05-18 21:05:32',82,5),(198,'2016-05-18 21:05:32','2016-05-18 21:05:32',83,5),(199,'2016-05-18 21:05:32','2016-05-18 21:05:32',85,5),(200,'2016-05-18 21:05:32','2016-05-18 21:05:32',86,5),(201,'2016-05-18 21:05:32','2016-05-18 21:05:32',88,5),(202,'2016-05-18 21:05:32','2016-05-18 21:05:32',89,5),(203,'2016-05-18 21:05:32','2016-05-18 21:05:32',90,5),(204,'2016-05-18 21:05:32','2016-05-18 21:05:32',92,5),(205,'2016-05-18 21:05:32','2016-05-18 21:05:32',93,5),(206,'2016-05-18 21:05:32','2016-05-18 21:05:32',94,5),(207,'2016-05-18 21:05:32','2016-05-18 21:05:32',97,5),(208,'2016-05-18 21:05:32','2016-05-18 21:05:32',98,5),(209,'2016-05-18 21:05:32','2016-05-18 21:05:32',99,5),(210,'2016-05-18 21:05:32','2016-05-18 21:05:32',100,5),(211,'2016-05-18 21:05:32','2016-05-18 21:05:32',101,5),(212,'2016-05-18 21:05:32','2016-05-18 21:05:32',104,5),(213,'2016-05-18 21:05:32','2016-05-18 21:05:32',105,5),(214,'2016-05-18 21:05:32','2016-05-18 21:05:32',106,5),(215,'2016-05-18 21:05:32','2016-05-18 21:05:32',107,5),(216,'2016-05-18 21:05:32','2016-05-18 21:05:32',108,5),(217,'2016-05-18 21:05:32','2016-05-18 21:05:32',109,5),(218,'2016-05-18 21:05:32','2016-05-18 21:05:32',110,5),(219,'2016-05-18 21:05:32','2016-05-18 21:05:32',111,5),(220,'2016-05-18 21:05:32','2016-05-18 21:05:32',113,5),(221,'2016-05-18 21:05:32','2016-05-18 21:05:32',116,5),(222,'2016-05-18 21:05:32','2016-05-18 21:05:32',119,5),(223,'2016-05-18 21:05:32','2016-05-18 21:05:32',120,5),(224,'2016-05-18 21:05:32','2016-05-18 21:05:32',121,5),(225,'2016-05-18 21:05:32','2016-05-18 21:05:32',122,5),(226,'2016-05-18 21:05:32','2016-05-18 21:05:32',124,5),(227,'2016-05-18 21:05:32','2016-05-18 21:05:32',127,5),(228,'2016-05-18 21:05:32','2016-05-18 21:05:32',128,5),(229,'2016-05-18 21:05:32','2016-05-18 21:05:32',129,5),(230,'2016-05-18 21:05:32','2016-05-18 21:05:32',130,5),(231,'2016-05-18 21:05:32','2016-05-18 21:05:32',132,5),(232,'2016-05-18 21:05:32','2016-05-18 21:05:32',133,5),(233,'2016-05-18 21:05:32','2016-05-18 21:05:32',136,5),(234,'2016-05-18 21:05:32','2016-05-18 21:05:32',137,5),(235,'2016-05-18 21:05:32','2016-05-18 21:05:32',141,5),(236,'2016-05-18 21:05:32','2016-05-18 21:05:32',144,5),(237,'2016-05-18 21:05:32','2016-05-18 21:05:32',145,5),(238,'2016-05-18 21:05:32','2016-05-18 21:05:32',146,5),(239,'2016-05-18 21:05:32','2016-05-18 21:05:32',148,5),(240,'2016-05-18 21:05:32','2016-05-18 21:05:32',150,5),(241,'2016-05-18 21:05:32','2016-05-18 21:05:32',152,5),(242,'2016-05-18 21:05:32','2016-05-18 21:05:32',157,5),(243,'2016-05-18 21:05:32','2016-05-18 21:05:32',159,5),(244,'2016-05-18 21:05:32','2016-05-18 21:05:32',160,5),(245,'2016-05-18 21:05:32','2016-05-18 21:05:32',161,5),(246,'2016-05-18 21:05:32','2016-05-18 21:05:32',164,5),(247,'2016-05-18 21:05:32','2016-05-18 21:05:32',165,5),(248,'2016-05-18 21:05:32','2016-05-18 21:05:32',168,5),(249,'2016-05-18 21:05:32','2016-05-18 21:05:32',171,5),(250,'2016-05-18 21:05:32','2016-05-18 21:05:32',172,5),(251,'2016-05-18 21:05:32','2016-05-18 21:05:32',173,5),(252,'2016-05-18 21:05:32','2016-05-18 21:05:32',174,5),(253,'2016-05-18 21:05:32','2016-05-18 21:05:32',175,5),(254,'2016-05-18 21:05:32','2016-05-18 21:05:32',176,5),(255,'2016-05-18 21:05:32','2016-05-18 21:05:32',177,5),(256,'2016-05-18 21:05:32','2016-05-18 21:05:32',180,5),(257,'2016-05-18 21:05:33','2016-05-18 21:05:33',182,5),(258,'2016-05-18 21:05:33','2016-05-18 21:05:33',183,5),(259,'2016-05-18 21:05:33','2016-05-18 21:05:33',185,5),(260,'2016-05-18 21:05:33','2016-05-18 21:05:33',188,5),(261,'2016-05-18 21:05:33','2016-05-18 21:05:33',215,5),(262,'2016-05-18 21:05:33','2016-05-18 21:05:33',217,5),(263,'2016-05-18 21:05:33','2016-05-18 21:05:33',218,5),(264,'2016-05-18 21:05:33','2016-05-18 21:05:33',220,5),(265,'2016-05-18 21:05:33','2016-05-18 21:05:33',224,5),(266,'2016-05-18 21:05:33','2016-05-18 21:05:33',225,5),(267,'2016-05-18 21:05:33','2016-05-18 21:05:33',230,5),(268,'2016-05-18 21:05:33','2016-05-18 21:05:33',231,5),(269,'2016-05-18 21:05:33','2016-05-18 21:05:33',232,5),(270,'2016-05-18 21:05:33','2016-05-18 21:05:33',233,5),(271,'2016-05-18 21:05:33','2016-05-18 21:05:33',235,5),(272,'2016-05-18 21:05:33','2016-05-18 21:05:33',237,5),(273,'2016-05-18 21:05:33','2016-05-18 21:05:33',238,5),(274,'2016-05-18 21:05:33','2016-05-18 21:05:33',242,5),(275,'2016-05-18 21:05:33','2016-05-18 21:05:33',243,5),(276,'2016-05-18 21:05:33','2016-05-18 21:05:33',246,5),(277,'2016-05-18 21:05:33','2016-05-18 21:05:33',247,5),(278,'2016-05-18 21:05:33','2016-05-18 21:05:33',250,5),(279,'2016-05-18 21:05:33','2016-05-18 21:05:33',253,5),(280,'2016-05-18 21:05:33','2016-05-18 21:05:33',255,5),(281,'2016-05-18 21:05:33','2016-05-18 21:05:33',257,5),(282,'2016-05-18 21:05:33','2016-05-18 21:05:33',258,5),(283,'2016-05-18 21:05:33','2016-05-18 21:05:33',260,5),(284,'2016-05-18 21:05:33','2016-05-18 21:05:33',261,5),(285,'2016-05-18 21:05:33','2016-05-18 21:05:33',262,5),(286,'2016-05-18 21:05:33','2016-05-18 21:05:33',265,5),(287,'2016-05-18 21:05:33','2016-05-18 21:05:33',267,5),(288,'2016-05-18 21:05:33','2016-05-18 21:05:33',268,5),(289,'2016-05-18 21:05:33','2016-05-18 21:05:33',269,5),(290,'2016-05-18 21:05:33','2016-05-18 21:05:33',270,5),(291,'2016-05-18 21:05:33','2016-05-18 21:05:33',272,5),(292,'2016-05-18 21:05:33','2016-05-18 21:05:33',273,5),(293,'2016-05-18 21:05:33','2016-05-18 21:05:33',274,5),(294,'2016-05-18 21:05:33','2016-05-18 21:05:33',275,5),(295,'2016-05-18 21:05:33','2016-05-18 21:05:33',276,5),(296,'2016-05-18 21:05:33','2016-05-18 21:05:33',277,5),(297,'2016-05-18 21:05:33','2016-05-18 21:05:33',278,5),(298,'2016-05-18 21:05:33','2016-05-18 21:05:33',279,5),(299,'2016-05-18 21:05:33','2016-05-18 21:05:33',280,5),(300,'2016-05-18 21:05:33','2016-05-18 21:05:33',281,5),(301,'2016-05-18 21:05:33','2016-05-18 21:05:33',282,5),(302,'2016-05-18 21:05:33','2016-05-18 21:05:33',283,5),(303,'2016-05-18 21:05:33','2016-05-18 21:05:33',284,5),(304,'2016-05-18 21:05:33','2016-05-18 21:05:33',285,5),(305,'2016-05-18 21:05:33','2016-05-18 21:05:33',287,5),(306,'2016-05-18 21:05:33','2016-05-18 21:05:33',289,5),(307,'2016-05-18 21:05:33','2016-05-18 21:05:33',290,5),(308,'2016-05-18 21:05:33','2016-05-18 21:05:33',291,5),(309,'2016-05-18 21:05:33','2016-05-18 21:05:33',294,5),(310,'2016-05-18 21:05:33','2016-05-18 21:05:33',299,5),(311,'2016-05-18 21:05:33','2016-05-18 21:05:33',301,5),(312,'2016-05-18 21:05:33','2016-05-18 21:05:33',302,5),(313,'2016-05-18 21:05:33','2016-05-18 21:05:33',303,5),(314,'2016-05-18 21:05:33','2016-05-18 21:05:33',304,5),(315,'2016-05-18 21:05:33','2016-05-18 21:05:33',306,5),(316,'2016-05-18 21:05:33','2016-05-18 21:05:33',307,5),(317,'2016-05-18 21:05:33','2016-05-18 21:05:33',308,5),(318,'2016-05-18 21:05:33','2016-05-18 21:05:33',309,5),(319,'2016-05-18 21:05:34','2016-05-18 21:05:34',311,5),(320,'2016-05-18 21:05:34','2016-05-18 21:05:34',313,5),(321,'2016-05-18 21:05:34','2016-05-18 21:05:34',314,5),(322,'2016-05-18 21:05:34','2016-05-18 21:05:34',315,5),(323,'2016-05-18 21:05:34','2016-05-18 21:05:34',5,5),(324,'2016-05-18 21:05:34','2016-05-18 21:05:34',27,5),(325,'2016-05-18 21:05:34','2016-05-18 21:05:34',30,5),(326,'2016-05-18 21:05:34','2016-05-18 21:05:34',31,5),(327,'2016-05-18 21:05:34','2016-05-18 21:05:34',36,5),(328,'2016-05-18 21:05:34','2016-05-18 21:05:34',39,5),(329,'2016-05-18 21:05:34','2016-05-18 21:05:34',40,5),(330,'2016-05-18 21:05:34','2016-05-18 21:05:34',44,5),(331,'2016-05-18 21:05:34','2016-05-18 21:05:34',50,5),(332,'2016-05-18 21:05:34','2016-05-18 21:05:34',61,5),(333,'2016-05-18 21:05:34','2016-05-18 21:05:34',65,5),(334,'2016-05-18 21:05:34','2016-05-18 21:05:34',81,5),(335,'2016-05-18 21:05:34','2016-05-18 21:05:34',90,5),(336,'2016-05-18 21:05:34','2016-05-18 21:05:34',108,5),(337,'2016-05-18 21:05:34','2016-05-18 21:05:34',123,5),(338,'2016-05-18 21:05:34','2016-05-18 21:05:34',126,5),(339,'2016-05-18 21:05:34','2016-05-18 21:05:34',135,5),(340,'2016-05-18 21:05:34','2016-05-18 21:05:34',142,5),(341,'2016-05-18 21:05:34','2016-05-18 21:05:34',143,5),(342,'2016-05-18 21:05:34','2016-05-18 21:05:34',147,5),(343,'2016-05-18 21:05:34','2016-05-18 21:05:34',154,5),(344,'2016-05-18 21:05:34','2016-05-18 21:05:34',160,5),(345,'2016-05-18 21:05:34','2016-05-18 21:05:34',164,5),(346,'2016-05-18 21:05:34','2016-05-18 21:05:34',165,5),(347,'2016-05-18 21:05:34','2016-05-18 21:05:34',168,5),(348,'2016-05-18 21:05:34','2016-05-18 21:05:34',173,5),(349,'2016-05-18 21:05:34','2016-05-18 21:05:34',175,5),(350,'2016-05-18 21:05:34','2016-05-18 21:05:34',180,5),(351,'2016-05-18 21:05:34','2016-05-18 21:05:34',182,5),(352,'2016-05-18 21:05:34','2016-05-18 21:05:34',183,5),(353,'2016-05-18 21:05:34','2016-05-18 21:05:34',233,5),(354,'2016-05-18 21:05:34','2016-05-18 21:05:34',237,5),(355,'2016-05-18 21:05:34','2016-05-18 21:05:34',250,5),(356,'2016-05-18 21:05:34','2016-05-18 21:05:34',254,5),(357,'2016-05-18 21:05:34','2016-05-18 21:05:34',266,5),(358,'2016-05-18 21:05:34','2016-05-18 21:05:34',269,5),(359,'2016-05-18 21:05:34','2016-05-18 21:05:34',290,5),(360,'2016-05-18 21:05:34','2016-05-18 21:05:34',305,5),(361,'2016-05-18 21:05:34','2016-05-18 21:05:34',316,5),(362,'2016-05-18 21:05:34','2016-05-18 21:05:34',317,5),(363,'2016-05-18 21:05:34','2016-05-18 21:05:34',2,4),(364,'2016-05-18 21:05:34','2016-05-18 21:05:34',3,4),(365,'2016-05-18 21:05:34','2016-05-18 21:05:34',5,4),(366,'2016-05-18 21:05:34','2016-05-18 21:05:34',8,4),(367,'2016-05-18 21:05:34','2016-05-18 21:05:34',9,4),(368,'2016-05-18 21:05:34','2016-05-18 21:05:34',10,4),(369,'2016-05-18 21:05:34','2016-05-18 21:05:34',12,4),(370,'2016-05-18 21:05:34','2016-05-18 21:05:34',13,4),(371,'2016-05-18 21:05:34','2016-05-18 21:05:34',14,4),(372,'2016-05-18 21:05:34','2016-05-18 21:05:34',15,4),(373,'2016-05-18 21:05:34','2016-05-18 21:05:34',16,4),(374,'2016-05-18 21:05:34','2016-05-18 21:05:34',17,4),(375,'2016-05-18 21:05:34','2016-05-18 21:05:34',18,4),(376,'2016-05-18 21:05:34','2016-05-18 21:05:34',19,4),(377,'2016-05-18 21:05:34','2016-05-18 21:05:34',20,4),(378,'2016-05-18 21:05:34','2016-05-18 21:05:34',21,4),(379,'2016-05-18 21:05:34','2016-05-18 21:05:34',22,4),(380,'2016-05-18 21:05:34','2016-05-18 21:05:34',23,4),(381,'2016-05-18 21:05:34','2016-05-18 21:05:34',46,4),(382,'2016-05-18 21:05:34','2016-05-18 21:05:34',123,4),(383,'2016-05-18 21:05:34','2016-05-18 21:05:34',137,4),(384,'2016-05-18 21:05:34','2016-05-18 21:05:34',145,4),(385,'2016-05-18 21:05:34','2016-05-18 21:05:34',167,4),(386,'2016-05-18 21:05:34','2016-05-18 21:05:34',246,4),(387,'2016-05-18 21:05:34','2016-05-18 21:05:34',250,4),(388,'2016-05-18 21:05:34','2016-05-18 21:05:34',266,4),(389,'2016-05-18 21:05:34','2016-05-18 21:05:34',269,4),(390,'2016-05-18 21:05:34','2016-05-18 21:05:34',305,4),(391,'2016-05-18 21:05:34','2016-05-18 21:05:34',316,4),(392,'2016-05-18 21:05:34','2016-05-18 21:05:34',318,1),(393,'2016-05-18 21:05:34','2016-05-18 21:05:34',319,1),(394,'2016-05-18 21:05:34','2016-05-18 21:05:34',319,5);
/*!40000 ALTER TABLE `privileges` ENABLE KEYS */;
UNLOCK TABLES;

--
-- Table structure for table `proposal_platforms`
--

DROP TABLE IF EXISTS `proposal_platforms`;
/*!40101 SET @saved_cs_client     = @@character_set_client */;
/*!40101 SET character_set_client = utf8 */;
CREATE TABLE `proposal_platforms` (
  `id` int(11) NOT NULL AUTO_INCREMENT,
  `proposal_id` int(11) DEFAULT NULL,
  `platform_id` int(11) DEFAULT NULL,
  `created_at` datetime NOT NULL,
  `updated_at` datetime NOT NULL,
  PRIMARY KEY (`id`)
) ENGINE=InnoDB AUTO_INCREMENT=41 DEFAULT CHARSET=utf8 COLLATE=utf8_unicode_ci;
/*!40101 SET character_set_client = @saved_cs_client */;

--
-- Dumping data for table `proposal_platforms`
--

LOCK TABLES `proposal_platforms` WRITE;
/*!40000 ALTER TABLE `proposal_platforms` DISABLE KEYS */;
/*!40000 ALTER TABLE `proposal_platforms` ENABLE KEYS */;
UNLOCK TABLES;

--
-- Table structure for table `proposal_statuses`
--

DROP TABLE IF EXISTS `proposal_statuses`;
/*!40101 SET @saved_cs_client     = @@character_set_client */;
/*!40101 SET character_set_client = utf8 */;
CREATE TABLE `proposal_statuses` (
  `id` int(11) NOT NULL AUTO_INCREMENT,
  `name` varchar(255) COLLATE utf8_unicode_ci DEFAULT NULL,
  `code` varchar(255) COLLATE utf8_unicode_ci DEFAULT NULL,
  `created_at` datetime NOT NULL,
  `updated_at` datetime NOT NULL,
  PRIMARY KEY (`id`)
) ENGINE=InnoDB AUTO_INCREMENT=8 DEFAULT CHARSET=utf8 COLLATE=utf8_unicode_ci;
/*!40101 SET character_set_client = @saved_cs_client */;

--
-- Dumping data for table `proposal_statuses`
--

LOCK TABLES `proposal_statuses` WRITE;
/*!40000 ALTER TABLE `proposal_statuses` DISABLE KEYS */;
INSERT INTO `proposal_statuses` VALUES (1,'Draft/private proposal','draft','2016-05-18 21:05:34','2016-05-18 21:05:34'),(2,'Pending review','pending','2016-05-18 21:05:34','2016-05-18 21:05:34'),(3,'Under committee review','review','2016-05-18 21:05:34','2016-05-18 21:05:34'),(4,'Accepted/project initiated','accepted','2016-05-18 21:05:34','2016-05-18 21:05:34'),(5,'Rejected','rejected','2016-05-18 21:05:34','2016-05-18 21:05:34'),(6,'Abandoned','abandoned','2016-05-18 21:05:34','2016-05-18 21:05:34'),(7,'Complete/deprecated','complete','2016-05-18 21:05:34','2016-05-18 21:05:34');
/*!40000 ALTER TABLE `proposal_statuses` ENABLE KEYS */;
UNLOCK TABLES;

--
-- Table structure for table `proposals`
--

DROP TABLE IF EXISTS `proposals`;
/*!40101 SET @saved_cs_client     = @@character_set_client */;
/*!40101 SET character_set_client = utf8 */;
CREATE TABLE `proposals` (
  `id` int(11) NOT NULL AUTO_INCREMENT,
  `name` varchar(255) COLLATE utf8_unicode_ci DEFAULT NULL,
  `code` varchar(10) COLLATE utf8_unicode_ci DEFAULT NULL,
  `objectives` text COLLATE utf8_unicode_ci,
  `background` text COLLATE utf8_unicode_ci,
  `design_details` text COLLATE utf8_unicode_ci,
  `sample_availability` text COLLATE utf8_unicode_ci,
  `contributions` text COLLATE utf8_unicode_ci,
  `comments` text COLLATE utf8_unicode_ci,
  `financial_contact` varchar(255) COLLATE utf8_unicode_ci DEFAULT NULL,
  `billing_dept` varchar(255) COLLATE utf8_unicode_ci DEFAULT NULL,
  `billing_street` varchar(255) COLLATE utf8_unicode_ci DEFAULT NULL,
  `billing_building` varchar(255) COLLATE utf8_unicode_ci DEFAULT NULL,
  `billing_room` varchar(255) COLLATE utf8_unicode_ci DEFAULT NULL,
  `billing_city` varchar(255) COLLATE utf8_unicode_ci DEFAULT NULL,
  `billing_zip` varchar(255) COLLATE utf8_unicode_ci DEFAULT NULL,
  `billing_email` varchar(255) COLLATE utf8_unicode_ci DEFAULT NULL,
  `billing_phone` varchar(255) COLLATE utf8_unicode_ci DEFAULT NULL,
  `state_id` int(11) DEFAULT NULL,
  `proposal_status_id` int(11) DEFAULT NULL,
  `user_id` int(11) DEFAULT NULL,
  `lab_group_id` int(11) DEFAULT NULL,
  `submitted` tinyint(1) DEFAULT '0',
  `created_at` datetime NOT NULL,
  `updated_at` datetime NOT NULL,
  PRIMARY KEY (`id`),
  KEY `index_proposals_on_lab_group_id` (`lab_group_id`) USING BTREE,
  KEY `index_proposals_on_proposal_status_id` (`proposal_status_id`) USING BTREE,
  KEY `index_proposals_on_state_id` (`state_id`) USING BTREE,
  KEY `index_proposals_on_user_id` (`user_id`) USING BTREE
) ENGINE=InnoDB AUTO_INCREMENT=42 DEFAULT CHARSET=utf8 COLLATE=utf8_unicode_ci;
/*!40101 SET character_set_client = @saved_cs_client */;

--
-- Dumping data for table `proposals`
--

LOCK TABLES `proposals` WRITE;
/*!40000 ALTER TABLE `proposals` DISABLE KEYS */;
/*!40000 ALTER TABLE `proposals` ENABLE KEYS */;
UNLOCK TABLES;

--
-- Table structure for table `roles`
--

DROP TABLE IF EXISTS `roles`;
/*!40101 SET @saved_cs_client     = @@character_set_client */;
/*!40101 SET character_set_client = utf8 */;
CREATE TABLE `roles` (
  `id` int(11) NOT NULL AUTO_INCREMENT,
  `name` varchar(255) COLLATE utf8_unicode_ci DEFAULT NULL,
  `description` varchar(255) COLLATE utf8_unicode_ci DEFAULT NULL,
  `created_at` datetime NOT NULL,
  `updated_at` datetime NOT NULL,
  PRIMARY KEY (`id`)
) ENGINE=InnoDB AUTO_INCREMENT=6 DEFAULT CHARSET=utf8 COLLATE=utf8_unicode_ci;
/*!40101 SET character_set_client = @saved_cs_client */;

--
-- Dumping data for table `roles`
--

LOCK TABLES `roles` WRITE;
/*!40000 ALTER TABLE `roles` DISABLE KEYS */;
INSERT INTO `roles` VALUES (1,'CCGD Administrator','admin','2016-05-18 21:05:30','2016-05-18 21:05:30'),(2,'CCGD Faculty','faculty','2016-05-18 21:05:30','2016-05-18 21:05:30'),(3,'CCGD Lab Staff','staff','2016-05-18 21:05:30','2016-05-18 21:05:30'),(4,'CCGD Scientific Advisor','advisor','2016-05-18 21:05:30','2016-05-18 21:05:30'),(5,'CCGD Submitter','submitter','2016-05-18 21:05:30','2016-05-18 21:05:30');
/*!40000 ALTER TABLE `roles` ENABLE KEYS */;
UNLOCK TABLES;

--
-- Table structure for table `schema_migrations`
--

DROP TABLE IF EXISTS `schema_migrations`;
/*!40101 SET @saved_cs_client     = @@character_set_client */;
/*!40101 SET character_set_client = utf8 */;
CREATE TABLE `schema_migrations` (
  `version` varchar(255) COLLATE utf8_unicode_ci NOT NULL,
  UNIQUE KEY `unique_schema_migrations` (`version`)
) ENGINE=InnoDB DEFAULT CHARSET=utf8 COLLATE=utf8_unicode_ci;
/*!40101 SET character_set_client = @saved_cs_client */;

--
-- Dumping data for table `schema_migrations`
--

LOCK TABLES `schema_migrations` WRITE;
/*!40000 ALTER TABLE `schema_migrations` DISABLE KEYS */;
INSERT INTO `schema_migrations` VALUES ('20160315193611'),('20160315194655'),('20160317142741'),('20160317193242'),('20160317194419'),('20160317202841'),('20160317202953'),('20160317204633'),('20160317205018'),('20160317211647'),('20160317211754'),('20160320233537'),('20160321220211'),('20160323145314'),('20160323150814'),('20160323193542'),('20160323193614'),('20160324175341'),('20160418170856'),('20160425171716'),('20160502160730'),('20160502160753'),('20160502162508'),('20160512194731'),('20160512194754'),('20160516193224'),('20160518202334');
/*!40000 ALTER TABLE `schema_migrations` ENABLE KEYS */;
UNLOCK TABLES;

--
-- Table structure for table `states`
--

DROP TABLE IF EXISTS `states`;
/*!40101 SET @saved_cs_client     = @@character_set_client */;
/*!40101 SET character_set_client = utf8 */;
CREATE TABLE `states` (
  `id` int(11) NOT NULL AUTO_INCREMENT,
  `name` varchar(255) COLLATE utf8_unicode_ci DEFAULT NULL,
  `code` varchar(255) COLLATE utf8_unicode_ci DEFAULT NULL,
  `created_at` datetime NOT NULL,
  `updated_at` datetime NOT NULL,
  PRIMARY KEY (`id`)
) ENGINE=InnoDB AUTO_INCREMENT=52 DEFAULT CHARSET=utf8 COLLATE=utf8_unicode_ci;
/*!40101 SET character_set_client = @saved_cs_client */;

--
-- Dumping data for table `states`
--

LOCK TABLES `states` WRITE;
/*!40000 ALTER TABLE `states` DISABLE KEYS */;
INSERT INTO `states` VALUES (1,'Alabama','AL','2016-05-18 21:05:17','2016-05-18 21:05:17'),(2,'Alaska','AK','2016-05-18 21:05:17','2016-05-18 21:05:17'),(3,'Arizona','AZ','2016-05-18 21:05:17','2016-05-18 21:05:17'),(4,'Arkansas','AR','2016-05-18 21:05:17','2016-05-18 21:05:17'),(5,'California','CA','2016-05-18 21:05:17','2016-05-18 21:05:17'),(6,'Colorado','CO','2016-05-18 21:05:17','2016-05-18 21:05:17'),(7,'Connecticut','CT','2016-05-18 21:05:17','2016-05-18 21:05:17'),(8,'Delaware','DE','2016-05-18 21:05:17','2016-05-18 21:05:17'),(9,'Florida','FL','2016-05-18 21:05:17','2016-05-18 21:05:17'),(10,'Georgia','GA','2016-05-18 21:05:17','2016-05-18 21:05:17'),(11,'Hawaii','HI','2016-05-18 21:05:17','2016-05-18 21:05:17'),(12,'Idaho','ID','2016-05-18 21:05:17','2016-05-18 21:05:17'),(13,'Illinois','IL','2016-05-18 21:05:17','2016-05-18 21:05:17'),(14,'Indiana','IN','2016-05-18 21:05:17','2016-05-18 21:05:17'),(15,'Iowa','IA','2016-05-18 21:05:17','2016-05-18 21:05:17'),(16,'Kansas','KS','2016-05-18 21:05:17','2016-05-18 21:05:17'),(17,'Kentucky','KY','2016-05-18 21:05:17','2016-05-18 21:05:17'),(18,'Louisiana','LA','2016-05-18 21:05:17','2016-05-18 21:05:17'),(19,'Maine','ME','2016-05-18 21:05:17','2016-05-18 21:05:17'),(20,'Maryland','MD','2016-05-18 21:05:17','2016-05-18 21:05:17'),(21,'Massachusetts','MA','2016-05-18 21:05:17','2016-05-18 21:05:17'),(22,'Michigan','MI','2016-05-18 21:05:17','2016-05-18 21:05:17'),(23,'Minnesota','MN','2016-05-18 21:05:17','2016-05-18 21:05:17'),(24,'Mississippi','MS','2016-05-18 21:05:17','2016-05-18 21:05:17'),(25,'Missouri','MO','2016-05-18 21:05:17','2016-05-18 21:05:17'),(26,'Montana','MT','2016-05-18 21:05:17','2016-05-18 21:05:17'),(27,'Nebraska','NE','2016-05-18 21:05:17','2016-05-18 21:05:17'),(28,'Nevada','NV','2016-05-18 21:05:17','2016-05-18 21:05:17'),(29,'New Hampshire','NH','2016-05-18 21:05:17','2016-05-18 21:05:17'),(30,'New Jersey','NJ','2016-05-18 21:05:17','2016-05-18 21:05:17'),(31,'New Mexico','NM','2016-05-18 21:05:17','2016-05-18 21:05:17'),(32,'New York','NY','2016-05-18 21:05:17','2016-05-18 21:05:17'),(33,'North Carolina','NC','2016-05-18 21:05:17','2016-05-18 21:05:17'),(34,'North Dakota','ND','2016-05-18 21:05:17','2016-05-18 21:05:17'),(35,'Ohio','OH','2016-05-18 21:05:17','2016-05-18 21:05:17'),(36,'Oklahoma','OK','2016-05-18 21:05:17','2016-05-18 21:05:17'),(37,'Oregon','OR','2016-05-18 21:05:17','2016-05-18 21:05:17'),(38,'Pennsylvania','PA','2016-05-18 21:05:17','2016-05-18 21:05:17'),(39,'Rhode Island','RI','2016-05-18 21:05:17','2016-05-18 21:05:17'),(40,'South Carolina','SC','2016-05-18 21:05:17','2016-05-18 21:05:17'),(41,'South Dakota','SD','2016-05-18 21:05:17','2016-05-18 21:05:17'),(42,'Tennessee','TN','2016-05-18 21:05:17','2016-05-18 21:05:17'),(43,'Texas','TX','2016-05-18 21:05:17','2016-05-18 21:05:17'),(44,'Utah','UT','2016-05-18 21:05:17','2016-05-18 21:05:17'),(45,'Vermont','VT','2016-05-18 21:05:17','2016-05-18 21:05:17'),(46,'Virginia','VA','2016-05-18 21:05:17','2016-05-18 21:05:17'),(47,'Washington','WA','2016-05-18 21:05:17','2016-05-18 21:05:17'),(48,'West Virginia','WV','2016-05-18 21:05:17','2016-05-18 21:05:17'),(49,'Wisconsin','WI','2016-05-18 21:05:17','2016-05-18 21:05:17'),(50,'Wyoming','WY','2016-05-18 21:05:17','2016-05-18 21:05:17'),(51,'District of Columbia','DC','2016-05-18 21:05:17','2016-05-18 21:05:17');
/*!40000 ALTER TABLE `states` ENABLE KEYS */;
UNLOCK TABLES;

--
-- Table structure for table `user_custom_labgroups`
--

DROP TABLE IF EXISTS `user_custom_labgroups`;
/*!40101 SET @saved_cs_client     = @@character_set_client */;
/*!40101 SET character_set_client = utf8 */;
CREATE TABLE `user_custom_labgroups` (
  `id` int(11) NOT NULL AUTO_INCREMENT,
  `custom_labgroup_name` varchar(255) COLLATE utf8_unicode_ci DEFAULT NULL,
  `custom_labgroup_code` varchar(255) COLLATE utf8_unicode_ci DEFAULT NULL,
  `custom_labgroup_building` varchar(255) COLLATE utf8_unicode_ci DEFAULT NULL,
  `custom_labgroup_room` varchar(255) COLLATE utf8_unicode_ci DEFAULT NULL,
  `custom_street` varchar(255) COLLATE utf8_unicode_ci DEFAULT NULL,
  `custom_city` varchar(255) COLLATE utf8_unicode_ci DEFAULT NULL,
  `custom_country` varchar(255) COLLATE utf8_unicode_ci DEFAULT NULL,
  `state_id` int(11) DEFAULT NULL,
  `user_id` int(11) DEFAULT NULL,
  `created_at` datetime NOT NULL,
  `updated_at` datetime NOT NULL,
  PRIMARY KEY (`id`)
) ENGINE=InnoDB DEFAULT CHARSET=utf8 COLLATE=utf8_unicode_ci;
/*!40101 SET character_set_client = @saved_cs_client */;

--
-- Dumping data for table `user_custom_labgroups`
--

LOCK TABLES `user_custom_labgroups` WRITE;
/*!40000 ALTER TABLE `user_custom_labgroups` DISABLE KEYS */;
/*!40000 ALTER TABLE `user_custom_labgroups` ENABLE KEYS */;
UNLOCK TABLES;

--
-- Table structure for table `user_custom_organizations`
--

DROP TABLE IF EXISTS `user_custom_organizations`;
/*!40101 SET @saved_cs_client     = @@character_set_client */;
/*!40101 SET character_set_client = utf8 */;
CREATE TABLE `user_custom_organizations` (
  `id` int(11) NOT NULL AUTO_INCREMENT,
  `custom_org_name` varchar(255) COLLATE utf8_unicode_ci DEFAULT NULL,
  `custom_org_phone` varchar(255) COLLATE utf8_unicode_ci DEFAULT NULL,
  `custom_org_email` varchar(255) COLLATE utf8_unicode_ci DEFAULT NULL,
  `custom_street` varchar(255) COLLATE utf8_unicode_ci DEFAULT NULL,
  `custom_city` varchar(255) COLLATE utf8_unicode_ci DEFAULT NULL,
  `custom_country` varchar(255) COLLATE utf8_unicode_ci DEFAULT NULL,
  `state_id` int(11) DEFAULT NULL,
  `user_id` int(11) DEFAULT NULL,
  `created_at` datetime NOT NULL,
  `updated_at` datetime NOT NULL,
  PRIMARY KEY (`id`)
) ENGINE=InnoDB DEFAULT CHARSET=utf8 COLLATE=utf8_unicode_ci;
/*!40101 SET character_set_client = @saved_cs_client */;

--
-- Dumping data for table `user_custom_organizations`
--

LOCK TABLES `user_custom_organizations` WRITE;
/*!40000 ALTER TABLE `user_custom_organizations` DISABLE KEYS */;
/*!40000 ALTER TABLE `user_custom_organizations` ENABLE KEYS */;
UNLOCK TABLES;

--
-- Table structure for table `users`
--

DROP TABLE IF EXISTS `users`;
/*!40101 SET @saved_cs_client     = @@character_set_client */;
/*!40101 SET character_set_client = utf8 */;
CREATE TABLE `users` (
  `id` int(11) NOT NULL AUTO_INCREMENT,
  `firstname` varchar(255) COLLATE utf8_unicode_ci DEFAULT NULL,
  `lastname` varchar(255) COLLATE utf8_unicode_ci DEFAULT NULL,
  `email` varchar(255) COLLATE utf8_unicode_ci DEFAULT NULL,
  `phone` varchar(255) COLLATE utf8_unicode_ci DEFAULT NULL,
  `created_at` datetime NOT NULL,
  `updated_at` datetime NOT NULL,
  `username` varchar(255) COLLATE utf8_unicode_ci DEFAULT NULL,
  `password_digest` varchar(255) COLLATE utf8_unicode_ci DEFAULT NULL,
  `organization_id` int(11) DEFAULT NULL,
  `status` varchar(2) COLLATE utf8_unicode_ci DEFAULT NULL,
  `password_reset_token` varchar(255) COLLATE utf8_unicode_ci DEFAULT NULL,
  `password_reset_sent_at` datetime DEFAULT NULL,
  PRIMARY KEY (`id`)
) ENGINE=InnoDB AUTO_INCREMENT=525 DEFAULT CHARSET=utf8 COLLATE=utf8_unicode_ci;
/*!40101 SET character_set_client = @saved_cs_client */;

--
-- Dumping data for table `users`
--

LOCK TABLES `users` WRITE;
/*!40000 ALTER TABLE `users` DISABLE KEYS */;
INSERT INTO `users` VALUES (2,'Laura','Macconaill','laura_macconaill@dfci.harvard.edu','617-582-7754','2016-05-18 21:05:23','2016-05-18 21:05:23','laura','$2a$04$DbnEBViVO821W3lk2IzkTu1HiXgX8L1PDshHAR2cKfmYHczvEMgAC',1,'A',NULL,NULL),(3,'Megan','Hanna','mhanna@broad.mit.edu','617-324-4824','2016-05-18 21:05:23','2016-05-18 21:05:23','megan','$2a$04$F8yMRiz5phiDcZUAGUv7puup8XjPDClBNC9huGk5AvaiRBu4m74Em',1,'A',NULL,NULL),(4,'Karen','Coughlan','karen_coughlan@dfci.harvard.edu','617-582-8736','2016-05-18 21:05:23','2016-05-18 21:05:23','karen','$2a$04$i9Z7BT7dkfPbeXoLFeFG9eIez/rRIl1cFsdTTlWn1AD4B7F5Les9G',1,'I',NULL,NULL),(5,'Katie','Campbell','catarina_campbell@dfci.harvard.edu','617-632-2930','2016-05-18 21:05:23','2016-05-18 21:05:23','katie','$2a$04$f7BELHO3Kj37/7lhmP/gauuYqIe2CccmWCq0iV/ncysoo0m7d2rMq',1,'I',NULL,NULL),(6,'Nick','Wyhs','nwyhs@broad.mit.edu','617 582 8731','2016-05-18 21:05:23','2016-05-18 21:05:23','nick','$2a$04$2w2EcgPTljfL8v/G4V6LbOIiGuods.YOhEnFtnFbU4SSjwLvcFrZW',1,'I',NULL,NULL),(7,'Su','Huang','suhuang@dfci.harvard.edu','','2016-05-18 21:05:23','2016-05-18 21:05:23','su','$2a$04$HacpIwq1P724d96Vbnk0v.ffYySbBZMtAd5Lvthj7q1QhAMVMxBe6',1,'I',NULL,NULL),(8,'Matt','Freedman','matthew_freedman@dfci.harvard.edu','617-582-8598','2016-05-18 21:05:23','2016-05-18 21:05:23','matt','$2a$04$04oW2Z2Hcujn2TONcHiU.u7b3Up4oWW0axOc/p.XRawazWtjFC6by',1,'A',NULL,NULL),(9,'Levi','Garraway','levi_garraway@dfci.harvard.edu','617-632-6689','2016-05-18 21:05:23','2016-05-18 21:05:23','levi','$2a$04$5SL2y/MiRqQB8amG5eRZo.piU1wLCgB14VB.bSvq4cmSYYSV6MP7m',1,'A',NULL,NULL),(10,'Todd','Golub','golub@broad.mit.edu','617-632-4903','2016-05-18 21:05:23','2016-05-18 21:05:23','todd','$2a$04$wgOWoU4c/5kKJtb0694f2OXdVYO3PF42fH9kbZCkOCe494bviw2/C',1,'A',NULL,NULL),(11,'William','Hahn','william_hahn@dfci.harvard.edu','617-632-2641','2016-05-18 21:05:23','2016-05-18 21:05:23','wchahn','$2a$04$faAcfNXWpNMO4CEmcvNC9euOzcu7DVwtYg6IjI27tp/da/VBvr2l2',1,'A',NULL,NULL),(12,'Max','Loda','massimo_loda@dfci.harvard.edu','617-632-4001','2016-05-18 21:05:23','2016-05-18 21:05:23','max','$2a$04$3ht/XCjcomyqUjLf30XmeOD1aTOBV6PGe080qVvSuJFbxARKtvaCa',1,'A',NULL,NULL),(13,'Matthew','Meyerson','matthew_meyerson@dfci.harvard.edu','617-632-4768','2016-05-18 21:05:23','2016-05-18 21:05:23','matthew','$2a$04$TU6mnRiG1ebepI6W.rFL8.HVWu3iIZReV0LUjGMZn5aI7ITMNUNBa',1,'A',NULL,NULL),(14,'Nelly','Polyak','kornelia_polyak@dfci.harvard.edu','617-632-5746','2016-05-18 21:05:23','2016-05-18 21:05:23','nelly','$2a$04$1Dc8cxZrlEUtLYUm.s/EkeSAxlXsM/bM7RrUFWJ.1UveTt1OOt26S',1,'A',NULL,NULL),(15,'Ramesh','Shivdasani','ramesh_shivdasani@dfci.harvard.edu','617-632-5746','2016-05-18 21:05:23','2016-05-18 21:05:23','Ramesh','$2a$04$XrCmhAA5OdHxRsI4wLUr3OCrdJJ/a.E4i4mtLtt1eZJ20P2SxTwla',1,'A',NULL,NULL),(16,'Pasi','Janne','pasi_janne@dfci.harvard.edu','617-632-6036','2016-05-18 21:05:23','2016-05-18 21:05:23','Pasi','$2a$04$0KNyQAPqtCfvOJ7hUAm5ZOagxJfC7J36yRXLHr8VHP1DcmNC16qBe',1,'A',NULL,NULL),(17,'Rani','George','rani_george@dfci.harvard.edu','617-632-5281','2016-05-18 21:05:23','2016-05-18 21:05:23','rani','$2a$04$PGLTH9w183UyPMmf0hAOF.dwPmbvyq3W1qsq5LeL5P1UDkH9h32mK',1,'A',NULL,NULL),(18,'Thomas','Roberts','thomas_roberts@dfci.harvard.edu','617-632-3049','2016-05-18 21:05:23','2016-05-18 21:05:23','Thomas','$2a$04$hYeMEbqWZIKhU5aZI5luFuStqBQeYNscxvNyeu.IbG1kGI3NrXWAK',1,'A',NULL,NULL),(19,'Thomas','Look','thomas_look@dfci.harvard.edu','617-632-5826','2016-05-18 21:05:23','2016-05-18 21:05:23','Thomaslook','$2a$04$zt38R/3dVOsDW72J17dRWeR5abdL/l0ICPSAOD1fTXUqfvVUGX10a',1,'A',NULL,NULL),(20,'Jerome','Ritz','jerome_ritz@dfci.harvard.edu','617-632-3465','2016-05-18 21:05:23','2016-05-18 21:05:23','JRitz','$2a$04$.aQ3GnSdRKPSRJ9ykEUfH.7jkgfEe68mwm2TTy9sVc6ZCEyb22Ex6',1,'A',NULL,NULL),(21,'Matthew','Kulke','matthew_kulke@dfci.harvard.edu','617-632-5136','2016-05-18 21:05:23','2016-05-18 21:05:23','MatthewK','$2a$04$3XiXPtn1wB2B3P4h/k61DOpWZNQhzU6ldzsFtWJISCxmPiYdq4Ble',1,'A',NULL,NULL),(22,'Margaret','Shipp','margaret_shipp@dfci.harvard.edu','617-632-3874','2016-05-18 21:05:23','2016-05-18 21:05:23','Margaret','$2a$04$/zn6BRsqgsIFWqrqyh0DP.4hR5IhSpVHW/2Z0oU2ByWDVABMZ4D3e',1,'A',NULL,NULL),(23,'Philip','Kantoff','philip_kantoff@dfci.harvard.edu','617-632-1914','2016-05-18 21:05:23','2016-05-18 21:05:23','Philip','$2a$04$PXupomTVCOwvqBTWAZ0pkuZDrMZ7Xsem.20nbimhogpsHVEfKsdbe',1,'A',NULL,NULL),(24,'Robert','Ross','robert_ross@dfci.harvard.edu','617-632-3237','2016-05-18 21:05:23','2016-05-18 21:05:23','RobertRoss','$2a$04$NCAutKLo9udYABCsP.TouuWoAsHGxqDr4wwLWJNBxLZ673B.gzTiC',1,'A',NULL,NULL),(25,'Myles','Brown','myles_brown@dfci.harvard.edu','617-632-3948','2016-05-18 21:05:23','2016-05-18 21:05:23','mbrown','$2a$04$6jVq4kbK5jeNyyY1mtlS5eQKBBjRLMOQ58oOGM6DLwJuNd680LBLq',1,'A',NULL,NULL),(26,'Jennifer','Brown','jennifer_brown@dfci.harvard.edu','617-632-6692','2016-05-18 21:05:23','2016-05-18 21:05:23','JRBrown','$2a$04$C7X1T5ktf90YixQpy1fGjOnb5vk88xnQJ94T15oSL9peeVWVJFRdG',1,'A',NULL,NULL),(27,'Nasim','Ahmadiyeh','nahmadiyeh@partners.org','617-582-8682','2016-05-18 21:05:23','2016-05-18 21:05:23','nah495','$2a$04$ckYgGB1HiLYsZZBZYfjCvO237GRh6jnZV1eL5c79ccnELv0hFYeO.',1,'A',NULL,NULL),(28,'Carrie','Emery','CarolineM_Emery@dfci.harvard.edu','617 632 1923','2016-05-18 21:05:23','2016-05-18 21:05:23','carrie','$2a$04$e6nH8SQcAz7M4lBsZje/DutCcDM9LwFomeW1R5.gzO7mjNWtiZz4S',1,'A',NULL,NULL),(30,'Alejandro','Gutierrez','alejandro_gutierrez@dfci.harvard.edu','617-632-2079','2016-05-18 21:05:23','2016-05-18 21:05:23','ag832','$2a$04$HolhbnH1SXcVRhpBTaZYzu/BTs9ey8sTEEvvfxS99P7Esf9h/RgPm',1,'A',NULL,NULL),(31,'Kathryn','Penney','kpenney@hsph.harvard.edu','','2016-05-18 21:05:23','2016-05-18 21:05:23','kpenney','$2a$04$0jnaJ/MPPv/kjYlAB9vWB.n.BMcJufTSy5f8/XdsD4j9y2.kWTiM.',1,'A',NULL,NULL),(33,'elisa','benedettini','elisa_benedettini@dfci.harvard.edu','6176322148','2016-05-18 21:05:23','2016-05-18 21:05:23','eb802','$2a$04$abEO.BqmnuQ1eCdTvbyoju1ONNJeJuY12/FVykcABkiWPhe.RPRzK',1,'A',NULL,NULL),(34,'charles','stiles','charles_stiles@dfci.harvard.edu','617 632-3512','2016-05-18 21:05:23','2016-05-18 21:05:23','cds10','$2a$04$fcJ1upusmRQxK7ViDwemUOy8keDLEeCHaTjfhGr1p6ccNCz4/mjgm',1,'A',NULL,NULL),(35,'Deborah','Goff','deborah_goff@dfci.harvard.edu','Feb-16','2016-05-18 21:05:23','2016-05-18 21:05:23','djg19','$2a$04$86nb0TL61C0zkCJ.byRAVe7FXDe3.K75LvgYnRTWmuPUjjY/PQdSu',1,'A',NULL,NULL),(36,'Christine','Beckwith','christine_beckwith@dfci.harvard.edu','6033876921','2016-05-18 21:05:23','2016-05-18 21:05:23','cb960','$2a$04$7tTRgbL2V8X0170l100REe5ZARfrmTHJfgRJK6v07GWV4ZZVcdM9y',1,'A',NULL,NULL),(37,'Lucian','Chirieac','LCHIRIEAC@PARTNERS.ORG','617 732 8126','2016-05-18 21:05:23','2016-05-18 21:05:23','lchirieac','$2a$04$EKv9OVc6Fs3Yw98AqceNeuzqoZHTs8MuYnicN4DlFvdp/EHZBE69m',1,'A',NULL,NULL),(38,'Pat','Collaborator','ccgd@dfci.harvard.edu','27515','2016-05-18 21:05:23','2016-05-18 21:05:23','dfci_user','$2a$04$zWkmP3/jCxSfdFVuIkbAp.dzej66A29BRE00I0F6su1EpeLAHP0mm',1,'I',NULL,NULL),(39,'mark','pomerantz','mpomerantz@partners.org','617-632-2312','2016-05-18 21:05:23','2016-05-18 21:05:23','mp91','$2a$04$bC4gyp6/QaH3bPjucwsIGOGH.oKPON4qdd2UzywgD.IHYwv4wPLjm',1,'A',NULL,NULL),(40,'Keluo','Yao','keluo_yao@dfci.harvard.edu','617-582-8731','2016-05-18 21:05:23','2016-05-18 21:05:23','ky058','$2a$04$1kQixE3THODj3oguMaN7ZOiEbRLku3r0EQZCNG55q3Vv94EUrtTBq',1,'I',NULL,NULL),(41,'Edward','Fox','edward_fox@dfci.harvard.edu','617-632-2116','2016-05-18 21:05:23','2016-05-18 21:05:23','foxedward','$2a$04$SlH4KgERCkS1IIW9IEuTKunz.96aC.oVAohLwe5y16farwgb.DkFy',1,'A',NULL,NULL),(42,'Edwin','Choy','echoy@partners.org','617-459-6804','2016-05-18 21:05:23','2016-05-18 21:05:23','ec952','$2a$04$c7xNFOox0yL8wHhyylRq7u5OhFKmu0NxHyQiVKCA8eG2IZEM9/7.6',24,'A',NULL,NULL),(43,'Mark','Pomerantz','mark_pomerantz@dfci.harvard.edu','617-632-1914','2016-05-18 21:05:23','2016-05-18 21:05:23','mp37','$2a$04$cN.OyVPPgs7oocERYY8rvuEWS/JihMLrt206lCI2O5mzDd2bg9GRa',1,'A',NULL,NULL),(44,'HIROKI','YAMADA','yamada_hiroki@dfci.harvard.edu','617.935.6863','2016-05-18 21:05:23','2016-05-18 21:05:23','YH058','$2a$04$21s/0.dvOGRbyEcycYSLFu/JmvHFjViaZZ.WL4uGOI7OL1KmZE23C',1,'A',NULL,NULL),(45,'Mark','Pomerantz','nosman@partners.org','617-632-1914','2016-05-18 21:05:23','2016-05-18 21:05:23','mpomerantz','$2a$04$ujCHWXul2K.rdHzWj8tOGuJr.tdYqCE4LgqYPEMmEQhD.zMXObMsq',1,'I',NULL,NULL),(46,'Adam','Bass','ajbass@partners.org','617-407-9275','2016-05-18 21:05:23','2016-05-18 21:05:23','ajbass','$2a$04$gCEZNM8SJ2Bk1VWdHAieJuZAf6uiLOwBlPDOGaFySM32BGF0oLKEy',1,'A',NULL,NULL),(47,'Hao','Zhang','zhangh@broad.mit.edu','919-423-5077','2016-05-18 21:05:23','2016-05-18 21:05:23','haozhang','$2a$04$roNtCZ/t.Pr4OUZOMQC90uMdATp8aKUN7qbyBfl7vLErVbH5nRigW',2,'A',NULL,NULL),(48,'Rafael','Bejar','rbejar@partners.org','617-732-6510','2016-05-18 21:05:24','2016-05-18 21:05:24','rb850','$2a$04$KWrkLvi5GZ7oOmMradU6he/mRLamkKxmq.q3HR91BtO.PxPUmvzka',16,'A',NULL,NULL),(49,'Derek','Chiang','dchiang@broad.mit.edu','(617) 324-2239','2016-05-18 21:05:24','2016-05-18 21:05:24','dychiang','$2a$04$xrTbeY1KcGq4OsnfA6FUVum9QHJ7eivwsBuV3FiAc1uGMhUEY7Ara',1,'A',NULL,NULL),(50,'Sarah','Kehoe','sarahm_kehoe@dfci.harvard.edu','617-632-5783','2016-05-18 21:05:24','2016-05-18 21:05:24','sk580','$2a$04$dUF.8j0XXbO6VihVH51iUOJ/RicC47Ctk5FTcG1ThuYOmVLdx7d2G',1,'I',NULL,NULL),(51,'Amit','Dutt','amitdutt@broad.mit.edu','8578911975','2016-05-18 21:05:24','2016-05-18 21:05:24','amitdutt','$2a$04$pVCeis3MxN8O9S6l32G.CetWSSc4iutFWCDhlK7FsHx4r06rn9BOO',1,'A',NULL,NULL),(52,'Aram','Hezel','ahezel@partners.org','617 643 3813','2016-05-18 21:05:24','2016-05-18 21:05:24','ahezel','$2a$04$rhf9Q5W05r1Gz85Pn.TEGeUk22tZOZxY3sAfj8EbNcfmU/RLqTvYe',24,'A',NULL,NULL),(53,'Ivana','Kim','ivana_kim@meei.harvard.edu','617 573 3367','2016-05-18 21:05:24','2016-05-18 21:05:24','ivana','$2a$04$4ucthrKn.GFsHvGqOGa0GuMRXyh44zvFIje1r2L3BhFq5NusUgY92',5,'A',NULL,NULL),(54,'Douglas','Medvetz','dmedvetz@partners.org','617-355-9103','2016-05-18 21:05:24','2016-05-18 21:05:24','dam90','$2a$04$oSzjZSqNLMq/jicCk0SD2eUkkkT/ut.HPusxbQ2sTXKE/GpTwErL.',16,'A',NULL,NULL),(55,'Ryan','Bender','rpbender@partners.org','582-8614','2016-05-18 21:05:24','2016-05-18 21:05:24','ChinLab2008','$2a$04$eB609bBA.zHiUm4rtmbfsu84gDcPPPQ5wcjRM4uk9eudmBhJImdCO',1,'A',NULL,NULL),(56,'Fran','Hornicek','fhornicek@partners.org','617 724 6802','2016-05-18 21:05:24','2016-05-18 21:05:24','hornicek','$2a$04$ciPLDBAxaGLEcD1C4hd/Z.v2rwMEJrzer.DpcpFSxS9iJ5hT4YMHG',24,'A',NULL,NULL),(57,'Jonathan','Fletcher','jfletcher@partners.org','617 732 7883','2016-05-18 21:05:24','2016-05-18 21:05:24','fletcher','$2a$04$bCF2mMprRVm5/0uzWcwj6uRoYEnEyOBDP2OahKUpiw9ojWNlge8CG',16,'A',NULL,NULL),(58,'June','Kinoshita','jkinoshita@n-of-one.com','617 669 1706','2016-05-18 21:05:24','2016-05-18 21:05:24','kinoshita','$2a$04$mnPZZV4loRV8dcRUom0wJuRGgvgs5YcyqCf8Yzy9BBKd7DTANGjza',6,'I',NULL,NULL),(59,'Alex','Ng','sng@rics.bwh.harvard.edu','617-278-0072','2016-05-18 21:05:24','2016-05-18 21:05:24','Alexng','$2a$04$hvAl937vO5uNeukjQ9mkWOuF4Zc0LXe00fnfT8PizCJLYNrpaGEiC',16,'A',NULL,NULL),(60,'Antoni','Ribas','aribas@mednet.ucla.edu','3102063928','2016-05-18 21:05:24','2016-05-18 21:05:24','ribas','$2a$04$P9..6IRtT2HEDyAYFjwsVerNg1PQlGIZNsxIZKEYGWZFfscw3G5gu',7,'A',NULL,NULL),(61,'Chandrani','Mondal','Chandrani_Mondal@dfci.harvard.edu','6175826688','2016-05-18 21:05:24','2016-05-18 21:05:24','cm315','$2a$04$ALew3NK4NitSKq7zccJobem80iV03zNfEIcQ54Z0VMeH8LTWstzxK',1,'I',NULL,NULL),(62,'Anna','Schinzel','anna_schinzel@dfci.harvard.edu','617 632 2376','2016-05-18 21:05:24','2016-05-18 21:05:24','Schinzel','$2a$04$u1DVpa4pdRkDXNUcrRPYv.P2w7rFB88urK2hlSfh6cqk8qAl6KfUu',1,'A',NULL,NULL),(63,'vikram','Deshpande','vdeshpande@partners.org','6177247741','2016-05-18 21:05:24','2016-05-18 21:05:24','vd019','$2a$04$u4.cuwAVIK7Z.BCU79sWtONX2StCwfeOAvNi2ppR0IiLV0oGNGIaa',24,'A',NULL,NULL),(64,'John','McGrath','johnp_mcgrath@dfci.harvard.edu','6175828668','2016-05-18 21:05:24','2016-05-18 21:05:24','jpmcgrath','$2a$04$UotEG3sOBtAOoWBpVoeYge39enzl66uAknqNzHhzUcDOq3dCiAiEa',1,'A',NULL,NULL),(65,'Lauren','Luongo','LaurenA_Luongo@DFCI.HARVARD.EDU','6176325950','2016-05-18 21:05:24','2016-05-18 21:05:24','lal62','$2a$04$aTUPc1I01R.6hjs7IShfn.nv1RSkkLGGZIBSeRLVmYv4DYr4HCyjO',1,'I',NULL,NULL),(66,'Keith','Ligon','keith_ligon@dfci.harvard.edu','617-632-2357','2016-05-18 21:05:24','2016-05-18 21:05:24','ligonlab','$2a$04$3OG01xDN8fbqffm3PjZY9ujjbLW4AQAn6kqAO8.p.GdfPcn84F/K2',1,'A',NULL,NULL),(70,'Daniel','Chung','dchung@partners.org','617-726-8687','2016-05-18 21:05:24','2016-05-18 21:05:24','dchung','$2a$04$qrMch9qoB4o300T/Q7ZYKO1C3gFnKzEgzdaoZfteTZtnxalxJVwRi',24,'A',NULL,NULL),(71,'Henry','Koon','Henry.Koon@UHhospitals.org','(216) 368-1175','2016-05-18 21:05:24','2016-05-18 21:05:24','henrykoon','$2a$04$Dv59TayGuWyB2TdTYq8pKO4U3f4I2Qv9DueghP6EcTVgS2KVv48Oq',12,'A',NULL,NULL),(72,'Irene','Ghobrial','irene_ghobrial@dfci.harvard.edu','2.4198','2016-05-18 21:05:24','2016-05-18 21:05:24','ghobrial','$2a$04$dVnKGc9hSFbrYK80aT8FDuijQt9eNjL6byD3nDfXqYaI3t1H6nbMu',1,'A',NULL,NULL),(73,'Ashley','Fairbank','ashley_fairbank@dfci.harvard.edu','617-632-4606','2016-05-18 21:05:24','2016-05-18 21:05:24','afairbank','$2a$04$8w/Zi1VnoRZauU.WIefrdOrGpUFW6xBMELaPAT.wPJptwFf1HLQfy',1,'A',NULL,NULL),(74,'Michael','Anglesio','michael.anglesio@petermac.org','+61 3 9656 1287','2016-05-18 21:05:24','2016-05-18 21:05:24','michael.angl','$2a$04$NK2jqzBJobxcQwv82EmXZeL1eVnB5MgLi5Nx5SER7Lb3yUPemdYhu',13,'A',NULL,NULL),(76,'Jonathan','Rosenberg','jonathan_rosenberg@dfci.harvard.edu','617 632 5456','2016-05-18 21:05:24','2016-05-18 21:05:24','rosenberg','$2a$04$rrZ6QGblZRryTBOWm2BAreDcqMG.7bz1FGoO2NUXn7Kl9Vd9NfJpO',1,'A',NULL,NULL),(77,'Daniel','Costa','dbcosta@bidmc.harvard.edu','617-667-9236','2016-05-18 21:05:24','2016-05-18 21:05:24','dbcosta@bidm','$2a$04$t7jVJqsECSW7Ykp5hd2xBOi6g2xDGbWQ.MVHADka6lOcihtLW9Cwa',14,'A',NULL,NULL),(78,'Peter','Guillen','pguillen06@gmail.com','617-956-2004','2016-05-18 21:05:24','2016-05-18 21:05:24','pguillen','$2a$04$2CpwrqowYIcbcIoiZhQkBOpo52VY.988GcLQM5.Ym8C278IDmxkBS',1,'I',NULL,NULL),(79,'Toni','Choueiri','toni_choueiri@dfci.harvard.edu','617-632-5456','2016-05-18 21:05:24','2016-05-18 21:05:24','tc46','$2a$04$FXHEydTQQziinF6CHsGB3Oq93DJOMJQBrLnkE1O..mDo03/G.GdqS',1,'A',NULL,NULL),(80,'Fabio','Schutz','FabioA_Schutz@DFCI.harvard.edu','617-632-4622','2016-05-18 21:05:24','2016-05-18 21:05:24','fs975','$2a$04$gz91WlyfI5M42IdbNB/ELuerK.grppMxbrNilI0xTydkvnRPRDwfe',1,'A',NULL,NULL),(81,'Aimee','Pike','AimeeM_Pike@dfci.harvard.edu','','2016-05-18 21:05:24','2016-05-18 21:05:24','AP595','$2a$04$ifu/zNegT0.c9r3jQpPRRuRq7ri7pbo9dQU1699dehjhJUlu7Gbh.',1,'I',NULL,NULL),(82,'Mariella','Gruber-Olipitz','mariella_gruber-olipitz@dfci.harvard.edu','6177550949','2016-05-18 21:05:24','2016-05-18 21:05:24','mgo6','$2a$04$IUereRHy1RutDoCmk63IMug5qGXwb97LK8V.UhxQ2Qeb7XIBKCQNa',1,'A',NULL,NULL),(83,'Patrick','Oberholzer','oberholz@broadinstitute.org','617-714-7552','2016-05-18 21:05:24','2016-05-18 21:05:24','oberholz','$2a$04$vKlV//cDZvIEaSlqAcVub.kEGsrN9aIFtRpFSv6RLKz30S8GiSfay',2,'A',NULL,NULL),(85,'Mike','Chapman','mchapman@broadinstitute.org','617 714 7572','2016-05-18 21:05:24','2016-05-18 21:05:24','mchapman','$2a$04$WrXfY9BXBwHmBUMGVbJvFOaAheLQOrUpgFOd8i7H6iaQBC4/mJ9bG',2,'A',NULL,NULL),(86,'Gayane','Badalian','gayane_badalianvery@dfci.harvard.edu','857-488-9804','2016-05-18 21:05:24','2016-05-18 21:05:24','GBadalian','$2a$04$DhPAwC4jJN4VNYhsNShouu6ZRHCH0i3ERcm7ZGdiHhV9PC4A39f.q',1,'A',NULL,NULL),(87,'Scott','Armstrong','scott.armstrong@childrens.harvard.edu','617-919-2507','2016-05-18 21:05:24','2016-05-18 21:05:24','sa30','$2a$04$DL4QEswCyUAtpMMqBT/vw.By0xz19TDqxYk740OPDPk0sFUpPkAx.',32,'A',NULL,NULL),(88,'Tim','Heffernan','theffernan@partners.org','582-8338','2016-05-18 21:05:24','2016-05-18 21:05:24','theff','$2a$04$1rykfGkZGVEVCkRoL2i5TO5IaAuelVfJxedOXjePFnb.FO7swSH.O',1,'A',NULL,NULL),(89,'Athe','Tsibris','atsibris@partners.org','(617)417-1162','2016-05-18 21:05:24','2016-05-18 21:05:24','stethant','$2a$04$BtfJpJQQELzG56f3rlKIWO2K6XmCEGZrrlPmdh2xjWlKhrujPwHoG',16,'A',NULL,NULL),(90,'Michael','Berger','berger@broadinstitute.org','617-714-7553','2016-05-18 21:05:24','2016-05-18 21:05:24','mfberger','$2a$04$WsY5vXAVSqilhexktsYUa.Rly3EVk0YqW1hKVuSQeHDL9oca8URNG',2,'A',NULL,NULL),(91,'David','Kwiatkowski','dk@rics.bwh.harvard.edu','617-355-9005','2016-05-18 21:05:24','2016-05-18 21:05:24','dk','$2a$04$QSJ4/Q9DIOqXbqLP2X23x.PN3D5AWL.ruJR83qe8Iyso.ib1bruRi',16,'A',NULL,NULL),(92,'Benjamin','Rich','brich@partners.org','','2016-05-18 21:05:24','2016-05-18 21:05:24','brich','$2a$04$FlA6CMdcY2p1FfPIa2elG.CSLTp9w/e.N3h/M53DHyCK.3.xEs/Xe',1,'A',NULL,NULL),(93,'Christine','Obierika','christine_obierika@dfci.harvard.edu','6172596490','2016-05-18 21:05:24','2016-05-18 21:05:24','co932','$2a$04$yYYg4tsNksZQP4jW9iN4XuxmfzAEXqo4pry4nUGWPkq5j/GsUvHJC',1,'I',NULL,NULL),(94,'Carmelo','Nucera','cnucera@bidmc.harvard.edu','617-5990515','2016-05-18 21:05:24','2016-05-18 21:05:24','cnucera','$2a$04$DuB/V5HN71tH9w3iEaKG/OrCn/aQ6lkwjgqjtMN934lZiS3BYJFJm',24,'I',NULL,NULL),(95,'Cristina','Ferrone','cferrone@partners.org','617 643 6819','2016-05-18 21:05:24','2016-05-18 21:05:24','cferrone','$2a$04$sNNmL7xAoRpwPsK59qvfhu5nydwLMFQmjntHXbgFYYZUCIJ9zU5fe',24,'A',NULL,NULL),(96,'Laura','Fredenburgh','lfredenburgh@rics.bwh.harvard.edu','617 525-9563','2016-05-18 21:05:24','2016-05-18 21:05:24','lf063','$2a$04$0xnqoDDoBCuS/5zKGQIdyOuwN3.8xeFCWxuVtRZCDT4K3Phyv23GG',16,'A',NULL,NULL),(97,'Hideo','Watanabe','hideo_watanabe@dfci.harvard.edu','617-632-4777','2016-05-18 21:05:24','2016-05-18 21:05:24','hw022','$2a$04$0a5ieNAzzkqSQ6WxP21fS.BcnXUxLVEJeylucbtP8mWRpPOTleHr2',1,'A',NULL,NULL),(98,'Yanan','Guo','yguo5@rics.bwh.harvard.edu','617-355-9039','2016-05-18 21:05:24','2016-05-18 21:05:24','yg067','$2a$04$M7BbBmUqb/aFKPlGsTVl/ORrVVGuMILag5QzvgqpIdCw2u05kr9da',16,'A',NULL,NULL),(99,'Peter','Hammerman','phammerman@partners.org','617-852-6224','2016-05-18 21:05:24','2016-05-18 21:05:24','phammerman','$2a$04$YR/X75auX2oBeM0uPkUIx.LrXWvmDA4DcWP5PcQBS55ZlKFOeqt3q',1,'A',NULL,NULL),(100,'Yang','Liu','Yang_Liu2@DFCI.HARVARD.EDU','617-582-8535','2016-05-18 21:05:24','2016-05-18 21:05:24','tiger','$2a$04$H.76gVVM7UH1YVZID2FpxuHXqWwV3faUboXB07Pqy5Hi3aaUYWn4u',1,'A',NULL,NULL),(101,'Lars','Bullinger','lars.bullinger@childrens.harvard.edu','617-919-2510','2016-05-18 21:05:24','2016-05-18 21:05:24','lars.bulling','$2a$04$EFlsoizlNQVXNguf7PrXsO97vSMVJAc1z8lxCiS1LalSXmhX028ia',32,'A',NULL,NULL),(102,'Jeeyun','Lee','jyunlee@skku.edu','-4367','2016-05-18 21:05:24','2016-05-18 21:05:24','taro111','$2a$04$jHRXBRQ5xf5uNW179WiKR.JYSE3Mj6vY/SjKn0V4DonbR4mIks87O',23,'A',NULL,NULL),(103,'Frank','Kuo','fkuo@partners.org','1-857-307-1534','2016-05-18 21:05:24','2016-05-18 21:05:24','fkuo','$2a$04$wHyHCShrrpfOaPis3fNUt.Pbx7kWMD3mf/zU0CIgDLun2hi7vWb0O',16,'A',NULL,NULL),(104,'Sushruta','Nagarkatti','snagarkatti@partners.org','6177266192','2016-05-18 21:05:24','2016-05-18 21:05:24','sn881','$2a$04$5UpFg/6Ea8gWTjIoZ1pQweqk2bTuZrI32OaC8AE40f0CQXyZUZytK',24,'A',NULL,NULL),(105,'Jesse','Boehm','boehm@broadinstitute.org','617-714-7494','2016-05-18 21:05:24','2016-05-18 21:05:24','jboehm','$2a$04$bTSHyHGShSVxk4/sfFMVwOzevNWTlBiObgD.n1OaknNESRQNr60qS',2,'A',NULL,NULL),(106,'Jeffrey','Mito','jeffrey.mito@duke.edu','919-681-8683','2016-05-18 21:05:24','2016-05-18 21:05:24','jmito','$2a$04$nYJY5yHRCCIzYuIP6MfKCuA4Bv9uaDa80uBFSqQlXDWTIAmiNeJeW',26,'A',NULL,NULL),(107,'Nikhil','Wagle','nwagle@partners.org','617 596-3957','2016-05-18 21:05:24','2016-05-18 21:05:24','nwagle','$2a$04$yy0/.ai2n3feARiQz8XN3.7wYGJBz5Gx3YrZCPKSPGOBJ5Ywx.mZ6',1,'A',NULL,NULL),(108,'Robert','Jones','RobertT_Jones@dfci.harvard.edu','6176325950','2016-05-18 21:05:24','2016-05-18 21:05:24','rj956','$2a$04$f0gFvDnJ.feCwDBmvEWUfeZe9yhSVEKP7HoPpK6r9uPiYXMlsguOu',1,'A',NULL,NULL),(109,'Yariv','Houvras','yhouvras@enders.tch.harvard.edu','(617) 919-2074','2016-05-18 21:05:24','2016-05-18 21:05:24','yhouvras','$2a$04$vFb/zNu.HAlknDYlOAZ.OeGdZip/dVEfCpQrc5LLsgUDewmyThg1W',32,'A',NULL,NULL),(110,'Amity','Manning','almanning@partners.org','857-526-1728','2016-05-18 21:05:24','2016-05-18 21:05:24','almanning','$2a$04$ts4YUq20bJpo8AJ2GDnZoegY80tJTsa4b2SCFpoACdMH1f5e06Rfi',24,'A',NULL,NULL),(111,'Katherine','Dunn','katherine_dunn@dfci.harvard.edu','617-955-3417','2016-05-18 21:05:24','2016-05-18 21:05:24','kdunn','$2a$04$LPrVw7FDpx/zNxvJRTUHcuxPyuU7KmJqTjqE8l3.p1e.5MjgVxnZe',1,'A',NULL,NULL),(112,'James','DeCaprio','james_decaprio@dfci.harvard.edu','617 632-3825','2016-05-18 21:05:24','2016-05-18 21:05:24','jd017','$2a$04$mu9DWiNywFFH..a.us1jFeyc4Se3Tq8PS8K81uoATQmNS3.fggwn6',1,'A',NULL,NULL),(113,'Shamini','Selvarajah','Shamini_Selvarajah@dfci.harvard.edu','6174558513','2016-05-18 21:05:24','2016-05-18 21:05:24','shamini','$2a$04$4OUyoZvSW9VpTNfhAORdVOPspKCnCGCz8DEJy4lUp8vTUVvCoFkwq',1,'A',NULL,NULL),(114,'Nina','Lin','nhlin@partners.org','617-768-8479','2016-05-18 21:05:24','2016-05-18 21:05:24','ninalin','$2a$04$nGpZALvhEG8AgOkSrSsRY.fY5PUUE33R6ZMqJgeGkPe8t70sgp9Ru',30,'A',NULL,NULL),(116,'Ann','Mullally','amullally@partners.org','6173559091','2016-05-18 21:05:24','2016-05-18 21:05:24','amullal','$2a$04$YMztQU3oDIwwJsAf7UJVm.4l11Ax5G95DGe5Aws9RNS6eZJoJa1ZO',16,'A',NULL,NULL),(117,'Eva','Hernando','eva.hernando@med.nyu.edu','1-212-263 9054','2016-05-18 21:05:24','2016-05-18 21:05:24','hernandoeva','$2a$04$bCiWldcFU3ZrIz2wqUTyaurdwU2xrnVnDCwMih7YPjXebMTbX/AJW',31,'A',NULL,NULL),(119,'Antoni','Ribas','evoneuw@mednet.ucla.edu','310-983-1262','2016-05-18 21:05:24','2016-05-18 21:05:24','oncomap3','$2a$04$.r/sqnbEDMKMOekI2UrFm.2TqEp1bbJYJBd.L3MccOs2VpxLbBkse',7,'A',NULL,NULL),(120,'Monica','Calicchio','monica.calicchio@childrens.harvard.edu','617.919.2495','2016-05-18 21:05:24','2016-05-18 21:05:24','mlcalicchio','$2a$04$d1RzRf4pyOE8fbRphmpOSeRnQD0.haTiYbPs0gWZJGs2Zx6DcGgzS',32,'A',NULL,NULL),(121,'Sandra','Kirley','skirley@partners.org','617-726-8480','2016-05-18 21:05:24','2016-05-18 21:05:24','sdk3','$2a$04$yrqoawp7y9tuOKIh8xBqFOXO7ExYCduRS0EcEydJsrCUqIFFmQEeC',24,'A',NULL,NULL),(122,'Eejung','Kim','eejung_kim@dfci.harvard.edu','22383','2016-05-18 21:05:24','2016-05-18 21:05:24','ek831','$2a$04$Ca4224H.5pXKPLTy96iGMuWwzcywZqr43hCVmy/h2hnxOC91rz68W',1,'A',NULL,NULL),(123,'Matt','Ducar','MatthewD_Ducar@DFCI.HARVARD.EDU','','2016-05-18 21:05:24','2016-05-18 21:05:24','mducar','$2a$04$agT7KuFLQWayHV7MzrbYT.1IaSYnuQTDn1rySkPG85B0NGrj0vlvO',1,'A',NULL,NULL),(124,'Brian','Crompton','brian.crompton@childrens.harvard.edu','617-582-8553','2016-05-18 21:05:24','2016-05-18 21:05:24','bcrompton','$2a$04$iiuQEsfjSDcQxfoJKXQDwe.LgZYJYSEPS88cbA3.5ijwlcQ3tv1oa',1,'A',NULL,NULL),(125,'Chin-Lee','Wu','CWU2@PARTNERS.ORG','617-726-8454','2016-05-18 21:05:24','2016-05-18 21:05:24','ChinLee','$2a$04$9LgQxVlA7DJdyA/trsKa4OC9S1xbB5lRhIK1eDPfBF7z3pyaWssdy',24,'A',NULL,NULL),(126,'Meghan','Comeau','comeau.meghan@dfci.harvard.edu','9785058544','2016-05-18 21:05:24','2016-05-18 21:05:24','nc869','$2a$04$yKEUyOr4m4TZQ8PtWpWP6O0I4tjw872XFPQmbgXm4sjYQmWCn23p.',1,'I',NULL,NULL),(127,'Madhuri','Koti','madhurikoti@gmail.com','613-5332000 x 79055','2016-05-18 21:05:24','2016-05-18 21:05:24','jeremysquire','$2a$04$XzbxNmTP.zc7K4SwFBAXMOrc6lKQOwLYACVy2QSJA6Kdk8n.BO26m',33,'A',NULL,NULL),(128,'Youngwook','Kim','young_w_.kim@sbri.co.kr','82-2-2148-7349','2016-05-18 21:05:24','2016-05-18 21:05:24','Youngwook.Ki','$2a$04$UkkOxM.UG7Z2cw176LMd0OhswXrc8nhJ5JRfUPDpGbkBGmE4LKEKu',23,'A',NULL,NULL),(129,'Youngwook','Kim','qedos@hotmail.com','82-2-2148-7349','2016-05-18 21:05:24','2016-05-18 21:05:24','Youngwook.Ki','$2a$04$DYYRUKt9cm5kPQjXpRKG3.zTj9lJ3Ok9c7/8KRVMOSUEU4eipnMIm',23,'A',NULL,NULL),(130,'shamini','selvarajah','sselvarajah@partners.org','6174558513','2016-05-18 21:05:24','2016-05-18 21:05:24','shamrose','$2a$04$GFlBEt1SHmdQTchHC4xxzOJ4s0fQzmktaDZ92/0L5n17Ym8RTBOOa',16,'A',NULL,NULL),(132,'Stephen','Mok','smok@mednet.ucla.edu','3108252676','2016-05-18 21:05:24','2016-05-18 21:05:24','ribaslab','$2a$04$9pVw2byMYZhjRlLAp1CdMOksne/No64qieeLSnyCX/GW6DYB.zVY2',7,'A',NULL,NULL),(133,'Jingwei','Cheng','jingwei_cheng@dfci.harvard.edu','617-632-4797','2016-05-18 21:05:24','2016-05-18 21:05:24','JC221','$2a$04$rtzdt5RsCFDtwUiA8.KANOH1ELhvlNrZdxjaD78M8ffB.tUwjgt8K',1,'A',NULL,NULL),(134,'Mark','Kieran','mark_kieran@dfci.harvard.edu','(617) 632-4907','2016-05-18 21:05:24','2016-05-18 21:05:24','mwk0','$2a$04$Cm1lLDycVuHNpBjUupoZtuOQJAtYitbo8pCuCJyDtUwryFIGwL3kS',1,'A',NULL,NULL),(135,'Matt','Theisen','matthewa_theisen@dfci.harvard.edu','6175828767','2016-05-18 21:05:24','2016-05-18 21:05:24','matheisen','$2a$04$ajcRAVsdGagvadOu/lgaVObX.NS5xODctM/WK7wL1pYeoS/XKAOYi',1,'A',NULL,NULL),(136,'Carmen','Priolo','carmen__priolo@dfci.harvard.edu','6176326461','2016-05-18 21:05:24','2016-05-18 21:05:24','CPriolo','$2a$04$lGTSYoZkk9Kq2Ixiw07LYOOkO9sU0FFnEUJW00QFsSG/GUdf0CHHK',1,'A',NULL,NULL),(137,'Paul','VanHummelen','paul_vanhummelen@dfci.harvard.edu','','2016-05-18 21:05:24','2016-05-18 21:05:24','paulvan','$2a$04$9GjdXh/yjKw1oNk8xQHzMuazyb6/AjQjQ.VBShgEEtQFVZlmmI4QW',1,'A',NULL,NULL),(138,'John','Keilty','john.keilty@infi.com','617-453-1000','2016-05-18 21:05:25','2016-05-18 21:05:25','jkeilty','$2a$04$c5a9YjPLPJpmZritp/GZO.DRl306x43ItGLnOCItyy/TVP9Zdj7WG',35,'A',NULL,NULL),(139,'Jennifer','Brown','jbrown2@partners.org','617-632-4894','2016-05-18 21:05:25','2016-05-18 21:05:25','jb916','$2a$04$Ja4g9KlvmMitt..Xg/YwWuznrXo63EdGi5SnPGej9xIzv9KgQPPcC',1,'A',NULL,NULL),(140,'Alexi','Wright','alexi_wright@dfci.harvard.edu','617-632-3547','2016-05-18 21:05:25','2016-05-18 21:05:25','alexiwright','$2a$04$wzpMCJiSMnCmv0nH7Bx7xO1JJ7Hdk2uRlWfZo/d97hLio0u30Cfk6',1,'A',NULL,NULL),(141,'Filipe','Martins','filipe_martins@dfci.harvard.edu','6175828073','2016-05-18 21:05:25','2016-05-18 21:05:25','filipecorrei','$2a$04$YdzM/Ab4J0Jx2KOGzOit8OQ7js.Opk82hGiY333z.XQBpfM0vV3my',1,'A',NULL,NULL),(142,'Xiangqing','Yang','xiangqing_yang@dfci.harvard.edu','(617)582-8803','2016-05-18 21:05:25','2016-05-18 21:05:25','xyang','$2a$04$M5KLzXDE8JP/xFOpWwmcCOn2a5P7XDEwkLAzLHx7MYVyKvNeveV.6',1,'A',NULL,NULL),(143,'Xiangqing','Yang','xiangqingy@gmail.com','(617)582-8803','2016-05-18 21:05:25','2016-05-18 21:05:25','xyang126','$2a$04$VheMFBWBdEvlQWrOef9nhubLrHX5UvMaGthus7VsLB7JrTZlp3mOu',1,'A',NULL,NULL),(144,'Daniel','Auclair','dauclair@broadinstitute.org','617-714-8644','2016-05-18 21:05:25','2016-05-18 21:05:25','auclaird','$2a$04$Bhm9lP/V4u24obvgf3WRLeun4kjzk4Bxvyu6prZswF6cdRDcrldVS',2,'A',NULL,NULL),(145,'Elizabeth','Garcia','egarcia7@partners.org','','2016-05-18 21:05:25','2016-05-18 21:05:25','eg804','$2a$04$A5lZqbwEdIp9hcCF0eBTj.77F8JtcV0LoEylm0i.OpQdLWZm8aeoG',16,'A',NULL,NULL),(146,'Victoria','Brown','vebrown@partners.org','617 525 3168','2016-05-18 21:05:25','2016-05-18 21:05:25','vbrown88','$2a$04$v1HlOKPzoQUVJ8gHUd5Noup.CLf34kPovs998Poq6f17KSqIl9/9e',16,'A',NULL,NULL),(147,'Lan','Hu','lanhu@jimmy.harvard.edu','','2016-05-18 21:05:25','2016-05-18 21:05:25','hulan','$2a$04$QhhWOHfn2Lilfnfu9JeTkuiGW7Lq0y1USJ/kNcyRciURf1x4ckC0q',1,'A',NULL,NULL),(148,'Jacek','Wardzala','jacek_wardzala@gmail.com','617 632 2204','2016-05-18 21:05:25','2016-05-18 21:05:25','jw500','$2a$04$uA.iulCcdRbSWTuXk0MeA.aBYzf.n0QW3DqyGcvbimaealUc4MLFe',1,'A',NULL,NULL),(150,'Efi','Kokkotou','kthall@bidmc.harvard.edu','617 818 2111','2016-05-18 21:05:25','2016-05-18 21:05:25','kthall','$2a$04$IpMWgLaIU1csH0YXeqmbWe/Jguv2M.2WkDLeyMozM4weiSr1aKhdm',36,'A',NULL,NULL),(152,'Joonil','Jung','joonilj@broadinstitute.org','617-714-7579','2016-05-18 21:05:25','2016-05-18 21:05:25','joonilj','$2a$04$FzBR9aFvpJCiyvHEWp6EpeIQRaY.eNy/z92W9IbhBh4ATOSkuEuDu',2,'A',NULL,NULL),(153,'Kin','Yu','kin.yu@sanofi-aventis.com','6176654222','2016-05-18 21:05:25','2016-05-18 21:05:25','ktysaoncobu','$2a$04$uaCEkpx5FHfOQ9b48r/9UefxcQ8xhQnkRt7tiHBzmRgHuDYkHhNEW',38,'A',NULL,NULL),(154,'Ravali','Adusumilli','ravali_adusumilli@dfci.harvard.edu','','2016-05-18 21:05:25','2016-05-18 21:05:25','ravali','$2a$04$BSVqILTeSK4xNqOcTw3O1e8kZOtzwkmVsCsCgpr4c/XVPgRBSvoba',1,'A',NULL,NULL),(155,'Edward','Stack','edward_stack@dfci.harvard.edu','7818373367','2016-05-18 21:05:25','2016-05-18 21:05:25','ecstack','$2a$04$jr1P9bZFpLtv7MyTwyN2M.pTa.W5d8y58CyT4EVCcaGtRPsvYPVfu',1,'A',NULL,NULL),(156,'Scott','Swanson','sjswanson@partners.org','6175257532','2016-05-18 21:05:25','2016-05-18 21:05:25','SJS','$2a$04$XxqmdG2pUi0WVqtWwaPhb.o6sAvku6AgOqRpNL4gdSn874.WOcWnO',16,'A',NULL,NULL),(157,'Jeff','DeFrank','jeff_defrank@dfci.harvard.edu','Feb-64','2016-05-18 21:05:25','2016-05-18 21:05:25','JSD1','$2a$04$y8xDF..TlWGFue/eh9JW.Ox4Jrn0KSzzjPfJMsyHpF/eawlEB1Psy',1,'A',NULL,NULL),(158,'Alex','Huang','alex.huang@sanofi-aventis.com','617-665-4221','2016-05-18 21:05:25','2016-05-18 21:05:25','i0138401','$2a$04$yFt5A02A5NUyqn4KYHqUBuwm0Apx0R6jYSlw1/lHJvISepztcCkjK',38,'A',NULL,NULL),(159,'ruchi','joshi','rjoshi1@partners.org','','2016-05-18 21:05:25','2016-05-18 21:05:25','rjoshi','$2a$04$XK8sBzYNGnaCwXy7Vv/8u..GR0KG0yUuTrddTnaC6VqXDVMAVvepy',16,'A',NULL,NULL),(160,'Adri','Mills','adri_mills@dfci.harvard.edu','607-229-9054','2016-05-18 21:05:25','2016-05-18 21:05:25','am20','$2a$04$oo5AhSwZzMO91dCCCok/O.CnZpD/uJwyZF23XMoOTda4Q9Ne1qDye',1,'I',NULL,NULL),(161,'Priscilla','Brastianos','pbrastianos@partners.org','617-632-2199','2016-05-18 21:05:25','2016-05-18 21:05:25','brastianos','$2a$04$BfijV01LPsTK5CtCpacjv.KTGpbIrMgXEmTBDJr1eQYKpiD8.Y5My',1,'A',NULL,NULL),(164,'Takeshi','Shimamura','takeshi_shimamura@dfci.harvard.edu','617-582-7644','2016-05-18 21:05:25','2016-05-18 21:05:25','tshimamura','$2a$04$C.oVk4bZHhSrmb26nCqe7u.ZZJJsdKhLYssSbUDevO.YnUu.Rw28a',1,'A',NULL,NULL),(165,'Brenton','Mar','brenton.mar@childrens.harvard.edu','617-632-4689','2016-05-18 21:05:25','2016-05-18 21:05:25','brentonmar','$2a$04$GdH1.O1/tfadMhfSB5VfTuOOxdE48Qw.VaZ9XoVuoE2veOSYH16fi',1,'A',NULL,NULL),(167,'Rameen','Beroukhim','rameen@broadinstitute.org','617-582-7941','2016-05-18 21:05:25','2016-05-18 21:05:25','rameen','$2a$04$0fGo8tadWvwXDB3ujFDoWeX9MnUFzQZp.2YNpjIutV1V1AtJc0.5.',1,'A',NULL,NULL),(168,'Youngha','Kim','youngha_kim@dfci.harvard.edu','617-582-4132','2016-05-18 21:05:25','2016-05-18 21:05:25','CMR','$2a$04$th6K.kCQNMmx/4L.274n/efb9ndUJ8HMixwz2YZL2bTd94j8.aSIa',1,'A',NULL,NULL),(169,'Andrea','Myers','apmyers@partners.org','650-714-5706','2016-05-18 21:05:25','2016-05-18 21:05:25','apmyers','$2a$04$1nXY.4ekDsTP4hInm2JSWeq6dAQW81APYlJEEnUT8FCJ9SwZkZiG2',40,'A',NULL,NULL),(171,'Ashwini','Sunkavalli','ashwini_sunkavalli@dfci.harvard.edu','6176326439','2016-05-18 21:05:25','2016-05-18 21:05:25','az975','$2a$04$2hFvMU7vm2ISaOmTpnJuWuWRVDupRC8DgPoa/xeVrvUxxyB.mgop2',1,'A',NULL,NULL),(172,'Coren','Milbury','coren_milbury@dfci.harvard.edu','617-632-4120','2016-05-18 21:05:25','2016-05-18 21:05:25','cmilbury','$2a$04$QiHSc3B5pFnqDkqHbCWV5Oa696evAXZxFwYU0meoEe.3Qf4aZ9U8S',1,'A',NULL,NULL),(173,'Sung-Min','Chun','alsl1000@hanmail.net','8.21034E+11','2016-05-18 21:05:25','2016-05-18 21:05:25','tez','$2a$04$40yHQgJpzYXC/CoxowIShe4mUKThX5RUGMsUJPsG7oUljyl06G1TS',1,'A',NULL,NULL),(174,'Josh','Francis','joshua_francis@dfci.harvard.edu','617-714-7586','2016-05-18 21:05:25','2016-05-18 21:05:25','jmf83','$2a$04$DBCkuiGjCty7TfXxGyYG.OVDlCk.sJ9ueMcPiw7VodrLDOSXEXq9a',1,'A',NULL,NULL),(175,'Sung-Min','Chun','smchun@amc.seoul.kr','82230105999','2016-05-18 21:05:25','2016-05-18 21:05:25','alsl1000','$2a$04$6axkCXImglkSOa0tajAzAedbi60OK38W12fAfyEvlHtZmdrBwGu4i',1,'A',NULL,NULL),(176,'Steven','Bair','stevenm_bair@dfci.harvard.edu','6176324610','2016-05-18 21:05:25','2016-05-18 21:05:25','sb670','$2a$04$gSz/nZjWvrVPzzoC65EG4.BvIBYISV/5C7E/xmm1eTgv3WEbzE2j.',1,'A',NULL,NULL),(177,'Alex','Kentsis','alex.kentsis@childrens.harvard.edu','6176324130','2016-05-18 21:05:25','2016-05-18 21:05:25','kentsis','$2a$04$kTvCiMylANEtjPOUmIK0UeYwsI7rF/in.5ItNMoBrLjCRqy7PrGAK',32,'A',NULL,NULL),(178,'Sewanti','Limaye','slimaye@partners.org','617-632-3090','2016-05-18 21:05:25','2016-05-18 21:05:25','sl113','$2a$04$QiW4KMD60x0Gw/FhtY419.Aq56MhLMDwsD2a5T/hzatXW2./NgfK.',16,'A',NULL,NULL),(179,'SARA','TOLANEY','stolaney@partners.org','617-632-5743','2016-05-18 21:05:25','2016-05-18 21:05:25','stolaney','$2a$04$0BIwvdU85tQr6JOO4m.77.LSS5Hqufqct.oOGB9PEKljyMUy6SASC',1,'A',NULL,NULL),(180,'Bjoern','Chapuy','Bjoern_Chapuy@dfci.harvard.edu','1(617)6323881','2016-05-18 21:05:25','2016-05-18 21:05:25','bchapuy','$2a$04$efCcF.i5Tp/3SUlRQB17kuq6U5.s7B05NDr3HcsBM5uPvH2gV6hFu',1,'A',NULL,NULL),(182,'Peleg','Horowitz','phorowitz@partners.org','773-480-5987','2016-05-18 21:05:25','2016-05-18 21:05:25','horowitz','$2a$04$uf6joO4CmH4HrhWPFX.kYOD9zCzV/ODU8ME3x3ZOYqQn1kvvXYsdS',2,'A',NULL,NULL),(183,'Brian','Goodman','bmgoodman@partners.org','617-525-6784','2016-05-18 21:05:25','2016-05-18 21:05:25','bmgoodman','$2a$04$shKk4bfQnqIFVkVJ4gz8uevg7ICBYeiYBmmwzaI1n5gyR9pU2aa36',16,'A',NULL,NULL),(184,'Sandro','Santagata','ssantagata@partners.org','617-732-7532','2016-05-18 21:05:25','2016-05-18 21:05:25','santas01','$2a$04$9gJTRtqB3Qn8ZhAW7v4AGeCAZ.EFng6RYfvaGu2gg7CnbQWwvk7Tq',16,'A',NULL,NULL),(185,'Oliver','Weigert','oliver_weigert@dfci.harvard.edu','617-582-8868','2016-05-18 21:05:25','2016-05-18 21:05:25','oweigert','$2a$04$cQ4GbVDQopaydfKzUK8Vge8yZHk/FLk5g.AxVg/AsBwnE4NVenPSW',1,'A',NULL,NULL),(186,'David','Hsu','hsu00018@dm.duke.edu','919-684-1739','2016-05-18 21:05:25','2016-05-18 21:05:25','swdhsu','$2a$04$R1n84O.uM.E1WzYmtMcZdeK/eeWK6GEswkUTFkAC8vzUGEu9jUERO',44,'A',NULL,NULL),(188,'Joshua','Uronis','ju12@duke.edu','+1 919 684 1591','2016-05-18 21:05:25','2016-05-18 21:05:25','hsulab','$2a$04$.EeEWMlb1XOWx/X88gLKYu0lJO4AFnZvDZ5G1rCacOWLfuRMMI9de',44,'A',NULL,NULL),(215,'Xuesong','Zhao','xuesong_zhao@dfci.harvard.edu','617 632 6174','2016-05-18 21:05:25','2016-05-18 21:05:25','snowpine','$2a$04$xZiZagBdRs/xj.QUEV6squ9yjgwyYIVid2SzrzKhuQXt0yevWkINq',1,'A',NULL,NULL),(216,'YF','Wong','yfwong@partners.org','6172780196','2016-05-18 21:05:25','2016-05-18 21:05:25','yfwong','$2a$04$rH58EuFC4fd9t7UkqVl3F.2vwMPXEYOPHW21ojNCG8QpItNeUguzu',16,'A',NULL,NULL),(217,'Aymen','Elfiky','Aymen_Elfiky@dfci.harvard.edu','617-632-5456','2016-05-18 21:05:25','2016-05-18 21:05:25','ae955','$2a$04$h3vudJRVggXSsWfTYL1K9OQvZIxL39tOxMA5vx6xuM8Q1TPVkI6ve',1,'A',NULL,NULL),(218,'Simone','Hettmer','simone_hettmer@dfci.harvard.edu','617 632-4550','2016-05-18 21:05:25','2016-05-18 21:05:25','Wagerslab','$2a$04$MgPCl6WSZkuVBur4/yh8fO0fRkt5SIQvbIXOanQhU5dfU0ids1GrG',1,'A',NULL,NULL),(219,'Constantine','Mitsiades','constantine_mitsiades@dfci.harvard.edu','617-632-1962','2016-05-18 21:05:25','2016-05-18 21:05:25','cmitsiades','$2a$04$7I/9.ylFIDG/YEsJ0pSp0eVqVsCqOIc8M3vRWwEwY3RE0udf55lyS',1,'A',NULL,NULL),(220,'Louise','Koopman','louise_koopman@dfci.harvard.edu','617-632-6922','2016-05-18 21:05:25','2016-05-18 21:05:25','lkoopman','$2a$04$jx0JGzAdsgYHnP9Ao10e4.aDKKkAW5utxOnGCuaKnabnyZwcQBhRK',48,'A',NULL,NULL),(221,'David','Weinstock','dweinstock@partners.org','24245','2016-05-18 21:05:25','2016-05-18 21:05:25','weinstod','$2a$04$KuiBhl.7uFMnCu4wTitHxuYJEwUx7B6F4HtVrVxvkXTIsg32M5Tly',1,'A',NULL,NULL),(224,'Heidi','Greulich','heidig@broadinstitute.org','617-714-7475','2016-05-18 21:05:25','2016-05-18 21:05:25','heidigreulic','$2a$04$E3ZxNv56PMJtwQxtbgefdejAYBqIoTyunvRoqalnoBHA6BKLZIdO.',1,'A',NULL,NULL),(225,'Catriona','Hayes','catrionaa_hayes@dfci.harvard.edu','6175829895','2016-05-18 21:05:25','2016-05-18 21:05:25','cathayes','$2a$04$W5kyn4ICql5ZteMYWwvv0uqOURbLuEye7Z3maAwGNpMjfo1Lf1FT6',1,'A',NULL,NULL),(226,'Gerburg','Wulf','gwulf@bidmc.harvard.edu','617 331 7772','2016-05-18 21:05:25','2016-05-18 21:05:25','gwulf','$2a$04$llSca3UZaGGFa4RTO9RGxuyfptZuUIvb9iw4NGUikRtZg1qA4CThe',14,'A',NULL,NULL),(227,'Carmelo','Nucera','carmnuce@libero.it','617-599-0515','2016-05-18 21:05:25','2016-05-18 21:05:25','carmnuce','$2a$04$KRxWWlCE05xQ4QsKBXQ8ceBuE8S5jPjmgZixc5Tw3NFa2IKSarFpq',51,'A',NULL,NULL),(228,'Claudius','Conrad','cconrad@partners.org','617-726-2000 pager 1','2016-05-18 21:05:25','2016-05-18 21:05:25','cconrad','$2a$04$tdbdgL89xhNOvHuBjH/Ok.WIqhlOYXFM5pEqk9ckLNqIrBrfAppXm',24,'A',NULL,NULL),(229,'Larissa','Lee','llee@lroc.harvard.edu','617 331-9665','2016-05-18 21:05:25','2016-05-18 21:05:25','ljl14','$2a$04$HDdeLgjwI5BzHP.jGUVxt.7Yt9U0kdXNa.Z7iFlEYsxwIW0rxg17K',16,'A',NULL,NULL),(230,'Megan','Lampron','Megan_Lampron@dfci.harvard.edu','617-632-5914','2016-05-18 21:05:25','2016-05-18 21:05:25','mel89','$2a$04$3VZ4aEhW5o1kA2bU3HMGv.dkxDk5KTrXsvwovLxjFWCpmy.M9WU3y',1,'A',NULL,NULL),(231,'David','Kozono','dkozono@lroc.harvard.edu','617-582-8237','2016-05-18 21:05:25','2016-05-18 21:05:25','dkozono','$2a$04$75SIZR9RYr5mLUoAeG0aheEq9xQCCTopbBrqU7PXz4YoP.DEVFqKm',52,'A',NULL,NULL),(232,'Sushma','Gurumurthy','sguru0@gmail.com','617-582-6598','2016-05-18 21:05:25','2016-05-18 21:05:25','sushguru','$2a$04$bsHcaKrSqGkPf2aEyPKikuF3DzdWuDTGegPLWl1EavKNTW7SYA3HS',53,'A',NULL,NULL),(233,'Laura','Schubert','laura_schubert@dfci.harvard.edu','6176326688','2016-05-18 21:05:25','2016-05-18 21:05:25','ls298','$2a$04$w0iSVP/vFpckpnRURY839exi22GVqGaUiALOjL7qKkCWoyKFToE.C',52,'A',NULL,NULL),(234,'franklin','huang','fwhuang@partners.org','6175555555','2016-05-18 21:05:25','2016-05-18 21:05:25','fhuang','$2a$04$.Wrr7/QMvYzCl5xbCh5qmuD4Rriu.0PC5.iCQo0fS3ylmTuP6069q',52,'A',NULL,NULL),(235,'himabindu','ramachandrareddy','himabindu_ramachandrareddy@dfci.harvard.edu','617-632-4749','2016-05-18 21:05:25','2016-05-18 21:05:25','bindubcl6','$2a$04$.irH624jiReNEvHxJe8cKOcpYXUgzMcFLdVWiolZkYgb7IfmArx.6',1,'A',NULL,NULL),(237,'Yuji','Mishima','yuji_mishima@dfci.harvard.edu','617-582-8535','2016-05-18 21:05:25','2016-05-18 21:05:25','yuji_mishima','$2a$04$DbuhrgJHBIPC360PetenHeyiWcBSjfBB1T6BVTTlY9hCKdI4Li9XW',53,'A',NULL,NULL),(238,'Shakti','Ramkissoon','sramkissoon@partners.org','617-582-8767','2016-05-18 21:05:25','2016-05-18 21:05:25','Shak2012','$2a$04$rjCkYFnApfJQWb4AZZMmzO82YxSzqO1d8nEk28HJFXvHzaO9obKQ6',52,'A',NULL,NULL),(239,'Kevin','Elias','kelias1@partners.org','6154280480','2016-05-18 21:05:25','2016-05-18 21:05:25','kevinelias','$2a$04$vC6p6buM4YNvcXhYtUD9BOtVHquQzlKnCzE4i/WGtezvIq22EzhFq',54,'A',NULL,NULL),(240,'David','Barbie','dbarbie@partners.org','617-632-3614','2016-05-18 21:05:25','2016-05-18 21:05:25','dbarbie','$2a$04$zSxU56Sw4dhklUl0rrnO0.XIga0OSem6bNuCjx323IjdLxKgy0Qui',1,'A',NULL,NULL),(242,'Michael','DiGiovanni','mjdigiovanni@beckman.com','978-204-3110','2016-05-18 21:05:25','2016-05-18 21:05:25','Michael','$2a$04$9tm7oPbii7EiJQX3C8p0gOASd6pnqrCDHKb7R1noQhzA3GYFPCvQq',55,'A',NULL,NULL),(243,'Eva','Goetz','evam_goetz@dfci.harvard.edu','214-478-9836','2016-05-18 21:05:26','2016-05-18 21:05:26','evagoetz','$2a$04$6c2p9EKyDadTEVfXq1rtQ.civgNitdz6mGmr7B0z3iOjTIWkWEZvq',52,'A',NULL,NULL),(244,'Jonathan','Wasserman','jonathan.wasserman@sickkids.ca','4168137654x28949','2016-05-18 21:05:26','2016-05-18 21:05:26','jdwass','$2a$04$Tfb7PNzLtSr5q4iVXwUSUuUTtcFfu93S2.VCj6XEdlxFaocLpDFc.',56,'A',NULL,NULL),(245,'Adam','Bass','adam_bass@dfci.harvard.edu','617-407-9275','2016-05-18 21:05:26','2016-05-18 21:05:26','ajb12','$2a$04$diCyWD1p5Jnj6TjZSWeMkegGBDxHlKbft8VsbLYTbdzwx.Q15p38K',52,'A',NULL,NULL),(246,'Anna','Cooley','AnnaC_Cooley@DFCI.HARVARD.EDU','617 58-28643','2016-05-18 21:05:26','2016-05-18 21:05:26','cooleya','$2a$04$2znrVSDWLcs6CZKv/J.kyeJ5dZb4bErgtR1QccKQb9lPUBbQjN526',52,'A',NULL,NULL),(247,'Rhamy','Zeid','rhamyzeid@fas.harvard.edu','617-632-4658','2016-05-18 21:05:26','2016-05-18 21:05:26','rz042','$2a$04$iNy0iKrHz75Jn6UqN9pAaOEVJV.ad6owbWloGWPxdc.HwM2lwqJge',57,'P',NULL,NULL),(249,'Brenton','Paolella','brenton_paolella@dfci.harvard.edu','(617) 582-7948','2016-05-18 21:05:26','2016-05-18 21:05:26','snomiester','$2a$04$nGik1eXzblQ94YUhbou.ZeT9xhOO0w4BopmXLIm3PuwBVSs8hFOIu',52,'P',NULL,NULL),(250,'Aaron','Thorner','Aaron_Thorner@dfci.harvard.edu','27253','2016-05-18 21:05:26','2016-05-18 21:05:26','athorner','$2a$04$Fd0fKyhvoUSZEBZNulPEde9Y0KK5CR4R6.7ZuVdtRZlUU4JX0YH6u',52,'A',NULL,NULL),(251,'Geoffrey','Oxnard','goxnard@partners.org','617-632-6049','2016-05-18 21:05:26','2016-05-18 21:05:26','gro4','$2a$04$79q7NTk3JEqsgDYzPnIV8eDVGy/1Y1ixcsevPL4XhN6alW7DknTu6',1,'A',NULL,NULL),(252,'Joyce','Liu','joyce_liu@dfci.harvard.edu','617-632-5269','2016-05-18 21:05:26','2016-05-18 21:05:26','joyceliu','$2a$04$4BloCQkyueiAsYvuYiAT5eBJ3YTVckEi9IeVtMR0XWbSxh7MQDm2.',1,'A',NULL,NULL),(253,'Rachel','Liao','rienstra@broadinstitute.org','6177147557','2016-05-18 21:05:26','2016-05-18 21:05:26','rliao','$2a$04$3Ha2ym4nEmyjo/Yd7qI6h.N1dEHTZX.tZe92Iun0llKF4b/OnwdyW',58,'A',NULL,NULL),(254,'Adri','Mills','aamills@gmail.com','123-456-7890','2016-05-18 21:05:26','2016-05-18 21:05:26','am20b','$2a$04$rGcTz9wL55K8go2r9ItKReZCbaeroDyUoShdKV2L4/r/Y26BDtApy',52,'I',NULL,NULL),(255,'Hauke','Cornils','hauke_cornils@dfci.harvard.edu','617-632-4343','2016-05-18 21:05:26','2016-05-18 21:05:26','hauke_cornil','$2a$04$Sjo72YoBKSk/PIZYqHSFcew1I3rSyaunW5JYEiXazVS98XhihZOY6',53,'A',NULL,NULL),(256,'Emanuele','Palescandolo','epalesca@its.jnj.com','3214604741','2016-05-18 21:05:26','2016-05-18 21:05:26','epalesca','$2a$04$0d68HXmL7FSMS8OdpGSRZuqbqlC39lPF8HUytWFx7KM7QryRTz4Xm',59,'A',NULL,NULL),(257,'Kathleen','Yates','kathleen_yates@dfci.harvard.edu','617-582-8874','2016-05-18 21:05:26','2016-05-18 21:05:26','kb686','$2a$04$Sa.zgjNUOKDcVzVFxJt4LOwMFbC2y2Q22B7klroi9AHLlVElEOM8m',1,'A',NULL,NULL),(258,'Ami','Bhatt','asbhatt@broadinstitute.org','617-714-7559','2016-05-18 21:05:26','2016-05-18 21:05:26','asbhatt','$2a$04$lOumaCWZgneC2u4Fn6MvKe3vrY8uXm..FAXnIxIjq6OIze0Ic9Wzm',52,'A',NULL,NULL),(259,'Alejandro','Gutierrez','alejandro.gutierrez@childrens.harvard.edu','617-919-3660','2016-05-18 21:05:26','2016-05-18 21:05:26','alejandro.gu','$2a$04$z9EMBzFrSAXhn0/kQ22I0OZ/5JjCX7LkgOO6cyNSt/kajTpvrZ5MC',60,'A',NULL,NULL),(260,'Prakash','Rao','prakash_rao@dfci.harvard.edu','617 582 9813','2016-05-18 21:05:26','2016-05-18 21:05:26','prakashrao','$2a$04$qHcbnoO/.zpd1SYLL.cEzu1IUJ.hlOZLVXnkChJUD1fn9TP61CJKi',53,'A',NULL,NULL),(261,'Jeffrey','Sorrell','jeffrey_sorrell@dfci.harvard.edu','617-632-1952','2016-05-18 21:05:26','2016-05-18 21:05:26','jds53','$2a$04$Bvu81.sQwARn0MqFGn9k/uwmZBvSD5vXmB3d1Ni5hhQkXxIoPelh6',53,'A',NULL,NULL),(262,'Nathan','Moerke','nathanmoerke@gmail.com','8572252576','2016-05-18 21:05:26','2016-05-18 21:05:26','nmoerke','$2a$04$GPvx7/mgl37xX1E3ka970OW8X8LC4CNGuTskJp89B/CHDvEByN/z2',61,'A',NULL,NULL),(263,'Charles','Roberts','charles_roberts@dfci.harvard.edu','617-632-6497','2016-05-18 21:05:26','2016-05-18 21:05:26','kim','$2a$04$pa13SClmmqs4Xgpy2GAbUeOCfE4x1t2HcEciJi5oIV31jcV6zRmo2',1,'A',NULL,NULL),(264,'Kimberly','Stegmaier','kimberly_stegmaier@dfci.harvard.edu','617-632-4985','2016-05-18 21:05:26','2016-05-18 21:05:26','charles','$2a$04$J26n3JsZqeMKFHJL4NXXruKkax4gI7qXHGvQJlgbmjqATznZgciwG',1,'A',NULL,NULL),(265,'Cecile','Maire','cecile_maire@dfci.harvard.edu','617 582 8765','2016-05-18 21:05:26','2016-05-18 21:05:26','cecilemaire','$2a$04$Jx3Y5Vp4c6yinL/EbfkfI.qk7aP0DxJgQIaaEmTMkaCOeJtzKvDSy',52,'A',NULL,NULL),(266,'Ryan','Abo','ryanp_abo@dfci.harvard.edu','','2016-05-18 21:05:26','2016-05-18 21:05:26','rpa4','$2a$04$buIwsUvsr.TZ6nZUa.doteOHYxDSsldMgxQZLzib4vNAiclkBnMmO',53,'A',NULL,NULL),(267,'Jack','Lepine','jackr_lepine@dfci.harvard.edu','617-582-8643','2016-05-18 21:05:26','2016-05-18 21:05:26','lepinej','$2a$04$D6KU2BonsuCDjHORPQQK6.ttwx7kmt3odNn1ADgCnGY1sWqBKroBK',1,'A',NULL,NULL),(268,'Abhishek','Chakraborty','abhishek_chakraborty@dfci.harvard.edu','6176324745','2016-05-18 21:05:26','2016-05-18 21:05:26','achakraborty','$2a$04$yQzaSqUUfxxIgLyNXa.vve9rnUdIEmXIylHfqz78sEH9Nlusaa./W',52,'A',NULL,NULL),(269,'Ling','Lin','ling_lin@dfci.harvard.edu','617-582-8893','2016-05-18 21:05:26','2016-05-18 21:05:26','ll620','$2a$04$oSvQMG.860Noswnb.Mt.3uaNDQ7UFlUnfXa9p5uVrQt/lYyC6eI1a',53,'A',NULL,NULL),(270,'Akinyemi','Ojesina','ojesina@broadinstitute.org','617-714-7570','2016-05-18 21:05:26','2016-05-18 21:05:26','ojesina','$2a$04$upjnLkrtKhuozDhAtu2ax.JSQTwJPHqzOH66T/U.tJMoQ/tOStvlq',1,'A',NULL,NULL),(271,'Michael','Rosu-Myles','michael.rosu-myles@hc-sc.gc.ca','613-954-8742','2016-05-18 21:05:26','2016-05-18 21:05:26','mrosumyl','$2a$04$3HIJ3kxjrUZHYsgZp9Y8vemGrX3RYt5OfhrwdXmDUv5DUj/Bom.Ri',62,'A',NULL,NULL),(272,'Andrew','Hong','andrew.hong@childrens.harvard.edu','6176323270','2016-05-18 21:05:26','2016-05-18 21:05:26','ah90','$2a$04$pB4ak5ShFjcbb0xkGznABexkYefvQVwxh.zjwVSPbmyUTM9Z/JyQ2',63,'A',NULL,NULL),(273,'Giovanni','Roti','Giovanni_Roti@dfci.harvard.edu','6175827631','2016-05-18 21:05:26','2016-05-18 21:05:26','rotigiova','$2a$04$/NoHsI.6TB7Mm1xPZIU4yudiTX5TB.8zZheFn6RJfmS5dGBOf8V7i',1,'A',NULL,NULL),(274,'Andre','Fay','Andre_Fay@DFCI.HARVARD.EDU','6175139895','2016-05-18 21:05:26','2016-05-18 21:05:26','af638','$2a$04$JSpVrdrzLdo/nY/hV.j7Be3ziHwKGSvZr94nKyqjBZ1IOwQNJKtvi',1,'A',NULL,NULL),(275,'Michalina','Janiszewska','michalina_janiszewska@dfci.harvard.edu','618-582-8755','2016-05-18 21:05:26','2016-05-18 21:05:26','mjanisze','$2a$04$LbPPm7dZ1UfzXsojamEkGOFjUNG5YBWQMN.E3iK3MdnCFnL.W1LSm',52,'A',NULL,NULL),(276,'Robert','Barnitz','robert_barnitz@dfci.harvard.edu','6175827625','2016-05-18 21:05:26','2016-05-18 21:05:26','rab72','$2a$04$eX4s.uBSLS6HjRpjES6gbeJISHXm45oTFv7gEztatWg3HuCdwOUTm',1,'A',NULL,NULL),(277,'Shiliang','Cao','Shiliang_Cao@dfci.harvard.edu','7044514511','2016-05-18 21:05:26','2016-05-18 21:05:26','sc20','$2a$04$Gevil7pSk3MY/1rw90Ld1Oxh8vMeBip6idoHz1RVQD7CfxsF3lNyq',53,'A',NULL,NULL),(278,'Susan','Moody','semoody@partners.org','267-980-8978','2016-05-18 21:05:26','2016-05-18 21:05:26','sem42','$2a$04$zMtp9hpmfYcCpigwSJVI5ewG2wj7PLwf11Za5VfwzGR5aj/FMpwM6',1,'A',NULL,NULL),(279,'Salomon','Manier','salomon_manier@dfci.harvard.edu','8573996947','2016-05-18 21:05:26','2016-05-18 21:05:26','Salomonmanie','$2a$04$BfjBGD3qOgcxK4PgNV/EM.SRp1.NyXafJIaZozHeFnxkK0MWISjNC',52,'A',NULL,NULL),(280,'Srunphut','Pukma','pukmas@emmanuel.edu','6178510303','2016-05-18 21:05:26','2016-05-18 21:05:26','pukmas1991','$2a$04$za7v13AAMQKpU8ebywMlOOMROFYFKqPW.lyEA8OnymrC4Y8eHCYo.',64,'P',NULL,NULL),(281,'Atsush','Nonami','Atsushi_Nonami@dfci.harvard.edu','8572419779','2016-05-18 21:05:26','2016-05-18 21:05:26','an892','$2a$04$bmve3Ep8GZ4t3mbQuP9Ci.d4Jpl45o6Tb5He045v8w8Bp3Q6p3GVm',52,'A',NULL,NULL),(282,'ASLI','MUVAFFAK','asli_muvaffak@dfci.harvard.edu','617-582-8789','2016-05-18 21:05:26','2016-05-18 21:05:26','aslim','$2a$04$t45GOCvtbH3YBTOiBhE7GukoBBaFoslC5nzh1PWiTr1dhkD16R5DG',52,'A',NULL,NULL),(283,'Melanie','Prasol','Melanie_Prasol@dfci.harvard.edu','','2016-05-18 21:05:26','2016-05-18 21:05:26','mp197','$2a$04$Ad4rYQW8jk7r7jTKHIpadOJwJ6rixNopKY0G1XEvIAHTlhXZd3Ypm',53,'P',NULL,NULL),(284,'Stephanie','Mullane','stephanie_mullane@dfci.harvard.edu','617-632-2397','2016-05-18 21:05:26','2016-05-18 21:05:26','smullane','$2a$04$yAmNc5XZaa1wJCme83ugSeZOIb88nyxvtkORIJ1SJssT7rmLTaQpO',52,'A',NULL,NULL),(285,'Ganesh','Shankar','gshankar@partners.org','805-796-0878','2016-05-18 21:05:26','2016-05-18 21:05:26','gshankar','$2a$04$k9yX2Bh77xOQXMVXma00guzIPvdHh4osXZvTEsZWVtxD7kkTJO3Ja',2,'A',NULL,NULL),(286,'James','Amatruda','james.amatruda@utsouthwestern.edu','214-648-1645','2016-05-18 21:05:26','2016-05-18 21:05:26','amatrudalab','$2a$04$SOuEywpRcqTmGugXjwzpnupYQN8ixv8cOco0gp1DUBhHXFw4Rgijm',65,'A',NULL,NULL),(287,'Ho-Chou','Tu','hochoutu@gmail.com','3145181002','2016-05-18 21:05:26','2016-05-18 21:05:26','Daleylab','$2a$04$MDcUzQ5UKtfp/z7Tt/oAM.E7wEf6GQ7sU.xZDKqjHS49ohnF3hlXm',32,'A',NULL,NULL),(288,'Oliver','Weigert','olver.weigert@helmholtz-muenchen.de','+49.89.3187.1402','2016-05-18 21:05:26','2016-05-18 21:05:26','oliver.weige','$2a$04$4nG8JAvefBu1NN8cy8dLz.2aXOXDlipu/tCpoE8TVLaQQbh/TL7gG',66,'A',NULL,NULL),(289,'Atish','Choudhury','achoudhury@partners.org','6176324524','2016-05-18 21:05:26','2016-05-18 21:05:26','achoudhury','$2a$04$.Ap30qLcCehCiLsNssDlw.rDqXlEB7.hcdB4JoRNxzki7QMw8MB5K',1,'A',NULL,NULL),(290,'Johann','Hoeftberger','johann_hoeftberger@dfci.harvard.edu','','2016-05-18 21:05:26','2016-05-18 21:05:26','JHoeftberger','$2a$04$6/whOVBKbDHYW/KQPkRxb.3lO5FqBildZUO2iG.gSZhjlIK1iT/32',53,'A',NULL,NULL),(291,'Peter','Choi','peter_choi@dfci.harvard.edu','6176322930','2016-05-18 21:05:26','2016-05-18 21:05:26','pchoi','$2a$04$1Yu32rSEGF8gmhmMS5xc/etn73E4zpXwU30Oe1FmvjeD9QJehlvM.',1,'A',NULL,NULL),(292,'Coleman','Lindsley','coleman_lindsley@dfci.harvard.edu','617-997-3715','2016-05-18 21:05:26','2016-05-18 21:05:26','clindsley','$2a$04$4Ly7TbEngIJKB.2jW8s8ieYA1La3Zi.13fAO50qLPyAaI8HLEVPvu',52,'A',NULL,NULL),(293,'Julide','Celebi','julide.celebi@mountsinai.org','347-247-1576','2016-05-18 21:05:26','2016-05-18 21:05:26','julidecelebi','$2a$04$6ZMajEUE0ePj/dVXi9Ta0evvcgib2j00Ye28fC8Ggg1i6Vn6b5V5a',67,'A',NULL,NULL),(294,'Michael','Nehil','michael_nehil@dfci.harvard.edu','8312477018','2016-05-18 21:05:26','2016-05-18 21:05:26','mnehil','$2a$04$u1zyuO5bdtiNJNeDVnzBU.mwhXYZYPAD0YiFhtLOum4vpbfHoUosK',52,'A',NULL,NULL),(295,'Abner','Louissaint','alouissaint@partners.org','(617) 943-2890','2016-05-18 21:05:26','2016-05-18 21:05:26','alouissa','$2a$04$lbgYWszqrIAQzyJHuJXvqOkTAajn/0yELROzh9aU4khdy7wLx0OP2',52,'A',NULL,NULL),(296,'Leena','Gandhi','Leena_Gandhi@dfci.harvard.edu','617-632-6049','2016-05-18 21:05:26','2016-05-18 21:05:26','lgandhi','$2a$04$aXIa6hqgnjKPB8GQunwTI.ax6eyRSWueZgsOvQhfVWUia7T6fIMEe',52,'A',NULL,NULL),(297,'Rebecca','Chin','rchin1@bidmc.harvard.edu','6177352484','2016-05-18 21:05:26','2016-05-18 21:05:26','chinlab','$2a$04$jqiD3hacCbkIDCHdWfF0/udXoiGMuFHX2kHarvGJ6b9tfr/qykIRC',68,'A',NULL,NULL),(298,'Florian','Heitz','florian.heitz@gmx.net','4.92012E+12','2016-05-18 21:05:26','2016-05-18 21:05:26','Fheitz','$2a$04$HUgGxRIJWNin9Lc/1ftYt.WqG3y1pGCEFbktCTfrnTesYAgRtg9sa',69,'A',NULL,NULL),(299,'Linda','Bi','lbi@partners.org','203-645-9485','2016-05-18 21:05:26','2016-05-18 21:05:26','wbi','$2a$04$0PxOZ16FhOoRWFxZn7KWjuchyqtbA2OlkWdPeSew6wBGpni4kfzWK',70,'A',NULL,NULL),(300,'Andrew','Lane','andrew_lane@dfci.harvard.edu','617-632-4589','2016-05-18 21:05:26','2016-05-18 21:05:26','aal17','$2a$04$Zp6aUHrS4MYrQbF6hyuFb.i.b49/wP3wf5BVwh5FLieWkfSRZTiSG',52,'A',NULL,NULL),(301,'Pankaj','Agarwalla','agarwalla@gmail.com','617-726-2000','2016-05-18 21:05:26','2016-05-18 21:05:26','agarwalla','$2a$04$P8vO9Wj29KDx01WmRtQaZev3UmiosxINuRKavlM0Wa4RhWPM.bM8e',52,'A',NULL,NULL),(302,'Kent','Mouw','kmouw@partners.org','617-632-5145','2016-05-18 21:05:26','2016-05-18 21:05:26','kmouw','$2a$04$uV61C2qLQU8wRYCXSXdAHundmxRoJqBfH34.JYujwnZQI.xFZ5uma',1,'A',NULL,NULL),(303,'Mark','Murakami','Mark_Murakami@DFCI.harvard.edu','617-582-9171','2016-05-18 21:05:26','2016-05-18 21:05:26','mym97','$2a$04$SNhflsVCYGeoySKvSCVBkexgDkfnGZzSLj59MUWR2pD063f1yexF.',53,'A',NULL,NULL),(304,'Thomas','Melchardt','t.melchardt@salk.at','0043-662-4482','2016-05-18 21:05:26','2016-05-18 21:05:26','t.melchardt@','$2a$04$2oRWi6bFFcaMbO5SUA4vH.dUtQAjVxQNPBazktDOS00wy.LnxOr5a',71,'A',NULL,NULL),(305,'Sam','Hunter','samuels_hunter@dfci.harvard.edu','208-546-9229','2016-05-18 21:05:27','2016-05-18 21:05:27','shunter','$2a$04$zarb4XJcDkrnH4/Mldwx/u7uV0csoTZmAf/Xo8E6.A3PR1jbTUhG2',53,'A',NULL,NULL),(306,'Melissa','Burns','melissa.burns@childrens.harvard.edu','617-919-7011','2016-05-18 21:05:27','2016-05-18 21:05:27','melissa.burn','$2a$04$tyv0rb180t2pjSH47MQIC.zvKLinxn108zBq0hXP/saR9cbzwSwKi',60,'A',NULL,NULL),(307,'Sima','Zacharek','sima_zacharek@dfci.harvard.edu','617-582-8026','2016-05-18 21:05:27','2016-05-18 21:05:27','simazac','$2a$04$9IQUVbujfKnAE9sSIPoJP.u8uO75NJbPesczvG2In/GXNVL5.SB5.',52,'A',NULL,NULL),(308,'Harshabad','Singh','hsingh3@partners.org','617-620-3201','2016-05-18 21:05:27','2016-05-18 21:05:27','harshabadsin','$2a$04$7T5U5alMA9cLYNj6RCeZneVbgDDklaR4WJknQ4ffVIDWXN32KuBua',53,'A',NULL,NULL),(309,'Raphael','Koch','raphael_koch@dfci.harvard.edu','6174879588','2016-05-18 21:05:27','2016-05-18 21:05:27','rkoch','$2a$04$C7oM/IiMTLqoFi4zhjjjTebG/kHDGB1cySaQpnwK3gU42Oq8x83J6',53,'A',NULL,NULL),(310,'Volker','Blank','volker.blank@mcgill.ca','5145 340 8260','2016-05-18 21:05:27','2016-05-18 21:05:27','Volker','$2a$04$AuURkTFjZf91s3/K56SbEOKEqjvSgt3d0cAH95q0hedr4r2VftXXu',72,'P',NULL,NULL),(311,'Elizabeth','Townsend','elizabethc_townsend@dfci.harvard.edu','617 582-8868','2016-05-18 21:05:27','2016-05-18 21:05:27','Townsend','$2a$04$lXQ.91NLxIS2608eYNGHKeJEIwwpTkfZ171tBJFtgvuPHhfa5hjFK',64,'A',NULL,NULL),(312,'Brooke','Howitt','bhowitt@partners.org','6175257295','2016-05-18 21:05:27','2016-05-18 21:05:27','brookehowitt','$2a$04$izLDoAhifOgVvI6l19wq/.annYnqMJ3.gXYf90ztH3BkLUyBpEp3m',73,'A',NULL,NULL),(313,'Christopher','Gibson','christopher_gibson@dfci.harvard.edu','617-510-9454','2016-05-18 21:05:27','2016-05-18 21:05:27','christopher_','$2a$04$tFINK3RZkcyAlkXf/SMGm.DL79QPhyosUpLhFPL/V1YZVEc64INi2',74,'A',NULL,NULL),(314,'Lori','Ramkissoon','lori_ramkissoon@dfci.harvard.edu','617-582-8768','2016-05-18 21:05:27','2016-05-18 21:05:27','ramkissl','$2a$04$0Zdr2Segh1/8EyEtkwmUMOyV/CMCwpwPQIi922m/EBofjbiNK4KoO',52,'A',NULL,NULL),(315,'Amanda','Balboni','amandal_balboni@dfci.harvard.edu','3397881634','2016-05-18 21:05:27','2016-05-18 21:05:27','balbonia','$2a$04$MxJBsmmbrTnzuFY3e1SYlONVm9.gqbuyz7iXSjJWeW88AkeI7UH8G',52,'P',NULL,NULL),(316,'Monica','Manam','monicad_manam@dfci.harvard.edu','7036597016','2016-05-18 21:05:27','2016-05-18 21:05:27','mdm68','$2a$04$gBa4fqaSZss2wllginlBbu.oYu1roLxMXPH/uxFufkHQ6FSL8gzDW',52,'A',NULL,NULL),(317,'Catherine','Coleman','Catherine_Coleman@DFCI.HARVARD.EDU','617-632-5078','2016-05-18 21:05:27','2016-05-18 21:05:27','ccoleman','$2a$04$Sakri.7XVwk3kuCvVbkShe8EWt5DkNBPCrz0XmjNTPTuSXM145Ms2',52,'A',NULL,NULL),(318,'HENRY','LONG','henry_long@dfci.harvard.edu','8576543824','2016-05-18 21:05:27','2016-05-18 21:05:27','henry_long@d','$2a$04$BkwbjwybzkRZC69PykJR2.MMIm0oe/FU.BMkG9P6vJC7QW3mF9hEG',75,'A',NULL,NULL),(319,'Dave','Rothfarb','dave.rothfarb@daverothfarb.com','555-555-5555','2016-05-18 21:05:27','2016-05-18 21:05:27','rothfarb-test','$2a$04$JciJ4y0TutQiJibU/2OXkeP5E163wa50XY6NIaQB5w81ehKaQ8ts2',52,'A',NULL,NULL);
/*!40000 ALTER TABLE `users` ENABLE KEYS */;
UNLOCK TABLES;
/*!40103 SET TIME_ZONE=@OLD_TIME_ZONE */;

/*!40101 SET SQL_MODE=@OLD_SQL_MODE */;
/*!40014 SET FOREIGN_KEY_CHECKS=@OLD_FOREIGN_KEY_CHECKS */;
/*!40014 SET UNIQUE_CHECKS=@OLD_UNIQUE_CHECKS */;
/*!40101 SET CHARACTER_SET_CLIENT=@OLD_CHARACTER_SET_CLIENT */;
/*!40101 SET CHARACTER_SET_RESULTS=@OLD_CHARACTER_SET_RESULTS */;
/*!40101 SET COLLATION_CONNECTION=@OLD_COLLATION_CONNECTION */;
/*!40111 SET SQL_NOTES=@OLD_SQL_NOTES */;

-- Dump completed on 2016-05-19 17:32:41
