-- MySQL dump 10.13  Distrib 5.1.73, for redhat-linux-gnu (x86_64)
--
-- Host: localhost    Database: ccgd_test
-- ------------------------------------------------------
-- Server version	5.1.73

/*!40101 SET @OLD_CHARACTER_SET_CLIENT=@@CHARACTER_SET_CLIENT */;
/*!40101 SET @OLD_CHARACTER_SET_RESULTS=@@CHARACTER_SET_RESULTS */;
/*!40101 SET @OLD_COLLATION_CONNECTION=@@COLLATION_CONNECTION */;
/*!40101 SET NAMES utf8 */;
/*!40103 SET @OLD_TIME_ZONE=@@TIME_ZONE */;
/*!40103 SET TIME_ZONE='+00:00' */;
/*!40014 SET @OLD_UNIQUE_CHECKS=@@UNIQUE_CHECKS, UNIQUE_CHECKS=0 */;
/*!40014 SET @OLD_FOREIGN_KEY_CHECKS=@@FOREIGN_KEY_CHECKS, FOREIGN_KEY_CHECKS=0 */;
/*!40101 SET @OLD_SQL_MODE=@@SQL_MODE, SQL_MODE='NO_AUTO_VALUE_ON_ZERO' */;
/*!40111 SET @OLD_SQL_NOTES=@@SQL_NOTES, SQL_NOTES=0 */;

--
-- Table structure for table `addresses`
--

DROP TABLE IF EXISTS `addresses`;
/*!40101 SET @saved_cs_client     = @@character_set_client */;
/*!40101 SET character_set_client = utf8 */;
CREATE TABLE `addresses` (
  `id` int(11) NOT NULL AUTO_INCREMENT,
  `street` varchar(255) DEFAULT NULL,
  `city` varchar(255) DEFAULT NULL,
  `country` varchar(255) DEFAULT NULL,
  `created_at` datetime NOT NULL,
  `updated_at` datetime NOT NULL,
  `state_id` int(11) DEFAULT NULL,
  PRIMARY KEY (`id`)
) ENGINE=InnoDB AUTO_INCREMENT=79 DEFAULT CHARSET=latin1;
/*!40101 SET character_set_client = @saved_cs_client */;

--
-- Dumping data for table `addresses`
--

LOCK TABLES `addresses` WRITE;
/*!40000 ALTER TABLE `addresses` DISABLE KEYS */;
INSERT INTO `addresses` VALUES (1,'44 Binney Street','Boston','NULL','2016-05-04 14:35:02','2016-05-04 14:35:02',21),(2,'7 Cambridge Center','Cambridge','NULL','2016-05-04 14:35:02','2016-05-04 14:35:02',21),(3,'75 Francis Street','Boston','NULL','2016-05-04 14:35:02','2016-05-04 14:35:02',21),(4,'21-27 Burlington Ave.','Boston','NULL','2016-05-04 14:35:02','2016-05-04 14:35:02',21),(5,'55 Fruit Street','Boston','NULL','2016-05-04 14:35:02','2016-05-04 14:35:02',21),(6,'243 Charles St','Boston','NULL','2016-05-04 14:35:02','2016-05-04 14:35:02',21),(7,'1 Blackfan Circle','Boston','NULL','2016-05-04 14:35:02','2016-05-04 14:35:02',21),(8,'20 Shattuck St','Boston','NULL','2016-05-04 14:35:02','2016-05-04 14:35:02',21),(9,'600 Beaver St','Waltham ','NULL','2016-05-04 14:35:02','2016-05-04 14:35:02',21),(10,'221 Longwood Ave','Boston','NULL','2016-05-04 14:35:02','2016-05-04 14:35:02',21),(11,'11-934 Factor Bldg','Los Angeles','NULL','2016-05-04 14:35:02','2016-05-04 14:35:02',5),(12,'3 Blackfan Circle','Boston','NULL','2016-05-04 14:35:02','2016-05-04 14:35:02',21),(13,'250 Mass Ave','Cambridge','NULL','2016-05-04 14:35:02','2016-05-04 14:35:02',21),(14,'50 Blossom Street','Boston','NULL','2016-05-04 14:35:02','2016-05-04 14:35:02',21),(15,'Ireland Cancer Center / University Hospitals 2103 Cornell Road ','Cleveland','NULL','2016-05-04 14:35:02','2016-05-04 14:35:02',35),(16,'78 Memorial Dr.','Cambridge','NULL','2016-05-04 14:35:02','2016-05-04 14:35:02',21),(17,'375 Longwood','Boston','NULL','2016-05-04 14:35:02','2016-05-04 14:35:02',21),(18,'St Andrews Place','Melbourne','Victoria','2016-05-04 14:35:02','2016-05-04 14:35:02',0),(19,'15 Parkman Street',' Wang 460','Boston','2016-05-04 14:35:02','2016-05-04 14:35:02',0),(20,'Irwondong 50',' Kangnamgu','Seoul','2016-05-04 14:35:02','2016-05-04 14:35:02',0),(21,'Box 91006',' B232 LSRC','Durham','2016-05-04 14:35:02','2016-05-04 14:35:02',0),(22,'149 13th Street','Charlestown','NULL','2016-05-04 14:35:02','2016-05-04 14:35:02',21),(23,'65 Landsdowne Street','Cambridge','NULL','2016-05-04 14:35:02','2016-05-04 14:35:02',21),(24,'550 First Avenue','New York','NULL','2016-05-04 14:35:02','2016-05-04 14:35:02',32),(25,'61 Binney Street','Boston','NULL','2016-05-04 14:35:02','2016-05-04 14:35:02',21),(26,'88',' Stuart Street',' Queen\'s University','2016-05-04 14:35:02','2016-05-04 14:35:02',0),(27,'50 Irwon-dong Gangnam-gu','Seoul','Korea','2016-05-04 14:35:02','2016-05-04 14:35:02',0),(28,'650 Charles E Young Dr. South','Los Angeles','NULL','2016-05-04 14:35:02','2016-05-04 14:35:02',5),(29,'780 Memorial Drive','Cambridge','NULL','2016-05-04 14:35:02','2016-05-04 14:35:02',21),(30,'70 Francis Street','Boston','NULL','2016-05-04 14:35:02','2016-05-04 14:35:02',21),(31,'301 Binney Street','Cambridge','NULL','2016-05-04 14:35:02','2016-05-04 14:35:02',21),(32,'270 Albany Street','Cambridge','NULL','2016-05-04 14:35:02','2016-05-04 14:35:02',21),(33,'450 Brookline Avenue','Boston','NULL','2016-05-04 14:35:02','2016-05-04 14:35:02',21),(34,'123-34',' GIL','SEOUL','2016-05-04 14:35:02','2016-05-04 14:35:02',0),(35,'101 Science Drive','Durham','NULL','2016-05-04 14:35:02','2016-05-04 14:35:02',33),(36,'1 joslin Place','Boston','NULL','2016-05-04 14:35:02','2016-05-04 14:35:02',21),(37,'27 Drydock Avenue','Boston','NULL','2016-05-04 14:35:02','2016-05-04 14:35:02',21),(38,'77 Avenue Louis Pasteur','Boston','NULL','2016-05-04 14:35:02','2016-05-04 14:35:02',21),(39,'330 Brookline Ave','Boston','NULL','2016-05-04 14:35:02','2016-05-04 14:35:02',21),(40,'99 Brookline Avenue','Boston','NULL','2016-05-04 14:35:02','2016-05-04 14:35:02',21),(41,'450 Brookline Ave','Boston','NULL','2016-05-04 14:35:02','2016-05-04 14:35:02',21),(42,'4 Blackfan street','Boston','NULL','2016-05-04 14:35:02','2016-05-04 14:35:02',21),(43,'Dana 15',' 450 Brookline Avenue','Boston','2016-05-04 14:35:02','2016-05-04 14:35:02',0),(44,'450 Brookline Ave',' JF208B','Boston','2016-05-04 14:35:02','2016-05-04 14:35:02',0),(45,'5 Blackfan Circle','Boston','NULL','2016-05-04 14:35:02','2016-05-04 14:35:02',21),(46,'221 Longwood Avenue','Boston','NULL','2016-05-04 14:35:02','2016-05-04 14:35:02',21),(47,'nowhere','boston','NULL','2016-05-04 14:35:02','2016-05-04 14:35:02',21),(48,'94 heritage dr','lowell','NULL','2016-05-04 14:35:02','2016-05-04 14:35:02',21),(49,'450 Brookline Ave.','Boston','NULL','2016-05-04 14:35:02','2016-05-04 14:35:02',21),(50,'555 University Avenue','Toronto','Ontario','2016-05-04 14:35:02','2016-05-04 14:35:02',0),(51,'450 Brookline Ave. SM1010','Boston','NULL','2016-05-04 14:35:02','2016-05-04 14:35:02',21),(52,'Dana Farber','Boston','NULL','2016-05-04 14:35:02','2016-05-04 14:35:02',21),(53,'450 Brookline Av','Boston','NULL','2016-05-04 14:35:02','2016-05-04 14:35:02',21),(54,'Turnhoutseweg 30','Beerse','Belgium','2016-05-04 14:35:02','2016-05-04 14:35:02',0),(55,'300 Longwood Avenue','Boston','NULL','2016-05-04 14:35:02','2016-05-04 14:35:02',21),(56,'250 Longwood Avenue','Boston','NULL','2016-05-04 14:35:02','2016-05-04 14:35:02',21),(57,'251 Sir Frederick Banting Driveway','Ottawa','Ontario','2016-05-04 14:35:02','2016-05-04 14:35:02',0),(58,'450 Brookline Avenue',' Dana 1514','Boston','2016-05-04 14:35:02','2016-05-04 14:35:02',0),(59,'1450 Brookline  Avenue','Boston','NULL','2016-05-04 14:35:02','2016-05-04 14:35:02',21),(60,'44 Binney St','Boston','NULL','2016-05-04 14:35:02','2016-05-04 14:35:02',21),(61,'Dana-Farber Cancer Institute',' 44 Binney St.','Boston','2016-05-04 14:35:02','2016-05-04 14:35:02',0),(62,'77 Ave Louis Pasteur','Boston','NULL','2016-05-04 14:35:02','2016-05-04 14:35:02',21),(63,'440 Brookline Ave.','Boston','NULL','2016-05-04 14:35:02','2016-05-04 14:35:02',21),(64,'450 Brookline Ave M534','Boston','NULL','2016-05-04 14:35:02','2016-05-04 14:35:02',21),(65,'301 Binney Street','Boston','NULL','2016-05-04 14:35:02','2016-05-04 14:35:02',21),(66,'5323 Harry Hines Blvd.','Dallas','NULL','2016-05-04 14:35:02','2016-05-04 14:35:02',43),(67,'Karp 7',' One Blackfan Circle','Boston','2016-05-04 14:35:02','2016-05-04 14:35:02',0),(68,'Marchioninistr. 25','Munich','Germany','2016-05-04 14:35:02','2016-05-04 14:35:02',0),(69,'1470 Madison Avenue','New York','NULL','2016-05-04 14:35:02','2016-05-04 14:35:02',32),(70,'Henricistrasse 92','Essen','Germany','2016-05-04 14:35:02','2016-05-04 14:35:02',0),(71,'1 Jimmy Fund Way',' Sm-1022','Boston','2016-05-04 14:35:02','2016-05-04 14:35:02',0),(72,'1 Jimmy Fund Way','Boston','NULL','2016-05-04 14:35:02','2016-05-04 14:35:02',21),(73,'Muellner Hauptstraße 48','Salzburg','Salzburg Austria','2016-05-04 14:35:02','2016-05-04 14:35:02',0),(74,'4 Blackfan St','Boston','NULL','2016-05-04 14:35:02','2016-05-04 14:35:02',21),(75,'tbd','tbd','tbd','2016-05-04 14:35:02','2016-05-04 14:35:02',0),(76,'3755 Cote Sainte-Catherine Road','Montreal','Canada','2016-05-04 14:35:02','2016-05-04 14:35:02',0),(77,'75 Francis St',' Dept of Pathology',' Amory 3','2016-05-04 14:35:02','2016-05-04 14:35:02',0),(78,'1 Blackfan Cir','Boston','NULL','2016-05-04 14:35:02','2016-05-04 14:35:02',21);
/*!40000 ALTER TABLE `addresses` ENABLE KEYS */;
UNLOCK TABLES;

--
-- Table structure for table `lab_groups`
--

DROP TABLE IF EXISTS `lab_groups`;
/*!40101 SET @saved_cs_client     = @@character_set_client */;
/*!40101 SET character_set_client = utf8 */;
CREATE TABLE `lab_groups` (
  `id` int(11) NOT NULL AUTO_INCREMENT,
  `name` varchar(255) DEFAULT NULL,
  `code` varchar(255) DEFAULT NULL,
  `created_at` datetime NOT NULL,
  `updated_at` datetime NOT NULL,
  `location_id` int(11) DEFAULT NULL,
  PRIMARY KEY (`id`)
) ENGINE=InnoDB AUTO_INCREMENT=203 DEFAULT CHARSET=latin1;
/*!40101 SET character_set_client = @saved_cs_client */;

--
-- Dumping data for table `lab_groups`
--

LOCK TABLES `lab_groups` WRITE;
/*!40000 ALTER TABLE `lab_groups` DISABLE KEYS */;
INSERT INTO `lab_groups` VALUES (1,'CCGD Administration','CCGD','2016-05-04 14:35:04','2016-05-04 14:35:04',1),(2,'CCGD Genotyping','CCGD','2016-05-04 14:35:04','2016-05-04 14:35:04',1),(3,'Freedman Lab','FRDMAN','2016-05-04 14:35:04','2016-05-04 14:35:04',3),(4,'Garraway Lab','GARRWY','2016-05-04 14:35:04','2016-05-04 14:35:04',2),(5,'Golub Broad Lab','GOLBBI','2016-05-04 14:35:04','2016-05-04 14:35:04',4),(6,'Golub DFCI Lab','GOLUB','2016-05-04 14:35:04','2016-05-04 14:35:04',2),(7,'Hahn Lab','HAHN','2016-05-04 14:35:04','2016-05-04 14:35:04',2),(8,'Loda Lab','LODA','2016-05-04 14:35:04','2016-05-04 14:35:04',2),(9,'Kinome','MRSNBI','2016-05-04 14:35:04','2016-05-04 14:35:04',4),(10,'Meyerson DFCI Lab','MYRSON','2016-05-04 14:35:04','2016-05-04 14:35:04',2),(11,'Polyak Lab','POLYAK','2016-05-04 14:35:04','2016-05-04 14:35:04',2),(12,'ramesh shivdasani','SHIV','2016-05-04 14:35:04','2016-05-04 14:35:04',3),(13,'Janne Lab','JANNE','2016-05-04 14:35:04','2016-05-04 14:35:04',5),(14,'Rani George','GEORGE','2016-05-04 14:35:04','2016-05-04 14:35:04',6),(15,'Thomas Roberts','RBERTS','2016-05-04 14:35:04','2016-05-04 14:35:04',7),(16,'Thomas Look','LOOK','2016-05-04 14:35:04','2016-05-04 14:35:04',8),(17,'Jerome Ritz','RITZ','2016-05-04 14:35:04','2016-05-04 14:35:04',10),(18,'Matthew Kulke','KULKE','2016-05-04 14:35:04','2016-05-04 14:35:04',11),(19,'Margaret Shipp','SHIPP','2016-05-04 14:35:04','2016-05-04 14:35:04',12),(20,'Philip Kantoff','KNTOFF','2016-05-04 14:35:04','2016-05-04 14:35:04',13),(21,'Robert Ross','ROSS','2016-05-04 14:35:04','2016-05-04 14:35:04',13),(22,'Myles Brown','BROWN','2016-05-04 14:35:04','2016-05-04 14:35:04',14),(23,'Jennifer R. Brown','JRBRWN','2016-05-04 14:35:04','2016-05-04 14:35:04',15),(24,'Rollins','ROLLNS','2016-05-04 14:35:04','2016-05-04 14:35:04',16),(25,'Stiles Lab','STILES','2016-05-04 14:35:04','2016-05-04 14:35:04',21),(26,'Chirieac','CHIRI','2016-05-04 14:35:04','2016-05-04 14:35:04',22),(27,'CCGD Pilot','CCGD','2016-05-04 14:35:04','2016-05-04 14:35:04',1),(28,'Microarray Core','CHPLAB','2016-05-04 14:35:04','2016-05-04 14:35:04',23),(29,'Sarcoma Lab','DUAN','2016-05-04 14:35:04','2016-05-04 14:35:04',24),(30,'Ebert Lab','EBERT','2016-05-04 14:35:04','2016-05-04 14:35:04',22),(31,'Gilliland','GLLLND','2016-05-04 14:35:04','2016-05-04 14:35:04',22),(32,'Hezel','HEZEL','2016-05-04 14:35:04','2016-05-04 14:35:04',24),(33,'Kim','KIM','2016-05-04 14:35:04','2016-05-04 14:35:04',25),(34,'Henske','HENSKE','2016-05-04 14:35:04','2016-05-04 14:35:04',22),(35,'Chin Lab','CHIN','2016-05-04 14:35:04','2016-05-04 14:35:04',26),(36,'Hornicek','HRNCEK','2016-05-04 14:35:04','2016-05-04 14:35:04',27),(37,'Fletcher lab','FLTCHR','2016-05-04 14:35:04','2016-05-04 14:35:04',28),(38,'Ng','NG','2016-05-04 14:35:04','2016-05-04 14:35:04',30),(39,'Ribas','RIBAS','2016-05-04 14:35:04','2016-05-04 14:35:04',31),(40,'Christopher Walsh','WALSH','2016-05-04 14:35:04','2016-05-04 14:35:04',32),(41,'BIACS','BIACS','2016-05-04 14:35:04','2016-05-04 14:35:04',33),(42,'Ligon Lab','LIGON','2016-05-04 14:35:04','2016-05-04 14:35:04',35),(43,'Monahan','MONHAN','2016-05-04 14:35:04','2016-05-04 14:35:04',36),(44,'Chung Lab','CHUNG','2016-05-04 14:35:04','2016-05-04 14:35:04',40),(45,'Koon lab','KOON','2016-05-04 14:35:04','2016-05-04 14:35:04',42),(46,'Infinity','INFI','2016-05-04 14:35:04','2016-05-04 14:35:04',43),(47,'Infinity','INFI','2016-05-04 14:35:04','2016-05-04 14:35:04',43),(48,'Ovarian Cancer Genomics','LEVEL3','2016-05-04 14:35:04','2016-05-04 14:35:04',45),(49,'Rosenberg','RSNBRG','2016-05-04 14:35:04','2016-05-04 14:35:04',13),(50,'Tenen Lab','TENEN','2016-05-04 14:35:04','2016-05-04 14:35:04',46),(51,'Segal lab','Segallab','2016-05-04 14:35:04','2016-05-04 14:35:04',47),(52,'4th floor','Kinome','2016-05-04 14:35:04','2016-05-04 14:35:04',48),(53,'Cancer Program','GOLUB','2016-05-04 14:35:04','2016-05-04 14:35:04',2),(54,'BJ Rollins','BJR grou','2016-05-04 14:35:04','2016-05-04 14:35:04',50),(55,'Armstrong Lab','SAA','2016-05-04 14:35:04','2016-05-04 14:35:04',51),(56,'HIV Therapeutics','kuritzke','2016-05-04 14:35:04','2016-05-04 14:35:04',52),(57,'Garraway Lab','Garraway','2016-05-04 14:35:04','2016-05-04 14:35:04',53),(58,'genetics','Kwiatkow','2016-05-04 14:35:04','2016-05-04 14:35:04',54),(59,'Thyroid Cancer','214741','2016-05-04 14:35:04','2016-05-04 14:35:04',55),(60,'Panc Adeno Project',' Ferrone Lab','2016-05-04 14:35:04','2016-05-04 14:35:04',0),(61,'Fredenburgh Lab','FREDEN','2016-05-04 14:35:04','2016-05-04 14:35:04',57),(62,'Kwiatkowski Lab','RB06005A','2016-05-04 14:35:04','2016-05-04 14:35:04',58),(63,'15th floor','Meyerson','2016-05-04 14:35:04','2016-05-04 14:35:04',59),(64,'Medical Oncology - 8th floor',' Ghobrial lab','2016-05-04 14:35:04','2016-05-04 14:35:04',123456),(65,'Ghobrial lab','1234567','2016-05-04 14:35:04','2016-05-04 14:35:04',60),(66,'Oncology','ONC','2016-05-04 14:35:04','2016-05-04 14:35:04',62),(67,'CAMD','CAMD','2016-05-04 14:35:04','2016-05-04 14:35:04',22),(68,'Thyroid Surgery Lab Thier 603 Parangi Lab','1151983','2016-05-04 14:35:04','2016-05-04 14:35:04',63),(69,'ORF and RNAi work','HahnLab','2016-05-04 14:35:04','2016-05-04 14:35:04',64),(70,'Kirsch Lab',' ','2016-05-04 14:35:04','2016-05-04 14:35:04',65),(71,'Dana 15','Garraway','2016-05-04 14:35:04','2016-05-04 14:35:04',53),(72,'Bowtell Lab','LEVEL3','2016-05-04 14:35:04','2016-05-04 14:35:04',45),(73,'Cancer','zonlab','2016-05-04 14:35:04','2016-05-04 14:35:04',67),(74,'Dyson Lab','NDYSON','2016-05-04 14:35:04','2016-05-04 14:35:04',68),(75,'DePinho lab','depinho1','2016-05-04 14:35:04','2016-05-04 14:35:04',69),(76,'Mayer 4','DeCaprio','2016-05-04 14:35:04','2016-05-04 14:35:04',70),(77,'Kuritzkes Lab','87654321','2016-05-04 14:35:04','2016-05-04 14:35:04',71),(78,'Lab of Benjamin L. Ebert','ebert201','2016-05-04 14:35:04','2016-05-04 14:35:04',72),(79,'Pathology Dpt.','EHL305','2016-05-04 14:35:04','2016-05-04 14:35:04',73),(80,'Ribas Lab','31262','2016-05-04 14:35:04','2016-05-04 14:35:04',74),(81,'Translational Research','Fleming','2016-05-04 14:35:04','2016-05-04 14:35:04',75),(82,'Chin-Lee Wu','Wu Lab','2016-05-04 14:35:04','2016-05-04 14:35:04',76),(83,'Pediatric Oncology','KSteg','2016-05-04 14:35:04','2016-05-04 14:35:04',77),(84,'Cancer cytogenetics','JSOVCA','2016-05-04 14:35:04','2016-05-04 14:35:04',78),(85,'Nanomed','Nanomed','2016-05-04 14:35:04','2016-05-04 14:35:04',79),(86,'Antoni Ribas','RIBAS','2016-05-04 14:35:04','2016-05-04 14:35:04',31),(87,'Mark Kieran','Kieran','2016-05-04 14:35:04','2016-05-04 14:35:04',6),(88,'Ligon Lab','Ligon208','2016-05-04 14:35:04','2016-05-04 14:35:04',83),(89,'Leiomyosarcoma','EHL305','2016-05-04 14:35:04','2016-05-04 14:35:04',73),(90,'15th floor','prostate','2016-05-04 14:35:04','2016-05-04 14:35:04',84),(91,'Infinity','Infinity','2016-05-04 14:35:04','2016-05-04 14:35:04',85),(92,'Heme Malignancies','BrownCLL','2016-05-04 14:35:04','2016-05-04 14:35:04',86),(93,'Cancer Program','BSP','2016-05-04 14:35:04','2016-05-04 14:35:04',90),(94,'CCCB','CCCB','2016-05-04 14:35:04','2016-05-04 14:35:04',91),(95,'DeCaprio','DcCaprio','2016-05-04 14:35:04','2016-05-04 14:35:04',70),(96,'Gastroenterology','Kokkotou','2016-05-04 14:35:04','2016-05-04 14:35:04',92),(97,'Meyerson Lab','Meyerson','2016-05-04 14:35:04','2016-05-04 14:35:04',59),(98,'Cancer Bio','YUG310J','2016-05-04 14:35:04','2016-05-04 14:35:04',94),(99,'CMOP','CMOP','2016-05-04 14:35:04','2016-05-04 14:35:04',35),(100,'Choueiri-Signoretti','Choueiri','2016-05-04 14:35:04','2016-05-04 14:35:04',22),(101,'Swanson Research','Swanson','2016-05-04 14:35:04','2016-05-04 14:35:04',95),(102,'Cancer Biology','unknown','2016-05-04 14:35:04','2016-05-04 14:35:04',96),(103,'Saurin Lab','1234','2016-05-04 14:35:04','2016-05-04 14:35:04',22),(104,'Wong','7644','2016-05-04 14:35:04','2016-05-04 14:35:04',97),(105,'Pedi Onc','unknown','2016-05-04 14:35:04','2016-05-04 14:35:04',96),(106,'Beroukhim Lab','rameen','2016-05-04 14:35:04','2016-05-04 14:35:04',100),(107,'Pedatric Oncology','snf5','2016-05-04 14:35:04','2016-05-04 14:35:04',101),(108,'Cantley Lab','NA','2016-05-04 14:35:04','2016-05-04 14:35:04',102),(109,'Makrigiorgos','coldpcr','2016-05-04 14:35:04','2016-05-04 14:35:04',103),(110,'AML','1','2016-05-04 14:35:04','2016-05-04 14:35:04',8),(111,'Jeff Krane',' Head and Neck Pathology','2016-05-04 14:35:04','2016-05-04 14:35:04',11911),(112,'Breast Oncology','none','2016-05-04 14:35:04','2016-05-04 14:35:04',107),(113,'Shipp Lab','Shipp La','2016-05-04 14:35:04','2016-05-04 14:35:04',108),(114,'Santagata Lab','103964','2016-05-04 14:35:04','2016-05-04 14:35:04',110),(115,'Hematologic Neoplasia','D512WEIN','2016-05-04 14:35:04','2016-05-04 14:35:04',111),(116,'GI Genomics','Hsu_lab','2016-05-04 14:35:04','2016-05-04 14:35:04',112),(117,'Hsu lab','hsu','2016-05-04 14:35:04','2016-05-04 14:35:04',113),(118,'medulloblastoma','Segallab','2016-05-04 14:35:04','2016-05-04 14:35:04',47),(119,'OBSGYN','GYNONCOL','2016-05-04 14:35:04','2016-05-04 14:35:04',123),(120,'Choueiri-Signoretti','12345','2016-05-04 14:35:04','2016-05-04 14:35:04',124),(121,'Wagers Lab','Jos630 ','2016-05-04 14:35:04','2016-05-04 14:35:04',125),(122,'HIM346','MITSIAD','2016-05-04 14:35:04','2016-05-04 14:35:04',126),(123,'C-NExT','Ligonext','2016-05-04 14:35:04','2016-05-04 14:35:04',127),(124,'Weinstock lab','weinstoc','2016-05-04 14:35:04','2016-05-04 14:35:04',128),(125,'Meyerson','??','2016-05-04 14:35:04','2016-05-04 14:35:04',131),(126,'Mitsiades lab','Mitsiade','2016-05-04 14:35:04','2016-05-04 14:35:04',132),(127,'BIDMC Cancer Center Cantley','none','2016-05-04 14:35:04','2016-05-04 14:35:04',107),(128,'Thyroid Cancer Translational','212354','2016-05-04 14:35:04','2016-05-04 14:35:04',134),(129,'Conrad','WRN-4-40','2016-05-04 14:35:04','2016-05-04 14:35:04',135),(130,'Human Thyroid Cancers Translational Research','CNUCERA','2016-05-04 14:35:04','2016-05-04 14:35:04',136),(131,'Gyn Rad Onc','GynRO','2016-05-04 14:35:04','2016-05-04 14:35:04',137),(132,'Choueiri-Signoretti','522','2016-05-04 14:35:04','2016-05-04 14:35:04',138),(133,'JF5','DANDREA','2016-05-04 14:35:04','2016-05-04 14:35:04',139),(134,'Belfer','Belfer','2016-05-04 14:35:04','2016-05-04 14:35:04',140),(135,'Bass Laboratory','Bass','2016-05-04 14:35:04','2016-05-04 14:35:04',66),(136,'Shipp lab','lymphoma','2016-05-04 14:35:04','2016-05-04 14:35:04',142),(137,'Keith Ligon Lab @ DFCI','1234567','2016-05-04 14:35:04','2016-05-04 14:35:04',60),(138,'Ghobrial Lab','HUM237','2016-05-04 14:35:04','2016-05-04 14:35:04',144),(139,'Keith Ligon\'s Lab','1234567','2016-05-04 14:35:04','2016-05-04 14:35:04',60),(140,'Division of Gynecologic Oncology','RSBLAB','2016-05-04 14:35:04','2016-05-04 14:35:04',146),(141,'Barbie Lab','dana819','2016-05-04 14:35:04','2016-05-04 14:35:04',147),(142,'none','123','2016-05-04 14:35:04','2016-05-04 14:35:04',148),(143,'Beckman','Beckman','2016-05-04 14:35:04','2016-05-04 14:35:04',149),(144,'Garraway Lab','LAG','2016-05-04 14:35:04','2016-05-04 14:35:04',150),(145,'Thyroid','WASS','2016-05-04 14:35:04','2016-05-04 14:35:04',151),(146,'Bass Lab DFCI/MCO Dana 8','Bass','2016-05-04 14:35:04','2016-05-04 14:35:04',66),(147,'Bradner Lab','BRADNER','2016-05-04 14:35:04','2016-05-04 14:35:04',153),(148,'Beroukhim Lab','Berouk','2016-05-04 14:35:04','2016-05-04 14:35:04',154),(149,'Genomics','9617589','2016-05-04 14:35:04','2016-05-04 14:35:04',155),(150,'Gyn Oncology','LIU','2016-05-04 14:35:04','2016-05-04 14:35:04',156),(151,'Meyerson Cancer Program Lab','1111','2016-05-04 14:35:04','2016-05-04 14:35:04',157),(152,'Bioinformatics','000','2016-05-04 14:35:04','2016-05-04 14:35:04',158),(153,'PedOnc','PellmanM','2016-05-04 14:35:04','2016-05-04 14:35:04',159),(154,'MPS','BTP','2016-05-04 14:35:04','2016-05-04 14:35:04',160),(155,'Haining Lab','Haining','2016-05-04 14:35:04','2016-05-04 14:35:04',161),(156,'Cancer Program',' Broad','2016-05-04 14:35:04','2016-05-04 14:35:04',0),(157,'T-ALL','aglab','2016-05-04 14:35:04','2016-05-04 14:35:04',163),(158,'Long Lab Group','CFCE','2016-05-04 14:35:04','2016-05-04 14:35:04',164),(159,'Sorger Lab Group','plx4032','2016-05-04 14:35:04','2016-05-04 14:35:04',165),(160,'CMOP','JF208','2016-05-04 14:35:04','2016-05-04 14:35:04',166),(161,'Kaelin','Kaelin','2016-05-04 14:35:04','2016-05-04 14:35:04',167),(162,'Medical Oncology','........','2016-05-04 14:35:04','2016-05-04 14:35:04',2),(163,'Stem Cell Group','BGTDSCL','2016-05-04 14:35:04','2016-05-04 14:35:04',168),(164,'Hahn Lab','HahnLab','2016-05-04 14:35:04','2016-05-04 14:35:04',64),(165,'Stegmaier 6th Floor Group','STEGLAB','2016-05-04 14:35:04','2016-05-04 14:35:04',170),(166,'Kidney Cancer','GU Oncol','2016-05-04 14:35:04','2016-05-04 14:35:04',171),(167,'Biostatistics and Computational Biology DFCI Group','BCB','2016-05-04 14:35:04','2016-05-04 14:35:04',91),(168,'Polyak Lab Group','POLYAK','2016-05-04 14:35:05','2016-05-04 14:35:05',2),(169,'Brown PDX Group','BROWN','2016-05-04 14:35:05','2016-05-04 14:35:05',14),(170,'15th floor','HAHN','2016-05-04 14:35:05','2016-05-04 14:35:05',2),(171,'Medical Oncology','Ghobrial','2016-05-04 14:35:05','2016-05-04 14:35:05',177),(172,'Pediatric Oncology','76325281','2016-05-04 14:35:05','2016-05-04 14:35:05',178),(173,'Griffin',' J','2016-05-04 14:35:05','2016-05-04 14:35:05',0),(174,'Bladder Cancer Center','40888','2016-05-04 14:35:05','2016-05-04 14:35:05',180),(175,'Meyerson Lab Group','Meyerson','2016-05-04 14:35:05','2016-05-04 14:35:05',59),(176,'Joaquim Bellmunt','40888','2016-05-04 14:35:05','2016-05-04 14:35:05',180),(177,'Amatruda lab group','UTAMAT','2016-05-04 14:35:05','2016-05-04 14:35:05',182),(178,'Daley','Daley','2016-05-04 14:35:05','2016-05-04 14:35:05',183),(179,'Collaboration with Weinstock Lab','002a','2016-05-04 14:35:05','2016-05-04 14:35:05',184),(180,'Dana15','HahnLab','2016-05-04 14:35:05','2016-05-04 14:35:05',64),(181,'Med Onc - Hematologic Malignancies','TBD','2016-05-04 14:35:05','2016-05-04 14:35:05',186),(182,'Celebi','Celebi','2016-05-04 14:35:05','2016-05-04 14:35:05',187),(183,'GlenDranoff','524','2016-05-04 14:35:05','2016-05-04 14:35:05',188),(184,'Weinstock lab','510B','2016-05-04 14:35:05','2016-05-04 14:35:05',128),(185,'Medical Oncology','HER2','2016-05-04 14:35:05','2016-05-04 14:35:05',189),(186,'Chin Lab Group','Chinlab1','2016-05-04 14:35:05','2016-05-04 14:35:05',190),(187,'Department for Gynecologic Oncology','\"\"GynOnc_','2016-05-04 14:35:05','2016-05-04 14:35:05',191),(188,'Beroukhim Lab Group ','N/A','2016-05-04 14:35:05','2016-05-04 14:35:05',192),(189,'Lane Lab Group','Lane','2016-05-04 14:35:05','2016-05-04 14:35:05',97),(190,'Cancer Biology','N/A','2016-05-04 14:35:05','2016-05-04 14:35:05',192),(191,'D\'Andrea Lab Genomics','D\'Andrea','2016-05-04 14:35:05','2016-05-04 14:35:05',195),(192,'Egles Group','LIMCR','2016-05-04 14:35:05','2016-05-04 14:35:05',196),(193,'Gutierrez Lab','aglab','2016-05-04 14:35:05','2016-05-04 14:35:05',163),(194,'Target Discovery','Belfer','2016-05-04 14:35:05','2016-05-04 14:35:05',140),(195,'tbd','TBD','2016-05-04 14:35:05','2016-05-04 14:35:05',186),(196,'PTCL','D512','2016-05-04 14:35:05','2016-05-04 14:35:05',200),(197,'Blank Lab Group','cncmaf','2016-05-04 14:35:05','2016-05-04 14:35:05',201),(198,'GYN mesenchymal tumors group','BHMNBQ','2016-05-04 14:35:05','2016-05-04 14:35:05',203),(199,'BWH Hematology','EbertLab','2016-05-04 14:35:05','2016-05-04 14:35:05',204),(200,'CMOP','LIGON','2016-05-04 14:35:05','2016-05-04 14:35:05',35),(201,'Ped Onc 6th floor','PedOnc','2016-05-04 14:35:05','2016-05-04 14:35:05',206),(202,'CFCE','CFCE','2016-05-04 14:35:05','2016-05-04 14:35:05',164);
/*!40000 ALTER TABLE `lab_groups` ENABLE KEYS */;
UNLOCK TABLES;

--
-- Table structure for table `locations`
--

DROP TABLE IF EXISTS `locations`;
/*!40101 SET @saved_cs_client     = @@character_set_client */;
/*!40101 SET character_set_client = utf8 */;
CREATE TABLE `locations` (
  `id` int(11) NOT NULL AUTO_INCREMENT,
  `building` varchar(255) DEFAULT NULL,
  `room` varchar(255) DEFAULT NULL,
  `created_at` datetime NOT NULL,
  `updated_at` datetime NOT NULL,
  `address_id` int(11) DEFAULT NULL,
  PRIMARY KEY (`id`)
) ENGINE=InnoDB AUTO_INCREMENT=208 DEFAULT CHARSET=latin1;
/*!40101 SET character_set_client = @saved_cs_client */;

--
-- Dumping data for table `locations`
--

LOCK TABLES `locations` WRITE;
/*!40000 ALTER TABLE `locations` DISABLE KEYS */;
INSERT INTO `locations` VALUES (1,'Dana','1539','2016-05-04 14:35:02','2016-05-04 14:35:02',1),(2,'Dana','15th Floor','2016-05-04 14:35:02','2016-05-04 14:35:02',1),(3,'Dana','7th Floor','2016-05-04 14:35:02','2016-05-04 14:35:02',1),(4,'7CC','4th Floor','2016-05-04 14:35:02','2016-05-04 14:35:02',2),(5,'Dana','820','2016-05-04 14:35:02','2016-05-04 14:35:02',1),(6,'Dana','D3-JFC','2016-05-04 14:35:02','2016-05-04 14:35:02',1),(7,'Smith','970','2016-05-04 14:35:02','2016-05-04 14:35:02',1),(8,'Mayer','630','2016-05-04 14:35:02','2016-05-04 14:35:02',1),(10,'Mayer','530','2016-05-04 14:35:02','2016-05-04 14:35:02',1),(11,'Dana','1220','2016-05-04 14:35:02','2016-05-04 14:35:02',1),(12,'Mayer','513','2016-05-04 14:35:02','2016-05-04 14:35:02',1),(13,'Dana','1230','2016-05-04 14:35:02','2016-05-04 14:35:02',1),(14,'Dana','730','2016-05-04 14:35:02','2016-05-04 14:35:02',1),(15,'Dana','1B30','2016-05-04 14:35:02','2016-05-04 14:35:02',1),(16,'Mayer','430','2016-05-04 14:35:02','2016-05-04 14:35:02',1),(21,'Smith','1070','2016-05-04 14:35:02','2016-05-04 14:35:02',1),(22,'BWH','','2016-05-04 14:35:02','2016-05-04 14:35:02',3),(23,'21-27 Burlington Ave.','464','2016-05-04 14:35:02','2016-05-04 14:35:02',4),(24,'MGH','','2016-05-04 14:35:02','2016-05-04 14:35:02',5),(25,'Ophthalmology-Retina Service','','2016-05-04 14:35:02','2016-05-04 14:35:02',6),(26,'Mayer','448','2016-05-04 14:35:02','2016-05-04 14:35:02',1),(27,'MGH','Yawkey 3700','2016-05-04 14:35:02','2016-05-04 14:35:02',5),(28,'Thorn ','528','2016-05-04 14:35:02','2016-05-04 14:35:02',8),(29,'N-Of-One','','2016-05-04 14:35:02','2016-05-04 14:35:02',9),(30,'BWH','BLI-449A','2016-05-04 14:35:02','2016-05-04 14:35:02',10),(31,'Factor','','2016-05-04 14:35:02','2016-05-04 14:35:02',11),(32,'Neurology','','2016-05-04 14:35:02','2016-05-04 14:35:02',12),(33,'21-27 Burlington Ave.','B452A','2016-05-04 14:35:02','2016-05-04 14:35:02',4),(35,'Jimmy Fund','JF215','2016-05-04 14:35:02','2016-05-04 14:35:02',1),(36,'NIBR','','2016-05-04 14:35:02','2016-05-04 14:35:02',13),(40,'50 Blossom Street','GRJ 825','2016-05-04 14:35:02','2016-05-04 14:35:02',17),(42,'WRB','2-143','2016-05-04 14:35:02','2016-05-04 14:35:02',18),(43,'Infinity Pharmaceuticals','','2016-05-04 14:35:02','2016-05-04 14:35:02',19),(44,'375 Longwood','226','2016-05-04 14:35:02','2016-05-04 14:35:02',20),(45,'Peter Mac Research','3539','2016-05-04 14:35:02','2016-05-04 14:35:02',21),(46,'CLS','428','2016-05-04 14:35:02','2016-05-04 14:35:02',74),(47,'Smith','1054','2016-05-04 14:35:02','2016-05-04 14:35:02',1),(48,'Main building','4175-B','2016-05-04 14:35:02','2016-05-04 14:35:02',2),(49,'7CC','4175-X','2016-05-04 14:35:02','2016-05-04 14:35:02',2),(50,'Smith','742','2016-05-04 14:35:02','2016-05-04 14:35:02',1),(51,'Karp','08211','2016-05-04 14:35:02','2016-05-04 14:35:02',7),(52,'65 Landsdowne','435','2016-05-04 14:35:02','2016-05-04 14:35:02',34),(53,'Dana','D1541','2016-05-04 14:35:02','2016-05-04 14:35:02',1),(54,'Karp','6-216','2016-05-04 14:35:02','2016-05-04 14:35:02',7),(55,'Thier','6 floor','2016-05-04 14:35:02','2016-05-04 14:35:02',5),(56,'WANG','460','2016-05-04 14:35:02','2016-05-04 14:35:02',26),(57,'Thorn','932','2016-05-04 14:35:02','2016-05-04 14:35:02',3),(58,'Karp','RB06005A','2016-05-04 14:35:02','2016-05-04 14:35:02',7),(59,'Dana','1526','2016-05-04 14:35:02','2016-05-04 14:35:02',1),(60,'Dana','802','2016-05-04 14:35:02','2016-05-04 14:35:02',1),(61,'Karp','Rm 08006A','2016-05-04 14:35:02','2016-05-04 14:35:02',7),(62,'Samsung Cancer Center','11th floor','2016-05-04 14:35:02','2016-05-04 14:35:02',29),(63,'Thier','603','2016-05-04 14:35:02','2016-05-04 14:35:02',5),(64,'7CC','4034','2016-05-04 14:35:02','2016-05-04 14:35:02',2),(65,'LSRC','232','2016-05-04 14:35:02','2016-05-04 14:35:02',31),(66,'Dana','Lab','2016-05-04 14:35:02','2016-05-04 14:35:02',1),(67,'Karp','RB-07005A','2016-05-04 14:35:02','2016-05-04 14:35:02',7),(68,'149','7330','2016-05-04 14:35:02','2016-05-04 14:35:02',33),(69,'Mayer','415','2016-05-04 14:35:02','2016-05-04 14:35:02',1),(70,'Mayer','440','2016-05-04 14:35:02','2016-05-04 14:35:02',1),(71,'Partners Research bldg','441','2016-05-04 14:35:02','2016-05-04 14:35:02',34),(72,'Karp','5.210','2016-05-04 14:35:02','2016-05-04 14:35:02',7),(73,'Smilow','305','2016-05-04 14:35:02','2016-05-04 14:35:02',36),(74,'Factor','14-635','2016-05-04 14:35:02','2016-05-04 14:35:02',42),(75,'Enders','1174','2016-05-04 14:35:02','2016-05-04 14:35:02',38),(76,'WRN','3-324','2016-05-04 14:35:02','2016-05-04 14:35:02',5),(77,'Dana','640A','2016-05-04 14:35:02','2016-05-04 14:35:02',1),(78,'Richardson Laboratory','401','2016-05-04 14:35:02','2016-05-04 14:35:02',39),(79,'Samsung Cancer Center','188 B4','2016-05-04 14:35:03','2016-05-04 14:35:03',41),(81,'Factor','14-638','2016-05-04 14:35:03','2016-05-04 14:35:03',42),(83,'JF','208','2016-05-04 14:35:03','2016-05-04 14:35:03',1),(84,'Dana','1516','2016-05-04 14:35:03','2016-05-04 14:35:03',1),(85,'780 Memorial Drive','780 Memorial Drive','2016-05-04 14:35:03','2016-05-04 14:35:03',44),(86,'Mayer','1B29','2016-05-04 14:35:03','2016-05-04 14:35:03',1),(87,'Dana','1210','2016-05-04 14:35:03','2016-05-04 14:35:03',1),(88,'Dana','740','2016-05-04 14:35:03','2016-05-04 14:35:03',1),(90,'B301','5019','2016-05-04 14:35:03','2016-05-04 14:35:03',46),(91,'Smith','824','2016-05-04 14:35:03','2016-05-04 14:35:03',1),(92,'BIDMC Dana','536','2016-05-04 14:35:03','2016-05-04 14:35:03',74),(93,'Dana','15th floor','2016-05-04 14:35:03','2016-05-04 14:35:03',1),(94,'270 Albany','G310J','2016-05-04 14:35:03','2016-05-04 14:35:03',49),(95,'Peter Bent Brigham','CA 355','2016-05-04 14:35:03','2016-05-04 14:35:03',3),(96,'270 Albany','G310I','2016-05-04 14:35:03','2016-05-04 14:35:03',49),(97,'Mayer','413','2016-05-04 14:35:03','2016-05-04 14:35:03',50),(98,'Dana','630F','2016-05-04 14:35:03','2016-05-04 14:35:03',50),(99,'Smith','708','2016-05-04 14:35:03','2016-05-04 14:35:03',50),(100,'Smith','1022C','2016-05-04 14:35:03','2016-05-04 14:35:03',50),(101,'Mayer','654','2016-05-04 14:35:03','2016-05-04 14:35:03',50),(102,'CLS ','417','2016-05-04 14:35:03','2016-05-04 14:35:03',12),(103,'Jimmy Fund','614','2016-05-04 14:35:03','2016-05-04 14:35:03',50),(104,'Dana','1526','2016-05-04 14:35:03','2016-05-04 14:35:03',1),(105,'Mayer','457','2016-05-04 14:35:03','2016-05-04 14:35:03',50),(107,'Yawkey','1257','2016-05-04 14:35:03','2016-05-04 14:35:03',50),(108,'Mayer','563','2016-05-04 14:35:03','2016-05-04 14:35:03',1),(110,'Amory','360U','2016-05-04 14:35:03','2016-05-04 14:35:03',3),(111,'Dana','D512','2016-05-04 14:35:03','2016-05-04 14:35:03',1),(112,'CIEMAS','2323','2016-05-04 14:35:03','2016-05-04 14:35:03',57),(113,'CIEMAS','2323','2016-05-04 14:35:03','2016-05-04 14:35:03',57),(122,'Smith','1052','2016-05-04 14:35:03','2016-05-04 14:35:03',50),(123,'BLI','449B','2016-05-04 14:35:03','2016-05-04 14:35:03',10),(124,'Dana','1230','2016-05-04 14:35:03','2016-05-04 14:35:03',1),(125,'Joslin','630','2016-05-04 14:35:03','2016-05-04 14:35:03',68),(126,'Harvard Institutes of Medicine Building (4 Blackfan Circle)','HIM346','2016-05-04 14:35:03','2016-05-04 14:35:03',50),(127,'27 Drydock','DD466S','2016-05-04 14:35:03','2016-05-04 14:35:03',70),(128,'Dana','510B','2016-05-04 14:35:03','2016-05-04 14:35:03',50),(131,'7CC','4027','2016-05-04 14:35:03','2016-05-04 14:35:03',2),(132,'HIM','309','2016-05-04 14:35:03','2016-05-04 14:35:03',74),(133,'Center for Life Sciences','CLS441','2016-05-04 14:35:03','2016-05-04 14:35:03',75),(134,'Research North','2 floor','2016-05-04 14:35:03','2016-05-04 14:35:03',76),(135,'Warren','WRN-4-408C','2016-05-04 14:35:03','2016-05-04 14:35:03',5),(136,'BIDMC Pathology','','2016-05-04 14:35:03','2016-05-04 14:35:03',76),(137,'CWN-L2','Brachy','2016-05-04 14:35:03','2016-05-04 14:35:03',3),(138,'Dana','1230','2016-05-04 14:35:03','2016-05-04 14:35:03',50),(139,'Jimmy Fund','521','2016-05-04 14:35:03','2016-05-04 14:35:03',77),(140,'HIM ','344','2016-05-04 14:35:03','2016-05-04 14:35:03',78),(141,'Dana','15','2016-05-04 14:35:03','2016-05-04 14:35:03',79),(142,'mayer','515','2016-05-04 14:35:03','2016-05-04 14:35:03',77),(143,'Jimmy Fund','208B','2016-05-04 14:35:03','2016-05-04 14:35:03',80),(144,'HIM','240','2016-05-04 14:35:03','2016-05-04 14:35:03',81),(145,'Jimmy Fund','208B','2016-05-04 14:35:03','2016-05-04 14:35:03',77),(146,'Boston Lying-In','429A','2016-05-04 14:35:03','2016-05-04 14:35:03',82),(147,'Dana','819','2016-05-04 14:35:03','2016-05-04 14:35:03',77),(148,'bldg','rm','2016-05-04 14:35:03','2016-05-04 14:35:03',83),(149,'Smith','1234','2016-05-04 14:35:03','2016-05-04 14:35:03',84),(150,'Dana','1524','2016-05-04 14:35:03','2016-05-04 14:35:03',85),(151,'HSC','5445','2016-05-04 14:35:03','2016-05-04 14:35:03',86),(152,'Dana','8th Floor','2016-05-04 14:35:03','2016-05-04 14:35:03',1),(153,'Dana','510','2016-05-04 14:35:03','2016-05-04 14:35:03',1),(154,'Smith','1010','2016-05-04 14:35:03','2016-05-04 14:35:03',87),(155,'Dana','1234','2016-05-04 14:35:03','2016-05-04 14:35:03',85),(156,'Yawkey','1425','2016-05-04 14:35:03','2016-05-04 14:35:03',50),(157,'7CC','4175-J','2016-05-04 14:35:03','2016-05-04 14:35:03',2),(158,'DA','8','2016-05-04 14:35:03','2016-05-04 14:35:03',88),(159,'Mayer','620','2016-05-04 14:35:03','2016-05-04 14:35:03',89),(160,'020','0G4','2016-05-04 14:35:03','2016-05-04 14:35:03',90),(161,'Dana','D644','2016-05-04 14:35:03','2016-05-04 14:35:03',50),(162,'7CC','4th floor','2016-05-04 14:35:03','2016-05-04 14:35:03',50),(163,'Karp','08-212','2016-05-04 14:35:03','2016-05-04 14:35:03',91),(164,'Dana','757','2016-05-04 14:35:03','2016-05-04 14:35:03',50),(165,'WAB','444','2016-05-04 14:35:03','2016-05-04 14:35:03',92),(166,'Jimmy Fund','208C','2016-05-04 14:35:03','2016-05-04 14:35:03',1),(167,'Mayer','457','2016-05-04 14:35:03','2016-05-04 14:35:03',77),(168,'Banting Building','E110','2016-05-04 14:35:03','2016-05-04 14:35:03',93),(169,'Dana','1514','2016-05-04 14:35:03','2016-05-04 14:35:03',94),(170,'Dana','D628','2016-05-04 14:35:03','2016-05-04 14:35:03',95),(171,'Dana Building','1230','2016-05-04 14:35:03','2016-05-04 14:35:03',77),(172,'Smith','822C','2016-05-04 14:35:03','2016-05-04 14:35:03',77),(173,'Dana','D740B','2016-05-04 14:35:03','2016-05-04 14:35:03',50),(174,'Dana','D614','2016-05-04 14:35:03','2016-05-04 14:35:03',96),(175,'Dana','728','2016-05-04 14:35:03','2016-05-04 14:35:03',96),(176,'Dana','1514','2016-05-04 14:35:03','2016-05-04 14:35:03',97),(177,'HIM','237','2016-05-04 14:35:03','2016-05-04 14:35:03',98),(178,'Dana','640A','2016-05-04 14:35:03','2016-05-04 14:35:03',99),(179,'Mayer ','534','2016-05-04 14:35:03','2016-05-04 14:35:03',100),(180,'Dana ','1230','2016-05-04 14:35:03','2016-05-04 14:35:03',77),(181,'Broad','5064D','2016-05-04 14:35:03','2016-05-04 14:35:03',101),(182,'ND3','136','2016-05-04 14:35:03','2016-05-04 14:35:03',102),(183,'Karp','7004','2016-05-04 14:35:03','2016-05-04 14:35:03',103),(184,'Haematologicum','007','2016-05-04 14:35:03','2016-05-04 14:35:03',104),(185,'Dana','1514','2016-05-04 14:35:03','2016-05-04 14:35:03',77),(186,'Karp','5th floor','2016-05-04 14:35:03','2016-05-04 14:35:03',50),(187,'Hess','5-108','2016-05-04 14:35:03','2016-05-04 14:35:03',105),(188,'Dana','524','2016-05-04 14:35:03','2016-05-04 14:35:03',96),(189,'Dana','1240F','2016-05-04 14:35:03','2016-05-04 14:35:03',77),(190,'CLS','628C','2016-05-04 14:35:03','2016-05-04 14:35:03',75),(191,'Haupthaus','E.408','2016-05-04 14:35:03','2016-05-04 14:35:03',106),(192,'Smith','1022','2016-05-04 14:35:03','2016-05-04 14:35:03',107),(193,'Smith','1010','2016-05-04 14:35:03','2016-05-04 14:35:03',108),(194,'Dana Building','630D','2016-05-04 14:35:03','2016-05-04 14:35:03',1),(195,'Mayer','640','2016-05-04 14:35:03','2016-05-04 14:35:03',85),(196,'C','1.1','2016-05-04 14:35:03','2016-05-04 14:35:03',109),(197,'Karp','08006C','2016-05-04 14:35:03','2016-05-04 14:35:03',7),(198,'HIM','343','2016-05-04 14:35:03','2016-05-04 14:35:03',110),(199,'tbd','tbd','2016-05-04 14:35:03','2016-05-04 14:35:03',111),(200,'Dana','512','2016-05-04 14:35:03','2016-05-04 14:35:03',1),(201,'Pavillon F','623','2016-05-04 14:35:03','2016-05-04 14:35:03',112),(202,'Dana','512','2016-05-04 14:35:03','2016-05-04 14:35:03',77),(203,'Medical Research Building','7th floor','2016-05-04 14:35:03','2016-05-04 14:35:03',113),(204,'Karp','520','2016-05-04 14:35:03','2016-05-04 14:35:03',114),(205,'Jimmy Fund','208','2016-05-04 14:35:03','2016-05-04 14:35:03',77),(206,'Dana','628','2016-05-04 14:35:03','2016-05-04 14:35:03',77),(207,'Dana','730B','2016-05-04 14:35:03','2016-05-04 14:35:03',77);
/*!40000 ALTER TABLE `locations` ENABLE KEYS */;
UNLOCK TABLES;

--
-- Table structure for table `memberships`
--

DROP TABLE IF EXISTS `memberships`;
/*!40101 SET @saved_cs_client     = @@character_set_client */;
/*!40101 SET character_set_client = utf8 */;
CREATE TABLE `memberships` (
  `id` int(11) NOT NULL AUTO_INCREMENT,
  `user_id` int(11) DEFAULT NULL,
  `lab_group_id` int(11) DEFAULT NULL,
  `created_at` datetime NOT NULL,
  `updated_at` datetime NOT NULL,
  PRIMARY KEY (`id`)
) ENGINE=InnoDB AUTO_INCREMENT=269 DEFAULT CHARSET=latin1;
/*!40101 SET character_set_client = @saved_cs_client */;

--
-- Dumping data for table `memberships`
--

LOCK TABLES `memberships` WRITE;
/*!40000 ALTER TABLE `memberships` DISABLE KEYS */;
INSERT INTO `memberships` VALUES (1,2,1,'2016-05-04 14:35:07','2016-05-04 14:35:07'),(2,3,1,'2016-05-04 14:35:07','2016-05-04 14:35:07'),(3,4,1,'2016-05-04 14:35:07','2016-05-04 14:35:07'),(4,50,1,'2016-05-04 14:35:07','2016-05-04 14:35:07'),(5,58,1,'2016-05-04 14:35:07','2016-05-04 14:35:07'),(6,61,1,'2016-05-04 14:35:07','2016-05-04 14:35:07'),(7,65,1,'2016-05-04 14:35:07','2016-05-04 14:35:07'),(8,73,1,'2016-05-04 14:35:07','2016-05-04 14:35:07'),(9,78,1,'2016-05-04 14:35:07','2016-05-04 14:35:07'),(10,81,1,'2016-05-04 14:35:07','2016-05-04 14:35:07'),(11,93,1,'2016-05-04 14:35:07','2016-05-04 14:35:07'),(12,108,1,'2016-05-04 14:35:07','2016-05-04 14:35:07'),(13,126,1,'2016-05-04 14:35:07','2016-05-04 14:35:07'),(14,137,1,'2016-05-04 14:35:07','2016-05-04 14:35:07'),(15,160,1,'2016-05-04 14:35:07','2016-05-04 14:35:07'),(16,171,1,'2016-05-04 14:35:07','2016-05-04 14:35:07'),(17,246,1,'2016-05-04 14:35:07','2016-05-04 14:35:07'),(18,250,1,'2016-05-04 14:35:07','2016-05-04 14:35:07'),(19,267,1,'2016-05-04 14:35:07','2016-05-04 14:35:07'),(20,317,1,'2016-05-04 14:35:07','2016-05-04 14:35:07'),(21,5,1,'2016-05-04 14:35:07','2016-05-04 14:35:07'),(22,6,1,'2016-05-04 14:35:07','2016-05-04 14:35:07'),(23,7,1,'2016-05-04 14:35:07','2016-05-04 14:35:07'),(24,40,1,'2016-05-04 14:35:07','2016-05-04 14:35:07'),(25,72,1,'2016-05-04 14:35:07','2016-05-04 14:35:07'),(26,154,1,'2016-05-04 14:35:07','2016-05-04 14:35:07'),(27,173,1,'2016-05-04 14:35:07','2016-05-04 14:35:07'),(28,175,1,'2016-05-04 14:35:07','2016-05-04 14:35:07'),(29,233,1,'2016-05-04 14:35:07','2016-05-04 14:35:07'),(30,266,1,'2016-05-04 14:35:07','2016-05-04 14:35:07'),(31,269,1,'2016-05-04 14:35:07','2016-05-04 14:35:07'),(32,38,1,'2016-05-04 14:35:07','2016-05-04 14:35:07'),(33,8,2,'2016-05-04 14:35:07','2016-05-04 14:35:07'),(34,27,2,'2016-05-04 14:35:07','2016-05-04 14:35:07'),(35,31,2,'2016-05-04 14:35:07','2016-05-04 14:35:07'),(36,36,2,'2016-05-04 14:35:07','2016-05-04 14:35:07'),(37,39,2,'2016-05-04 14:35:07','2016-05-04 14:35:07'),(38,43,2,'2016-05-04 14:35:07','2016-05-04 14:35:07'),(39,44,2,'2016-05-04 14:35:07','2016-05-04 14:35:07'),(40,45,2,'2016-05-04 14:35:07','2016-05-04 14:35:07'),(41,79,2,'2016-05-04 14:35:07','2016-05-04 14:35:07'),(42,80,2,'2016-05-04 14:35:07','2016-05-04 14:35:07'),(43,146,2,'2016-05-04 14:35:07','2016-05-04 14:35:07'),(44,9,3,'2016-05-04 14:35:07','2016-05-04 14:35:07'),(45,28,3,'2016-05-04 14:35:07','2016-05-04 14:35:07'),(46,10,4,'2016-05-04 14:35:07','2016-05-04 14:35:07'),(47,47,4,'2016-05-04 14:35:07','2016-05-04 14:35:07'),(48,10,5,'2016-05-04 14:35:07','2016-05-04 14:35:07'),(49,85,5,'2016-05-04 14:35:07','2016-05-04 14:35:07'),(50,11,6,'2016-05-04 14:35:07','2016-05-04 14:35:07'),(51,62,6,'2016-05-04 14:35:07','2016-05-04 14:35:07'),(52,122,6,'2016-05-04 14:35:07','2016-05-04 14:35:07'),(53,157,6,'2016-05-04 14:35:07','2016-05-04 14:35:07'),(54,161,6,'2016-05-04 14:35:07','2016-05-04 14:35:07'),(55,278,6,'2016-05-04 14:35:07','2016-05-04 14:35:07'),(56,12,7,'2016-05-04 14:35:07','2016-05-04 14:35:07'),(57,33,7,'2016-05-04 14:35:07','2016-05-04 14:35:07'),(58,113,7,'2016-05-04 14:35:07','2016-05-04 14:35:07'),(59,13,8,'2016-05-04 14:35:07','2016-05-04 14:35:07'),(60,49,8,'2016-05-04 14:35:08','2016-05-04 14:35:08'),(61,51,8,'2016-05-04 14:35:08','2016-05-04 14:35:08'),(62,13,9,'2016-05-04 14:35:08','2016-05-04 14:35:08'),(63,46,9,'2016-05-04 14:35:08','2016-05-04 14:35:08'),(64,97,9,'2016-05-04 14:35:08','2016-05-04 14:35:08'),(65,14,10,'2016-05-04 14:35:08','2016-05-04 14:35:08'),(66,141,10,'2016-05-04 14:35:08','2016-05-04 14:35:08'),(67,275,10,'2016-05-04 14:35:08','2016-05-04 14:35:08'),(68,15,11,'2016-05-04 14:35:08','2016-05-04 14:35:08'),(69,16,12,'2016-05-04 14:35:08','2016-05-04 14:35:08'),(70,17,13,'2016-05-04 14:35:08','2016-05-04 14:35:08'),(71,18,14,'2016-05-04 14:35:08','2016-05-04 14:35:08'),(72,19,15,'2016-05-04 14:35:08','2016-05-04 14:35:08'),(73,30,15,'2016-05-04 14:35:08','2016-05-04 14:35:08'),(74,20,16,'2016-05-04 14:35:08','2016-05-04 14:35:08'),(75,21,17,'2016-05-04 14:35:08','2016-05-04 14:35:08'),(76,22,18,'2016-05-04 14:35:08','2016-05-04 14:35:08'),(77,23,19,'2016-05-04 14:35:08','2016-05-04 14:35:08'),(78,24,20,'2016-05-04 14:35:08','2016-05-04 14:35:08'),(79,25,21,'2016-05-04 14:35:08','2016-05-04 14:35:08'),(80,277,21,'2016-05-04 14:35:08','2016-05-04 14:35:08'),(81,26,22,'2016-05-04 14:35:08','2016-05-04 14:35:08'),(82,34,24,'2016-05-04 14:35:08','2016-05-04 14:35:08'),(83,35,24,'2016-05-04 14:35:08','2016-05-04 14:35:08'),(84,37,25,'2016-05-04 14:35:08','2016-05-04 14:35:08'),(85,41,26,'2016-05-04 14:35:08','2016-05-04 14:35:08'),(86,42,27,'2016-05-04 14:35:08','2016-05-04 14:35:08'),(87,48,28,'2016-05-04 14:35:08','2016-05-04 14:35:08'),(88,52,30,'2016-05-04 14:35:08','2016-05-04 14:35:08'),(89,63,30,'2016-05-04 14:35:08','2016-05-04 14:35:08'),(90,53,31,'2016-05-04 14:35:08','2016-05-04 14:35:08'),(91,54,32,'2016-05-04 14:35:08','2016-05-04 14:35:08'),(92,55,33,'2016-05-04 14:35:08','2016-05-04 14:35:08'),(93,142,33,'2016-05-04 14:35:08','2016-05-04 14:35:08'),(94,143,33,'2016-05-04 14:35:08','2016-05-04 14:35:08'),(95,56,34,'2016-05-04 14:35:08','2016-05-04 14:35:08'),(96,57,35,'2016-05-04 14:35:08','2016-05-04 14:35:08'),(97,59,36,'2016-05-04 14:35:08','2016-05-04 14:35:08'),(98,60,37,'2016-05-04 14:35:08','2016-05-04 14:35:08'),(99,132,37,'2016-05-04 14:35:08','2016-05-04 14:35:08'),(100,64,39,'2016-05-04 14:35:08','2016-05-04 14:35:08'),(101,88,39,'2016-05-04 14:35:08','2016-05-04 14:35:08'),(102,282,39,'2016-05-04 14:35:08','2016-05-04 14:35:08'),(103,66,40,'2016-05-04 14:35:08','2016-05-04 14:35:08'),(104,92,40,'2016-05-04 14:35:08','2016-05-04 14:35:08'),(105,314,40,'2016-05-04 14:35:08','2016-05-04 14:35:08'),(106,70,42,'2016-05-04 14:35:08','2016-05-04 14:35:08'),(107,71,43,'2016-05-04 14:35:08','2016-05-04 14:35:08'),(108,74,45,'2016-05-04 14:35:08','2016-05-04 14:35:08'),(109,76,46,'2016-05-04 14:35:08','2016-05-04 14:35:08'),(110,130,46,'2016-05-04 14:35:08','2016-05-04 14:35:08'),(111,77,47,'2016-05-04 14:35:08','2016-05-04 14:35:08'),(112,82,48,'2016-05-04 14:35:08','2016-05-04 14:35:08'),(113,101,48,'2016-05-04 14:35:08','2016-05-04 14:35:08'),(114,215,48,'2016-05-04 14:35:08','2016-05-04 14:35:08'),(115,83,49,'2016-05-04 14:35:08','2016-05-04 14:35:08'),(116,176,49,'2016-05-04 14:35:08','2016-05-04 14:35:08'),(117,86,50,'2016-05-04 14:35:08','2016-05-04 14:35:08'),(118,87,51,'2016-05-04 14:35:08','2016-05-04 14:35:08'),(119,89,52,'2016-05-04 14:35:08','2016-05-04 14:35:08'),(120,90,53,'2016-05-04 14:35:08','2016-05-04 14:35:08'),(121,234,53,'2016-05-04 14:35:08','2016-05-04 14:35:08'),(122,107,53,'2016-05-04 14:35:08','2016-05-04 14:35:08'),(123,91,54,'2016-05-04 14:35:08','2016-05-04 14:35:08'),(124,94,55,'2016-05-04 14:35:08','2016-05-04 14:35:08'),(125,95,56,'2016-05-04 14:35:08','2016-05-04 14:35:08'),(126,96,57,'2016-05-04 14:35:08','2016-05-04 14:35:08'),(127,98,58,'2016-05-04 14:35:08','2016-05-04 14:35:08'),(128,99,59,'2016-05-04 14:35:08','2016-05-04 14:35:08'),(129,123,59,'2016-05-04 14:35:08','2016-05-04 14:35:08'),(130,291,59,'2016-05-04 14:35:08','2016-05-04 14:35:08'),(131,152,59,'2016-05-04 14:35:08','2016-05-04 14:35:08'),(132,174,59,'2016-05-04 14:35:08','2016-05-04 14:35:08'),(133,285,59,'2016-05-04 14:35:08','2016-05-04 14:35:08'),(134,100,60,'2016-05-04 14:35:08','2016-05-04 14:35:08'),(135,238,61,'2016-05-04 14:35:08','2016-05-04 14:35:08'),(136,102,63,'2016-05-04 14:35:08','2016-05-04 14:35:08'),(137,140,63,'2016-05-04 14:35:08','2016-05-04 14:35:08'),(138,103,64,'2016-05-04 14:35:08','2016-05-04 14:35:08'),(139,145,64,'2016-05-04 14:35:08','2016-05-04 14:35:08'),(140,159,64,'2016-05-04 14:35:08','2016-05-04 14:35:08'),(141,104,65,'2016-05-04 14:35:08','2016-05-04 14:35:08'),(142,105,66,'2016-05-04 14:35:08','2016-05-04 14:35:08'),(143,272,66,'2016-05-04 14:35:08','2016-05-04 14:35:08'),(144,289,66,'2016-05-04 14:35:08','2016-05-04 14:35:08'),(145,106,67,'2016-05-04 14:35:08','2016-05-04 14:35:08'),(146,109,68,'2016-05-04 14:35:08','2016-05-04 14:35:08'),(147,110,69,'2016-05-04 14:35:08','2016-05-04 14:35:08'),(148,111,70,'2016-05-04 14:35:08','2016-05-04 14:35:08'),(149,112,71,'2016-05-04 14:35:08','2016-05-04 14:35:08'),(150,133,71,'2016-05-04 14:35:08','2016-05-04 14:35:08'),(151,114,72,'2016-05-04 14:35:08','2016-05-04 14:35:08'),(152,116,73,'2016-05-04 14:35:08','2016-05-04 14:35:08'),(153,117,74,'2016-05-04 14:35:08','2016-05-04 14:35:08'),(154,119,75,'2016-05-04 14:35:08','2016-05-04 14:35:08'),(155,120,76,'2016-05-04 14:35:08','2016-05-04 14:35:08'),(156,121,77,'2016-05-04 14:35:08','2016-05-04 14:35:08'),(157,125,77,'2016-05-04 14:35:08','2016-05-04 14:35:08'),(158,124,78,'2016-05-04 14:35:08','2016-05-04 14:35:08'),(159,127,79,'2016-05-04 14:35:08','2016-05-04 14:35:08'),(160,128,80,'2016-05-04 14:35:08','2016-05-04 14:35:08'),(161,129,80,'2016-05-04 14:35:08','2016-05-04 14:35:08'),(162,134,81,'2016-05-04 14:35:08','2016-05-04 14:35:08'),(163,135,82,'2016-05-04 14:35:08','2016-05-04 14:35:08'),(164,136,83,'2016-05-04 14:35:08','2016-05-04 14:35:08'),(165,138,84,'2016-05-04 14:35:08','2016-05-04 14:35:08'),(166,139,85,'2016-05-04 14:35:08','2016-05-04 14:35:08'),(167,144,86,'2016-05-04 14:35:08','2016-05-04 14:35:08'),(168,147,87,'2016-05-04 14:35:08','2016-05-04 14:35:08'),(169,148,88,'2016-05-04 14:35:08','2016-05-04 14:35:08'),(170,150,89,'2016-05-04 14:35:08','2016-05-04 14:35:08'),(171,153,90,'2016-05-04 14:35:08','2016-05-04 14:35:08'),(172,155,91,'2016-05-04 14:35:08','2016-05-04 14:35:08'),(173,283,91,'2016-05-04 14:35:08','2016-05-04 14:35:08'),(174,156,93,'2016-05-04 14:35:08','2016-05-04 14:35:08'),(175,183,93,'2016-05-04 14:35:08','2016-05-04 14:35:08'),(176,158,94,'2016-05-04 14:35:08','2016-05-04 14:35:08'),(177,165,94,'2016-05-04 14:35:08','2016-05-04 14:35:08'),(178,258,94,'2016-05-04 14:35:08','2016-05-04 14:35:08'),(179,164,96,'2016-05-04 14:35:08','2016-05-04 14:35:08'),(180,167,97,'2016-05-04 14:35:08','2016-05-04 14:35:08'),(181,182,97,'2016-05-04 14:35:08','2016-05-04 14:35:08'),(182,168,98,'2016-05-04 14:35:08','2016-05-04 14:35:08'),(183,169,99,'2016-05-04 14:35:08','2016-05-04 14:35:08'),(184,172,100,'2016-05-04 14:35:08','2016-05-04 14:35:08'),(185,177,101,'2016-05-04 14:35:08','2016-05-04 14:35:08'),(186,178,102,'2016-05-04 14:35:08','2016-05-04 14:35:08'),(187,179,103,'2016-05-04 14:35:08','2016-05-04 14:35:08'),(188,226,103,'2016-05-04 14:35:08','2016-05-04 14:35:08'),(189,180,104,'2016-05-04 14:35:08','2016-05-04 14:35:08'),(190,184,106,'2016-05-04 14:35:08','2016-05-04 14:35:08'),(191,185,107,'2016-05-04 14:35:08','2016-05-04 14:35:08'),(192,186,108,'2016-05-04 14:35:08','2016-05-04 14:35:08'),(193,188,109,'2016-05-04 14:35:08','2016-05-04 14:35:08'),(194,216,112,'2016-05-04 14:35:08','2016-05-04 14:35:08'),(195,217,113,'2016-05-04 14:35:08','2016-05-04 14:35:08'),(196,218,114,'2016-05-04 14:35:08','2016-05-04 14:35:08'),(197,219,115,'2016-05-04 14:35:08','2016-05-04 14:35:08'),(198,220,116,'2016-05-04 14:35:08','2016-05-04 14:35:08'),(199,221,117,'2016-05-04 14:35:08','2016-05-04 14:35:08'),(200,309,117,'2016-05-04 14:35:08','2016-05-04 14:35:08'),(201,311,117,'2016-05-04 14:35:08','2016-05-04 14:35:08'),(202,224,118,'2016-05-04 14:35:08','2016-05-04 14:35:08'),(203,225,119,'2016-05-04 14:35:08','2016-05-04 14:35:08'),(204,261,119,'2016-05-04 14:35:08','2016-05-04 14:35:08'),(205,227,120,'2016-05-04 14:35:08','2016-05-04 14:35:08'),(206,228,121,'2016-05-04 14:35:08','2016-05-04 14:35:08'),(207,229,123,'2016-05-04 14:35:08','2016-05-04 14:35:08'),(208,230,124,'2016-05-04 14:35:08','2016-05-04 14:35:08'),(209,231,125,'2016-05-04 14:35:08','2016-05-04 14:35:08'),(210,232,126,'2016-05-04 14:35:08','2016-05-04 14:35:08'),(211,307,126,'2016-05-04 14:35:08','2016-05-04 14:35:08'),(212,245,127,'2016-05-04 14:35:08','2016-05-04 14:35:08'),(213,235,128,'2016-05-04 14:35:08','2016-05-04 14:35:08'),(214,237,129,'2016-05-04 14:35:08','2016-05-04 14:35:08'),(215,239,130,'2016-05-04 14:35:08','2016-05-04 14:35:08'),(216,240,131,'2016-05-04 14:35:08','2016-05-04 14:35:08'),(217,242,133,'2016-05-04 14:35:08','2016-05-04 14:35:08'),(218,243,134,'2016-05-04 14:35:08','2016-05-04 14:35:08'),(219,244,135,'2016-05-04 14:35:08','2016-05-04 14:35:08'),(220,247,136,'2016-05-04 14:35:08','2016-05-04 14:35:08'),(221,251,138,'2016-05-04 14:35:08','2016-05-04 14:35:08'),(222,252,139,'2016-05-04 14:35:08','2016-05-04 14:35:08'),(223,253,140,'2016-05-04 14:35:08','2016-05-04 14:35:08'),(224,254,141,'2016-05-04 14:35:08','2016-05-04 14:35:08'),(225,290,141,'2016-05-04 14:35:08','2016-05-04 14:35:08'),(226,305,141,'2016-05-04 14:35:08','2016-05-04 14:35:08'),(227,316,141,'2016-05-04 14:35:08','2016-05-04 14:35:08'),(228,255,142,'2016-05-04 14:35:08','2016-05-04 14:35:08'),(229,256,143,'2016-05-04 14:35:08','2016-05-04 14:35:08'),(230,257,144,'2016-05-04 14:35:08','2016-05-04 14:35:08'),(231,276,144,'2016-05-04 14:35:08','2016-05-04 14:35:08'),(232,259,145,'2016-05-04 14:35:08','2016-05-04 14:35:08'),(233,306,145,'2016-05-04 14:35:08','2016-05-04 14:35:08'),(234,260,146,'2016-05-04 14:35:08','2016-05-04 14:35:08'),(235,318,146,'2016-05-04 14:35:08','2016-05-04 14:35:08'),(236,262,147,'2016-05-04 14:35:08','2016-05-04 14:35:08'),(237,265,148,'2016-05-04 14:35:08','2016-05-04 14:35:08'),(238,268,149,'2016-05-04 14:35:09','2016-05-04 14:35:09'),(239,270,150,'2016-05-04 14:35:09','2016-05-04 14:35:09'),(240,271,151,'2016-05-04 14:35:09','2016-05-04 14:35:09'),(241,273,152,'2016-05-04 14:35:09','2016-05-04 14:35:09'),(242,274,153,'2016-05-04 14:35:09','2016-05-04 14:35:09'),(243,279,155,'2016-05-04 14:35:09','2016-05-04 14:35:09'),(244,280,156,'2016-05-04 14:35:09','2016-05-04 14:35:09'),(245,281,157,'2016-05-04 14:35:09','2016-05-04 14:35:09'),(246,284,158,'2016-05-04 14:35:09','2016-05-04 14:35:09'),(247,286,159,'2016-05-04 14:35:09','2016-05-04 14:35:09'),(248,287,160,'2016-05-04 14:35:09','2016-05-04 14:35:09'),(249,288,161,'2016-05-04 14:35:09','2016-05-04 14:35:09'),(250,292,162,'2016-05-04 14:35:09','2016-05-04 14:35:09'),(251,308,162,'2016-05-04 14:35:09','2016-05-04 14:35:09'),(252,293,163,'2016-05-04 14:35:09','2016-05-04 14:35:09'),(253,294,164,'2016-05-04 14:35:09','2016-05-04 14:35:09'),(254,295,165,'2016-05-04 14:35:09','2016-05-04 14:35:09'),(255,303,165,'2016-05-04 14:35:09','2016-05-04 14:35:09'),(256,296,166,'2016-05-04 14:35:09','2016-05-04 14:35:09'),(257,297,167,'2016-05-04 14:35:09','2016-05-04 14:35:09'),(258,298,168,'2016-05-04 14:35:09','2016-05-04 14:35:09'),(259,299,169,'2016-05-04 14:35:09','2016-05-04 14:35:09'),(260,301,169,'2016-05-04 14:35:09','2016-05-04 14:35:09'),(261,300,170,'2016-05-04 14:35:09','2016-05-04 14:35:09'),(262,302,171,'2016-05-04 14:35:09','2016-05-04 14:35:09'),(263,304,172,'2016-05-04 14:35:09','2016-05-04 14:35:09'),(264,310,174,'2016-05-04 14:35:09','2016-05-04 14:35:09'),(265,312,175,'2016-05-04 14:35:09','2016-05-04 14:35:09'),(266,313,176,'2016-05-04 14:35:09','2016-05-04 14:35:09'),(267,315,177,'2016-05-04 14:35:09','2016-05-04 14:35:09'),(268,319,141,'2016-05-04 14:35:09','2016-05-04 14:35:09');
/*!40000 ALTER TABLE `memberships` ENABLE KEYS */;
UNLOCK TABLES;

--
-- Table structure for table `organizations`
--

DROP TABLE IF EXISTS `organizations`;
/*!40101 SET @saved_cs_client     = @@character_set_client */;
/*!40101 SET character_set_client = utf8 */;
CREATE TABLE `organizations` (
  `id` int(11) NOT NULL AUTO_INCREMENT,
  `name` varchar(255) DEFAULT NULL,
  `phone` varchar(255) DEFAULT NULL,
  `email` varchar(255) DEFAULT NULL,
  `created_at` datetime NOT NULL,
  `updated_at` datetime NOT NULL,
  `address_id` int(11) DEFAULT NULL,
  PRIMARY KEY (`id`)
) ENGINE=InnoDB AUTO_INCREMENT=76 DEFAULT CHARSET=latin1;
/*!40101 SET character_set_client = @saved_cs_client */;

--
-- Dumping data for table `organizations`
--

LOCK TABLES `organizations` WRITE;
/*!40000 ALTER TABLE `organizations` DISABLE KEYS */;
INSERT INTO `organizations` VALUES (1,'Dana-Farber Cancer Institute','','','2016-05-04 14:35:03','2016-05-04 14:35:03',1),(2,'Broad Institute','','','2016-05-04 14:35:03','2016-05-04 14:35:03',2),(5,'Massachusetts Eye and Ear Infirmary','617 573 3367','inetwebmaster@meei.harvard.edu','2016-05-04 14:35:03','2016-05-04 14:35:03',6),(6,'N-Of-One','617 669 1706','jkinoshita@n-of-one.com','2016-05-04 14:35:03','2016-05-04 14:35:03',9),(7,'UCLA','3108259111','somwebmaster@mednet.ucla.edu','2016-05-04 14:35:03','2016-05-04 14:35:03',11),(11,'Novartis NIBR','6178718000','nibr@novartis.com','2016-05-04 14:35:03','2016-05-04 14:35:03',13),(12,'Case Western Reserve University','','Henry.Koon@UHhospitals.org','2016-05-04 14:35:03','2016-05-04 14:35:03',18),(13,'Peter MacCallum Cancer Centre','NULL','NULL','2016-05-04 14:35:03','2016-05-04 14:35:03',21),(14,'BIDMC','NULL','NULL','2016-05-04 14:35:03','2016-05-04 14:35:03',75),(16,'Brigham and Women\'s Hospital','NULL','NULL','2016-05-04 14:35:03','2016-05-04 14:35:03',34),(23,'Samsung Medical Center','NULL','NULL','2016-05-04 14:35:03','2016-05-04 14:35:03',29),(24,'Massachusetts General Hospital','NULL','NULL','2016-05-04 14:35:03','2016-05-04 14:35:03',5),(26,'Duke University Medical Center','NULL','NULL','2016-05-04 14:35:03','2016-05-04 14:35:03',31),(30,'Partners Healthcare-Virology','NULL','NULL','2016-05-04 14:35:03','2016-05-04 14:35:03',34),(31,'NYU School of Medicine','NULL','NULL','2016-05-04 14:35:03','2016-05-04 14:35:03',36),(32,'Children\'s Hospital Boston','NULL','NULL','2016-05-04 14:35:03','2016-05-04 14:35:03',38),(33,'Queen\'s University','NULL','NULL','2016-05-04 14:35:03','2016-05-04 14:35:03',39),(35,'Infinity Pharmaceuticals','NULL','NULL','2016-05-04 14:35:03','2016-05-04 14:35:03',44),(36,'Harvard University','NULL','NULL','2016-05-04 14:35:03','2016-05-04 14:35:03',75),(38,'Sanofi-Aventis','NULL','NULL','2016-05-04 14:35:03','2016-05-04 14:35:03',49),(40,'DFCI /HCC','NULL','NULL','2016-05-04 14:35:03','2016-05-04 14:35:03',12),(44,'Duke University','NULL','NULL','2016-05-04 14:35:03','2016-05-04 14:35:03',57),(48,'Center for Novel Exp Therapeutics','NULL','NULL','2016-05-04 14:35:03','2016-05-04 14:35:03',70),(51,'Beth Israel Deaconess Medical Center Harvard Medical School','NULL','NULL','2016-05-04 14:35:03','2016-05-04 14:35:03',76),(52,'DFCI','NULL','NULL','2016-05-04 14:35:03','2016-05-04 14:35:03',77),(53,'Dana Farber Cancer Institute','NULL','NULL','2016-05-04 14:35:03','2016-05-04 14:35:03',78),(54,'BWH','NULL','NULL','2016-05-04 14:35:03','2016-05-04 14:35:03',82),(55,'Beckman Coulter','NULL','NULL','2016-05-04 14:35:03','2016-05-04 14:35:03',84),(56,'Hospital For Sick CHildren','NULL','NULL','2016-05-04 14:35:03','2016-05-04 14:35:03',86),(57,'DFCI/Harvard','NULL','NULL','2016-05-04 14:35:03','2016-05-04 14:35:03',1),(58,'The Broad Institute of Harvard and MIT','NULL','NULL','2016-05-04 14:35:03','2016-05-04 14:35:03',2),(59,'Janssen Pharmaceutica','NULL','NULL','2016-05-04 14:35:04','2016-05-04 14:35:04',90),(60,'Boston Children\'s Hospital','NULL','NULL','2016-05-04 14:35:04','2016-05-04 14:35:04',91),(61,'Harvard Medical School','NULL','NULL','2016-05-04 14:35:04','2016-05-04 14:35:04',92),(62,'Health Canada','NULL','NULL','2016-05-04 14:35:04','2016-05-04 14:35:04',93),(63,'DFCI/Broad/BCH','NULL','NULL','2016-05-04 14:35:04','2016-05-04 14:35:04',94),(64,'Dana Farber','NULL','NULL','2016-05-04 14:35:04','2016-05-04 14:35:04',99),(65,'University of Texas Southwestern Medical Center','NULL','NULL','2016-05-04 14:35:04','2016-05-04 14:35:04',102),(66,'University of Munich','NULL','NULL','2016-05-04 14:35:04','2016-05-04 14:35:04',104),(67,'Mount Sinai','NULL','NULL','2016-05-04 14:35:04','2016-05-04 14:35:04',105),(68,'BIDMC',' Harvard Medical School','NULL','2016-05-04 14:35:04','2016-05-04 14:35:04',0),(69,'Kliniken Essen-Mitte','NULL','NULL','2016-05-04 14:35:04','2016-05-04 14:35:04',106),(70,'DFCI / BWH','NULL','NULL','2016-05-04 14:35:04','2016-05-04 14:35:04',107),(71,'Salzburg Cancer Research Institute','NULL','NULL','2016-05-04 14:35:04','2016-05-04 14:35:04',109),(72,'Lady Davis Institute','NULL','NULL','2016-05-04 14:35:04','2016-05-04 14:35:04',112),(73,'BWH Pathology','NULL','NULL','2016-05-04 14:35:04','2016-05-04 14:35:04',113),(74,'DFCI/BWH','NULL','NULL','2016-05-04 14:35:04','2016-05-04 14:35:04',114),(75,'DFCI-MO','NULL','NULL','2016-05-04 14:35:04','2016-05-04 14:35:04',77);
/*!40000 ALTER TABLE `organizations` ENABLE KEYS */;
UNLOCK TABLES;

--
-- Table structure for table `privileges`
--

DROP TABLE IF EXISTS `privileges`;
/*!40101 SET @saved_cs_client     = @@character_set_client */;
/*!40101 SET character_set_client = utf8 */;
CREATE TABLE `privileges` (
  `id` int(11) NOT NULL AUTO_INCREMENT,
  `created_at` datetime NOT NULL,
  `updated_at` datetime NOT NULL,
  `user_id` int(11) NOT NULL,
  `role_id` int(11) NOT NULL,
  PRIMARY KEY (`id`),
  KEY `index_privileges_on_user_id` (`user_id`),
  KEY `index_privileges_on_role_id` (`role_id`)
) ENGINE=InnoDB AUTO_INCREMENT=405 DEFAULT CHARSET=latin1;
/*!40101 SET character_set_client = @saved_cs_client */;

--
-- Dumping data for table `privileges`
--

LOCK TABLES `privileges` WRITE;
/*!40000 ALTER TABLE `privileges` DISABLE KEYS */;
INSERT INTO `privileges` VALUES (1,'2016-05-04 14:35:09','2016-05-04 14:35:09',2,1),(2,'2016-05-04 14:35:09','2016-05-04 14:35:09',3,1),(3,'2016-05-04 14:35:09','2016-05-04 14:35:09',73,1),(4,'2016-05-04 14:35:09','2016-05-04 14:35:09',108,1),(5,'2016-05-04 14:35:09','2016-05-04 14:35:09',123,1),(6,'2016-05-04 14:35:09','2016-05-04 14:35:09',137,1),(7,'2016-05-04 14:35:09','2016-05-04 14:35:09',154,1),(8,'2016-05-04 14:35:09','2016-05-04 14:35:09',160,1),(9,'2016-05-04 14:35:09','2016-05-04 14:35:09',171,1),(10,'2016-05-04 14:35:09','2016-05-04 14:35:09',233,1),(11,'2016-05-04 14:35:09','2016-05-04 14:35:09',246,1),(12,'2016-05-04 14:35:09','2016-05-04 14:35:09',250,1),(13,'2016-05-04 14:35:09','2016-05-04 14:35:09',267,1),(14,'2016-05-04 14:35:09','2016-05-04 14:35:09',316,1),(15,'2016-05-04 14:35:09','2016-05-04 14:35:09',317,1),(16,'2016-05-04 14:35:09','2016-05-04 14:35:09',8,2),(17,'2016-05-04 14:35:09','2016-05-04 14:35:09',9,2),(18,'2016-05-04 14:35:09','2016-05-04 14:35:09',10,2),(19,'2016-05-04 14:35:09','2016-05-04 14:35:09',11,2),(20,'2016-05-04 14:35:09','2016-05-04 14:35:09',12,2),(21,'2016-05-04 14:35:09','2016-05-04 14:35:09',13,2),(22,'2016-05-04 14:35:09','2016-05-04 14:35:09',14,2),(23,'2016-05-04 14:35:09','2016-05-04 14:35:09',46,2),(24,'2016-05-04 14:35:09','2016-05-04 14:35:09',167,2),(25,'2016-05-04 14:35:09','2016-05-04 14:35:09',263,2),(26,'2016-05-04 14:35:09','2016-05-04 14:35:09',264,2),(27,'2016-05-04 14:35:09','2016-05-04 14:35:09',2,3),(28,'2016-05-04 14:35:09','2016-05-04 14:35:09',3,3),(29,'2016-05-04 14:35:09','2016-05-04 14:35:09',4,3),(30,'2016-05-04 14:35:09','2016-05-04 14:35:09',5,3),(31,'2016-05-04 14:35:09','2016-05-04 14:35:09',7,3),(32,'2016-05-04 14:35:09','2016-05-04 14:35:09',27,3),(33,'2016-05-04 14:35:09','2016-05-04 14:35:09',40,3),(34,'2016-05-04 14:35:09','2016-05-04 14:35:09',61,3),(35,'2016-05-04 14:35:09','2016-05-04 14:35:09',65,3),(36,'2016-05-04 14:35:09','2016-05-04 14:35:09',81,3),(37,'2016-05-04 14:35:09','2016-05-04 14:35:09',108,3),(38,'2016-05-04 14:35:09','2016-05-04 14:35:09',123,3),(39,'2016-05-04 14:35:09','2016-05-04 14:35:09',126,3),(40,'2016-05-04 14:35:09','2016-05-04 14:35:09',137,3),(41,'2016-05-04 14:35:09','2016-05-04 14:35:09',145,3),(42,'2016-05-04 14:35:09','2016-05-04 14:35:09',154,3),(43,'2016-05-04 14:35:09','2016-05-04 14:35:09',160,3),(44,'2016-05-04 14:35:09','2016-05-04 14:35:09',171,3),(45,'2016-05-04 14:35:09','2016-05-04 14:35:09',173,3),(46,'2016-05-04 14:35:09','2016-05-04 14:35:09',233,3),(47,'2016-05-04 14:35:09','2016-05-04 14:35:09',246,3),(48,'2016-05-04 14:35:09','2016-05-04 14:35:09',250,3),(49,'2016-05-04 14:35:09','2016-05-04 14:35:09',266,3),(50,'2016-05-04 14:35:09','2016-05-04 14:35:09',267,3),(51,'2016-05-04 14:35:09','2016-05-04 14:35:09',269,3),(52,'2016-05-04 14:35:09','2016-05-04 14:35:09',290,3),(53,'2016-05-04 14:35:09','2016-05-04 14:35:09',305,3),(54,'2016-05-04 14:35:09','2016-05-04 14:35:09',2,5),(55,'2016-05-04 14:35:09','2016-05-04 14:35:09',3,5),(56,'2016-05-04 14:35:09','2016-05-04 14:35:09',4,5),(57,'2016-05-04 14:35:09','2016-05-04 14:35:09',5,5),(58,'2016-05-04 14:35:09','2016-05-04 14:35:09',8,5),(59,'2016-05-04 14:35:09','2016-05-04 14:35:09',9,5),(60,'2016-05-04 14:35:09','2016-05-04 14:35:09',10,5),(61,'2016-05-04 14:35:09','2016-05-04 14:35:09',11,5),(62,'2016-05-04 14:35:09','2016-05-04 14:35:09',12,5),(63,'2016-05-04 14:35:09','2016-05-04 14:35:09',13,5),(64,'2016-05-04 14:35:09','2016-05-04 14:35:09',14,5),(65,'2016-05-04 14:35:09','2016-05-04 14:35:09',15,5),(66,'2016-05-04 14:35:09','2016-05-04 14:35:09',16,5),(67,'2016-05-04 14:35:09','2016-05-04 14:35:09',17,5),(68,'2016-05-04 14:35:09','2016-05-04 14:35:09',18,5),(69,'2016-05-04 14:35:09','2016-05-04 14:35:09',19,5),(70,'2016-05-04 14:35:09','2016-05-04 14:35:09',20,5),(71,'2016-05-04 14:35:09','2016-05-04 14:35:09',21,5),(72,'2016-05-04 14:35:09','2016-05-04 14:35:09',22,5),(73,'2016-05-04 14:35:09','2016-05-04 14:35:09',23,5),(74,'2016-05-04 14:35:09','2016-05-04 14:35:09',24,5),(75,'2016-05-04 14:35:09','2016-05-04 14:35:09',25,5),(76,'2016-05-04 14:35:09','2016-05-04 14:35:09',26,5),(77,'2016-05-04 14:35:09','2016-05-04 14:35:09',34,5),(78,'2016-05-04 14:35:09','2016-05-04 14:35:09',37,5),(79,'2016-05-04 14:35:09','2016-05-04 14:35:09',38,5),(80,'2016-05-04 14:35:09','2016-05-04 14:35:09',39,5),(81,'2016-05-04 14:35:09','2016-05-04 14:35:09',41,5),(82,'2016-05-04 14:35:09','2016-05-04 14:35:09',42,5),(83,'2016-05-04 14:35:09','2016-05-04 14:35:09',50,5),(84,'2016-05-04 14:35:09','2016-05-04 14:35:09',51,5),(85,'2016-05-04 14:35:09','2016-05-04 14:35:09',52,5),(86,'2016-05-04 14:35:09','2016-05-04 14:35:09',53,5),(87,'2016-05-04 14:35:09','2016-05-04 14:35:09',56,5),(88,'2016-05-04 14:35:09','2016-05-04 14:35:09',57,5),(89,'2016-05-04 14:35:09','2016-05-04 14:35:09',58,5),(90,'2016-05-04 14:35:09','2016-05-04 14:35:09',59,5),(91,'2016-05-04 14:35:09','2016-05-04 14:35:09',60,5),(92,'2016-05-04 14:35:09','2016-05-04 14:35:09',63,5),(93,'2016-05-04 14:35:09','2016-05-04 14:35:09',66,5),(94,'2016-05-04 14:35:09','2016-05-04 14:35:09',70,5),(95,'2016-05-04 14:35:09','2016-05-04 14:35:09',71,5),(96,'2016-05-04 14:35:09','2016-05-04 14:35:09',72,5),(97,'2016-05-04 14:35:09','2016-05-04 14:35:09',76,5),(98,'2016-05-04 14:35:09','2016-05-04 14:35:09',77,5),(99,'2016-05-04 14:35:09','2016-05-04 14:35:09',79,5),(100,'2016-05-04 14:35:09','2016-05-04 14:35:09',87,5),(101,'2016-05-04 14:35:09','2016-05-04 14:35:09',91,5),(102,'2016-05-04 14:35:09','2016-05-04 14:35:09',95,5),(103,'2016-05-04 14:35:09','2016-05-04 14:35:09',96,5),(104,'2016-05-04 14:35:09','2016-05-04 14:35:09',99,5),(105,'2016-05-04 14:35:09','2016-05-04 14:35:09',102,5),(106,'2016-05-04 14:35:09','2016-05-04 14:35:09',103,5),(107,'2016-05-04 14:35:09','2016-05-04 14:35:09',112,5),(108,'2016-05-04 14:35:09','2016-05-04 14:35:09',114,5),(109,'2016-05-04 14:35:09','2016-05-04 14:35:09',117,5),(110,'2016-05-04 14:35:09','2016-05-04 14:35:09',125,5),(111,'2016-05-04 14:35:09','2016-05-04 14:35:09',134,5),(112,'2016-05-04 14:35:09','2016-05-04 14:35:09',137,5),(113,'2016-05-04 14:35:09','2016-05-04 14:35:09',138,5),(114,'2016-05-04 14:35:09','2016-05-04 14:35:09',139,5),(115,'2016-05-04 14:35:09','2016-05-04 14:35:09',140,5),(116,'2016-05-04 14:35:09','2016-05-04 14:35:09',145,5),(117,'2016-05-04 14:35:09','2016-05-04 14:35:09',153,5),(118,'2016-05-04 14:35:09','2016-05-04 14:35:09',154,5),(119,'2016-05-04 14:35:09','2016-05-04 14:35:09',155,5),(120,'2016-05-04 14:35:09','2016-05-04 14:35:09',156,5),(121,'2016-05-04 14:35:09','2016-05-04 14:35:09',158,5),(122,'2016-05-04 14:35:09','2016-05-04 14:35:09',161,5),(123,'2016-05-04 14:35:09','2016-05-04 14:35:09',164,5),(124,'2016-05-04 14:35:09','2016-05-04 14:35:09',167,5),(125,'2016-05-04 14:35:09','2016-05-04 14:35:09',168,5),(126,'2016-05-04 14:35:09','2016-05-04 14:35:09',169,5),(127,'2016-05-04 14:35:09','2016-05-04 14:35:09',177,5),(128,'2016-05-04 14:35:09','2016-05-04 14:35:09',178,5),(129,'2016-05-04 14:35:09','2016-05-04 14:35:09',179,5),(130,'2016-05-04 14:35:09','2016-05-04 14:35:09',184,5),(131,'2016-05-04 14:35:09','2016-05-04 14:35:09',186,5),(132,'2016-05-04 14:35:09','2016-05-04 14:35:09',216,5),(133,'2016-05-04 14:35:09','2016-05-04 14:35:09',217,5),(134,'2016-05-04 14:35:09','2016-05-04 14:35:09',219,5),(135,'2016-05-04 14:35:09','2016-05-04 14:35:09',221,5),(136,'2016-05-04 14:35:09','2016-05-04 14:35:09',226,5),(137,'2016-05-04 14:35:09','2016-05-04 14:35:09',227,5),(138,'2016-05-04 14:35:09','2016-05-04 14:35:09',228,5),(139,'2016-05-04 14:35:09','2016-05-04 14:35:09',229,5),(140,'2016-05-04 14:35:09','2016-05-04 14:35:09',231,5),(141,'2016-05-04 14:35:09','2016-05-04 14:35:09',234,5),(142,'2016-05-04 14:35:09','2016-05-04 14:35:09',239,5),(143,'2016-05-04 14:35:09','2016-05-04 14:35:09',240,5),(144,'2016-05-04 14:35:09','2016-05-04 14:35:09',243,5),(145,'2016-05-04 14:35:09','2016-05-04 14:35:09',244,5),(146,'2016-05-04 14:35:09','2016-05-04 14:35:09',245,5),(147,'2016-05-04 14:35:09','2016-05-04 14:35:09',246,5),(148,'2016-05-04 14:35:09','2016-05-04 14:35:09',250,5),(149,'2016-05-04 14:35:09','2016-05-04 14:35:09',251,5),(150,'2016-05-04 14:35:09','2016-05-04 14:35:09',252,5),(151,'2016-05-04 14:35:09','2016-05-04 14:35:09',256,5),(152,'2016-05-04 14:35:09','2016-05-04 14:35:09',259,5),(153,'2016-05-04 14:35:09','2016-05-04 14:35:09',269,5),(154,'2016-05-04 14:35:09','2016-05-04 14:35:09',270,5),(155,'2016-05-04 14:35:09','2016-05-04 14:35:09',271,5),(156,'2016-05-04 14:35:09','2016-05-04 14:35:09',286,5),(157,'2016-05-04 14:35:09','2016-05-04 14:35:09',288,5),(158,'2016-05-04 14:35:09','2016-05-04 14:35:09',292,5),(159,'2016-05-04 14:35:09','2016-05-04 14:35:09',293,5),(160,'2016-05-04 14:35:10','2016-05-04 14:35:10',295,5),(161,'2016-05-04 14:35:10','2016-05-04 14:35:10',296,5),(162,'2016-05-04 14:35:10','2016-05-04 14:35:10',297,5),(163,'2016-05-04 14:35:10','2016-05-04 14:35:10',298,5),(164,'2016-05-04 14:35:10','2016-05-04 14:35:10',300,5),(165,'2016-05-04 14:35:10','2016-05-04 14:35:10',310,5),(166,'2016-05-04 14:35:10','2016-05-04 14:35:10',312,5),(167,'2016-05-04 14:35:10','2016-05-04 14:35:10',318,5),(168,'2016-05-04 14:35:10','2016-05-04 14:35:10',5,5),(169,'2016-05-04 14:35:10','2016-05-04 14:35:10',6,5),(170,'2016-05-04 14:35:10','2016-05-04 14:35:10',27,5),(171,'2016-05-04 14:35:10','2016-05-04 14:35:10',28,5),(172,'2016-05-04 14:35:10','2016-05-04 14:35:10',30,5),(173,'2016-05-04 14:35:10','2016-05-04 14:35:10',31,5),(174,'2016-05-04 14:35:10','2016-05-04 14:35:10',33,5),(175,'2016-05-04 14:35:10','2016-05-04 14:35:10',35,5),(176,'2016-05-04 14:35:10','2016-05-04 14:35:10',36,5),(177,'2016-05-04 14:35:10','2016-05-04 14:35:10',39,5),(178,'2016-05-04 14:35:10','2016-05-04 14:35:10',40,5),(179,'2016-05-04 14:35:10','2016-05-04 14:35:10',43,5),(180,'2016-05-04 14:35:10','2016-05-04 14:35:10',44,5),(181,'2016-05-04 14:35:10','2016-05-04 14:35:10',45,5),(182,'2016-05-04 14:35:10','2016-05-04 14:35:10',46,5),(183,'2016-05-04 14:35:10','2016-05-04 14:35:10',47,5),(184,'2016-05-04 14:35:10','2016-05-04 14:35:10',48,5),(185,'2016-05-04 14:35:10','2016-05-04 14:35:10',49,5),(186,'2016-05-04 14:35:10','2016-05-04 14:35:10',50,5),(187,'2016-05-04 14:35:10','2016-05-04 14:35:10',54,5),(188,'2016-05-04 14:35:10','2016-05-04 14:35:10',55,5),(189,'2016-05-04 14:35:10','2016-05-04 14:35:10',61,5),(190,'2016-05-04 14:35:10','2016-05-04 14:35:10',62,5),(191,'2016-05-04 14:35:10','2016-05-04 14:35:10',64,5),(192,'2016-05-04 14:35:10','2016-05-04 14:35:10',65,5),(193,'2016-05-04 14:35:10','2016-05-04 14:35:10',74,5),(194,'2016-05-04 14:35:10','2016-05-04 14:35:10',78,5),(195,'2016-05-04 14:35:10','2016-05-04 14:35:10',80,5),(196,'2016-05-04 14:35:10','2016-05-04 14:35:10',81,5),(197,'2016-05-04 14:35:10','2016-05-04 14:35:10',82,5),(198,'2016-05-04 14:35:10','2016-05-04 14:35:10',83,5),(199,'2016-05-04 14:35:10','2016-05-04 14:35:10',85,5),(200,'2016-05-04 14:35:10','2016-05-04 14:35:10',86,5),(201,'2016-05-04 14:35:10','2016-05-04 14:35:10',88,5),(202,'2016-05-04 14:35:10','2016-05-04 14:35:10',89,5),(203,'2016-05-04 14:35:10','2016-05-04 14:35:10',90,5),(204,'2016-05-04 14:35:10','2016-05-04 14:35:10',92,5),(205,'2016-05-04 14:35:10','2016-05-04 14:35:10',93,5),(206,'2016-05-04 14:35:10','2016-05-04 14:35:10',94,5),(207,'2016-05-04 14:35:10','2016-05-04 14:35:10',97,5),(208,'2016-05-04 14:35:10','2016-05-04 14:35:10',98,5),(209,'2016-05-04 14:35:10','2016-05-04 14:35:10',99,5),(210,'2016-05-04 14:35:10','2016-05-04 14:35:10',100,5),(211,'2016-05-04 14:35:10','2016-05-04 14:35:10',101,5),(212,'2016-05-04 14:35:10','2016-05-04 14:35:10',104,5),(213,'2016-05-04 14:35:10','2016-05-04 14:35:10',105,5),(214,'2016-05-04 14:35:10','2016-05-04 14:35:10',106,5),(215,'2016-05-04 14:35:10','2016-05-04 14:35:10',107,5),(216,'2016-05-04 14:35:10','2016-05-04 14:35:10',108,5),(217,'2016-05-04 14:35:10','2016-05-04 14:35:10',109,5),(218,'2016-05-04 14:35:10','2016-05-04 14:35:10',110,5),(219,'2016-05-04 14:35:10','2016-05-04 14:35:10',111,5),(220,'2016-05-04 14:35:10','2016-05-04 14:35:10',113,5),(221,'2016-05-04 14:35:10','2016-05-04 14:35:10',116,5),(222,'2016-05-04 14:35:10','2016-05-04 14:35:10',119,5),(223,'2016-05-04 14:35:10','2016-05-04 14:35:10',120,5),(224,'2016-05-04 14:35:10','2016-05-04 14:35:10',121,5),(225,'2016-05-04 14:35:10','2016-05-04 14:35:10',122,5),(226,'2016-05-04 14:35:10','2016-05-04 14:35:10',124,5),(227,'2016-05-04 14:35:10','2016-05-04 14:35:10',127,5),(228,'2016-05-04 14:35:10','2016-05-04 14:35:10',128,5),(229,'2016-05-04 14:35:10','2016-05-04 14:35:10',129,5),(230,'2016-05-04 14:35:10','2016-05-04 14:35:10',130,5),(231,'2016-05-04 14:35:10','2016-05-04 14:35:10',132,5),(232,'2016-05-04 14:35:10','2016-05-04 14:35:10',133,5),(233,'2016-05-04 14:35:10','2016-05-04 14:35:10',136,5),(234,'2016-05-04 14:35:10','2016-05-04 14:35:10',137,5),(235,'2016-05-04 14:35:10','2016-05-04 14:35:10',141,5),(236,'2016-05-04 14:35:10','2016-05-04 14:35:10',144,5),(237,'2016-05-04 14:35:10','2016-05-04 14:35:10',145,5),(238,'2016-05-04 14:35:10','2016-05-04 14:35:10',146,5),(239,'2016-05-04 14:35:10','2016-05-04 14:35:10',148,5),(240,'2016-05-04 14:35:10','2016-05-04 14:35:10',150,5),(241,'2016-05-04 14:35:10','2016-05-04 14:35:10',152,5),(242,'2016-05-04 14:35:10','2016-05-04 14:35:10',157,5),(243,'2016-05-04 14:35:10','2016-05-04 14:35:10',159,5),(244,'2016-05-04 14:35:10','2016-05-04 14:35:10',160,5),(245,'2016-05-04 14:35:10','2016-05-04 14:35:10',161,5),(246,'2016-05-04 14:35:10','2016-05-04 14:35:10',164,5),(247,'2016-05-04 14:35:10','2016-05-04 14:35:10',165,5),(248,'2016-05-04 14:35:10','2016-05-04 14:35:10',168,5),(249,'2016-05-04 14:35:10','2016-05-04 14:35:10',171,5),(250,'2016-05-04 14:35:10','2016-05-04 14:35:10',172,5),(251,'2016-05-04 14:35:10','2016-05-04 14:35:10',173,5),(252,'2016-05-04 14:35:10','2016-05-04 14:35:10',174,5),(253,'2016-05-04 14:35:10','2016-05-04 14:35:10',175,5),(254,'2016-05-04 14:35:10','2016-05-04 14:35:10',176,5),(255,'2016-05-04 14:35:10','2016-05-04 14:35:10',177,5),(256,'2016-05-04 14:35:10','2016-05-04 14:35:10',180,5),(257,'2016-05-04 14:35:10','2016-05-04 14:35:10',182,5),(258,'2016-05-04 14:35:10','2016-05-04 14:35:10',183,5),(259,'2016-05-04 14:35:10','2016-05-04 14:35:10',185,5),(260,'2016-05-04 14:35:10','2016-05-04 14:35:10',188,5),(261,'2016-05-04 14:35:10','2016-05-04 14:35:10',215,5),(262,'2016-05-04 14:35:10','2016-05-04 14:35:10',217,5),(263,'2016-05-04 14:35:10','2016-05-04 14:35:10',218,5),(264,'2016-05-04 14:35:10','2016-05-04 14:35:10',220,5),(265,'2016-05-04 14:35:10','2016-05-04 14:35:10',224,5),(266,'2016-05-04 14:35:10','2016-05-04 14:35:10',225,5),(267,'2016-05-04 14:35:10','2016-05-04 14:35:10',230,5),(268,'2016-05-04 14:35:10','2016-05-04 14:35:10',231,5),(269,'2016-05-04 14:35:10','2016-05-04 14:35:10',232,5),(270,'2016-05-04 14:35:10','2016-05-04 14:35:10',233,5),(271,'2016-05-04 14:35:10','2016-05-04 14:35:10',235,5),(272,'2016-05-04 14:35:10','2016-05-04 14:35:10',237,5),(273,'2016-05-04 14:35:10','2016-05-04 14:35:10',238,5),(274,'2016-05-04 14:35:10','2016-05-04 14:35:10',242,5),(275,'2016-05-04 14:35:10','2016-05-04 14:35:10',243,5),(276,'2016-05-04 14:35:10','2016-05-04 14:35:10',246,5),(277,'2016-05-04 14:35:10','2016-05-04 14:35:10',247,5),(278,'2016-05-04 14:35:10','2016-05-04 14:35:10',250,5),(279,'2016-05-04 14:35:10','2016-05-04 14:35:10',253,5),(280,'2016-05-04 14:35:10','2016-05-04 14:35:10',255,5),(281,'2016-05-04 14:35:10','2016-05-04 14:35:10',257,5),(282,'2016-05-04 14:35:10','2016-05-04 14:35:10',258,5),(283,'2016-05-04 14:35:10','2016-05-04 14:35:10',260,5),(284,'2016-05-04 14:35:10','2016-05-04 14:35:10',261,5),(285,'2016-05-04 14:35:10','2016-05-04 14:35:10',262,5),(286,'2016-05-04 14:35:10','2016-05-04 14:35:10',265,5),(287,'2016-05-04 14:35:10','2016-05-04 14:35:10',267,5),(288,'2016-05-04 14:35:10','2016-05-04 14:35:10',268,5),(289,'2016-05-04 14:35:10','2016-05-04 14:35:10',269,5),(290,'2016-05-04 14:35:10','2016-05-04 14:35:10',270,5),(291,'2016-05-04 14:35:10','2016-05-04 14:35:10',272,5),(292,'2016-05-04 14:35:10','2016-05-04 14:35:10',273,5),(293,'2016-05-04 14:35:10','2016-05-04 14:35:10',274,5),(294,'2016-05-04 14:35:10','2016-05-04 14:35:10',275,5),(295,'2016-05-04 14:35:10','2016-05-04 14:35:10',276,5),(296,'2016-05-04 14:35:10','2016-05-04 14:35:10',277,5),(297,'2016-05-04 14:35:10','2016-05-04 14:35:10',278,5),(298,'2016-05-04 14:35:10','2016-05-04 14:35:10',279,5),(299,'2016-05-04 14:35:10','2016-05-04 14:35:10',280,5),(300,'2016-05-04 14:35:10','2016-05-04 14:35:10',281,5),(301,'2016-05-04 14:35:10','2016-05-04 14:35:10',282,5),(302,'2016-05-04 14:35:10','2016-05-04 14:35:10',283,5),(303,'2016-05-04 14:35:10','2016-05-04 14:35:10',284,5),(304,'2016-05-04 14:35:10','2016-05-04 14:35:10',285,5),(305,'2016-05-04 14:35:10','2016-05-04 14:35:10',287,5),(306,'2016-05-04 14:35:10','2016-05-04 14:35:10',289,5),(307,'2016-05-04 14:35:10','2016-05-04 14:35:10',290,5),(308,'2016-05-04 14:35:10','2016-05-04 14:35:10',291,5),(309,'2016-05-04 14:35:10','2016-05-04 14:35:10',294,5),(310,'2016-05-04 14:35:10','2016-05-04 14:35:10',299,5),(311,'2016-05-04 14:35:10','2016-05-04 14:35:10',301,5),(312,'2016-05-04 14:35:10','2016-05-04 14:35:10',302,5),(313,'2016-05-04 14:35:10','2016-05-04 14:35:10',303,5),(314,'2016-05-04 14:35:10','2016-05-04 14:35:10',304,5),(315,'2016-05-04 14:35:10','2016-05-04 14:35:10',306,5),(316,'2016-05-04 14:35:10','2016-05-04 14:35:10',307,5),(317,'2016-05-04 14:35:10','2016-05-04 14:35:10',308,5),(318,'2016-05-04 14:35:10','2016-05-04 14:35:10',309,5),(319,'2016-05-04 14:35:10','2016-05-04 14:35:10',311,5),(320,'2016-05-04 14:35:10','2016-05-04 14:35:10',313,5),(321,'2016-05-04 14:35:10','2016-05-04 14:35:10',314,5),(322,'2016-05-04 14:35:10','2016-05-04 14:35:10',315,5),(323,'2016-05-04 14:35:10','2016-05-04 14:35:10',5,5),(324,'2016-05-04 14:35:10','2016-05-04 14:35:10',27,5),(325,'2016-05-04 14:35:10','2016-05-04 14:35:10',30,5),(326,'2016-05-04 14:35:10','2016-05-04 14:35:10',31,5),(327,'2016-05-04 14:35:10','2016-05-04 14:35:10',36,5),(328,'2016-05-04 14:35:10','2016-05-04 14:35:10',39,5),(329,'2016-05-04 14:35:10','2016-05-04 14:35:10',40,5),(330,'2016-05-04 14:35:10','2016-05-04 14:35:10',44,5),(331,'2016-05-04 14:35:10','2016-05-04 14:35:10',50,5),(332,'2016-05-04 14:35:10','2016-05-04 14:35:10',61,5),(333,'2016-05-04 14:35:10','2016-05-04 14:35:10',65,5),(334,'2016-05-04 14:35:10','2016-05-04 14:35:10',81,5),(335,'2016-05-04 14:35:10','2016-05-04 14:35:10',90,5),(336,'2016-05-04 14:35:10','2016-05-04 14:35:10',108,5),(337,'2016-05-04 14:35:10','2016-05-04 14:35:10',123,5),(338,'2016-05-04 14:35:10','2016-05-04 14:35:10',126,5),(339,'2016-05-04 14:35:10','2016-05-04 14:35:10',135,5),(340,'2016-05-04 14:35:10','2016-05-04 14:35:10',142,5),(341,'2016-05-04 14:35:10','2016-05-04 14:35:10',143,5),(342,'2016-05-04 14:35:10','2016-05-04 14:35:10',147,5),(343,'2016-05-04 14:35:10','2016-05-04 14:35:10',154,5),(344,'2016-05-04 14:35:10','2016-05-04 14:35:10',160,5),(345,'2016-05-04 14:35:10','2016-05-04 14:35:10',164,5),(346,'2016-05-04 14:35:10','2016-05-04 14:35:10',165,5),(347,'2016-05-04 14:35:10','2016-05-04 14:35:10',168,5),(348,'2016-05-04 14:35:10','2016-05-04 14:35:10',173,5),(349,'2016-05-04 14:35:10','2016-05-04 14:35:10',175,5),(350,'2016-05-04 14:35:10','2016-05-04 14:35:10',180,5),(351,'2016-05-04 14:35:10','2016-05-04 14:35:10',182,5),(352,'2016-05-04 14:35:10','2016-05-04 14:35:10',183,5),(353,'2016-05-04 14:35:10','2016-05-04 14:35:10',233,5),(354,'2016-05-04 14:35:10','2016-05-04 14:35:10',237,5),(355,'2016-05-04 14:35:10','2016-05-04 14:35:10',250,5),(356,'2016-05-04 14:35:10','2016-05-04 14:35:10',254,5),(357,'2016-05-04 14:35:10','2016-05-04 14:35:10',266,5),(358,'2016-05-04 14:35:11','2016-05-04 14:35:11',269,5),(359,'2016-05-04 14:35:11','2016-05-04 14:35:11',290,5),(360,'2016-05-04 14:35:11','2016-05-04 14:35:11',305,5),(361,'2016-05-04 14:35:11','2016-05-04 14:35:11',316,5),(362,'2016-05-04 14:35:11','2016-05-04 14:35:11',317,5),(363,'2016-05-04 14:35:11','2016-05-04 14:35:11',2,4),(364,'2016-05-04 14:35:11','2016-05-04 14:35:11',3,4),(365,'2016-05-04 14:35:11','2016-05-04 14:35:11',5,4),(366,'2016-05-04 14:35:11','2016-05-04 14:35:11',8,4),(367,'2016-05-04 14:35:11','2016-05-04 14:35:11',9,4),(368,'2016-05-04 14:35:11','2016-05-04 14:35:11',10,4),(369,'2016-05-04 14:35:11','2016-05-04 14:35:11',12,4),(370,'2016-05-04 14:35:11','2016-05-04 14:35:11',13,4),(371,'2016-05-04 14:35:11','2016-05-04 14:35:11',14,4),(372,'2016-05-04 14:35:11','2016-05-04 14:35:11',15,4),(373,'2016-05-04 14:35:11','2016-05-04 14:35:11',16,4),(374,'2016-05-04 14:35:11','2016-05-04 14:35:11',17,4),(375,'2016-05-04 14:35:11','2016-05-04 14:35:11',18,4),(376,'2016-05-04 14:35:11','2016-05-04 14:35:11',19,4),(377,'2016-05-04 14:35:11','2016-05-04 14:35:11',20,4),(378,'2016-05-04 14:35:11','2016-05-04 14:35:11',21,4),(379,'2016-05-04 14:35:11','2016-05-04 14:35:11',22,4),(380,'2016-05-04 14:35:11','2016-05-04 14:35:11',23,4),(381,'2016-05-04 14:35:11','2016-05-04 14:35:11',46,4),(382,'2016-05-04 14:35:11','2016-05-04 14:35:11',123,4),(383,'2016-05-04 14:35:11','2016-05-04 14:35:11',137,4),(384,'2016-05-04 14:35:11','2016-05-04 14:35:11',145,4),(385,'2016-05-04 14:35:11','2016-05-04 14:35:11',167,4),(386,'2016-05-04 14:35:11','2016-05-04 14:35:11',246,4),(387,'2016-05-04 14:35:11','2016-05-04 14:35:11',250,4),(388,'2016-05-04 14:35:11','2016-05-04 14:35:11',266,4),(389,'2016-05-04 14:35:11','2016-05-04 14:35:11',269,4),(390,'2016-05-04 14:35:11','2016-05-04 14:35:11',305,4),(391,'2016-05-04 14:35:11','2016-05-04 14:35:11',316,4),(392,'2016-05-04 14:35:11','2016-05-04 14:35:11',318,1),(393,'2016-05-04 14:35:11','2016-05-04 14:35:11',319,1),(394,'2016-05-04 14:35:11','2016-05-04 14:35:11',319,5);
/*!40000 ALTER TABLE `privileges` ENABLE KEYS */;
UNLOCK TABLES;

--
-- Table structure for table `roles`
--

DROP TABLE IF EXISTS `roles`;
/*!40101 SET @saved_cs_client     = @@character_set_client */;
/*!40101 SET character_set_client = utf8 */;
CREATE TABLE `roles` (
  `id` int(11) NOT NULL AUTO_INCREMENT,
  `name` varchar(255) DEFAULT NULL,
  `description` varchar(255) DEFAULT NULL,
  `created_at` datetime NOT NULL,
  `updated_at` datetime NOT NULL,
  PRIMARY KEY (`id`)
) ENGINE=InnoDB AUTO_INCREMENT=6 DEFAULT CHARSET=latin1;
/*!40101 SET character_set_client = @saved_cs_client */;

--
-- Dumping data for table `roles`
--

LOCK TABLES `roles` WRITE;
/*!40000 ALTER TABLE `roles` DISABLE KEYS */;
INSERT INTO `roles` VALUES (1,'CCGD Administrator','admin','2016-05-04 14:35:09','2016-05-04 14:35:09'),(2,'CCGD Faculty','faculty','2016-05-04 14:35:09','2016-05-04 14:35:09'),(3,'CCGD Lab Staff','staff','2016-05-04 14:35:09','2016-05-04 14:35:09'),(4,'CCGD Scientific Advisor','advisor','2016-05-04 14:35:09','2016-05-04 14:35:09'),(5,'CCGD Submitter','submitter','2016-05-04 14:35:09','2016-05-04 14:35:09');
/*!40000 ALTER TABLE `roles` ENABLE KEYS */;
UNLOCK TABLES;

--
-- Table structure for table `schema_migrations`
--

DROP TABLE IF EXISTS `schema_migrations`;
/*!40101 SET @saved_cs_client     = @@character_set_client */;
/*!40101 SET character_set_client = utf8 */;
CREATE TABLE `schema_migrations` (
  `version` varchar(255) NOT NULL,
  UNIQUE KEY `unique_schema_migrations` (`version`)
) ENGINE=InnoDB DEFAULT CHARSET=latin1;
/*!40101 SET character_set_client = @saved_cs_client */;

--
-- Dumping data for table `schema_migrations`
--

LOCK TABLES `schema_migrations` WRITE;
/*!40000 ALTER TABLE `schema_migrations` DISABLE KEYS */;
INSERT INTO `schema_migrations` VALUES ('20160315193611'),('20160315194655'),('20160317142741'),('20160317193242'),('20160317194419'),('20160317202841'),('20160317202953'),('20160317204633'),('20160317205018'),('20160317211647'),('20160317211754'),('20160320233537'),('20160321220211'),('20160323145314'),('20160323150814'),('20160323193542'),('20160323193614'),('20160324175341'),('20160418170856'),('20160425171716'),('20160502160730'),('20160502160753'),('20160502162508');
/*!40000 ALTER TABLE `schema_migrations` ENABLE KEYS */;
UNLOCK TABLES;

--
-- Table structure for table `states`
--

DROP TABLE IF EXISTS `states`;
/*!40101 SET @saved_cs_client     = @@character_set_client */;
/*!40101 SET character_set_client = utf8 */;
CREATE TABLE `states` (
  `id` int(11) NOT NULL AUTO_INCREMENT,
  `name` varchar(255) DEFAULT NULL,
  `code` varchar(255) DEFAULT NULL,
  `created_at` datetime NOT NULL,
  `updated_at` datetime NOT NULL,
  PRIMARY KEY (`id`)
) ENGINE=InnoDB AUTO_INCREMENT=52 DEFAULT CHARSET=latin1;
/*!40101 SET character_set_client = @saved_cs_client */;

--
-- Dumping data for table `states`
--

LOCK TABLES `states` WRITE;
/*!40000 ALTER TABLE `states` DISABLE KEYS */;
INSERT INTO `states` VALUES (1,'Alabama','AL','2016-05-04 14:35:01','2016-05-04 14:35:01'),(2,'Alaska','AK','2016-05-04 14:35:01','2016-05-04 14:35:01'),(3,'Arizona','AZ','2016-05-04 14:35:01','2016-05-04 14:35:01'),(4,'Arkansas','AR','2016-05-04 14:35:01','2016-05-04 14:35:01'),(5,'California','CA','2016-05-04 14:35:01','2016-05-04 14:35:01'),(6,'Colorado','CO','2016-05-04 14:35:01','2016-05-04 14:35:01'),(7,'Connecticut','CT','2016-05-04 14:35:01','2016-05-04 14:35:01'),(8,'Delaware','DE','2016-05-04 14:35:01','2016-05-04 14:35:01'),(9,'Florida','FL','2016-05-04 14:35:01','2016-05-04 14:35:01'),(10,'Georgia','GA','2016-05-04 14:35:01','2016-05-04 14:35:01'),(11,'Hawaii','HI','2016-05-04 14:35:01','2016-05-04 14:35:01'),(12,'Idaho','ID','2016-05-04 14:35:01','2016-05-04 14:35:01'),(13,'Illinois','IL','2016-05-04 14:35:01','2016-05-04 14:35:01'),(14,'Indiana','IN','2016-05-04 14:35:01','2016-05-04 14:35:01'),(15,'Iowa','IA','2016-05-04 14:35:01','2016-05-04 14:35:01'),(16,'Kansas','KS','2016-05-04 14:35:01','2016-05-04 14:35:01'),(17,'Kentucky','KY','2016-05-04 14:35:01','2016-05-04 14:35:01'),(18,'Louisiana','LA','2016-05-04 14:35:01','2016-05-04 14:35:01'),(19,'Maine','ME','2016-05-04 14:35:01','2016-05-04 14:35:01'),(20,'Maryland','MD','2016-05-04 14:35:01','2016-05-04 14:35:01'),(21,'Massachusetts','MA','2016-05-04 14:35:01','2016-05-04 14:35:01'),(22,'Michigan','MI','2016-05-04 14:35:01','2016-05-04 14:35:01'),(23,'Minnesota','MN','2016-05-04 14:35:01','2016-05-04 14:35:01'),(24,'Mississippi','MS','2016-05-04 14:35:01','2016-05-04 14:35:01'),(25,'Missouri','MO','2016-05-04 14:35:01','2016-05-04 14:35:01'),(26,'Montana','MT','2016-05-04 14:35:01','2016-05-04 14:35:01'),(27,'Nebraska','NE','2016-05-04 14:35:01','2016-05-04 14:35:01'),(28,'Nevada','NV','2016-05-04 14:35:01','2016-05-04 14:35:01'),(29,'New Hampshire','NH','2016-05-04 14:35:01','2016-05-04 14:35:01'),(30,'New Jersey','NJ','2016-05-04 14:35:01','2016-05-04 14:35:01'),(31,'New Mexico','NM','2016-05-04 14:35:01','2016-05-04 14:35:01'),(32,'New York','NY','2016-05-04 14:35:01','2016-05-04 14:35:01'),(33,'North Carolina','NC','2016-05-04 14:35:01','2016-05-04 14:35:01'),(34,'North Dakota','ND','2016-05-04 14:35:01','2016-05-04 14:35:01'),(35,'Ohio','OH','2016-05-04 14:35:02','2016-05-04 14:35:02'),(36,'Oklahoma','OK','2016-05-04 14:35:02','2016-05-04 14:35:02'),(37,'Oregon','OR','2016-05-04 14:35:02','2016-05-04 14:35:02'),(38,'Pennsylvania','PA','2016-05-04 14:35:02','2016-05-04 14:35:02'),(39,'Rhode Island','RI','2016-05-04 14:35:02','2016-05-04 14:35:02'),(40,'South Carolina','SC','2016-05-04 14:35:02','2016-05-04 14:35:02'),(41,'South Dakota','SD','2016-05-04 14:35:02','2016-05-04 14:35:02'),(42,'Tennessee','TN','2016-05-04 14:35:02','2016-05-04 14:35:02'),(43,'Texas','TX','2016-05-04 14:35:02','2016-05-04 14:35:02'),(44,'Utah','UT','2016-05-04 14:35:02','2016-05-04 14:35:02'),(45,'Vermont','VT','2016-05-04 14:35:02','2016-05-04 14:35:02'),(46,'Virginia','VA','2016-05-04 14:35:02','2016-05-04 14:35:02'),(47,'Washington','WA','2016-05-04 14:35:02','2016-05-04 14:35:02'),(48,'West Virginia','WV','2016-05-04 14:35:02','2016-05-04 14:35:02'),(49,'Wisconsin','WI','2016-05-04 14:35:02','2016-05-04 14:35:02'),(50,'Wyoming','WY','2016-05-04 14:35:02','2016-05-04 14:35:02'),(51,'District of Columbia','DC','2016-05-04 14:35:02','2016-05-04 14:35:02');
/*!40000 ALTER TABLE `states` ENABLE KEYS */;
UNLOCK TABLES;

--
-- Table structure for table `user_custom_labgroups`
--

DROP TABLE IF EXISTS `user_custom_labgroups`;
/*!40101 SET @saved_cs_client     = @@character_set_client */;
/*!40101 SET character_set_client = utf8 */;
CREATE TABLE `user_custom_labgroups` (
  `id` int(11) NOT NULL AUTO_INCREMENT,
  `custom_labgroup_name` varchar(255) DEFAULT NULL,
  `custom_labgroup_code` varchar(255) DEFAULT NULL,
  `custom_labgroup_building` varchar(255) DEFAULT NULL,
  `custom_labgroup_room` varchar(255) DEFAULT NULL,
  `custom_labgroup_street` varchar(255) DEFAULT NULL,
  `custom_labgroup_city` varchar(255) DEFAULT NULL,
  `custom_labgroup_country` varchar(255) DEFAULT NULL,
  `state_id` int(11) DEFAULT NULL,
  `user_id` int(11) DEFAULT NULL,
  `created_at` datetime NOT NULL,
  `updated_at` datetime NOT NULL,
  PRIMARY KEY (`id`)
) ENGINE=InnoDB AUTO_INCREMENT=2 DEFAULT CHARSET=latin1;
/*!40101 SET character_set_client = @saved_cs_client */;

--
-- Dumping data for table `user_custom_labgroups`
--

LOCK TABLES `user_custom_labgroups` WRITE;
/*!40000 ALTER TABLE `user_custom_labgroups` DISABLE KEYS */;
/*!40000 ALTER TABLE `user_custom_labgroups` ENABLE KEYS */;
UNLOCK TABLES;

--
-- Table structure for table `user_custom_organizations`
--

DROP TABLE IF EXISTS `user_custom_organizations`;
/*!40101 SET @saved_cs_client     = @@character_set_client */;
/*!40101 SET character_set_client = utf8 */;
CREATE TABLE `user_custom_organizations` (
  `id` int(11) NOT NULL AUTO_INCREMENT,
  `custom_org_name` varchar(255) DEFAULT NULL,
  `custom_org_phone` varchar(255) DEFAULT NULL,
  `custom_org_email` varchar(255) DEFAULT NULL,
  `custom_org_street` varchar(255) DEFAULT NULL,
  `custom_org_city` varchar(255) DEFAULT NULL,
  `custom_org_country` varchar(255) DEFAULT NULL,
  `state_id` int(11) DEFAULT NULL,
  `user_id` int(11) DEFAULT NULL,
  `created_at` datetime NOT NULL,
  `updated_at` datetime NOT NULL,
  PRIMARY KEY (`id`)
) ENGINE=InnoDB AUTO_INCREMENT=5 DEFAULT CHARSET=latin1;
/*!40101 SET character_set_client = @saved_cs_client */;

--
-- Dumping data for table `user_custom_organizations`
--

LOCK TABLES `user_custom_organizations` WRITE;
/*!40000 ALTER TABLE `user_custom_organizations` DISABLE KEYS */;
/*!40000 ALTER TABLE `user_custom_organizations` ENABLE KEYS */;
UNLOCK TABLES;

--
-- Table structure for table `users`
--

DROP TABLE IF EXISTS `users`;
/*!40101 SET @saved_cs_client     = @@character_set_client */;
/*!40101 SET character_set_client = utf8 */;
CREATE TABLE `users` (
  `id` int(11) NOT NULL AUTO_INCREMENT,
  `firstname` varchar(255) DEFAULT NULL,
  `lastname` varchar(255) DEFAULT NULL,
  `email` varchar(255) DEFAULT NULL,
  `phone` varchar(255) DEFAULT NULL,
  `created_at` datetime NOT NULL,
  `updated_at` datetime NOT NULL,
  `username` varchar(255) DEFAULT NULL,
  `password_digest` varchar(255) DEFAULT NULL,
  `organization_id` int(11) DEFAULT NULL,
  `status` varchar(2) DEFAULT NULL,
  `password_reset_token` varchar(255) DEFAULT NULL,
  `password_reset_sent_at` datetime DEFAULT NULL,
  PRIMARY KEY (`id`)
) ENGINE=InnoDB AUTO_INCREMENT=330 DEFAULT CHARSET=latin1;
/*!40101 SET character_set_client = @saved_cs_client */;

--
-- Dumping data for table `users`
--

LOCK TABLES `users` WRITE;
/*!40000 ALTER TABLE `users` DISABLE KEYS */;
INSERT INTO `users` VALUES (2,'Laura','Macconaill','laura_macconaill@dfci.harvard.edu','617-582-7754','2016-05-04 14:35:05','2016-05-04 14:35:05','laura','$2a$04$.Ft1c1fpqERsHGIAUZY02.TBqR/3/EEDfPlucrq4LAGYfj848jhsy',1,'A',NULL,NULL),(3,'Megan','Hanna','mhanna@broad.mit.edu','617-324-4824','2016-05-04 14:35:05','2016-05-04 14:35:05','megan','$2a$04$oWZ3VkOgwV.q9aoLMK9aUutGM.FlHOaZFPOZfearHMef/uVQCxdv6',1,'A',NULL,NULL),(4,'Karen','Coughlan','karen_coughlan@dfci.harvard.edu','617-582-8736','2016-05-04 14:35:05','2016-05-04 14:35:05','karen','$2a$04$R/4TiS/dL20WsOEGhDeQvOAUrh85DAOm3o2VzU6Novj4RAdUE6xJy',1,'I',NULL,NULL),(5,'Katie','Campbell','catarina_campbell@dfci.harvard.edu','617-632-2930','2016-05-04 14:35:05','2016-05-04 14:35:05','katie','$2a$04$3HAhRckeatA/IvV97OBs6.FS3Sa5MZVDp.07hOz49LOvDWmsrkPX.',1,'I',NULL,NULL),(6,'Nick','Wyhs','nwyhs@broad.mit.edu','617 582 8731','2016-05-04 14:35:05','2016-05-04 14:35:05','nick','$2a$04$FNn0kVgCTsdukpO.9QS6Leb1eCYZdtI7iOX7SgoRDDWpBpJs1Hbrm',1,'I',NULL,NULL),(7,'Su','Huang','suhuang@dfci.harvard.edu','','2016-05-04 14:35:05','2016-05-04 14:35:05','su','$2a$04$ct/5gQcdDcI4FtQVl5Q6DuGsmuD9zrcfD27b0l1By8ss8tBdLE1li',1,'I',NULL,NULL),(8,'Matt','Freedman','matthew_freedman@dfci.harvard.edu','617-582-8598','2016-05-04 14:35:05','2016-05-04 14:35:05','matt','$2a$04$As7T6xaPnZ3RXjYw1SWcruG3pZBdeS4hINvXGGUEQVs/SqesMqITm',1,'A',NULL,NULL),(9,'Levi','Garraway','levi_garraway@dfci.harvard.edu','617-632-6689','2016-05-04 14:35:05','2016-05-04 14:35:05','levi','$2a$04$8fiAxc5OhywcklzsDJw18eaPXyztkttl2piVrAP8lp9TKuXPUd5d6',1,'A',NULL,NULL),(10,'Todd','Golub','golub@broad.mit.edu','617-632-4903','2016-05-04 14:35:05','2016-05-04 14:35:05','todd','$2a$04$AFk5nlbtIRlAsJPzhvGMZ.sTiaiFOIuM4fQqhe6oUvZ9V0RrigZ1C',1,'A',NULL,NULL),(11,'William','Hahn','william_hahn@dfci.harvard.edu','617-632-2641','2016-05-04 14:35:05','2016-05-04 14:35:05','wchahn','$2a$04$pLaByKX6b7SBwW04Vm5.5.vi5d/JkfIRwUX.NZ.D09KuN03yjBzGm',1,'A',NULL,NULL),(12,'Max','Loda','massimo_loda@dfci.harvard.edu','617-632-4001','2016-05-04 14:35:05','2016-05-04 14:35:05','max','$2a$04$lk5I.fY8DUHHCYx/B.WKf.iIppZN1acxmtK6kwui68ASEi08Tuu6G',1,'A',NULL,NULL),(13,'Matthew','Meyerson','matthew_meyerson@dfci.harvard.edu','617-632-4768','2016-05-04 14:35:05','2016-05-04 14:35:05','matthew','$2a$04$ZlzJjAxItCDXVACMX.SXx.wS4SwzQ0t9GDj.YRmUC1EfsFxe5.XNa',1,'A',NULL,NULL),(14,'Nelly','Polyak','kornelia_polyak@dfci.harvard.edu','617-632-5746','2016-05-04 14:35:05','2016-05-04 14:35:05','nelly','$2a$04$pgJiBw06dHvcmhVufHQXZewX.86jggjVG2yqFsUxghVguwpCHxQFG',1,'A',NULL,NULL),(15,'Ramesh','Shivdasani','ramesh_shivdasani@dfci.harvard.edu','617-632-5746','2016-05-04 14:35:05','2016-05-04 14:35:05','Ramesh','$2a$04$6mcPgcszRB9xmPQ0G/ME1u2QVCexria7nQ/H8qGLVMpt.PA4X8GOu',1,'A',NULL,NULL),(16,'Pasi','Janne','pasi_janne@dfci.harvard.edu','617-632-6036','2016-05-04 14:35:05','2016-05-04 14:35:05','Pasi','$2a$04$citJcwi3SSYEd9CjVxzxF.H6BuAtloqxbuIi5MxT5Rhjnw5tFmyWm',1,'A',NULL,NULL),(17,'Rani','George','rani_george@dfci.harvard.edu','617-632-5281','2016-05-04 14:35:05','2016-05-04 14:35:05','rani','$2a$04$e.8oEBQgS8/BvuJs2PZ/peGeyWtT8MUiyKDmtsy1X7mENAARDdY4m',1,'A',NULL,NULL),(18,'Thomas','Roberts','thomas_roberts@dfci.harvard.edu','617-632-3049','2016-05-04 14:35:05','2016-05-04 14:35:05','Thomas','$2a$04$Xf/dj0/3ntISAvHuQe8UBu7FJ78zeX5fV.WL8YFmGvF/MNHU9Xpom',1,'A',NULL,NULL),(19,'Thomas','Look','thomas_look@dfci.harvard.edu','617-632-5826','2016-05-04 14:35:05','2016-05-04 14:35:05','Thomaslook','$2a$04$vZfgntWf2QCjHfphoFyd/uwty9skoGaKHzpFtnV3HMgg.98vpXdLq',1,'A',NULL,NULL),(20,'Jerome','Ritz','jerome_ritz@dfci.harvard.edu','617-632-3465','2016-05-04 14:35:05','2016-05-04 14:35:05','JRitz','$2a$04$y5KpRZTAOALZX4P/RAZFTuqRha3ztD5JxjcXXreSvAEnmRWg8BFMO',1,'A',NULL,NULL),(21,'Matthew','Kulke','matthew_kulke@dfci.harvard.edu','617-632-5136','2016-05-04 14:35:05','2016-05-04 14:35:05','MatthewK','$2a$04$QkyWzL8dJp.Ie6yu7rbXOO6hIpHsJZcAySFkHKQZ/eU6Wxy5KIoYG',1,'A',NULL,NULL),(22,'Margaret','Shipp','margaret_shipp@dfci.harvard.edu','617-632-3874','2016-05-04 14:35:05','2016-05-04 14:35:05','Margaret','$2a$04$IjEWs8/KoSzSlYnuHR1Ik.KiEzxmHdDmlmThGZwBDkGJxCSpVvRDW',1,'A',NULL,NULL),(23,'Philip','Kantoff','philip_kantoff@dfci.harvard.edu','617-632-1914','2016-05-04 14:35:05','2016-05-04 14:35:05','Philip','$2a$04$23EOaHwqVsfs0gZB8fOe5.tydgQ7.nkeOFtMLPBhaoVZU06kA58du',1,'A',NULL,NULL),(24,'Robert','Ross','robert_ross@dfci.harvard.edu','617-632-3237','2016-05-04 14:35:05','2016-05-04 14:35:05','RobertRoss','$2a$04$sP6BKG15PzSKTMKq4vvS9uZPz3YgyZ4nHRvhZdMkC34dVt27cx4H2',1,'A',NULL,NULL),(25,'Myles','Brown','myles_brown@dfci.harvard.edu','617-632-3948','2016-05-04 14:35:05','2016-05-04 14:35:05','mbrown','$2a$04$3OsTzQ5n.Wcdgu.amcm/SuPBXuE3TQNSlMKsr.WzpNuPkf.9gD9Nu',1,'A',NULL,NULL),(26,'Jennifer','Brown','jennifer_brown@dfci.harvard.edu','617-632-6692','2016-05-04 14:35:05','2016-05-04 14:35:05','JRBrown','$2a$04$a9S11p2SwCbqnvo3wypr9.yUMtY7TKzovVJbIybQ/WmRmTpx.oLT6',1,'A',NULL,NULL),(27,'Nasim','Ahmadiyeh','nahmadiyeh@partners.org','617-582-8682','2016-05-04 14:35:05','2016-05-04 14:35:05','nah495','$2a$04$e9bHqPwV.Ee8d4PTjeOvIOZqHCEaGyl2OczWIRY0SyqVeVTxeSnGG',1,'A',NULL,NULL),(28,'Carrie','Emery','CarolineM_Emery@dfci.harvard.edu','617 632 1923','2016-05-04 14:35:05','2016-05-04 14:35:05','carrie','$2a$04$1VUNVZbqUn/QWcpMUdymFeE8RbF47f9co3bpcam7IlRoN6PV3f6l2',1,'A',NULL,NULL),(30,'Alejandro','Gutierrez','alejandro_gutierrez@dfci.harvard.edu','617-632-2079','2016-05-04 14:35:05','2016-05-04 14:35:05','ag832','$2a$04$Vta25a9einmZLM55yFvSC.DAjfpCS9pEdCGEg7BbA9IwRpG14aySK',1,'A',NULL,NULL),(31,'Kathryn','Penney','kpenney@hsph.harvard.edu','','2016-05-04 14:35:05','2016-05-04 14:35:05','kpenney','$2a$04$ZBSzZArXkTDEet5vPzcUdePFOnY/PkAatozstqEtONOthvcfbAjDO',1,'A',NULL,NULL),(33,'elisa','benedettini','elisa_benedettini@dfci.harvard.edu','6176322148','2016-05-04 14:35:05','2016-05-04 14:35:05','eb802','$2a$04$mkesBW.ssjK3ugSxd.GV9uo3psbEFVKIRvXAX3PErGB.r/VxDjujW',1,'A',NULL,NULL),(34,'charles','stiles','charles_stiles@dfci.harvard.edu','617 632-3512','2016-05-04 14:35:05','2016-05-04 14:35:05','cds10','$2a$04$wGzY90rkLA/UqrCWqjFFnuqEnUtoxOsYBocWU1wm1JpjZLz5dyLBi',1,'A',NULL,NULL),(35,'Deborah','Goff','deborah_goff@dfci.harvard.edu','Feb-16','2016-05-04 14:35:05','2016-05-04 14:35:05','djg19','$2a$04$mWlOV1rNVVQD.DLHb6crtO4PAZSqRY6Zh6RjqIh6f4hLxo/A6oFUm',1,'A',NULL,NULL),(36,'Christine','Beckwith','christine_beckwith@dfci.harvard.edu','6033876921','2016-05-04 14:35:05','2016-05-04 14:35:05','cb960','$2a$04$hT1WwcadrELLZLnjpyPuBeIuhTZfTiUdDMkc/6ylW8hy7V4Fjvl1O',1,'A',NULL,NULL),(37,'Lucian','Chirieac','LCHIRIEAC@PARTNERS.ORG','617 732 8126','2016-05-04 14:35:05','2016-05-04 14:35:05','lchirieac','$2a$04$GIqJ9HjWlgZpWl74xyxtN./8Nyqh.C7I7.LEb90jfZj2/TJLaEvh6',1,'A',NULL,NULL),(38,'Pat','Collaborator','ccgd@dfci.harvard.edu','27515','2016-05-04 14:35:05','2016-05-04 14:35:05','dfci_user','$2a$04$0/EtBSZdKkBw1l5LyHJcNuInZqCDocfS/zXLQEP4towm4Qn6HH9oe',1,'I',NULL,NULL),(39,'mark','pomerantz','mpomerantz@partners.org','617-632-2312','2016-05-04 14:35:05','2016-05-04 14:35:05','mp91','$2a$04$/9B.qDyNyV./JGNTdc.54ebtBHZo5R.EZPy2PWsbm/kpZsKvl4P3S',1,'A',NULL,NULL),(40,'Keluo','Yao','keluo_yao@dfci.harvard.edu','617-582-8731','2016-05-04 14:35:05','2016-05-04 14:35:05','ky058','$2a$04$gpFAeEYK86tuGGKjTjWW4uV6SU3B7Q1oqvrSkM/WtfZSwekK.nJWC',1,'I',NULL,NULL),(41,'Edward','Fox','edward_fox@dfci.harvard.edu','617-632-2116','2016-05-04 14:35:05','2016-05-04 14:35:05','foxedward','$2a$04$bC2bnzNbcmuwAz4eosDYGu5te2X0S82t1RCfgQf.oj07Ji/wWTAiK',1,'A',NULL,NULL),(42,'Edwin','Choy','echoy@partners.org','617-459-6804','2016-05-04 14:35:05','2016-05-04 14:35:05','ec952','$2a$04$Z3lpOFMYS9I/lXlIvYWNX.lkWZFtygdex5/WZdOvQmP5EzAugXcEq',24,'A',NULL,NULL),(43,'Mark','Pomerantz','mark_pomerantz@dfci.harvard.edu','617-632-1914','2016-05-04 14:35:05','2016-05-04 14:35:05','mp37','$2a$04$65y3khrUoM45Gmsda.OI0OsyPwq63gyluYzJ0uGjNbt2CPAdpvE6.',1,'A',NULL,NULL),(44,'HIROKI','YAMADA','yamada_hiroki@dfci.harvard.edu','617.935.6863','2016-05-04 14:35:05','2016-05-04 14:35:05','YH058','$2a$04$cSeIopzuYXRL1BZXQWFhO.G1fPpLcZl7PFrh0OT1Y9v5ZnhRt/Z2G',1,'A',NULL,NULL),(45,'Mark','Pomerantz','nosman@partners.org','617-632-1914','2016-05-04 14:35:05','2016-05-04 14:35:05','mpomerantz','$2a$04$a8hkzN8MDLG5SP1tD8RxrOhe7sLB2bY7TobGt5Cs5ukZMsPfv4rmG',1,'I',NULL,NULL),(46,'Adam','Bass','ajbass@partners.org','617-407-9275','2016-05-04 14:35:05','2016-05-04 14:35:05','ajbass','$2a$04$6Ec/Ct6hRCyxdcY2WrLgJuhPA8ib8joCMyrS.dKEfM.bM57OFom3S',1,'A',NULL,NULL),(47,'Hao','Zhang','zhangh@broad.mit.edu','919-423-5077','2016-05-04 14:35:05','2016-05-04 14:35:05','haozhang','$2a$04$KPtDHvxGvFs5VxRHqKMufu9E1sHZflqC7rjplDPTVhBxEx1ejFtJm',2,'A',NULL,NULL),(48,'Rafael','Bejar','rbejar@partners.org','617-732-6510','2016-05-04 14:35:05','2016-05-04 14:35:05','rb850','$2a$04$qbG.JObyNc8YwQss7aYheOlOkykAGWf9NAFbz1rigdjmNxW/LK4Te',16,'A',NULL,NULL),(49,'Derek','Chiang','dchiang@broad.mit.edu','(617) 324-2239','2016-05-04 14:35:05','2016-05-04 14:35:05','dychiang','$2a$04$LjeD6nmotJRztwhS3E6BcOwx8piZ2WIZjcq2HJG2W/kzsGadQefwe',1,'A',NULL,NULL),(50,'Sarah','Kehoe','sarahm_kehoe@dfci.harvard.edu','617-632-5783','2016-05-04 14:35:05','2016-05-04 14:35:05','sk580','$2a$04$dqcTiKuxfOEaWjs3V9ZSvOWOTrqvfzTfec1cnfmbcM/d3hQo9fLw.',1,'I',NULL,NULL),(51,'Amit','Dutt','amitdutt@broad.mit.edu','8578911975','2016-05-04 14:35:05','2016-05-04 14:35:05','amitdutt','$2a$04$mIhQ/5TwYtQwIG1gmkeVBuDSyJfsfP2iDNkj1lOaNZkTqCfAROkXe',1,'A',NULL,NULL),(52,'Aram','Hezel','ahezel@partners.org','617 643 3813','2016-05-04 14:35:05','2016-05-04 14:35:05','ahezel','$2a$04$RqU9JudmA8rAQWkXeC5RMup4ue7sJ3sj/bF1RHAhgNW346g.BtEZS',24,'A',NULL,NULL),(53,'Ivana','Kim','ivana_kim@meei.harvard.edu','617 573 3367','2016-05-04 14:35:05','2016-05-04 14:35:05','ivana','$2a$04$UtlrrR/TgxDeCp7h8NW9HOJaJUxH/.zS0FVwJZjAM4O0W/DCCVDOa',5,'A',NULL,NULL),(54,'Douglas','Medvetz','dmedvetz@partners.org','617-355-9103','2016-05-04 14:35:05','2016-05-04 14:35:05','dam90','$2a$04$FyH8FhGOcVeEds2jZ2eI2ONnVm97gD9pS5L6ayaQS3E6M.xZ4F9wi',16,'A',NULL,NULL),(55,'Ryan','Bender','rpbender@partners.org','582-8614','2016-05-04 14:35:05','2016-05-04 14:35:05','ChinLab2008','$2a$04$bRLOkjxz9.aQeKhLG7IDCO8BKxrAmGLv2FRuDbnzU0wYV1kxKomEu',1,'A',NULL,NULL),(56,'Fran','Hornicek','fhornicek@partners.org','617 724 6802','2016-05-04 14:35:05','2016-05-04 14:35:05','hornicek','$2a$04$a0ITOUMLjl7Wp.EcR2bipu8a739qIph3/cqmOTiTmDM8/41XYri/C',24,'A',NULL,NULL),(57,'Jonathan','Fletcher','jfletcher@partners.org','617 732 7883','2016-05-04 14:35:05','2016-05-04 14:35:05','fletcher','$2a$04$w0iWR8YApf02V79dqsYxGuIczWiF5EZ2Xyj4aiRB4MnNYXHJB/8zy',16,'A',NULL,NULL),(58,'June','Kinoshita','jkinoshita@n-of-one.com','617 669 1706','2016-05-04 14:35:05','2016-05-04 14:35:05','kinoshita','$2a$04$4ZFyd909WQiUYbU/ji..Ce3lDAn5IotTTaRaVc6XLMtk.IRoaCEfi',6,'I',NULL,NULL),(59,'Alex','Ng','sng@rics.bwh.harvard.edu','617-278-0072','2016-05-04 14:35:05','2016-05-04 14:35:05','Alexng','$2a$04$CVLW1o.TBBQiGpq..uAqFeTa4FFr8alnZ5vau80KCodEpQCvO9ILq',16,'A',NULL,NULL),(60,'Antoni','Ribas','aribas@mednet.ucla.edu','3102063928','2016-05-04 14:35:05','2016-05-04 14:35:05','ribas','$2a$04$mbP.66hDc2cIydAdlLysI.iNQJxHN4JJM6QCw6R35jXhPnHdNZSw.',7,'A',NULL,NULL),(61,'Chandrani','Mondal','Chandrani_Mondal@dfci.harvard.edu','6175826688','2016-05-04 14:35:05','2016-05-04 14:35:05','cm315','$2a$04$aNjhj3V7pwu83rlYEdR36eVhnlRL5.Saa3uBOS7ZPObvNHdjd7N46',1,'I',NULL,NULL),(62,'Anna','Schinzel','anna_schinzel@dfci.harvard.edu','617 632 2376','2016-05-04 14:35:05','2016-05-04 14:35:05','Schinzel','$2a$04$ktbKfPWMn3PhDkcWRTNsNusmM5dPodzxgEGKluSmML/PoM.EuWaEy',1,'A',NULL,NULL),(63,'vikram','Deshpande','vdeshpande@partners.org','6177247741','2016-05-04 14:35:05','2016-05-04 14:35:05','vd019','$2a$04$XkpkXA8TKN2BP6LpC2c8mu7qT5y7ywO7SmxJ5QmiTSdS.KlWeQ6lu',24,'A',NULL,NULL),(64,'John','McGrath','johnp_mcgrath@dfci.harvard.edu','6175828668','2016-05-04 14:35:05','2016-05-04 14:35:05','jpmcgrath','$2a$04$FL9R/6irZYZNN49a49T77O9incgBmX8pU.G/TAgjUwPEs3d39raBG',1,'A',NULL,NULL),(65,'Lauren','Luongo','LaurenA_Luongo@DFCI.HARVARD.EDU','6176325950','2016-05-04 14:35:05','2016-05-04 14:35:05','lal62','$2a$04$3LsIgDGZaRV6dCAkYg3zVeeZPWfA7T.16f2kRxAMbflB44cGwP5Pi',1,'I',NULL,NULL),(66,'Keith','Ligon','keith_ligon@dfci.harvard.edu','617-632-2357','2016-05-04 14:35:05','2016-05-04 14:35:05','ligonlab','$2a$04$YaykKgvdzWI4vIeO/ifnJ.u9pU/wX.DTdab6rEvC.xJUSxDmf5wKC',1,'A',NULL,NULL),(70,'Daniel','Chung','dchung@partners.org','617-726-8687','2016-05-04 14:35:05','2016-05-04 14:35:05','dchung','$2a$04$DAku8CmTwsJ4QPX/37KiLObSi4PY/tooKS0bZpD4OxOCtYvOmnhSe',24,'A',NULL,NULL),(71,'Henry','Koon','Henry.Koon@UHhospitals.org','(216) 368-1175','2016-05-04 14:35:05','2016-05-04 14:35:05','henrykoon','$2a$04$63sK2TdrBm0Ta8UY.M6iZ.UTi7ERoWw8CkI2a7mNBqilIHnG6QTcy',12,'A',NULL,NULL),(72,'Irene','Ghobrial','irene_ghobrial@dfci.harvard.edu','2.4198','2016-05-04 14:35:05','2016-05-04 14:35:05','ghobrial','$2a$04$HkRZly/5gBNhXQYmi1etjODJVgt85E/FOgltVk6nuYg7j0iNXILc2',1,'A',NULL,NULL),(73,'Ashley','Fairbank','ashley_fairbank@dfci.harvard.edu','617-632-4606','2016-05-04 14:35:05','2016-05-04 14:35:05','afairbank','$2a$04$wfOoeMCt/X/cqXo3KmOUtO7ZZiV2oDU8HFVqYVZ/3m131J/0GqmAS',1,'A',NULL,NULL),(74,'Michael','Anglesio','michael.anglesio@petermac.org','+61 3 9656 1287','2016-05-04 14:35:05','2016-05-04 14:35:05','michael.angl','$2a$04$BZEwJ1jzEOVM6Vt0VkLP9.0ICBsWKMTfiGZvPdDtFbk61GJfuzlcS',13,'A',NULL,NULL),(76,'Jonathan','Rosenberg','jonathan_rosenberg@dfci.harvard.edu','617 632 5456','2016-05-04 14:35:05','2016-05-04 14:35:05','rosenberg','$2a$04$l6fkSBSLeYiOFi.bmnbSkuh4SW2TpFN.0pGB.wZdLe9s32Vtspz5C',1,'A',NULL,NULL),(77,'Daniel','Costa','dbcosta@bidmc.harvard.edu','617-667-9236','2016-05-04 14:35:05','2016-05-04 14:35:05','dbcosta@bidm','$2a$04$uueV8DW3mVqobEKpl4/9b.S/Jgt82RzJT30JCvuLuFedqW/CkP5qy',14,'A',NULL,NULL),(78,'Peter','Guillen','pguillen06@gmail.com','617-956-2004','2016-05-04 14:35:05','2016-05-04 14:35:05','pguillen','$2a$04$cyk1OtF6O1jbokL4GEo3Z.nsbIz449HRx95mCSWfQUk87U7jpZ1zO',1,'I',NULL,NULL),(79,'Toni','Choueiri','toni_choueiri@dfci.harvard.edu','617-632-5456','2016-05-04 14:35:05','2016-05-04 14:35:05','tc46','$2a$04$flZiTfX8MKKFKR0FSRxp/uguhzy9UmbeopA4L2FDyZ1qjrelc2F2i',1,'A',NULL,NULL),(80,'Fabio','Schutz','FabioA_Schutz@DFCI.harvard.edu','617-632-4622','2016-05-04 14:35:05','2016-05-04 14:35:05','fs975','$2a$04$bb0N/fuQ.62hJFBgaWDnoeQ4omo1OSKha2094jNyC7zQguuJ60qQO',1,'A',NULL,NULL),(81,'Aimee','Pike','AimeeM_Pike@dfci.harvard.edu','','2016-05-04 14:35:05','2016-05-04 14:35:05','AP595','$2a$04$/dbqDkR3RHqrejBe2.vmWOKcOnosYJn1ETHUNCTUcUC3H4g1BaDpi',1,'I',NULL,NULL),(82,'Mariella','Gruber-Olipitz','mariella_gruber-olipitz@dfci.harvard.edu','6177550949','2016-05-04 14:35:05','2016-05-04 14:35:05','mgo6','$2a$04$AinoYLP3jkK3EYeEPUoPL.1KmCwFKVX8S9WDKEmAS7ee.SEUO890W',1,'A',NULL,NULL),(83,'Patrick','Oberholzer','oberholz@broadinstitute.org','617-714-7552','2016-05-04 14:35:05','2016-05-04 14:35:05','oberholz','$2a$04$RlgKn8ACTGPyOn4.QSDOiO2L/.KWqYkP.0sigjbrPK0Pv1oiIUrCi',2,'A',NULL,NULL),(85,'Mike','Chapman','mchapman@broadinstitute.org','617 714 7572','2016-05-04 14:35:05','2016-05-04 14:35:05','mchapman','$2a$04$HF.FFZemyPbPBbwkS2KINuQQ0b9.41TqezN48XWPmvlMBnXsSKNvG',2,'A',NULL,NULL),(86,'Gayane','Badalian','gayane_badalianvery@dfci.harvard.edu','857-488-9804','2016-05-04 14:35:05','2016-05-04 14:35:05','GBadalian','$2a$04$3YOLjuq0kGDlL5ysu4uN8OBOKWum4t5BXBKRPrab5fHI3gkDW5aVq',1,'A',NULL,NULL),(87,'Scott','Armstrong','scott.armstrong@childrens.harvard.edu','617-919-2507','2016-05-04 14:35:05','2016-05-04 14:35:05','sa30','$2a$04$W094zLtLIwN21tChH1UqN.zTHPhaawFj9YepjVHvNL.LNBIIIM8qC',32,'A',NULL,NULL),(88,'Tim','Heffernan','theffernan@partners.org','582-8338','2016-05-04 14:35:05','2016-05-04 14:35:05','theff','$2a$04$Q6NzZ/n22VY7D.5odeNiYe0ULi3QoiZCfRgu7AJ5hFKhNd7Af2IvG',1,'A',NULL,NULL),(89,'Athe','Tsibris','atsibris@partners.org','(617)417-1162','2016-05-04 14:35:05','2016-05-04 14:35:05','stethant','$2a$04$trcLTmwXtbp8mGY5PNjXlew3dxae1dfezBOlbLYBQZbacM9KQimSO',16,'A',NULL,NULL),(90,'Michael','Berger','berger@broadinstitute.org','617-714-7553','2016-05-04 14:35:05','2016-05-04 14:35:05','mfberger','$2a$04$qLMSr6QiH7SLrLSOCoLcB.lUsAUagemhw7FB.KrraRGnO0zrhmDa2',2,'A',NULL,NULL),(91,'David','Kwiatkowski','dk@rics.bwh.harvard.edu','617-355-9005','2016-05-04 14:35:05','2016-05-04 14:35:05','dk','$2a$04$jXSIvm4iFE1ftrD.r.hwi.T.Ih/SIWJmmcZuNdx/.MB0nXS9ZArii',16,'A',NULL,NULL),(92,'Benjamin','Rich','brich@partners.org','','2016-05-04 14:35:05','2016-05-04 14:35:05','brich','$2a$04$uIThj0WAoeUTLtCXT5bIp.s.lpDCYKUJquwaPuOqCDlW/REMULTc2',1,'A',NULL,NULL),(93,'Christine','Obierika','christine_obierika@dfci.harvard.edu','6172596490','2016-05-04 14:35:05','2016-05-04 14:35:05','co932','$2a$04$bSgDhP8I5QIFp3yoY1BuOOoZpVb6VRG5IVjWSKIRrGDW46VRhok9O',1,'I',NULL,NULL),(94,'Carmelo','Nucera','cnucera@bidmc.harvard.edu','617-5990515','2016-05-04 14:35:05','2016-05-04 14:35:05','cnucera','$2a$04$LD8UXv.xY3Yh7K4EJa63AOve73uP0TRW2V/9jy9C.Dy1b4MDvvuBu',24,'I',NULL,NULL),(95,'Cristina','Ferrone','cferrone@partners.org','617 643 6819','2016-05-04 14:35:05','2016-05-04 14:35:05','cferrone','$2a$04$c8OCq0P.fMk/ukDjfBf4wewAx9BovOboob0kxgIkVrDTWO/fcW.Hu',24,'A',NULL,NULL),(96,'Laura','Fredenburgh','lfredenburgh@rics.bwh.harvard.edu','617 525-9563','2016-05-04 14:35:05','2016-05-04 14:35:05','lf063','$2a$04$jHXAPps4J2af7cLoImMH0eq0Rv0s5f6P0Bh.EZKyouIaSE7M.A2zO',16,'A',NULL,NULL),(97,'Hideo','Watanabe','hideo_watanabe@dfci.harvard.edu','617-632-4777','2016-05-04 14:35:05','2016-05-04 14:35:05','hw022','$2a$04$yvZdmP/S0ezsWoEX4YjAK.xY8cAI5GOlneJSNsg/wyRdaOm9qaztW',1,'A',NULL,NULL),(98,'Yanan','Guo','yguo5@rics.bwh.harvard.edu','617-355-9039','2016-05-04 14:35:05','2016-05-04 14:35:05','yg067','$2a$04$5XE8n8hGjNkHZPB5goRi/u18COlqpjyrmZEpSfNTRXDdIa/u/LZui',16,'A',NULL,NULL),(99,'Peter','Hammerman','phammerman@partners.org','617-852-6224','2016-05-04 14:35:05','2016-05-04 14:35:05','phammerman','$2a$04$jLDIEDesQ6xvad8UBMki.OaJR8.wGE1/QFgnmP56SwVzO2KrHa00a',1,'A',NULL,NULL),(100,'Yang','Liu','Yang_Liu2@DFCI.HARVARD.EDU','617-582-8535','2016-05-04 14:35:05','2016-05-04 14:35:05','tiger','$2a$04$Yg6X8Ui66/BYVZnmEGEmQe8U6KvX69NNoSQCeR8zqyAeKUVhug0wG',1,'A',NULL,NULL),(101,'Lars','Bullinger','lars.bullinger@childrens.harvard.edu','617-919-2510','2016-05-04 14:35:05','2016-05-04 14:35:05','lars.bulling','$2a$04$Y.SBlA4M2rwDR8c43nNHbuCC9tPgpKIVR/Eg8DZHxA/xR4DmruJFu',32,'A',NULL,NULL),(102,'Jeeyun','Lee','jyunlee@skku.edu','-4367','2016-05-04 14:35:05','2016-05-04 14:35:05','taro111','$2a$04$.zsp6Ngfl4rAJsW6RhhKwuYipzrkml0QygAVdC1oa9gWQL0obQAPe',23,'A',NULL,NULL),(103,'Frank','Kuo','fkuo@partners.org','1-857-307-1534','2016-05-04 14:35:05','2016-05-04 14:35:05','fkuo','$2a$04$C4A2s6NJzBzkJzY62Vm0Y.kqEoB3e66PML4jw7E8Tzd0b1IwiALy6',16,'A',NULL,NULL),(104,'Sushruta','Nagarkatti','snagarkatti@partners.org','6177266192','2016-05-04 14:35:05','2016-05-04 14:35:05','sn881','$2a$04$gN4w.15YLXGWngG7NyYfoOA/mmtOqiqrF8UEt1EPb0.Vea4I9huky',24,'A',NULL,NULL),(105,'Jesse','Boehm','boehm@broadinstitute.org','617-714-7494','2016-05-04 14:35:06','2016-05-04 14:35:06','jboehm','$2a$04$iziKfNr5B1mO7V1jJHk9yerU8Z4rfMj9i6QPlczdGWKt1OhFMYxVC',2,'A',NULL,NULL),(106,'Jeffrey','Mito','jeffrey.mito@duke.edu','919-681-8683','2016-05-04 14:35:06','2016-05-04 14:35:06','jmito','$2a$04$E7mqRRc2EbpMD6s3M740nu4HSiRYE4a6/m5iM10m7.SrrjDXRbi5q',26,'A',NULL,NULL),(107,'Nikhil','Wagle','nwagle@partners.org','617 596-3957','2016-05-04 14:35:06','2016-05-04 14:35:06','nwagle','$2a$04$h6Giyt95Qc1qiiEAHvLGR.HN0ZWdCN.6yrMD8C8qGUeIzDjEiQunG',1,'A',NULL,NULL),(108,'Robert','Jones','RobertT_Jones@dfci.harvard.edu','6176325950','2016-05-04 14:35:06','2016-05-04 14:35:06','rj956','$2a$04$YyWseOzksQaw1yuP9pX8j.qWsr5mxp/f1p4fMktn8V14tVIdqnyOC',1,'A',NULL,NULL),(109,'Yariv','Houvras','yhouvras@enders.tch.harvard.edu','(617) 919-2074','2016-05-04 14:35:06','2016-05-04 14:35:06','yhouvras','$2a$04$brZSOpBbQKdT1Rg.2kE6n.fnyBihgKBkvJ8SoUnvuuKOm8Tb3gIXK',32,'A',NULL,NULL),(110,'Amity','Manning','almanning@partners.org','857-526-1728','2016-05-04 14:35:06','2016-05-04 14:35:06','almanning','$2a$04$Qf4Y8mwWcJMUuSY91d7dYeMnKplFdTBMPED/ZzniPveBkgy7Uu7Ji',24,'A',NULL,NULL),(111,'Katherine','Dunn','katherine_dunn@dfci.harvard.edu','617-955-3417','2016-05-04 14:35:06','2016-05-04 14:35:06','kdunn','$2a$04$C0rQGfZmZx85sUP.Y3nCVui2XI6FO.aHiiwn8KQ5XhSzt8y3rBL66',1,'A',NULL,NULL),(112,'James','DeCaprio','james_decaprio@dfci.harvard.edu','617 632-3825','2016-05-04 14:35:06','2016-05-04 14:35:06','jd017','$2a$04$KP72FQDF.HWFK.a060IZKe1Ed6ywnNwvJNQOAMelf5O8jEMfRX3q2',1,'A',NULL,NULL),(113,'Shamini','Selvarajah','Shamini_Selvarajah@dfci.harvard.edu','6174558513','2016-05-04 14:35:06','2016-05-04 14:35:06','shamini','$2a$04$U1aXkVpKKgeC/ebhi/DgH.vVy4w.M7oZ6icHeJujDdDfzGSYXtcZO',1,'A',NULL,NULL),(114,'Nina','Lin','nhlin@partners.org','617-768-8479','2016-05-04 14:35:06','2016-05-04 14:35:06','ninalin','$2a$04$0.fbIuLnUJIXOicnE1mjAOMO7gQ5mbRXRR.p37AE2vMtvlfSNb3L6',30,'A',NULL,NULL),(116,'Ann','Mullally','amullally@partners.org','6173559091','2016-05-04 14:35:06','2016-05-04 14:35:06','amullal','$2a$04$T/UE.B.j2/YiwZbh80rl6.jJpFUQlpTjIntsGaAbHjyDQVwExma2C',16,'A',NULL,NULL),(117,'Eva','Hernando','eva.hernando@med.nyu.edu','1-212-263 9054','2016-05-04 14:35:06','2016-05-04 14:35:06','hernandoeva','$2a$04$nZnfB4GhAyqq6bG3PK/.yek2cAp6vNXGGLvvYqkfoLGMHNAtkpX6a',31,'A',NULL,NULL),(119,'Antoni','Ribas','evoneuw@mednet.ucla.edu','310-983-1262','2016-05-04 14:35:06','2016-05-04 14:35:06','oncomap3','$2a$04$pFBECQcnA/lHo.TMmXGSCe5ZtFQa0ifudm83IEHYMHYhvbV1ksi0y',7,'A',NULL,NULL),(120,'Monica','Calicchio','monica.calicchio@childrens.harvard.edu','617.919.2495','2016-05-04 14:35:06','2016-05-04 14:35:06','mlcalicchio','$2a$04$qJLoldObtIF0NbVSgKMuJOepT3nuoL7y/fjTfh5iRste8Mopi1rPu',32,'A',NULL,NULL),(121,'Sandra','Kirley','skirley@partners.org','617-726-8480','2016-05-04 14:35:06','2016-05-04 14:35:06','sdk3','$2a$04$7MujVx7U8488kK8q1S3xROxHmt.r7LdsQm4xNUIW27/7Ok9uWPsNu',24,'A',NULL,NULL),(122,'Eejung','Kim','eejung_kim@dfci.harvard.edu','22383','2016-05-04 14:35:06','2016-05-04 14:35:06','ek831','$2a$04$6dh2XHToCrAp3bew01MaWe35jp9YxvgjOCUGwIYiKydw4vDwLP0Cy',1,'A',NULL,NULL),(123,'Matt','Ducar','MatthewD_Ducar@DFCI.HARVARD.EDU','','2016-05-04 14:35:06','2016-05-04 14:35:06','mducar','$2a$04$69mkPwMQQMced9zjLJXafuGkl3uk7FQzZqt17EuTL8sqNUM/U3QCe',1,'A',NULL,NULL),(124,'Brian','Crompton','brian.crompton@childrens.harvard.edu','617-582-8553','2016-05-04 14:35:06','2016-05-04 14:35:06','bcrompton','$2a$04$rDdqKd4ORwdhLq.P2Fn7pOkbEp7QZ6eGjDa6BKHMT9VbDTkY3Z3QK',1,'A',NULL,NULL),(125,'Chin-Lee','Wu','CWU2@PARTNERS.ORG','617-726-8454','2016-05-04 14:35:06','2016-05-04 14:35:06','ChinLee','$2a$04$ED6vYdxXQuS7fz.rq7SEJeXAMfkpNzTO/CP0MKuE5VoEGLrt7ofmO',24,'A',NULL,NULL),(126,'Meghan','Comeau','comeau.meghan@dfci.harvard.edu','9785058544','2016-05-04 14:35:06','2016-05-04 14:35:06','nc869','$2a$04$GJTmfYL6i5NFiAB3dlMGouT41e0UKGpF74SEE8WXFZXXahnOtuQJO',1,'I',NULL,NULL),(127,'Madhuri','Koti','madhurikoti@gmail.com','613-5332000 x 79055','2016-05-04 14:35:06','2016-05-04 14:35:06','jeremysquire','$2a$04$nhCiAhkarrr6Q/LAqWadXuzkz3dIU96MCLuJvATTf/DOpaqrbDira',33,'A',NULL,NULL),(128,'Youngwook','Kim','young_w_.kim@sbri.co.kr','82-2-2148-7349','2016-05-04 14:35:06','2016-05-04 14:35:06','Youngwook.Ki','$2a$04$kWtKDwu9oUUKjS1jqwwSbuZyXyU27m67MyIOAIHo6S5Edk.A8ynD6',23,'A',NULL,NULL),(129,'Youngwook','Kim','qedos@hotmail.com','82-2-2148-7349','2016-05-04 14:35:06','2016-05-04 14:35:06','Youngwook.Ki','$2a$04$cRtoDvNFmXlLenHN3fFxt.b9qdn78/SpHGN2y0Jc1ryE7lrK6tly6',23,'A',NULL,NULL),(130,'shamini','selvarajah','sselvarajah@partners.org','6174558513','2016-05-04 14:35:06','2016-05-04 14:35:06','shamrose','$2a$04$lZZNChBNOgGzudArc5jUaurznKKq/WW3yV4IhL7QwYew/ZTpjoo1.',16,'A',NULL,NULL),(132,'Stephen','Mok','smok@mednet.ucla.edu','3108252676','2016-05-04 14:35:06','2016-05-04 14:35:06','ribaslab','$2a$04$tisNL6ekXN2kptPa10WmmummuuMxxW7K2oUxutDvQyFAEtFK.nL4S',7,'A',NULL,NULL),(133,'Jingwei','Cheng','jingwei_cheng@dfci.harvard.edu','617-632-4797','2016-05-04 14:35:06','2016-05-04 14:35:06','JC221','$2a$04$n3JCfZMI9.8E/easDHehU.M4ss2io364FG88SM4DaVyPSpZ6ZkDZW',1,'A',NULL,NULL),(134,'Mark','Kieran','mark_kieran@dfci.harvard.edu','(617) 632-4907','2016-05-04 14:35:06','2016-05-04 14:35:06','mwk0','$2a$04$LOhknQle00c00H2svqKVgOd2bD.z0Yz8chJuhWvfKPBG48GFvDDxW',1,'A',NULL,NULL),(135,'Matt','Theisen','matthewa_theisen@dfci.harvard.edu','6175828767','2016-05-04 14:35:06','2016-05-04 14:35:06','matheisen','$2a$04$a31ykByavOa7oSPBbXqaEOd0lBeSXaMpCg2PYreXKG8bu2Un/e1m.',1,'A',NULL,NULL),(136,'Carmen','Priolo','carmen__priolo@dfci.harvard.edu','6176326461','2016-05-04 14:35:06','2016-05-04 14:35:06','CPriolo','$2a$04$SNTOTOE/IrX4v3cC/W454.sVl9xYAwwo5UvnCQ5VVuBHE98N01wA.',1,'A',NULL,NULL),(137,'Paul','VanHummelen','paul_vanhummelen@dfci.harvard.edu','','2016-05-04 14:35:06','2016-05-04 14:35:06','paulvan','$2a$04$h4iYCE5cCbxVFjq6RQLGDuHfEhHWcg/LtkxEhxh1nKpUfmJ89zkIy',1,'A',NULL,NULL),(138,'John','Keilty','john.keilty@infi.com','617-453-1000','2016-05-04 14:35:06','2016-05-04 14:35:06','jkeilty','$2a$04$Jv/B8E20/oz1UdoMpxeKBuO5hHHcsEsJWFT65SIzS0FMimdowlKpK',35,'A',NULL,NULL),(139,'Jennifer','Brown','jbrown2@partners.org','617-632-4894','2016-05-04 14:35:06','2016-05-04 14:35:06','jb916','$2a$04$S3Md4R5kmup2fCrHqdV9TubZQ0k9s7AVsm4fXZ/ddQD6gno1xRbXS',1,'A',NULL,NULL),(140,'Alexi','Wright','alexi_wright@dfci.harvard.edu','617-632-3547','2016-05-04 14:35:06','2016-05-04 14:35:06','alexiwright','$2a$04$je9F3ZXbp5wsHAn/GhbjN.ZIa9UYAX6sPirzZmuLyqDLOR1MSN1KS',1,'A',NULL,NULL),(141,'Filipe','Martins','filipe_martins@dfci.harvard.edu','6175828073','2016-05-04 14:35:06','2016-05-04 14:35:06','filipecorrei','$2a$04$vgxSOMKiWDc4D8niiVd3AOUjpSu3HnlBGrrxkWQAdzQM.EQDjNUm2',1,'A',NULL,NULL),(142,'Xiangqing','Yang','xiangqing_yang@dfci.harvard.edu','(617)582-8803','2016-05-04 14:35:06','2016-05-04 14:35:06','xyang','$2a$04$4e4SQsUuMJ4lNtFtAt5BYehfSmtvfGgI2y8Y4MKE9iHs3aTDZdCam',1,'A',NULL,NULL),(143,'Xiangqing','Yang','xiangqingy@gmail.com','(617)582-8803','2016-05-04 14:35:06','2016-05-04 14:35:06','xyang126','$2a$04$vLKS3k57br9u.KSiAgT8EuQAhz5cJ3KeOpEQlF.cpM7PGw7b5eAKm',1,'A',NULL,NULL),(144,'Daniel','Auclair','dauclair@broadinstitute.org','617-714-8644','2016-05-04 14:35:06','2016-05-04 14:35:06','auclaird','$2a$04$yzjB7scFkPzlbfQ/rb7fl.PikmmpPmrKuiroidRYdISr3pCHinvcK',2,'A',NULL,NULL),(145,'Elizabeth','Garcia','egarcia7@partners.org','','2016-05-04 14:35:06','2016-05-04 14:35:06','eg804','$2a$04$RLEoc6xyNlCtf2STcTK2aOCd5eoAUQmLAD3snNHmsbQFwozntS6tK',16,'A',NULL,NULL),(146,'Victoria','Brown','vebrown@partners.org','617 525 3168','2016-05-04 14:35:06','2016-05-04 14:35:06','vbrown88','$2a$04$TVOGEBEaP8/iSQpZwkdf8uuPbpL/d2Z39JW.gazQpU.y7easE9aaa',16,'A',NULL,NULL),(147,'Lan','Hu','lanhu@jimmy.harvard.edu','','2016-05-04 14:35:06','2016-05-04 14:35:06','hulan','$2a$04$3gQUjb7npLZEwBeScAIAd.O00ZDNZbxgEGlPe.w3tILy9C9ferQ1u',1,'A',NULL,NULL),(148,'Jacek','Wardzala','jacek_wardzala@gmail.com','617 632 2204','2016-05-04 14:35:06','2016-05-04 14:35:06','jw500','$2a$04$4e4Re/MUk1.TAQzK4SFHbepKOnFX2iLrKA1jdO2ggMsGUOPgPocZa',1,'A',NULL,NULL),(150,'Efi','Kokkotou','kthall@bidmc.harvard.edu','617 818 2111','2016-05-04 14:35:06','2016-05-04 14:35:06','kthall','$2a$04$edBObbFg2xuV0poXVBloPOmaicoAjNKDTtnoOgjZttFtauVd86XSi',36,'A',NULL,NULL),(152,'Joonil','Jung','joonilj@broadinstitute.org','617-714-7579','2016-05-04 14:35:06','2016-05-04 14:35:06','joonilj','$2a$04$79lWwmIM4i.iLbTDC2njm.UQ7tbI.q/c.GzElSAqVTO34jjH4Nd9u',2,'A',NULL,NULL),(153,'Kin','Yu','kin.yu@sanofi-aventis.com','6176654222','2016-05-04 14:35:06','2016-05-04 14:35:06','ktysaoncobu','$2a$04$2V1lPlwNpeXDSxQ2oQZXIejjgisHJ46BX1JwqF7gvwWtB8Zx9Mr9i',38,'A',NULL,NULL),(154,'Ravali','Adusumilli','ravali_adusumilli@dfci.harvard.edu','','2016-05-04 14:35:06','2016-05-04 14:35:06','ravali','$2a$04$4l/trtYnTiLyi8rpv0z/.equ0sbu7Xziwr9J/4Ij1C7z4X5aNvfee',1,'A',NULL,NULL),(155,'Edward','Stack','edward_stack@dfci.harvard.edu','7818373367','2016-05-04 14:35:06','2016-05-04 14:35:06','ecstack','$2a$04$tG7nEm7py4yzi4VbRFnxdu61vc.yXqCdwjeivYGE7e2rENrfOporu',1,'A',NULL,NULL),(156,'Scott','Swanson','sjswanson@partners.org','6175257532','2016-05-04 14:35:06','2016-05-04 14:35:06','SJS','$2a$04$V3fNXMfiVGtdu1iLrhPg5uFSgzJeURBBqPEHlmeVz8amG411JSZ86',16,'A',NULL,NULL),(157,'Jeff','DeFrank','jeff_defrank@dfci.harvard.edu','Feb-64','2016-05-04 14:35:06','2016-05-04 14:35:06','JSD1','$2a$04$L0MXMZ6rMaomLqaS.cPz2eIk1o5C6Pj72zWeGB8Pgjb7koRbv/mou',1,'A',NULL,NULL),(158,'Alex','Huang','alex.huang@sanofi-aventis.com','617-665-4221','2016-05-04 14:35:06','2016-05-04 14:35:06','i0138401','$2a$04$aANhg4pJoWAcaY9SuztHM.Al/3/HaxNehZD9Oye4md0HsetU1Lzki',38,'A',NULL,NULL),(159,'ruchi','joshi','rjoshi1@partners.org','','2016-05-04 14:35:06','2016-05-04 14:35:06','rjoshi','$2a$04$pK3GMOoZ2GqLxsPo2NH4JelSUAZOc0mJFeYTFCoUoXg/pDgiAAgwe',16,'A',NULL,NULL),(160,'Adri','Mills','adri_mills@dfci.harvard.edu','607-229-9054','2016-05-04 14:35:06','2016-05-04 14:35:06','am20','$2a$04$r7whW2Ru/HGkU47qCDYgquYqiF6UrRcKB9HrHIPcIJTsSF6k.t00a',1,'I',NULL,NULL),(161,'Priscilla','Brastianos','pbrastianos@partners.org','617-632-2199','2016-05-04 14:35:06','2016-05-04 14:35:06','brastianos','$2a$04$0j1LONETxhtj3HhVokz9lO7uc/dbzae2o7HkJqeXfRfXEb9hQYtFy',1,'A',NULL,NULL),(164,'Takeshi','Shimamura','takeshi_shimamura@dfci.harvard.edu','617-582-7644','2016-05-04 14:35:06','2016-05-04 14:35:06','tshimamura','$2a$04$.H9QEH1wilQ2nIh14rtdJe/3yqLn6B3mfNL77nffs0gewGsKk36fa',1,'A',NULL,NULL),(165,'Brenton','Mar','brenton.mar@childrens.harvard.edu','617-632-4689','2016-05-04 14:35:06','2016-05-04 14:35:06','brentonmar','$2a$04$6ZUG/I.CSchmUebdtrauKe6fAFpx9v0NITeDLZIg3mHsQk8wWuvVe',1,'A',NULL,NULL),(167,'Rameen','Beroukhim','rameen@broadinstitute.org','617-582-7941','2016-05-04 14:35:06','2016-05-04 14:35:06','rameen','$2a$04$bRXaLkJ/fYNvgFL3U6qmDuEWdZVHNGHd5sjdBZVdUMUrOFfWzVTUO',1,'A',NULL,NULL),(168,'Youngha','Kim','youngha_kim@dfci.harvard.edu','617-582-4132','2016-05-04 14:35:06','2016-05-04 14:35:06','CMR','$2a$04$zbSXQcf9OFN9oGGOzDxwwO.5GOdLCpM6sN4tnf65fHKFnWhmWjBSa',1,'A',NULL,NULL),(169,'Andrea','Myers','apmyers@partners.org','650-714-5706','2016-05-04 14:35:06','2016-05-04 14:35:06','apmyers','$2a$04$4BmJ7s3IGHVCD7CXNjtgEOuSXB.PS3eufyVgP/k2xCK/7EwrUCpAe',40,'A',NULL,NULL),(171,'Ashwini','Sunkavalli','ashwini_sunkavalli@dfci.harvard.edu','6176326439','2016-05-04 14:35:06','2016-05-04 14:35:06','az975','$2a$04$.1ZsAYiFHVHgGSpxnJypgu7PqIE.mkpxmnwTr2R6iXP7BtIxpAdJa',1,'A',NULL,NULL),(172,'Coren','Milbury','coren_milbury@dfci.harvard.edu','617-632-4120','2016-05-04 14:35:06','2016-05-04 14:35:06','cmilbury','$2a$04$OOuuWF.t64P25QVkNEtJ0.vPFn2hQxr0n6R4oZn1vQatfZyluPiDu',1,'A',NULL,NULL),(173,'Sung-Min','Chun','alsl1000@hanmail.net','8.21034E+11','2016-05-04 14:35:06','2016-05-04 14:35:06','tez','$2a$04$a5XSKcfh5NQrQYcRqkPNPu1bb3OhADwyWYeHeWPhSVEyVTKIqiIh6',1,'A',NULL,NULL),(174,'Josh','Francis','joshua_francis@dfci.harvard.edu','617-714-7586','2016-05-04 14:35:06','2016-05-04 14:35:06','jmf83','$2a$04$X7hnCfDXBOP2S2w1VtlYTOiuW72h6NR9lcBoT.Ag7.wE8jaZDLIXK',1,'A',NULL,NULL),(175,'Sung-Min','Chun','smchun@amc.seoul.kr','82230105999','2016-05-04 14:35:06','2016-05-04 14:35:06','alsl1000','$2a$04$aHVOeCvdafr3h5mPX7XDlu8fZZKVwaI.DuVNgbJ1xk/y1aNqm793.',1,'A',NULL,NULL),(176,'Steven','Bair','stevenm_bair@dfci.harvard.edu','6176324610','2016-05-04 14:35:06','2016-05-04 14:35:06','sb670','$2a$04$zu4BpqQUND7jVhWadPHtreH6UKMnS8fkojr27ZuCGeJtWj4qIkoD6',1,'A',NULL,NULL),(177,'Alex','Kentsis','alex.kentsis@childrens.harvard.edu','6176324130','2016-05-04 14:35:06','2016-05-04 14:35:06','kentsis','$2a$04$6eJ9Atb5EAWpOXpYSPFtt.CEeXuFhe7.GdujoMiAB9b/kEa19DbGO',32,'A',NULL,NULL),(178,'Sewanti','Limaye','slimaye@partners.org','617-632-3090','2016-05-04 14:35:06','2016-05-04 14:35:06','sl113','$2a$04$hc2DmL4pk.z3aQwjdzCIiOOa28JwtanK6thvXyftDvNvkNTLkb5Ma',16,'A',NULL,NULL),(179,'SARA','TOLANEY','stolaney@partners.org','617-632-5743','2016-05-04 14:35:06','2016-05-04 14:35:06','stolaney','$2a$04$l/xdf13uoZLSNg3fE8Di4u/7GBqpi53IfJfAGUBUmxgTiIcqZG0Na',1,'A',NULL,NULL),(180,'Bjoern','Chapuy','Bjoern_Chapuy@dfci.harvard.edu','1(617)6323881','2016-05-04 14:35:06','2016-05-04 14:35:06','bchapuy','$2a$04$5BrmCIwEpO8dQ.Aq24p3tuej7KWBbKRibbig75prgG/86besn7ma.',1,'A',NULL,NULL),(182,'Peleg','Horowitz','phorowitz@partners.org','773-480-5987','2016-05-04 14:35:06','2016-05-04 14:35:06','horowitz','$2a$04$r6wQ7TJK4MH0vRZbUTIOs.VZvCSZDzABcysXIcHJrlxxjivOTUG/O',2,'A',NULL,NULL),(183,'Brian','Goodman','bmgoodman@partners.org','617-525-6784','2016-05-04 14:35:06','2016-05-04 14:35:06','bmgoodman','$2a$04$cejeot67ZatTzaxTeLlaxOPDjSVIZvS5nZ7XOaMbgzYQpnjMlHwHC',16,'A',NULL,NULL),(184,'Sandro','Santagata','ssantagata@partners.org','617-732-7532','2016-05-04 14:35:06','2016-05-04 14:35:06','santas01','$2a$04$CyQHlBqFWTXAQZ5QF4IBQOn7Ze9nBAsKreQXGag3OJSlnMME1gpzG',16,'A',NULL,NULL),(185,'Oliver','Weigert','oliver_weigert@dfci.harvard.edu','617-582-8868','2016-05-04 14:35:06','2016-05-04 14:35:06','oweigert','$2a$04$Mki0FTeMnil5A0gKKfShq.S028rYVjKxegrA8eMqvvhHnq4HBg4Lq',1,'A',NULL,NULL),(186,'David','Hsu','hsu00018@dm.duke.edu','919-684-1739','2016-05-04 14:35:06','2016-05-04 14:35:06','swdhsu','$2a$04$/1X7unfJkP.ZASIMsuH/TejBXGbTtiByRTt7JsUSopu2P1W4F8uz2',44,'A',NULL,NULL),(188,'Joshua','Uronis','ju12@duke.edu','+1 919 684 1591','2016-05-04 14:35:06','2016-05-04 14:35:06','hsulab','$2a$04$ZKUuiOMSJ/Cjn01LDcBV7OdtFyxuL3J79YFouYUpi7KUdUdWiugdG',44,'A',NULL,NULL),(215,'Xuesong','Zhao','xuesong_zhao@dfci.harvard.edu','617 632 6174','2016-05-04 14:35:06','2016-05-04 14:35:06','snowpine','$2a$04$n3OLZt6/O3c/GSC1G3wnHerkKyi3STcspQPml00t6FbSt9oClVGlK',1,'A',NULL,NULL),(216,'YF','Wong','yfwong@partners.org','6172780196','2016-05-04 14:35:06','2016-05-04 14:35:06','yfwong','$2a$04$B5lOcuiMSyUR3LdXSQpNuuBqfb4TravzwUStk0SMHGP2YzlH4/XNu',16,'A',NULL,NULL),(217,'Aymen','Elfiky','Aymen_Elfiky@dfci.harvard.edu','617-632-5456','2016-05-04 14:35:06','2016-05-04 14:35:06','ae955','$2a$04$OlkslCPm1VHpLoC2kmLRq.xW9Vp9c.wk.FR9rqFhLUGmnKe8w3lne',1,'A',NULL,NULL),(218,'Simone','Hettmer','simone_hettmer@dfci.harvard.edu','617 632-4550','2016-05-04 14:35:06','2016-05-04 14:35:06','Wagerslab','$2a$04$8LL3xRsD12yavLo7MtkTcuxLBiI9C3tNasqktYFAPnux8IV7k0mX.',1,'A',NULL,NULL),(219,'Constantine','Mitsiades','constantine_mitsiades@dfci.harvard.edu','617-632-1962','2016-05-04 14:35:06','2016-05-04 14:35:06','cmitsiades','$2a$04$Bci554IJNgJMYye1LByIF.MAhIAvRuX2eWKxRN2q7nkvik9i6hnVO',1,'A',NULL,NULL),(220,'Louise','Koopman','louise_koopman@dfci.harvard.edu','617-632-6922','2016-05-04 14:35:06','2016-05-04 14:35:06','lkoopman','$2a$04$/yMmcylppLzf3XXouUASTeY0xjoNn/A/czGEU3PdrfFPhcUn86h5u',48,'A',NULL,NULL),(221,'David','Weinstock','dweinstock@partners.org','24245','2016-05-04 14:35:06','2016-05-04 14:35:06','weinstod','$2a$04$9GhZ.FoY7WSTEVUUZvIO2O.5Ju.5o4.8L6hg7BnVh1rvm5XSA5DRG',1,'A',NULL,NULL),(224,'Heidi','Greulich','heidig@broadinstitute.org','617-714-7475','2016-05-04 14:35:06','2016-05-04 14:35:06','heidigreulic','$2a$04$XeVXqMz4u5zJLh4RKk3TB.5/dfbaJnflHgaFbDNm50gSLCcG3WADW',1,'A',NULL,NULL),(225,'Catriona','Hayes','catrionaa_hayes@dfci.harvard.edu','6175829895','2016-05-04 14:35:06','2016-05-04 14:35:06','cathayes','$2a$04$QEbQA7QlnCCic3uMbw1f2.lInKpjsDf80w.5GpVRo8nx7/e2cZ3OO',1,'A',NULL,NULL),(226,'Gerburg','Wulf','gwulf@bidmc.harvard.edu','617 331 7772','2016-05-04 14:35:06','2016-05-04 14:35:06','gwulf','$2a$04$AwYCV1BcMhXXoRDBNycOl.Qe4KnUZKze9fJtVLqllGYn2ngeRu3Z.',14,'A',NULL,NULL),(227,'Carmelo','Nucera','carmnuce@libero.it','617-599-0515','2016-05-04 14:35:06','2016-05-04 14:35:06','carmnuce','$2a$04$f58PM8DOOL/EpMzNJMZCYuIvMalhRlmUNgLJ7ce31H/VglANp/8xC',51,'A',NULL,NULL),(228,'Claudius','Conrad','cconrad@partners.org','617-726-2000 pager 1','2016-05-04 14:35:06','2016-05-04 14:35:06','cconrad','$2a$04$raWI9xtfRmvvuhDomJbiTO2DbefashQQycvaRB4dAzSgHN.AX75.S',24,'A',NULL,NULL),(229,'Larissa','Lee','llee@lroc.harvard.edu','617 331-9665','2016-05-04 14:35:06','2016-05-04 14:35:06','ljl14','$2a$04$5MkZV21cYXlXfTYqt5b3IurA2prxvwZq8BBxuzYVYMc6sxlxYT9ki',16,'A',NULL,NULL),(230,'Megan','Lampron','Megan_Lampron@dfci.harvard.edu','617-632-5914','2016-05-04 14:35:06','2016-05-04 14:35:06','mel89','$2a$04$hUZ75K9ZG2KPyFa6Lr0ryOEC0On5tzE9IG3kco.rxoZ08gWVk1ACS',1,'A',NULL,NULL),(231,'David','Kozono','dkozono@lroc.harvard.edu','617-582-8237','2016-05-04 14:35:06','2016-05-04 14:35:06','dkozono','$2a$04$qqpSprWOs89fjMMkE8T17uzc7f81IhENPsiru4kpb11Wt3o0qP0tu',52,'A',NULL,NULL),(232,'Sushma','Gurumurthy','sguru0@gmail.com','617-582-6598','2016-05-04 14:35:07','2016-05-04 14:35:07','sushguru','$2a$04$i8kpczsgRMaAyMYwAzYFiOkOA5gPV5XdGHVWfbxHMnby34J36tWFm',53,'A',NULL,NULL),(233,'Laura','Schubert','laura_schubert@dfci.harvard.edu','6176326688','2016-05-04 14:35:07','2016-05-04 14:35:07','ls298','$2a$04$MdY5A57DJS5lPCVqVGY87OQ0YMT6PCSPf7N7V27x5s174LAJcUqmi',52,'A',NULL,NULL),(234,'franklin','huang','fwhuang@partners.org','6175555555','2016-05-04 14:35:07','2016-05-04 14:35:07','fhuang','$2a$04$CPOI8KB68GIMp8YQOTuHK.w4.wXOk5HTOhjOZn1MAwkBUxu1op0aa',52,'A',NULL,NULL),(235,'himabindu','ramachandrareddy','himabindu_ramachandrareddy@dfci.harvard.edu','617-632-4749','2016-05-04 14:35:07','2016-05-04 14:35:07','bindubcl6','$2a$04$ITyg/JYHOIhn2vxNbqbujuHBtNTX2bT6KkKAiw4UaB7qL4pAMxr/C',1,'A',NULL,NULL),(237,'Yuji','Mishima','yuji_mishima@dfci.harvard.edu','617-582-8535','2016-05-04 14:35:07','2016-05-04 14:35:07','yuji_mishima','$2a$04$GqJumNzOUyYvjdWLy221y.y8vBJaDsUqNburGmsHLrqBWpUkqe0wG',53,'A',NULL,NULL),(238,'Shakti','Ramkissoon','sramkissoon@partners.org','617-582-8767','2016-05-04 14:35:07','2016-05-04 14:35:07','Shak2012','$2a$04$G3zrzn312KXZcUVXLxH80uL/Xhf14derXvRcUeh2SuNDdbPuX52QW',52,'A',NULL,NULL),(239,'Kevin','Elias','kelias1@partners.org','6154280480','2016-05-04 14:35:07','2016-05-04 14:35:07','kevinelias','$2a$04$ER7PUTDqL8grO5EUqML9ne7Vr88zObPxTQbT42wyCHYg1v2KYfnZm',54,'A',NULL,NULL),(240,'David','Barbie','dbarbie@partners.org','617-632-3614','2016-05-04 14:35:07','2016-05-04 14:35:07','dbarbie','$2a$04$ohoWqdDx.P.xyaG3WuxT1OafoOXrttEQKmkjg0GGMbfRvYH02aSFq',1,'A',NULL,NULL),(242,'Michael','DiGiovanni','mjdigiovanni@beckman.com','978-204-3110','2016-05-04 14:35:07','2016-05-04 14:35:07','Michael','$2a$04$MqI3GtHtp7fjHSMkhmY6x.ybhvqndGnqFZPVRb5qgZ1ws97okGDqO',55,'A',NULL,NULL),(243,'Eva','Goetz','evam_goetz@dfci.harvard.edu','214-478-9836','2016-05-04 14:35:07','2016-05-04 14:35:07','evagoetz','$2a$04$6a7VwRt15mD/YSH0d7eQTu0LP9ME2arkUQ6eZj9smpCKC0FuN2m96',52,'A',NULL,NULL),(244,'Jonathan','Wasserman','jonathan.wasserman@sickkids.ca','4168137654x28949','2016-05-04 14:35:07','2016-05-04 14:35:07','jdwass','$2a$04$Ogo6m4dyyPXAIWCzYgisA.lUCy0Hma8yHOIsvi2xgJU.kfh0tVF5S',56,'A',NULL,NULL),(245,'Adam','Bass','adam_bass@dfci.harvard.edu','617-407-9275','2016-05-04 14:35:07','2016-05-04 14:35:07','ajb12','$2a$04$BLE9MPjrCSPhUYuIrdktB.Ew3si2JcJVrdMa/Gz0LZowxTp.L4Mf6',52,'A',NULL,NULL),(246,'Anna','Cooley','AnnaC_Cooley@DFCI.HARVARD.EDU','617 58-28643','2016-05-04 14:35:07','2016-05-04 14:35:07','cooleya','$2a$04$9BuBQG75O9g3Tm52d6OrhuFcW8RQfpnvpFDAq8oKhUgd6avTA8X3q',52,'A',NULL,NULL),(247,'Rhamy','Zeid','rhamyzeid@fas.harvard.edu','617-632-4658','2016-05-04 14:35:07','2016-05-04 14:35:07','rz042','$2a$04$T6zx05r.X8OzqYpIB2XzFuuFwEL6002ZHfSdbhi0ylJOI5eF4iQ6K',57,'P',NULL,NULL),(249,'Brenton','Paolella','brenton_paolella@dfci.harvard.edu','(617) 582-7948','2016-05-04 14:35:07','2016-05-04 14:35:07','snomiester','$2a$04$Phg8n8LaCCMwClVpVJNWY.kck.47eKwrB7UxhcH5BQy9SXwAdxbcq',52,'P',NULL,NULL),(250,'Aaron','Thorner','Aaron_Thorner@dfci.harvard.edu','27253','2016-05-04 14:35:07','2016-05-04 14:35:07','athorner','$2a$04$rZnIeygF0cUlnkJggb9u9ufAHZ6zoxWF3FLuhhcmETOVM7/h4hyh.',52,'A',NULL,NULL),(251,'Geoffrey','Oxnard','goxnard@partners.org','617-632-6049','2016-05-04 14:35:07','2016-05-04 14:35:07','gro4','$2a$04$knHT/7NBsTjsN8aAkfQEXeErVyc4HZPGg9/xhF12vjTjtCbceiv3e',1,'A',NULL,NULL),(252,'Joyce','Liu','joyce_liu@dfci.harvard.edu','617-632-5269','2016-05-04 14:35:07','2016-05-04 14:35:07','joyceliu','$2a$04$fBIW52Ku3H0YjyAJP4LKneAM5kcebIw2EILYWtE2KcxCbOUf/YbVy',1,'A',NULL,NULL),(253,'Rachel','Liao','rienstra@broadinstitute.org','6177147557','2016-05-04 14:35:07','2016-05-04 14:35:07','rliao','$2a$04$3wlNCwbJKpDEGlY94Htv9eZGeHRqDkH5oXjne3464Z7t0PiQXYoy2',58,'A',NULL,NULL),(254,'Adri','Mills','aamills@gmail.com','123-456-7890','2016-05-04 14:35:07','2016-05-04 14:35:07','am20b','$2a$04$LfuxhuBQQ4YnVPsUOWW9yeBkvTNR5Y8tdwgUCyaWgPs5wKZFxL6k.',52,'I',NULL,NULL),(255,'Hauke','Cornils','hauke_cornils@dfci.harvard.edu','617-632-4343','2016-05-04 14:35:07','2016-05-04 14:35:07','hauke_cornil','$2a$04$mc1HHHKyP4SCykcvPV8Wd.Pe58VBzXeAbvY21ZlaNbkVuDODpVAW6',53,'A',NULL,NULL),(256,'Emanuele','Palescandolo','epalesca@its.jnj.com','3214604741','2016-05-04 14:35:07','2016-05-04 14:35:07','epalesca','$2a$04$hZc8BUBt0zCT/d613FG4FerJXSlbVrVzM74BVj0qEfJoVqJzZuzFC',59,'A',NULL,NULL),(257,'Kathleen','Yates','kathleen_yates@dfci.harvard.edu','617-582-8874','2016-05-04 14:35:07','2016-05-04 14:35:07','kb686','$2a$04$ylTLEh3GIecN/LFJD1lqMu5Ob4POCv7VOgkWiYosBT1fmTsiCVvJ6',1,'A',NULL,NULL),(258,'Ami','Bhatt','asbhatt@broadinstitute.org','617-714-7559','2016-05-04 14:35:07','2016-05-04 14:35:07','asbhatt','$2a$04$e7OdnnMfYmLAZkEjjhAZd.s7oUR0TWcLJNXM3B/23PrHYP05A/F7m',52,'A',NULL,NULL),(259,'Alejandro','Gutierrez','alejandro.gutierrez@childrens.harvard.edu','617-919-3660','2016-05-04 14:35:07','2016-05-04 14:35:07','alejandro.gu','$2a$04$IPLWzLVAYCjdqtbBxinb5eZPd4.i5G7bA.mlBOC8DrU2zwOu.TyeO',60,'A',NULL,NULL),(260,'Prakash','Rao','prakash_rao@dfci.harvard.edu','617 582 9813','2016-05-04 14:35:07','2016-05-04 14:35:07','prakashrao','$2a$04$LdpfG8GdOSxi/ZT2hZ2THO0hIAs986Bg127DHdIY//2hAnIgmvFPm',53,'A',NULL,NULL),(261,'Jeffrey','Sorrell','jeffrey_sorrell@dfci.harvard.edu','617-632-1952','2016-05-04 14:35:07','2016-05-04 14:35:07','jds53','$2a$04$SpJdYQfNM0.fctP2lAcl7uHCyh1ugTyWko36nMhBbA8Uf3syOF66G',53,'A',NULL,NULL),(262,'Nathan','Moerke','nathanmoerke@gmail.com','8572252576','2016-05-04 14:35:07','2016-05-04 14:35:07','nmoerke','$2a$04$2zrXyh9JyUhaDf/8U2N44OUJSZLDGmzOUopox4N0dEhcX4P/PLVP.',61,'A',NULL,NULL),(263,'Charles','Roberts','charles_roberts@dfci.harvard.edu','617-632-6497','2016-05-04 14:35:07','2016-05-04 14:35:07','kim','$2a$04$FJ0rNc2o5PIZ0ozKde2k6.TOA4LFmTMCzqo/cygua8kSWpKL0KOyq',1,'A',NULL,NULL),(264,'Kimberly','Stegmaier','kimberly_stegmaier@dfci.harvard.edu','617-632-4985','2016-05-04 14:35:07','2016-05-04 14:35:07','charles','$2a$04$OHMqofs1cKWl/0WrHwyQBOqv/4apJKvnWPg/4lAykBMq3t/ruYaji',1,'A',NULL,NULL),(265,'Cecile','Maire','cecile_maire@dfci.harvard.edu','617 582 8765','2016-05-04 14:35:07','2016-05-04 14:35:07','cecilemaire','$2a$04$hsJN4Kd6dKHHJY6urbfeou2r5B76Abd5jTGDHzHpqAiXAEKYj2zCm',52,'A',NULL,NULL),(266,'Ryan','Abo','ryanp_abo@dfci.harvard.edu','','2016-05-04 14:35:07','2016-05-04 14:35:07','rpa4','$2a$04$RtwFJdSwDpIBjcIJAI4jX.y8Zcsp/Lk88CnMlBf4YyBTyXKytCSxe',53,'A',NULL,NULL),(267,'Jack','Lepine','jackr_lepine@dfci.harvard.edu','617-582-8643','2016-05-04 14:35:07','2016-05-04 14:35:07','lepinej','$2a$04$lW1gMQCWAtGsY8O80tt2XOmHmdtE9gSOKAIvJYrv8KT86fxoS0iou',1,'A',NULL,NULL),(268,'Abhishek','Chakraborty','abhishek_chakraborty@dfci.harvard.edu','6176324745','2016-05-04 14:35:07','2016-05-04 14:35:07','achakraborty','$2a$04$M.mKzBTsvLcdgm/rf1YB8eGVsuwzx94nljjqO51xYKu82EY1XbZp.',52,'A',NULL,NULL),(269,'Ling','Lin','ling_lin@dfci.harvard.edu','617-582-8893','2016-05-04 14:35:07','2016-05-04 14:35:07','ll620','$2a$04$JA5yL4vWNmyFmYOsTWwr4OoxvLI0H89nKSv7ktr/Yu2AWaZ5WDUqm',53,'A',NULL,NULL),(270,'Akinyemi','Ojesina','ojesina@broadinstitute.org','617-714-7570','2016-05-04 14:35:07','2016-05-04 14:35:07','ojesina','$2a$04$EGIknd2GTsJvZCfJmyIrSelQkr24g/MWitYqFbMpBVI/Qy4cuWocS',1,'A',NULL,NULL),(271,'Michael','Rosu-Myles','michael.rosu-myles@hc-sc.gc.ca','613-954-8742','2016-05-04 14:35:07','2016-05-04 14:35:07','mrosumyl','$2a$04$OA3OlkPofvOh1lk4rUxNcOMU9hxbnq9PD2cl.TMXxzsPMx30xmu8y',62,'A',NULL,NULL),(272,'Andrew','Hong','andrew.hong@childrens.harvard.edu','6176323270','2016-05-04 14:35:07','2016-05-04 14:35:07','ah90','$2a$04$wAJv4YShTUQ2hjn2rInE8.26PkFJXUcY75sJyq8bQXtbZ/jAiOom6',63,'A',NULL,NULL),(273,'Giovanni','Roti','Giovanni_Roti@dfci.harvard.edu','6175827631','2016-05-04 14:35:07','2016-05-04 14:35:07','rotigiova','$2a$04$A2hXMW3PnNlUPhVgYPWiU.nydkHjcZ74nGOzwaO18k8IKDflbpEDS',1,'A',NULL,NULL),(274,'Andre','Fay','Andre_Fay@DFCI.HARVARD.EDU','6175139895','2016-05-04 14:35:07','2016-05-04 14:35:07','af638','$2a$04$nNq1mpKy04cdDCoDdCasZeiXv99/uM/rQmYBrmyjJUnzdY5HJRr8q',1,'A',NULL,NULL),(275,'Michalina','Janiszewska','michalina_janiszewska@dfci.harvard.edu','618-582-8755','2016-05-04 14:35:07','2016-05-04 14:35:07','mjanisze','$2a$04$dJ15VPpzKVmpyNs4fqBsAui7NyQJqo/BmeYiQJSo.4c53mnkktc5q',52,'A',NULL,NULL),(276,'Robert','Barnitz','robert_barnitz@dfci.harvard.edu','6175827625','2016-05-04 14:35:07','2016-05-04 14:35:07','rab72','$2a$04$MLpsPUeOCeHALEPI0T9UHOcEfSrCG0Wc18Y4HYG5WFpjvIz6QTJvG',1,'A',NULL,NULL),(277,'Shiliang','Cao','Shiliang_Cao@dfci.harvard.edu','7044514511','2016-05-04 14:35:07','2016-05-04 14:35:07','sc20','$2a$04$CkwL5/h7fffC8u1D9dKSnePa7AV3wvj/D9SZ4L9OSoQ3CO8Z2ATwq',53,'A',NULL,NULL),(278,'Susan','Moody','semoody@partners.org','267-980-8978','2016-05-04 14:35:07','2016-05-04 14:35:07','sem42','$2a$04$BiPmtDC/NKncAUf5yYVpPuHzs7PmGs9PHP2OA0xJjfTRd2jn0s2W.',1,'A',NULL,NULL),(279,'Salomon','Manier','salomon_manier@dfci.harvard.edu','8573996947','2016-05-04 14:35:07','2016-05-04 14:35:07','Salomonmanie','$2a$04$2gQDFRMIrpiNsh32f1qhyeDlbDfsM9bfzna1Kxiaa83DSIM0Ug87C',52,'A',NULL,NULL),(280,'Srunphut','Pukma','pukmas@emmanuel.edu','6178510303','2016-05-04 14:35:07','2016-05-04 14:35:07','pukmas1991','$2a$04$S4QNF254uLMlz25lkd0u1OmnsQYU3W.xGRAuZXtKw4yfCf9kWPlVq',64,'P',NULL,NULL),(281,'Atsush','Nonami','Atsushi_Nonami@dfci.harvard.edu','8572419779','2016-05-04 14:35:07','2016-05-04 14:35:07','an892','$2a$04$rdt4OsVDuplk1tYMwOrkCeypEU3py/UcabOcY93UPMGp1Oe1TPy3m',52,'A',NULL,NULL),(282,'ASLI','MUVAFFAK','asli_muvaffak@dfci.harvard.edu','617-582-8789','2016-05-04 14:35:07','2016-05-04 14:35:07','aslim','$2a$04$YRq0YWf3wW3.Mox/E829iuABs8GGeSXIxvecUWQOhRWeKvDqAy8WS',52,'A',NULL,NULL),(283,'Melanie','Prasol','Melanie_Prasol@dfci.harvard.edu','','2016-05-04 14:35:07','2016-05-04 14:35:07','mp197','$2a$04$YNcs6BmRlPwCLXiu6BAqAuGO1cGuW0nyyhBTa0d7nhhwofu3c1M2G',53,'P',NULL,NULL),(284,'Stephanie','Mullane','stephanie_mullane@dfci.harvard.edu','617-632-2397','2016-05-04 14:35:07','2016-05-04 14:35:07','smullane','$2a$04$RcLsfMpTeVlkXyaQ458SYe1igdIdnI1pM/ev/NrOuHAFMYeGWeIUW',52,'A',NULL,NULL),(285,'Ganesh','Shankar','gshankar@partners.org','805-796-0878','2016-05-04 14:35:07','2016-05-04 14:35:07','gshankar','$2a$04$N1CQQN72u8SHaARF9MtVYO3MFSGHZbYBkL2cwPgQ9O0brr6veaOfG',2,'A',NULL,NULL),(286,'James','Amatruda','james.amatruda@utsouthwestern.edu','214-648-1645','2016-05-04 14:35:07','2016-05-04 14:35:07','amatrudalab','$2a$04$STIIq3KtKEMg0w0RRCk7lOPKhI2cPZiNKVT6/5sttRLUbcJouNJDG',65,'A',NULL,NULL),(287,'Ho-Chou','Tu','hochoutu@gmail.com','3145181002','2016-05-04 14:35:07','2016-05-04 14:35:07','Daleylab','$2a$04$0NB1rdZTnq2f58fKSuLFROoJKdqiluyeoQLAJ6YhizqWejmZVFA8W',32,'A',NULL,NULL),(288,'Oliver','Weigert','olver.weigert@helmholtz-muenchen.de','+49.89.3187.1402','2016-05-04 14:35:07','2016-05-04 14:35:07','oliver.weige','$2a$04$pYt9.Uiol1IiezxWA.aLluH110/kI5yErvCQULiCJW9USNy/POjiW',66,'A',NULL,NULL),(289,'Atish','Choudhury','achoudhury@partners.org','6176324524','2016-05-04 14:35:07','2016-05-04 14:35:07','achoudhury','$2a$04$K22eoqzdPy5pjcs.I/RipeQWMncQ4AIJ/f6p.wDvI3TWZd2ytdbr6',1,'A',NULL,NULL),(290,'Johann','Hoeftberger','johann_hoeftberger@dfci.harvard.edu','','2016-05-04 14:35:07','2016-05-04 14:35:07','JHoeftberger','$2a$04$q/wC9Ap.PDlR6abMKj/cBOfrcNzEvnC5dn6VmIi.KEBFjoylVSyrK',53,'A',NULL,NULL),(291,'Peter','Choi','peter_choi@dfci.harvard.edu','6176322930','2016-05-04 14:35:07','2016-05-04 14:35:07','pchoi','$2a$04$yNhOp.GVkLxS.IqB8/XWuOY8TxiPw5PSp2DaARfYus02MVGURiMDm',1,'A',NULL,NULL),(292,'Coleman','Lindsley','coleman_lindsley@dfci.harvard.edu','617-997-3715','2016-05-04 14:35:07','2016-05-04 14:35:07','clindsley','$2a$04$jGCBEm9nrNvkS1nC2vqRS.WSUuutXuXgWWg8LDbOKUV0VpQ5SK8Gq',52,'A',NULL,NULL),(293,'Julide','Celebi','julide.celebi@mountsinai.org','347-247-1576','2016-05-04 14:35:07','2016-05-04 14:35:07','julidecelebi','$2a$04$/QOcOkX9mFVcd8ZWUlTQ0Ofn/efEslcfBuGxDYUBeYdeZVlRumrf.',67,'A',NULL,NULL),(294,'Michael','Nehil','michael_nehil@dfci.harvard.edu','8312477018','2016-05-04 14:35:07','2016-05-04 14:35:07','mnehil','$2a$04$CxjEgMjxV4ta6.93mo7Qke/oR9Dx2y7viZ0pb33tyCK8W2DuwkvIO',52,'A',NULL,NULL),(295,'Abner','Louissaint','alouissaint@partners.org','(617) 943-2890','2016-05-04 14:35:07','2016-05-04 14:35:07','alouissa','$2a$04$58nczjALc05UyEMtLoXDuOc1T1jn0robcR/oqbqNMA0ObEYbO4YJ.',52,'A',NULL,NULL),(296,'Leena','Gandhi','Leena_Gandhi@dfci.harvard.edu','617-632-6049','2016-05-04 14:35:07','2016-05-04 14:35:07','lgandhi','$2a$04$lLJ5WTiwh/0XwRk/NSJiSuxqhBIREUJJw5agh3HMn5iYH/SJtK2.K',52,'A',NULL,NULL),(297,'Rebecca','Chin','rchin1@bidmc.harvard.edu','6177352484','2016-05-04 14:35:07','2016-05-04 14:35:07','chinlab','$2a$04$qExKKZITjQswVP9elMzI7efmuAUFqfTeK5sjZuItX8gk5Y6q1IX1y',68,'A',NULL,NULL),(298,'Florian','Heitz','florian.heitz@gmx.net','4.92012E+12','2016-05-04 14:35:07','2016-05-04 14:35:07','Fheitz','$2a$04$avm3l4zUC5HeDnvOup/xU.7/2Celfmnq/kj.NmtA6L3ljEHXq8wqW',69,'A',NULL,NULL),(299,'Linda','Bi','lbi@partners.org','203-645-9485','2016-05-04 14:35:07','2016-05-04 14:35:07','wbi','$2a$04$1xkawTUBDILsPr0MXyIfLeRg5fXVAqOxZDV0PbiZ31zWTzpV3onPW',70,'A',NULL,NULL),(300,'Andrew','Lane','andrew_lane@dfci.harvard.edu','617-632-4589','2016-05-04 14:35:07','2016-05-04 14:35:07','aal17','$2a$04$aQ70U7M82NHuwuEhb1PWa.l9GfxwlHxOHBK2Gk5T7QRc4MK0VHMem',52,'A',NULL,NULL),(301,'Pankaj','Agarwalla','agarwalla@gmail.com','617-726-2000','2016-05-04 14:35:07','2016-05-04 14:35:07','agarwalla','$2a$04$BIxINeI.mpuL.2K8trL54eCmXJwzdY9jN9mIU/pu6hcfDDyG72W4e',52,'A',NULL,NULL),(302,'Kent','Mouw','kmouw@partners.org','617-632-5145','2016-05-04 14:35:07','2016-05-04 14:35:07','kmouw','$2a$04$y71X0MHZCKBwHCYnRA4SXOcNDHT2XEY2K5Xg4avtc/mzazBFDYP/O',1,'A',NULL,NULL),(303,'Mark','Murakami','Mark_Murakami@DFCI.harvard.edu','617-582-9171','2016-05-04 14:35:07','2016-05-04 14:35:07','mym97','$2a$04$8B5NiwRVyGHMt9WwhpxVheukeAW.lDLZZ.G9gawnkBuPpuoGMohUm',53,'A',NULL,NULL),(304,'Thomas','Melchardt','t.melchardt@salk.at','0043-662-4482','2016-05-04 14:35:07','2016-05-04 14:35:07','t.melchardt@','$2a$04$fdJ4MeW.oaus7Q0w9n5pZOA.Enngrxh34oSQZej.xawO6loJkvGGm',71,'A',NULL,NULL),(305,'Sam','Hunter','samuels_hunter@dfci.harvard.edu','208-546-9229','2016-05-04 14:35:07','2016-05-04 14:35:07','shunter','$2a$04$6.9kPap9RBFzAfhlfaxmaO6dB4Aabs7fDUWk/DX4/QeyH8R7m4stq',53,'A',NULL,NULL),(306,'Melissa','Burns','melissa.burns@childrens.harvard.edu','617-919-7011','2016-05-04 14:35:07','2016-05-04 14:35:07','melissa.burn','$2a$04$QM50AKpJkKTV4FvXHHZSSOJYTvJtb2l7E6R61MEQv1VqGAqmAR72i',60,'A',NULL,NULL),(307,'Sima','Zacharek','sima_zacharek@dfci.harvard.edu','617-582-8026','2016-05-04 14:35:07','2016-05-04 14:35:07','simazac','$2a$04$UPZcZ.ykEKbKaVl7VVdNQuLQJ..HiRoGP44C88vGum.kstje6X5Pi',52,'A',NULL,NULL),(308,'Harshabad','Singh','hsingh3@partners.org','617-620-3201','2016-05-04 14:35:07','2016-05-04 14:35:07','harshabadsin','$2a$04$cdYmOBewA7X/u7b6EIJKMelhWHLJkLMKgEmJkPIh9dREt2omnaWNC',53,'A',NULL,NULL),(309,'Raphael','Koch','raphael_koch@dfci.harvard.edu','6174879588','2016-05-04 14:35:07','2016-05-04 14:35:07','rkoch','$2a$04$DtH7eTUrEdXmWZuR28kqJ.QSc80.bjngtEOo.lWbhKDNcj9J6Hx2e',53,'A',NULL,NULL),(310,'Volker','Blank','volker.blank@mcgill.ca','5145 340 8260','2016-05-04 14:35:07','2016-05-04 14:35:07','Volker','$2a$04$xy8pWO3qFzWWqplUEvTAO.QltSmqNowaFXldc3aATCDVzjBIPRmW6',72,'P',NULL,NULL),(311,'Elizabeth','Townsend','elizabethc_townsend@dfci.harvard.edu','617 582-8868','2016-05-04 14:35:07','2016-05-04 14:35:07','Townsend','$2a$04$YjS6gQAKD7DWKUCtDJXC7uBf8Aic0sWwd328l8Za3.FRr1QaCjdWu',64,'A',NULL,NULL),(312,'Brooke','Howitt','bhowitt@partners.org','6175257295','2016-05-04 14:35:07','2016-05-04 14:35:07','brookehowitt','$2a$04$wFbIVhqtdIMj9SJVorxMzOZl7dKTyQ9uifO5yEcBqzJma4N1WA9xa',73,'A',NULL,NULL),(313,'Christopher','Gibson','christopher_gibson@dfci.harvard.edu','617-510-9454','2016-05-04 14:35:07','2016-05-04 14:35:07','christopher_','$2a$04$ekloU4qRfNp/nGhDBXks2uogQe4sCp1jBCBFz1ZMbXWiGsgvh03HS',74,'A',NULL,NULL),(314,'Lori','Ramkissoon','lori_ramkissoon@dfci.harvard.edu','617-582-8768','2016-05-04 14:35:07','2016-05-04 14:35:07','ramkissl','$2a$04$ls5YZD9ElkMiTpFlVdrv6ujsOnU0ZEeCqkV0y0cdGUgKS3SdC4X3G',52,'A',NULL,NULL),(315,'Amanda','Balboni','amandal_balboni@dfci.harvard.edu','3397881634','2016-05-04 14:35:07','2016-05-04 14:35:07','balbonia','$2a$04$oEsFv.MVsD6jKyLRufWjfeRIZbITibuIgos6PbTHWFRHB6nI7xsKO',52,'P',NULL,NULL),(316,'Monica','Manam','monicad_manam@dfci.harvard.edu','7036597016','2016-05-04 14:35:07','2016-05-04 14:35:07','mdm68','$2a$04$QhygvtnhzinnJgYv4pKkdefR97.t0uQ2mUNCz44JC/xvdbB5WyJUa',52,'A',NULL,NULL),(317,'Catherine','Coleman','Catherine_Coleman@DFCI.HARVARD.EDU','617-632-5078','2016-05-04 14:35:07','2016-05-04 14:35:07','ccoleman','$2a$04$v707zL2lZWNfxyh/lQof6uo1lrCDI5zTk8x2E9bOy6lhacKg5Du32',52,'A',NULL,NULL),(318,'HENRY','LONG','henry_long@dfci.harvard.edu','8576543824','2016-05-04 14:35:07','2016-05-04 14:35:07','henry_long@d','$2a$04$JhrispEfbaekf1iplfVImOk4ckFhCcv/uleJycUO7BpdwsvNCoIGO',75,'A',NULL,NULL),(319,'Dave','Rothfarb','dave.rothfarb@daverothfarb.com','555-555-5555','2016-05-04 14:35:07','2016-05-04 14:35:07','rothfarb-test','$2a$04$zl7VLjf3NCyjAAlb9zbS4uvSZ9iPx2nVkCmZV8x3L0y7aRITKrqqS',52,'A',NULL,NULL);
/*!40000 ALTER TABLE `users` ENABLE KEYS */;
UNLOCK TABLES;
/*!40103 SET TIME_ZONE=@OLD_TIME_ZONE */;

/*!40101 SET SQL_MODE=@OLD_SQL_MODE */;
/*!40014 SET FOREIGN_KEY_CHECKS=@OLD_FOREIGN_KEY_CHECKS */;
/*!40014 SET UNIQUE_CHECKS=@OLD_UNIQUE_CHECKS */;
/*!40101 SET CHARACTER_SET_CLIENT=@OLD_CHARACTER_SET_CLIENT */;
/*!40101 SET CHARACTER_SET_RESULTS=@OLD_CHARACTER_SET_RESULTS */;
/*!40101 SET COLLATION_CONNECTION=@OLD_COLLATION_CONNECTION */;
/*!40111 SET SQL_NOTES=@OLD_SQL_NOTES */;

-- Dump completed on 2016-05-04 14:22:21
