-- MySQL dump 10.13  Distrib 5.1.73, for redhat-linux-gnu (x86_64)
--
-- Host: localhost    Database: ccgd_test
-- ------------------------------------------------------
-- Server version	5.1.73

/*!40101 SET @OLD_CHARACTER_SET_CLIENT=@@CHARACTER_SET_CLIENT */;
/*!40101 SET @OLD_CHARACTER_SET_RESULTS=@@CHARACTER_SET_RESULTS */;
/*!40101 SET @OLD_COLLATION_CONNECTION=@@COLLATION_CONNECTION */;
/*!40101 SET NAMES utf8 */;
/*!40103 SET @OLD_TIME_ZONE=@@TIME_ZONE */;
/*!40103 SET TIME_ZONE='+00:00' */;
/*!40014 SET @OLD_UNIQUE_CHECKS=@@UNIQUE_CHECKS, UNIQUE_CHECKS=0 */;
/*!40014 SET @OLD_FOREIGN_KEY_CHECKS=@@FOREIGN_KEY_CHECKS, FOREIGN_KEY_CHECKS=0 */;
/*!40101 SET @OLD_SQL_MODE=@@SQL_MODE, SQL_MODE='NO_AUTO_VALUE_ON_ZERO' */;
/*!40111 SET @OLD_SQL_NOTES=@@SQL_NOTES, SQL_NOTES=0 */;

--
-- Table structure for table `addresses`
--

DROP TABLE IF EXISTS `addresses`;
/*!40101 SET @saved_cs_client     = @@character_set_client */;
/*!40101 SET character_set_client = utf8 */;
CREATE TABLE `addresses` (
  `id` int(11) NOT NULL AUTO_INCREMENT,
  `street` varchar(255) COLLATE utf8_unicode_ci DEFAULT NULL,
  `city` varchar(255) COLLATE utf8_unicode_ci DEFAULT NULL,
  `country` varchar(255) COLLATE utf8_unicode_ci DEFAULT NULL,
  `created_at` datetime NOT NULL,
  `updated_at` datetime NOT NULL,
  `state_id` int(11) DEFAULT NULL,
  PRIMARY KEY (`id`)
) ENGINE=InnoDB AUTO_INCREMENT=79 DEFAULT CHARSET=utf8 COLLATE=utf8_unicode_ci;
/*!40101 SET character_set_client = @saved_cs_client */;

--
-- Dumping data for table `addresses`
--

LOCK TABLES `addresses` WRITE;
/*!40000 ALTER TABLE `addresses` DISABLE KEYS */;
INSERT INTO `addresses` VALUES (1,'44 Binney Street','Boston','NULL','2016-05-02 19:17:44','2016-05-02 19:17:44',21),(2,'7 Cambridge Center','Cambridge','NULL','2016-05-02 19:17:44','2016-05-02 19:17:44',21),(3,'75 Francis Street','Boston','NULL','2016-05-02 19:17:44','2016-05-02 19:17:44',21),(4,'21-27 Burlington Ave.','Boston','NULL','2016-05-02 19:17:44','2016-05-02 19:17:44',21),(5,'55 Fruit Street','Boston','NULL','2016-05-02 19:17:44','2016-05-02 19:17:44',21),(6,'243 Charles St','Boston','NULL','2016-05-02 19:17:44','2016-05-02 19:17:44',21),(7,'1 Blackfan Circle','Boston','NULL','2016-05-02 19:17:44','2016-05-02 19:17:44',21),(8,'20 Shattuck St','Boston','NULL','2016-05-02 19:17:44','2016-05-02 19:17:44',21),(9,'600 Beaver St','Waltham ','NULL','2016-05-02 19:17:44','2016-05-02 19:17:44',21),(10,'221 Longwood Ave','Boston','NULL','2016-05-02 19:17:44','2016-05-02 19:17:44',21),(11,'11-934 Factor Bldg','Los Angeles','NULL','2016-05-02 19:17:44','2016-05-02 19:17:44',5),(12,'3 Blackfan Circle','Boston','NULL','2016-05-02 19:17:44','2016-05-02 19:17:44',21),(13,'250 Mass Ave','Cambridge','NULL','2016-05-02 19:17:44','2016-05-02 19:17:44',21),(14,'50 Blossom Street','Boston','NULL','2016-05-02 19:17:44','2016-05-02 19:17:44',21),(15,'Ireland Cancer Center / University Hospitals 2103 Cornell Road ','Cleveland','NULL','2016-05-02 19:17:44','2016-05-02 19:17:44',35),(16,'78 Memorial Dr.','Cambridge','NULL','2016-05-02 19:17:44','2016-05-02 19:17:44',21),(17,'375 Longwood','Boston','NULL','2016-05-02 19:17:44','2016-05-02 19:17:44',21),(18,'St Andrews Place','Melbourne','Victoria','2016-05-02 19:17:44','2016-05-02 19:17:44',0),(19,'15 Parkman Street',' Wang 460','Boston','2016-05-02 19:17:44','2016-05-02 19:17:44',0),(20,'Irwondong 50',' Kangnamgu','Seoul','2016-05-02 19:17:44','2016-05-02 19:17:44',0),(21,'Box 91006',' B232 LSRC','Durham','2016-05-02 19:17:44','2016-05-02 19:17:44',0),(22,'149 13th Street','Charlestown','NULL','2016-05-02 19:17:44','2016-05-02 19:17:44',21),(23,'65 Landsdowne Street','Cambridge','NULL','2016-05-02 19:17:44','2016-05-02 19:17:44',21),(24,'550 First Avenue','New York','NULL','2016-05-02 19:17:44','2016-05-02 19:17:44',32),(25,'61 Binney Street','Boston','NULL','2016-05-02 19:17:44','2016-05-02 19:17:44',21),(26,'88',' Stuart Street',' Queen\'s University','2016-05-02 19:17:44','2016-05-02 19:17:44',0),(27,'50 Irwon-dong Gangnam-gu','Seoul','Korea','2016-05-02 19:17:44','2016-05-02 19:17:44',0),(28,'650 Charles E Young Dr. South','Los Angeles','NULL','2016-05-02 19:17:44','2016-05-02 19:17:44',5),(29,'780 Memorial Drive','Cambridge','NULL','2016-05-02 19:17:44','2016-05-02 19:17:44',21),(30,'70 Francis Street','Boston','NULL','2016-05-02 19:17:44','2016-05-02 19:17:44',21),(31,'301 Binney Street','Cambridge','NULL','2016-05-02 19:17:45','2016-05-02 19:17:45',21),(32,'270 Albany Street','Cambridge','NULL','2016-05-02 19:17:45','2016-05-02 19:17:45',21),(33,'450 Brookline Avenue','Boston','NULL','2016-05-02 19:17:45','2016-05-02 19:17:45',21),(34,'123-34',' GIL','SEOUL','2016-05-02 19:17:45','2016-05-02 19:17:45',0),(35,'101 Science Drive','Durham','NULL','2016-05-02 19:17:45','2016-05-02 19:17:45',33),(36,'1 joslin Place','Boston','NULL','2016-05-02 19:17:45','2016-05-02 19:17:45',21),(37,'27 Drydock Avenue','Boston','NULL','2016-05-02 19:17:45','2016-05-02 19:17:45',21),(38,'77 Avenue Louis Pasteur','Boston','NULL','2016-05-02 19:17:45','2016-05-02 19:17:45',21),(39,'330 Brookline Ave','Boston','NULL','2016-05-02 19:17:45','2016-05-02 19:17:45',21),(40,'99 Brookline Avenue','Boston','NULL','2016-05-02 19:17:45','2016-05-02 19:17:45',21),(41,'450 Brookline Ave','Boston','NULL','2016-05-02 19:17:45','2016-05-02 19:17:45',21),(42,'4 Blackfan street','Boston','NULL','2016-05-02 19:17:45','2016-05-02 19:17:45',21),(43,'Dana 15',' 450 Brookline Avenue','Boston','2016-05-02 19:17:45','2016-05-02 19:17:45',0),(44,'450 Brookline Ave',' JF208B','Boston','2016-05-02 19:17:45','2016-05-02 19:17:45',0),(45,'5 Blackfan Circle','Boston','NULL','2016-05-02 19:17:45','2016-05-02 19:17:45',21),(46,'221 Longwood Avenue','Boston','NULL','2016-05-02 19:17:45','2016-05-02 19:17:45',21),(47,'nowhere','boston','NULL','2016-05-02 19:17:45','2016-05-02 19:17:45',21),(48,'94 heritage dr','lowell','NULL','2016-05-02 19:17:45','2016-05-02 19:17:45',21),(49,'450 Brookline Ave.','Boston','NULL','2016-05-02 19:17:45','2016-05-02 19:17:45',21),(50,'555 University Avenue','Toronto','Ontario','2016-05-02 19:17:45','2016-05-02 19:17:45',0),(51,'450 Brookline Ave. SM1010','Boston','NULL','2016-05-02 19:17:45','2016-05-02 19:17:45',21),(52,'Dana Farber','Boston','NULL','2016-05-02 19:17:45','2016-05-02 19:17:45',21),(53,'450 Brookline Av','Boston','NULL','2016-05-02 19:17:45','2016-05-02 19:17:45',21),(54,'Turnhoutseweg 30','Beerse','Belgium','2016-05-02 19:17:45','2016-05-02 19:17:45',0),(55,'300 Longwood Avenue','Boston','NULL','2016-05-02 19:17:45','2016-05-02 19:17:45',21),(56,'250 Longwood Avenue','Boston','NULL','2016-05-02 19:17:45','2016-05-02 19:17:45',21),(57,'251 Sir Frederick Banting Driveway','Ottawa','Ontario','2016-05-02 19:17:45','2016-05-02 19:17:45',0),(58,'450 Brookline Avenue',' Dana 1514','Boston','2016-05-02 19:17:45','2016-05-02 19:17:45',0),(59,'1450 Brookline  Avenue','Boston','NULL','2016-05-02 19:17:45','2016-05-02 19:17:45',21),(60,'44 Binney St','Boston','NULL','2016-05-02 19:17:45','2016-05-02 19:17:45',21),(61,'Dana-Farber Cancer Institute',' 44 Binney St.','Boston','2016-05-02 19:17:45','2016-05-02 19:17:45',0),(62,'77 Ave Louis Pasteur','Boston','NULL','2016-05-02 19:17:45','2016-05-02 19:17:45',21),(63,'440 Brookline Ave.','Boston','NULL','2016-05-02 19:17:45','2016-05-02 19:17:45',21),(64,'450 Brookline Ave M534','Boston','NULL','2016-05-02 19:17:45','2016-05-02 19:17:45',21),(65,'301 Binney Street','Boston','NULL','2016-05-02 19:17:45','2016-05-02 19:17:45',21),(66,'5323 Harry Hines Blvd.','Dallas','NULL','2016-05-02 19:17:45','2016-05-02 19:17:45',43),(67,'Karp 7',' One Blackfan Circle','Boston','2016-05-02 19:17:45','2016-05-02 19:17:45',0),(68,'Marchioninistr. 25','Munich','Germany','2016-05-02 19:17:45','2016-05-02 19:17:45',0),(69,'1470 Madison Avenue','New York','NULL','2016-05-02 19:17:45','2016-05-02 19:17:45',32),(70,'Henricistrasse 92','Essen','Germany','2016-05-02 19:17:45','2016-05-02 19:17:45',0),(71,'1 Jimmy Fund Way',' Sm-1022','Boston','2016-05-02 19:17:45','2016-05-02 19:17:45',0),(72,'1 Jimmy Fund Way','Boston','NULL','2016-05-02 19:17:45','2016-05-02 19:17:45',21),(73,'Muellner Hauptstraße 48','Salzburg','Salzburg Austria','2016-05-02 19:17:45','2016-05-02 19:17:45',0),(74,'4 Blackfan St','Boston','NULL','2016-05-02 19:17:45','2016-05-02 19:17:45',21),(75,'tbd','tbd','tbd','2016-05-02 19:17:45','2016-05-02 19:17:45',0),(76,'3755 Cote Sainte-Catherine Road','Montreal','Canada','2016-05-02 19:17:45','2016-05-02 19:17:45',0),(77,'75 Francis St',' Dept of Pathology',' Amory 3','2016-05-02 19:17:45','2016-05-02 19:17:45',0),(78,'1 Blackfan Cir','Boston','NULL','2016-05-02 19:17:45','2016-05-02 19:17:45',21);
/*!40000 ALTER TABLE `addresses` ENABLE KEYS */;
UNLOCK TABLES;

--
-- Table structure for table `lab_groups`
--

DROP TABLE IF EXISTS `lab_groups`;
/*!40101 SET @saved_cs_client     = @@character_set_client */;
/*!40101 SET character_set_client = utf8 */;
CREATE TABLE `lab_groups` (
  `id` int(11) NOT NULL AUTO_INCREMENT,
  `name` varchar(255) COLLATE utf8_unicode_ci DEFAULT NULL,
  `code` varchar(255) COLLATE utf8_unicode_ci DEFAULT NULL,
  `created_at` datetime NOT NULL,
  `updated_at` datetime NOT NULL,
  `location_id` int(11) DEFAULT NULL,
  PRIMARY KEY (`id`)
) ENGINE=InnoDB AUTO_INCREMENT=203 DEFAULT CHARSET=utf8 COLLATE=utf8_unicode_ci;
/*!40101 SET character_set_client = @saved_cs_client */;

--
-- Dumping data for table `lab_groups`
--

LOCK TABLES `lab_groups` WRITE;
/*!40000 ALTER TABLE `lab_groups` DISABLE KEYS */;
INSERT INTO `lab_groups` VALUES (1,'CCGD Administration','CCGD','2016-05-02 19:17:46','2016-05-02 19:17:46',1),(2,'CCGD Genotyping','CCGD','2016-05-02 19:17:46','2016-05-02 19:17:46',1),(3,'Freedman Lab','FRDMAN','2016-05-02 19:17:46','2016-05-02 19:17:46',3),(4,'Garraway Lab','GARRWY','2016-05-02 19:17:46','2016-05-02 19:17:46',2),(5,'Golub Broad Lab','GOLBBI','2016-05-02 19:17:46','2016-05-02 19:17:46',4),(6,'Golub DFCI Lab','GOLUB','2016-05-02 19:17:46','2016-05-02 19:17:46',2),(7,'Hahn Lab','HAHN','2016-05-02 19:17:46','2016-05-02 19:17:46',2),(8,'Loda Lab','LODA','2016-05-02 19:17:46','2016-05-02 19:17:46',2),(9,'Kinome','MRSNBI','2016-05-02 19:17:46','2016-05-02 19:17:46',4),(10,'Meyerson DFCI Lab','MYRSON','2016-05-02 19:17:46','2016-05-02 19:17:46',2),(11,'Polyak Lab','POLYAK','2016-05-02 19:17:46','2016-05-02 19:17:46',2),(12,'ramesh shivdasani','SHIV','2016-05-02 19:17:46','2016-05-02 19:17:46',3),(13,'Janne Lab','JANNE','2016-05-02 19:17:46','2016-05-02 19:17:46',5),(14,'Rani George','GEORGE','2016-05-02 19:17:46','2016-05-02 19:17:46',6),(15,'Thomas Roberts','RBERTS','2016-05-02 19:17:46','2016-05-02 19:17:46',7),(16,'Thomas Look','LOOK','2016-05-02 19:17:46','2016-05-02 19:17:46',8),(17,'Jerome Ritz','RITZ','2016-05-02 19:17:46','2016-05-02 19:17:46',10),(18,'Matthew Kulke','KULKE','2016-05-02 19:17:46','2016-05-02 19:17:46',11),(19,'Margaret Shipp','SHIPP','2016-05-02 19:17:46','2016-05-02 19:17:46',12),(20,'Philip Kantoff','KNTOFF','2016-05-02 19:17:46','2016-05-02 19:17:46',13),(21,'Robert Ross','ROSS','2016-05-02 19:17:47','2016-05-02 19:17:47',13),(22,'Myles Brown','BROWN','2016-05-02 19:17:47','2016-05-02 19:17:47',14),(23,'Jennifer R. Brown','JRBRWN','2016-05-02 19:17:47','2016-05-02 19:17:47',15),(24,'Rollins','ROLLNS','2016-05-02 19:17:47','2016-05-02 19:17:47',16),(25,'Stiles Lab','STILES','2016-05-02 19:17:47','2016-05-02 19:17:47',21),(26,'Chirieac','CHIRI','2016-05-02 19:17:47','2016-05-02 19:17:47',22),(27,'CCGD Pilot','CCGD','2016-05-02 19:17:47','2016-05-02 19:17:47',1),(28,'Microarray Core','CHPLAB','2016-05-02 19:17:47','2016-05-02 19:17:47',23),(29,'Sarcoma Lab','DUAN','2016-05-02 19:17:47','2016-05-02 19:17:47',24),(30,'Ebert Lab','EBERT','2016-05-02 19:17:47','2016-05-02 19:17:47',22),(31,'Gilliland','GLLLND','2016-05-02 19:17:47','2016-05-02 19:17:47',22),(32,'Hezel','HEZEL','2016-05-02 19:17:47','2016-05-02 19:17:47',24),(33,'Kim','KIM','2016-05-02 19:17:47','2016-05-02 19:17:47',25),(34,'Henske','HENSKE','2016-05-02 19:17:47','2016-05-02 19:17:47',22),(35,'Chin Lab','CHIN','2016-05-02 19:17:47','2016-05-02 19:17:47',26),(36,'Hornicek','HRNCEK','2016-05-02 19:17:47','2016-05-02 19:17:47',27),(37,'Fletcher lab','FLTCHR','2016-05-02 19:17:47','2016-05-02 19:17:47',28),(38,'Ng','NG','2016-05-02 19:17:47','2016-05-02 19:17:47',30),(39,'Ribas','RIBAS','2016-05-02 19:17:47','2016-05-02 19:17:47',31),(40,'Christopher Walsh','WALSH','2016-05-02 19:17:47','2016-05-02 19:17:47',32),(41,'BIACS','BIACS','2016-05-02 19:17:47','2016-05-02 19:17:47',33),(42,'Ligon Lab','LIGON','2016-05-02 19:17:47','2016-05-02 19:17:47',35),(43,'Monahan','MONHAN','2016-05-02 19:17:47','2016-05-02 19:17:47',36),(44,'Chung Lab','CHUNG','2016-05-02 19:17:47','2016-05-02 19:17:47',40),(45,'Koon lab','KOON','2016-05-02 19:17:47','2016-05-02 19:17:47',42),(46,'Infinity','INFI','2016-05-02 19:17:47','2016-05-02 19:17:47',43),(47,'Infinity','INFI','2016-05-02 19:17:47','2016-05-02 19:17:47',43),(48,'Ovarian Cancer Genomics','LEVEL3','2016-05-02 19:17:47','2016-05-02 19:17:47',45),(49,'Rosenberg','RSNBRG','2016-05-02 19:17:47','2016-05-02 19:17:47',13),(50,'Tenen Lab','TENEN','2016-05-02 19:17:47','2016-05-02 19:17:47',46),(51,'Segal lab','Segallab','2016-05-02 19:17:47','2016-05-02 19:17:47',47),(52,'4th floor','Kinome','2016-05-02 19:17:47','2016-05-02 19:17:47',48),(53,'Cancer Program','GOLUB','2016-05-02 19:17:47','2016-05-02 19:17:47',2),(54,'BJ Rollins','BJR grou','2016-05-02 19:17:47','2016-05-02 19:17:47',50),(55,'Armstrong Lab','SAA','2016-05-02 19:17:47','2016-05-02 19:17:47',51),(56,'HIV Therapeutics','kuritzke','2016-05-02 19:17:47','2016-05-02 19:17:47',52),(57,'Garraway Lab','Garraway','2016-05-02 19:17:47','2016-05-02 19:17:47',53),(58,'genetics','Kwiatkow','2016-05-02 19:17:47','2016-05-02 19:17:47',54),(59,'Thyroid Cancer','214741','2016-05-02 19:17:47','2016-05-02 19:17:47',55),(60,'Panc Adeno Project',' Ferrone Lab','2016-05-02 19:17:47','2016-05-02 19:17:47',0),(61,'Fredenburgh Lab','FREDEN','2016-05-02 19:17:47','2016-05-02 19:17:47',57),(62,'Kwiatkowski Lab','RB06005A','2016-05-02 19:17:47','2016-05-02 19:17:47',58),(63,'15th floor','Meyerson','2016-05-02 19:17:47','2016-05-02 19:17:47',59),(64,'Medical Oncology - 8th floor',' Ghobrial lab','2016-05-02 19:17:47','2016-05-02 19:17:47',123456),(65,'Ghobrial lab','1234567','2016-05-02 19:17:47','2016-05-02 19:17:47',60),(66,'Oncology','ONC','2016-05-02 19:17:47','2016-05-02 19:17:47',62),(67,'CAMD','CAMD','2016-05-02 19:17:47','2016-05-02 19:17:47',22),(68,'Thyroid Surgery Lab Thier 603 Parangi Lab','1151983','2016-05-02 19:17:47','2016-05-02 19:17:47',63),(69,'ORF and RNAi work','HahnLab','2016-05-02 19:17:47','2016-05-02 19:17:47',64),(70,'Kirsch Lab',' ','2016-05-02 19:17:47','2016-05-02 19:17:47',65),(71,'Dana 15','Garraway','2016-05-02 19:17:47','2016-05-02 19:17:47',53),(72,'Bowtell Lab','LEVEL3','2016-05-02 19:17:47','2016-05-02 19:17:47',45),(73,'Cancer','zonlab','2016-05-02 19:17:47','2016-05-02 19:17:47',67),(74,'Dyson Lab','NDYSON','2016-05-02 19:17:47','2016-05-02 19:17:47',68),(75,'DePinho lab','depinho1','2016-05-02 19:17:47','2016-05-02 19:17:47',69),(76,'Mayer 4','DeCaprio','2016-05-02 19:17:47','2016-05-02 19:17:47',70),(77,'Kuritzkes Lab','87654321','2016-05-02 19:17:47','2016-05-02 19:17:47',71),(78,'Lab of Benjamin L. Ebert','ebert201','2016-05-02 19:17:47','2016-05-02 19:17:47',72),(79,'Pathology Dpt.','EHL305','2016-05-02 19:17:47','2016-05-02 19:17:47',73),(80,'Ribas Lab','31262','2016-05-02 19:17:47','2016-05-02 19:17:47',74),(81,'Translational Research','Fleming','2016-05-02 19:17:47','2016-05-02 19:17:47',75),(82,'Chin-Lee Wu','Wu Lab','2016-05-02 19:17:47','2016-05-02 19:17:47',76),(83,'Pediatric Oncology','KSteg','2016-05-02 19:17:47','2016-05-02 19:17:47',77),(84,'Cancer cytogenetics','JSOVCA','2016-05-02 19:17:47','2016-05-02 19:17:47',78),(85,'Nanomed','Nanomed','2016-05-02 19:17:47','2016-05-02 19:17:47',79),(86,'Antoni Ribas','RIBAS','2016-05-02 19:17:47','2016-05-02 19:17:47',31),(87,'Mark Kieran','Kieran','2016-05-02 19:17:47','2016-05-02 19:17:47',6),(88,'Ligon Lab','Ligon208','2016-05-02 19:17:47','2016-05-02 19:17:47',83),(89,'Leiomyosarcoma','EHL305','2016-05-02 19:17:47','2016-05-02 19:17:47',73),(90,'15th floor','prostate','2016-05-02 19:17:47','2016-05-02 19:17:47',84),(91,'Infinity','Infinity','2016-05-02 19:17:47','2016-05-02 19:17:47',85),(92,'Heme Malignancies','BrownCLL','2016-05-02 19:17:47','2016-05-02 19:17:47',86),(93,'Cancer Program','BSP','2016-05-02 19:17:47','2016-05-02 19:17:47',90),(94,'CCCB','CCCB','2016-05-02 19:17:47','2016-05-02 19:17:47',91),(95,'DeCaprio','DcCaprio','2016-05-02 19:17:47','2016-05-02 19:17:47',70),(96,'Gastroenterology','Kokkotou','2016-05-02 19:17:47','2016-05-02 19:17:47',92),(97,'Meyerson Lab','Meyerson','2016-05-02 19:17:47','2016-05-02 19:17:47',59),(98,'Cancer Bio','YUG310J','2016-05-02 19:17:47','2016-05-02 19:17:47',94),(99,'CMOP','CMOP','2016-05-02 19:17:47','2016-05-02 19:17:47',35),(100,'Choueiri-Signoretti','Choueiri','2016-05-02 19:17:47','2016-05-02 19:17:47',22),(101,'Swanson Research','Swanson','2016-05-02 19:17:47','2016-05-02 19:17:47',95),(102,'Cancer Biology','unknown','2016-05-02 19:17:47','2016-05-02 19:17:47',96),(103,'Saurin Lab','1234','2016-05-02 19:17:47','2016-05-02 19:17:47',22),(104,'Wong','7644','2016-05-02 19:17:47','2016-05-02 19:17:47',97),(105,'Pedi Onc','unknown','2016-05-02 19:17:47','2016-05-02 19:17:47',96),(106,'Beroukhim Lab','rameen','2016-05-02 19:17:47','2016-05-02 19:17:47',100),(107,'Pedatric Oncology','snf5','2016-05-02 19:17:47','2016-05-02 19:17:47',101),(108,'Cantley Lab','NA','2016-05-02 19:17:47','2016-05-02 19:17:47',102),(109,'Makrigiorgos','coldpcr','2016-05-02 19:17:47','2016-05-02 19:17:47',103),(110,'AML','1','2016-05-02 19:17:47','2016-05-02 19:17:47',8),(111,'Jeff Krane',' Head and Neck Pathology','2016-05-02 19:17:47','2016-05-02 19:17:47',11911),(112,'Breast Oncology','none','2016-05-02 19:17:47','2016-05-02 19:17:47',107),(113,'Shipp Lab','Shipp La','2016-05-02 19:17:47','2016-05-02 19:17:47',108),(114,'Santagata Lab','103964','2016-05-02 19:17:47','2016-05-02 19:17:47',110),(115,'Hematologic Neoplasia','D512WEIN','2016-05-02 19:17:47','2016-05-02 19:17:47',111),(116,'GI Genomics','Hsu_lab','2016-05-02 19:17:47','2016-05-02 19:17:47',112),(117,'Hsu lab','hsu','2016-05-02 19:17:47','2016-05-02 19:17:47',113),(118,'medulloblastoma','Segallab','2016-05-02 19:17:47','2016-05-02 19:17:47',47),(119,'OBSGYN','GYNONCOL','2016-05-02 19:17:47','2016-05-02 19:17:47',123),(120,'Choueiri-Signoretti','12345','2016-05-02 19:17:47','2016-05-02 19:17:47',124),(121,'Wagers Lab','Jos630 ','2016-05-02 19:17:47','2016-05-02 19:17:47',125),(122,'HIM346','MITSIAD','2016-05-02 19:17:47','2016-05-02 19:17:47',126),(123,'C-NExT','Ligonext','2016-05-02 19:17:47','2016-05-02 19:17:47',127),(124,'Weinstock lab','weinstoc','2016-05-02 19:17:47','2016-05-02 19:17:47',128),(125,'Meyerson','??','2016-05-02 19:17:47','2016-05-02 19:17:47',131),(126,'Mitsiades lab','Mitsiade','2016-05-02 19:17:47','2016-05-02 19:17:47',132),(127,'BIDMC Cancer Center Cantley','none','2016-05-02 19:17:47','2016-05-02 19:17:47',107),(128,'Thyroid Cancer Translational','212354','2016-05-02 19:17:47','2016-05-02 19:17:47',134),(129,'Conrad','WRN-4-40','2016-05-02 19:17:47','2016-05-02 19:17:47',135),(130,'Human Thyroid Cancers Translational Research','CNUCERA','2016-05-02 19:17:47','2016-05-02 19:17:47',136),(131,'Gyn Rad Onc','GynRO','2016-05-02 19:17:47','2016-05-02 19:17:47',137),(132,'Choueiri-Signoretti','522','2016-05-02 19:17:47','2016-05-02 19:17:47',138),(133,'JF5','DANDREA','2016-05-02 19:17:47','2016-05-02 19:17:47',139),(134,'Belfer','Belfer','2016-05-02 19:17:47','2016-05-02 19:17:47',140),(135,'Bass Laboratory','Bass','2016-05-02 19:17:47','2016-05-02 19:17:47',66),(136,'Shipp lab','lymphoma','2016-05-02 19:17:47','2016-05-02 19:17:47',142),(137,'Keith Ligon Lab @ DFCI','1234567','2016-05-02 19:17:47','2016-05-02 19:17:47',60),(138,'Ghobrial Lab','HUM237','2016-05-02 19:17:47','2016-05-02 19:17:47',144),(139,'Keith Ligon\'s Lab','1234567','2016-05-02 19:17:47','2016-05-02 19:17:47',60),(140,'Division of Gynecologic Oncology','RSBLAB','2016-05-02 19:17:47','2016-05-02 19:17:47',146),(141,'Barbie Lab','dana819','2016-05-02 19:17:47','2016-05-02 19:17:47',147),(142,'none','123','2016-05-02 19:17:47','2016-05-02 19:17:47',148),(143,'Beckman','Beckman','2016-05-02 19:17:47','2016-05-02 19:17:47',149),(144,'Garraway Lab','LAG','2016-05-02 19:17:47','2016-05-02 19:17:47',150),(145,'Thyroid','WASS','2016-05-02 19:17:47','2016-05-02 19:17:47',151),(146,'Bass Lab DFCI/MCO Dana 8','Bass','2016-05-02 19:17:47','2016-05-02 19:17:47',66),(147,'Bradner Lab','BRADNER','2016-05-02 19:17:47','2016-05-02 19:17:47',153),(148,'Beroukhim Lab','Berouk','2016-05-02 19:17:47','2016-05-02 19:17:47',154),(149,'Genomics','9617589','2016-05-02 19:17:47','2016-05-02 19:17:47',155),(150,'Gyn Oncology','LIU','2016-05-02 19:17:47','2016-05-02 19:17:47',156),(151,'Meyerson Cancer Program Lab','1111','2016-05-02 19:17:47','2016-05-02 19:17:47',157),(152,'Bioinformatics','000','2016-05-02 19:17:47','2016-05-02 19:17:47',158),(153,'PedOnc','PellmanM','2016-05-02 19:17:47','2016-05-02 19:17:47',159),(154,'MPS','BTP','2016-05-02 19:17:47','2016-05-02 19:17:47',160),(155,'Haining Lab','Haining','2016-05-02 19:17:47','2016-05-02 19:17:47',161),(156,'Cancer Program',' Broad','2016-05-02 19:17:47','2016-05-02 19:17:47',0),(157,'T-ALL','aglab','2016-05-02 19:17:47','2016-05-02 19:17:47',163),(158,'Long Lab Group','CFCE','2016-05-02 19:17:47','2016-05-02 19:17:47',164),(159,'Sorger Lab Group','plx4032','2016-05-02 19:17:47','2016-05-02 19:17:47',165),(160,'CMOP','JF208','2016-05-02 19:17:47','2016-05-02 19:17:47',166),(161,'Kaelin','Kaelin','2016-05-02 19:17:47','2016-05-02 19:17:47',167),(162,'Medical Oncology','........','2016-05-02 19:17:47','2016-05-02 19:17:47',2),(163,'Stem Cell Group','BGTDSCL','2016-05-02 19:17:47','2016-05-02 19:17:47',168),(164,'Hahn Lab','HahnLab','2016-05-02 19:17:47','2016-05-02 19:17:47',64),(165,'Stegmaier 6th Floor Group','STEGLAB','2016-05-02 19:17:47','2016-05-02 19:17:47',170),(166,'Kidney Cancer','GU Oncol','2016-05-02 19:17:47','2016-05-02 19:17:47',171),(167,'Biostatistics and Computational Biology DFCI Group','BCB','2016-05-02 19:17:47','2016-05-02 19:17:47',91),(168,'Polyak Lab Group','POLYAK','2016-05-02 19:17:47','2016-05-02 19:17:47',2),(169,'Brown PDX Group','BROWN','2016-05-02 19:17:47','2016-05-02 19:17:47',14),(170,'15th floor','HAHN','2016-05-02 19:17:47','2016-05-02 19:17:47',2),(171,'Medical Oncology','Ghobrial','2016-05-02 19:17:47','2016-05-02 19:17:47',177),(172,'Pediatric Oncology','76325281','2016-05-02 19:17:47','2016-05-02 19:17:47',178),(173,'Griffin',' J','2016-05-02 19:17:47','2016-05-02 19:17:47',0),(174,'Bladder Cancer Center','40888','2016-05-02 19:17:47','2016-05-02 19:17:47',180),(175,'Meyerson Lab Group','Meyerson','2016-05-02 19:17:47','2016-05-02 19:17:47',59),(176,'Joaquim Bellmunt','40888','2016-05-02 19:17:47','2016-05-02 19:17:47',180),(177,'Amatruda lab group','UTAMAT','2016-05-02 19:17:47','2016-05-02 19:17:47',182),(178,'Daley','Daley','2016-05-02 19:17:47','2016-05-02 19:17:47',183),(179,'Collaboration with Weinstock Lab','002a','2016-05-02 19:17:47','2016-05-02 19:17:47',184),(180,'Dana15','HahnLab','2016-05-02 19:17:47','2016-05-02 19:17:47',64),(181,'Med Onc - Hematologic Malignancies','TBD','2016-05-02 19:17:47','2016-05-02 19:17:47',186),(182,'Celebi','Celebi','2016-05-02 19:17:47','2016-05-02 19:17:47',187),(183,'GlenDranoff','524','2016-05-02 19:17:47','2016-05-02 19:17:47',188),(184,'Weinstock lab','510B','2016-05-02 19:17:47','2016-05-02 19:17:47',128),(185,'Medical Oncology','HER2','2016-05-02 19:17:47','2016-05-02 19:17:47',189),(186,'Chin Lab Group','Chinlab1','2016-05-02 19:17:47','2016-05-02 19:17:47',190),(187,'Department for Gynecologic Oncology','\"\"GynOnc_','2016-05-02 19:17:47','2016-05-02 19:17:47',191),(188,'Beroukhim Lab Group ','N/A','2016-05-02 19:17:47','2016-05-02 19:17:47',192),(189,'Lane Lab Group','Lane','2016-05-02 19:17:47','2016-05-02 19:17:47',97),(190,'Cancer Biology','N/A','2016-05-02 19:17:47','2016-05-02 19:17:47',192),(191,'D\'Andrea Lab Genomics','D\'Andrea','2016-05-02 19:17:47','2016-05-02 19:17:47',195),(192,'Egles Group','LIMCR','2016-05-02 19:17:47','2016-05-02 19:17:47',196),(193,'Gutierrez Lab','aglab','2016-05-02 19:17:47','2016-05-02 19:17:47',163),(194,'Target Discovery','Belfer','2016-05-02 19:17:47','2016-05-02 19:17:47',140),(195,'tbd','TBD','2016-05-02 19:17:47','2016-05-02 19:17:47',186),(196,'PTCL','D512','2016-05-02 19:17:47','2016-05-02 19:17:47',200),(197,'Blank Lab Group','cncmaf','2016-05-02 19:17:47','2016-05-02 19:17:47',201),(198,'GYN mesenchymal tumors group','BHMNBQ','2016-05-02 19:17:47','2016-05-02 19:17:47',203),(199,'BWH Hematology','EbertLab','2016-05-02 19:17:47','2016-05-02 19:17:47',204),(200,'CMOP','LIGON','2016-05-02 19:17:47','2016-05-02 19:17:47',35),(201,'Ped Onc 6th floor','PedOnc','2016-05-02 19:17:47','2016-05-02 19:17:47',206),(202,'CFCE','CFCE','2016-05-02 19:17:47','2016-05-02 19:17:47',164);
/*!40000 ALTER TABLE `lab_groups` ENABLE KEYS */;
UNLOCK TABLES;

--
-- Table structure for table `locations`
--

DROP TABLE IF EXISTS `locations`;
/*!40101 SET @saved_cs_client     = @@character_set_client */;
/*!40101 SET character_set_client = utf8 */;
CREATE TABLE `locations` (
  `id` int(11) NOT NULL AUTO_INCREMENT,
  `building` varchar(255) COLLATE utf8_unicode_ci DEFAULT NULL,
  `room` varchar(255) COLLATE utf8_unicode_ci DEFAULT NULL,
  `created_at` datetime NOT NULL,
  `updated_at` datetime NOT NULL,
  `address_id` int(11) DEFAULT NULL,
  PRIMARY KEY (`id`)
) ENGINE=InnoDB AUTO_INCREMENT=208 DEFAULT CHARSET=utf8 COLLATE=utf8_unicode_ci;
/*!40101 SET character_set_client = @saved_cs_client */;

--
-- Dumping data for table `locations`
--

LOCK TABLES `locations` WRITE;
/*!40000 ALTER TABLE `locations` DISABLE KEYS */;
INSERT INTO `locations` VALUES (1,'Dana','1539','2016-05-02 19:17:45','2016-05-02 19:17:45',1),(2,'Dana','15th Floor','2016-05-02 19:17:45','2016-05-02 19:17:45',1),(3,'Dana','7th Floor','2016-05-02 19:17:45','2016-05-02 19:17:45',1),(4,'7CC','4th Floor','2016-05-02 19:17:45','2016-05-02 19:17:45',2),(5,'Dana','820','2016-05-02 19:17:45','2016-05-02 19:17:45',1),(6,'Dana','D3-JFC','2016-05-02 19:17:45','2016-05-02 19:17:45',1),(7,'Smith','970','2016-05-02 19:17:45','2016-05-02 19:17:45',1),(8,'Mayer','630','2016-05-02 19:17:45','2016-05-02 19:17:45',1),(10,'Mayer','530','2016-05-02 19:17:45','2016-05-02 19:17:45',1),(11,'Dana','1220','2016-05-02 19:17:45','2016-05-02 19:17:45',1),(12,'Mayer','513','2016-05-02 19:17:45','2016-05-02 19:17:45',1),(13,'Dana','1230','2016-05-02 19:17:45','2016-05-02 19:17:45',1),(14,'Dana','730','2016-05-02 19:17:45','2016-05-02 19:17:45',1),(15,'Dana','1B30','2016-05-02 19:17:45','2016-05-02 19:17:45',1),(16,'Mayer','430','2016-05-02 19:17:45','2016-05-02 19:17:45',1),(21,'Smith','1070','2016-05-02 19:17:45','2016-05-02 19:17:45',1),(22,'BWH','','2016-05-02 19:17:45','2016-05-02 19:17:45',3),(23,'21-27 Burlington Ave.','464','2016-05-02 19:17:45','2016-05-02 19:17:45',4),(24,'MGH','','2016-05-02 19:17:45','2016-05-02 19:17:45',5),(25,'Ophthalmology-Retina Service','','2016-05-02 19:17:45','2016-05-02 19:17:45',6),(26,'Mayer','448','2016-05-02 19:17:45','2016-05-02 19:17:45',1),(27,'MGH','Yawkey 3700','2016-05-02 19:17:45','2016-05-02 19:17:45',5),(28,'Thorn ','528','2016-05-02 19:17:45','2016-05-02 19:17:45',8),(29,'N-Of-One','','2016-05-02 19:17:45','2016-05-02 19:17:45',9),(30,'BWH','BLI-449A','2016-05-02 19:17:45','2016-05-02 19:17:45',10),(31,'Factor','','2016-05-02 19:17:45','2016-05-02 19:17:45',11),(32,'Neurology','','2016-05-02 19:17:45','2016-05-02 19:17:45',12),(33,'21-27 Burlington Ave.','B452A','2016-05-02 19:17:45','2016-05-02 19:17:45',4),(35,'Jimmy Fund','JF215','2016-05-02 19:17:45','2016-05-02 19:17:45',1),(36,'NIBR','','2016-05-02 19:17:45','2016-05-02 19:17:45',13),(40,'50 Blossom Street','GRJ 825','2016-05-02 19:17:45','2016-05-02 19:17:45',17),(42,'WRB','2-143','2016-05-02 19:17:45','2016-05-02 19:17:45',18),(43,'Infinity Pharmaceuticals','','2016-05-02 19:17:45','2016-05-02 19:17:45',19),(44,'375 Longwood','226','2016-05-02 19:17:45','2016-05-02 19:17:45',20),(45,'Peter Mac Research','3539','2016-05-02 19:17:45','2016-05-02 19:17:45',21),(46,'CLS','428','2016-05-02 19:17:45','2016-05-02 19:17:45',74),(47,'Smith','1054','2016-05-02 19:17:45','2016-05-02 19:17:45',1),(48,'Main building','4175-B','2016-05-02 19:17:45','2016-05-02 19:17:45',2),(49,'7CC','4175-X','2016-05-02 19:17:45','2016-05-02 19:17:45',2),(50,'Smith','742','2016-05-02 19:17:45','2016-05-02 19:17:45',1),(51,'Karp','08211','2016-05-02 19:17:45','2016-05-02 19:17:45',7),(52,'65 Landsdowne','435','2016-05-02 19:17:45','2016-05-02 19:17:45',34),(53,'Dana','D1541','2016-05-02 19:17:45','2016-05-02 19:17:45',1),(54,'Karp','6-216','2016-05-02 19:17:45','2016-05-02 19:17:45',7),(55,'Thier','6 floor','2016-05-02 19:17:45','2016-05-02 19:17:45',5),(56,'WANG','460','2016-05-02 19:17:45','2016-05-02 19:17:45',26),(57,'Thorn','932','2016-05-02 19:17:45','2016-05-02 19:17:45',3),(58,'Karp','RB06005A','2016-05-02 19:17:45','2016-05-02 19:17:45',7),(59,'Dana','1526','2016-05-02 19:17:45','2016-05-02 19:17:45',1),(60,'Dana','802','2016-05-02 19:17:45','2016-05-02 19:17:45',1),(61,'Karp','Rm 08006A','2016-05-02 19:17:45','2016-05-02 19:17:45',7),(62,'Samsung Cancer Center','11th floor','2016-05-02 19:17:45','2016-05-02 19:17:45',29),(63,'Thier','603','2016-05-02 19:17:45','2016-05-02 19:17:45',5),(64,'7CC','4034','2016-05-02 19:17:45','2016-05-02 19:17:45',2),(65,'LSRC','232','2016-05-02 19:17:45','2016-05-02 19:17:45',31),(66,'Dana','Lab','2016-05-02 19:17:45','2016-05-02 19:17:45',1),(67,'Karp','RB-07005A','2016-05-02 19:17:45','2016-05-02 19:17:45',7),(68,'149','7330','2016-05-02 19:17:45','2016-05-02 19:17:45',33),(69,'Mayer','415','2016-05-02 19:17:45','2016-05-02 19:17:45',1),(70,'Mayer','440','2016-05-02 19:17:45','2016-05-02 19:17:45',1),(71,'Partners Research bldg','441','2016-05-02 19:17:45','2016-05-02 19:17:45',34),(72,'Karp','5.210','2016-05-02 19:17:45','2016-05-02 19:17:45',7),(73,'Smilow','305','2016-05-02 19:17:45','2016-05-02 19:17:45',36),(74,'Factor','14-635','2016-05-02 19:17:45','2016-05-02 19:17:45',42),(75,'Enders','1174','2016-05-02 19:17:45','2016-05-02 19:17:45',38),(76,'WRN','3-324','2016-05-02 19:17:45','2016-05-02 19:17:45',5),(77,'Dana','640A','2016-05-02 19:17:45','2016-05-02 19:17:45',1),(78,'Richardson Laboratory','401','2016-05-02 19:17:45','2016-05-02 19:17:45',39),(79,'Samsung Cancer Center','188 B4','2016-05-02 19:17:45','2016-05-02 19:17:45',41),(81,'Factor','14-638','2016-05-02 19:17:45','2016-05-02 19:17:45',42),(83,'JF','208','2016-05-02 19:17:45','2016-05-02 19:17:45',1),(84,'Dana','1516','2016-05-02 19:17:45','2016-05-02 19:17:45',1),(85,'780 Memorial Drive','780 Memorial Drive','2016-05-02 19:17:45','2016-05-02 19:17:45',44),(86,'Mayer','1B29','2016-05-02 19:17:45','2016-05-02 19:17:45',1),(87,'Dana','1210','2016-05-02 19:17:45','2016-05-02 19:17:45',1),(88,'Dana','740','2016-05-02 19:17:45','2016-05-02 19:17:45',1),(90,'B301','5019','2016-05-02 19:17:45','2016-05-02 19:17:45',46),(91,'Smith','824','2016-05-02 19:17:45','2016-05-02 19:17:45',1),(92,'BIDMC Dana','536','2016-05-02 19:17:45','2016-05-02 19:17:45',74),(93,'Dana','15th floor','2016-05-02 19:17:45','2016-05-02 19:17:45',1),(94,'270 Albany','G310J','2016-05-02 19:17:45','2016-05-02 19:17:45',49),(95,'Peter Bent Brigham','CA 355','2016-05-02 19:17:45','2016-05-02 19:17:45',3),(96,'270 Albany','G310I','2016-05-02 19:17:45','2016-05-02 19:17:45',49),(97,'Mayer','413','2016-05-02 19:17:45','2016-05-02 19:17:45',50),(98,'Dana','630F','2016-05-02 19:17:45','2016-05-02 19:17:45',50),(99,'Smith','708','2016-05-02 19:17:45','2016-05-02 19:17:45',50),(100,'Smith','1022C','2016-05-02 19:17:45','2016-05-02 19:17:45',50),(101,'Mayer','654','2016-05-02 19:17:45','2016-05-02 19:17:45',50),(102,'CLS ','417','2016-05-02 19:17:45','2016-05-02 19:17:45',12),(103,'Jimmy Fund','614','2016-05-02 19:17:45','2016-05-02 19:17:45',50),(104,'Dana','1526','2016-05-02 19:17:45','2016-05-02 19:17:45',1),(105,'Mayer','457','2016-05-02 19:17:45','2016-05-02 19:17:45',50),(107,'Yawkey','1257','2016-05-02 19:17:45','2016-05-02 19:17:45',50),(108,'Mayer','563','2016-05-02 19:17:45','2016-05-02 19:17:45',1),(110,'Amory','360U','2016-05-02 19:17:45','2016-05-02 19:17:45',3),(111,'Dana','D512','2016-05-02 19:17:45','2016-05-02 19:17:45',1),(112,'CIEMAS','2323','2016-05-02 19:17:45','2016-05-02 19:17:45',57),(113,'CIEMAS','2323','2016-05-02 19:17:45','2016-05-02 19:17:45',57),(122,'Smith','1052','2016-05-02 19:17:45','2016-05-02 19:17:45',50),(123,'BLI','449B','2016-05-02 19:17:45','2016-05-02 19:17:45',10),(124,'Dana','1230','2016-05-02 19:17:45','2016-05-02 19:17:45',1),(125,'Joslin','630','2016-05-02 19:17:45','2016-05-02 19:17:45',68),(126,'Harvard Institutes of Medicine Building (4 Blackfan Circle)','HIM346','2016-05-02 19:17:45','2016-05-02 19:17:45',50),(127,'27 Drydock','DD466S','2016-05-02 19:17:45','2016-05-02 19:17:45',70),(128,'Dana','510B','2016-05-02 19:17:45','2016-05-02 19:17:45',50),(131,'7CC','4027','2016-05-02 19:17:46','2016-05-02 19:17:46',2),(132,'HIM','309','2016-05-02 19:17:46','2016-05-02 19:17:46',74),(133,'Center for Life Sciences','CLS441','2016-05-02 19:17:46','2016-05-02 19:17:46',75),(134,'Research North','2 floor','2016-05-02 19:17:46','2016-05-02 19:17:46',76),(135,'Warren','WRN-4-408C','2016-05-02 19:17:46','2016-05-02 19:17:46',5),(136,'BIDMC Pathology','','2016-05-02 19:17:46','2016-05-02 19:17:46',76),(137,'CWN-L2','Brachy','2016-05-02 19:17:46','2016-05-02 19:17:46',3),(138,'Dana','1230','2016-05-02 19:17:46','2016-05-02 19:17:46',50),(139,'Jimmy Fund','521','2016-05-02 19:17:46','2016-05-02 19:17:46',77),(140,'HIM ','344','2016-05-02 19:17:46','2016-05-02 19:17:46',78),(141,'Dana','15','2016-05-02 19:17:46','2016-05-02 19:17:46',79),(142,'mayer','515','2016-05-02 19:17:46','2016-05-02 19:17:46',77),(143,'Jimmy Fund','208B','2016-05-02 19:17:46','2016-05-02 19:17:46',80),(144,'HIM','240','2016-05-02 19:17:46','2016-05-02 19:17:46',81),(145,'Jimmy Fund','208B','2016-05-02 19:17:46','2016-05-02 19:17:46',77),(146,'Boston Lying-In','429A','2016-05-02 19:17:46','2016-05-02 19:17:46',82),(147,'Dana','819','2016-05-02 19:17:46','2016-05-02 19:17:46',77),(148,'bldg','rm','2016-05-02 19:17:46','2016-05-02 19:17:46',83),(149,'Smith','1234','2016-05-02 19:17:46','2016-05-02 19:17:46',84),(150,'Dana','1524','2016-05-02 19:17:46','2016-05-02 19:17:46',85),(151,'HSC','5445','2016-05-02 19:17:46','2016-05-02 19:17:46',86),(152,'Dana','8th Floor','2016-05-02 19:17:46','2016-05-02 19:17:46',1),(153,'Dana','510','2016-05-02 19:17:46','2016-05-02 19:17:46',1),(154,'Smith','1010','2016-05-02 19:17:46','2016-05-02 19:17:46',87),(155,'Dana','1234','2016-05-02 19:17:46','2016-05-02 19:17:46',85),(156,'Yawkey','1425','2016-05-02 19:17:46','2016-05-02 19:17:46',50),(157,'7CC','4175-J','2016-05-02 19:17:46','2016-05-02 19:17:46',2),(158,'DA','8','2016-05-02 19:17:46','2016-05-02 19:17:46',88),(159,'Mayer','620','2016-05-02 19:17:46','2016-05-02 19:17:46',89),(160,'020','0G4','2016-05-02 19:17:46','2016-05-02 19:17:46',90),(161,'Dana','D644','2016-05-02 19:17:46','2016-05-02 19:17:46',50),(162,'7CC','4th floor','2016-05-02 19:17:46','2016-05-02 19:17:46',50),(163,'Karp','08-212','2016-05-02 19:17:46','2016-05-02 19:17:46',91),(164,'Dana','757','2016-05-02 19:17:46','2016-05-02 19:17:46',50),(165,'WAB','444','2016-05-02 19:17:46','2016-05-02 19:17:46',92),(166,'Jimmy Fund','208C','2016-05-02 19:17:46','2016-05-02 19:17:46',1),(167,'Mayer','457','2016-05-02 19:17:46','2016-05-02 19:17:46',77),(168,'Banting Building','E110','2016-05-02 19:17:46','2016-05-02 19:17:46',93),(169,'Dana','1514','2016-05-02 19:17:46','2016-05-02 19:17:46',94),(170,'Dana','D628','2016-05-02 19:17:46','2016-05-02 19:17:46',95),(171,'Dana Building','1230','2016-05-02 19:17:46','2016-05-02 19:17:46',77),(172,'Smith','822C','2016-05-02 19:17:46','2016-05-02 19:17:46',77),(173,'Dana','D740B','2016-05-02 19:17:46','2016-05-02 19:17:46',50),(174,'Dana','D614','2016-05-02 19:17:46','2016-05-02 19:17:46',96),(175,'Dana','728','2016-05-02 19:17:46','2016-05-02 19:17:46',96),(176,'Dana','1514','2016-05-02 19:17:46','2016-05-02 19:17:46',97),(177,'HIM','237','2016-05-02 19:17:46','2016-05-02 19:17:46',98),(178,'Dana','640A','2016-05-02 19:17:46','2016-05-02 19:17:46',99),(179,'Mayer ','534','2016-05-02 19:17:46','2016-05-02 19:17:46',100),(180,'Dana ','1230','2016-05-02 19:17:46','2016-05-02 19:17:46',77),(181,'Broad','5064D','2016-05-02 19:17:46','2016-05-02 19:17:46',101),(182,'ND3','136','2016-05-02 19:17:46','2016-05-02 19:17:46',102),(183,'Karp','7004','2016-05-02 19:17:46','2016-05-02 19:17:46',103),(184,'Haematologicum','007','2016-05-02 19:17:46','2016-05-02 19:17:46',104),(185,'Dana','1514','2016-05-02 19:17:46','2016-05-02 19:17:46',77),(186,'Karp','5th floor','2016-05-02 19:17:46','2016-05-02 19:17:46',50),(187,'Hess','5-108','2016-05-02 19:17:46','2016-05-02 19:17:46',105),(188,'Dana','524','2016-05-02 19:17:46','2016-05-02 19:17:46',96),(189,'Dana','1240F','2016-05-02 19:17:46','2016-05-02 19:17:46',77),(190,'CLS','628C','2016-05-02 19:17:46','2016-05-02 19:17:46',75),(191,'Haupthaus','E.408','2016-05-02 19:17:46','2016-05-02 19:17:46',106),(192,'Smith','1022','2016-05-02 19:17:46','2016-05-02 19:17:46',107),(193,'Smith','1010','2016-05-02 19:17:46','2016-05-02 19:17:46',108),(194,'Dana Building','630D','2016-05-02 19:17:46','2016-05-02 19:17:46',1),(195,'Mayer','640','2016-05-02 19:17:46','2016-05-02 19:17:46',85),(196,'C','1.1','2016-05-02 19:17:46','2016-05-02 19:17:46',109),(197,'Karp','08006C','2016-05-02 19:17:46','2016-05-02 19:17:46',7),(198,'HIM','343','2016-05-02 19:17:46','2016-05-02 19:17:46',110),(199,'tbd','tbd','2016-05-02 19:17:46','2016-05-02 19:17:46',111),(200,'Dana','512','2016-05-02 19:17:46','2016-05-02 19:17:46',1),(201,'Pavillon F','623','2016-05-02 19:17:46','2016-05-02 19:17:46',112),(202,'Dana','512','2016-05-02 19:17:46','2016-05-02 19:17:46',77),(203,'Medical Research Building','7th floor','2016-05-02 19:17:46','2016-05-02 19:17:46',113),(204,'Karp','520','2016-05-02 19:17:46','2016-05-02 19:17:46',114),(205,'Jimmy Fund','208','2016-05-02 19:17:46','2016-05-02 19:17:46',77),(206,'Dana','628','2016-05-02 19:17:46','2016-05-02 19:17:46',77),(207,'Dana','730B','2016-05-02 19:17:46','2016-05-02 19:17:46',77);
/*!40000 ALTER TABLE `locations` ENABLE KEYS */;
UNLOCK TABLES;

--
-- Table structure for table `memberships`
--

DROP TABLE IF EXISTS `memberships`;
/*!40101 SET @saved_cs_client     = @@character_set_client */;
/*!40101 SET character_set_client = utf8 */;
CREATE TABLE `memberships` (
  `id` int(11) NOT NULL AUTO_INCREMENT,
  `user_id` int(11) DEFAULT NULL,
  `lab_group_id` int(11) DEFAULT NULL,
  `created_at` datetime NOT NULL,
  `updated_at` datetime NOT NULL,
  PRIMARY KEY (`id`)
) ENGINE=InnoDB AUTO_INCREMENT=269 DEFAULT CHARSET=utf8 COLLATE=utf8_unicode_ci;
/*!40101 SET character_set_client = @saved_cs_client */;

--
-- Dumping data for table `memberships`
--

LOCK TABLES `memberships` WRITE;
/*!40000 ALTER TABLE `memberships` DISABLE KEYS */;
INSERT INTO `memberships` VALUES (1,2,1,'2016-05-02 19:17:50','2016-05-02 19:17:50'),(2,3,1,'2016-05-02 19:17:50','2016-05-02 19:17:50'),(3,4,1,'2016-05-02 19:17:50','2016-05-02 19:17:50'),(4,50,1,'2016-05-02 19:17:50','2016-05-02 19:17:50'),(5,58,1,'2016-05-02 19:17:50','2016-05-02 19:17:50'),(6,61,1,'2016-05-02 19:17:50','2016-05-02 19:17:50'),(7,65,1,'2016-05-02 19:17:50','2016-05-02 19:17:50'),(8,73,1,'2016-05-02 19:17:50','2016-05-02 19:17:50'),(9,78,1,'2016-05-02 19:17:50','2016-05-02 19:17:50'),(10,81,1,'2016-05-02 19:17:50','2016-05-02 19:17:50'),(11,93,1,'2016-05-02 19:17:50','2016-05-02 19:17:50'),(12,108,1,'2016-05-02 19:17:50','2016-05-02 19:17:50'),(13,126,1,'2016-05-02 19:17:50','2016-05-02 19:17:50'),(14,137,1,'2016-05-02 19:17:50','2016-05-02 19:17:50'),(15,160,1,'2016-05-02 19:17:50','2016-05-02 19:17:50'),(16,171,1,'2016-05-02 19:17:50','2016-05-02 19:17:50'),(17,246,1,'2016-05-02 19:17:50','2016-05-02 19:17:50'),(18,250,1,'2016-05-02 19:17:50','2016-05-02 19:17:50'),(19,267,1,'2016-05-02 19:17:50','2016-05-02 19:17:50'),(20,317,1,'2016-05-02 19:17:50','2016-05-02 19:17:50'),(21,5,1,'2016-05-02 19:17:50','2016-05-02 19:17:50'),(22,6,1,'2016-05-02 19:17:50','2016-05-02 19:17:50'),(23,7,1,'2016-05-02 19:17:50','2016-05-02 19:17:50'),(24,40,1,'2016-05-02 19:17:50','2016-05-02 19:17:50'),(25,72,1,'2016-05-02 19:17:50','2016-05-02 19:17:50'),(26,154,1,'2016-05-02 19:17:50','2016-05-02 19:17:50'),(27,173,1,'2016-05-02 19:17:50','2016-05-02 19:17:50'),(28,175,1,'2016-05-02 19:17:50','2016-05-02 19:17:50'),(29,233,1,'2016-05-02 19:17:50','2016-05-02 19:17:50'),(30,266,1,'2016-05-02 19:17:50','2016-05-02 19:17:50'),(31,269,1,'2016-05-02 19:17:50','2016-05-02 19:17:50'),(32,38,1,'2016-05-02 19:17:50','2016-05-02 19:17:50'),(33,8,2,'2016-05-02 19:17:50','2016-05-02 19:17:50'),(34,27,2,'2016-05-02 19:17:50','2016-05-02 19:17:50'),(35,31,2,'2016-05-02 19:17:50','2016-05-02 19:17:50'),(36,36,2,'2016-05-02 19:17:50','2016-05-02 19:17:50'),(37,39,2,'2016-05-02 19:17:50','2016-05-02 19:17:50'),(38,43,2,'2016-05-02 19:17:50','2016-05-02 19:17:50'),(39,44,2,'2016-05-02 19:17:50','2016-05-02 19:17:50'),(40,45,2,'2016-05-02 19:17:50','2016-05-02 19:17:50'),(41,79,2,'2016-05-02 19:17:50','2016-05-02 19:17:50'),(42,80,2,'2016-05-02 19:17:50','2016-05-02 19:17:50'),(43,146,2,'2016-05-02 19:17:50','2016-05-02 19:17:50'),(44,9,3,'2016-05-02 19:17:50','2016-05-02 19:17:50'),(45,28,3,'2016-05-02 19:17:50','2016-05-02 19:17:50'),(46,10,4,'2016-05-02 19:17:50','2016-05-02 19:17:50'),(47,47,4,'2016-05-02 19:17:50','2016-05-02 19:17:50'),(48,10,5,'2016-05-02 19:17:50','2016-05-02 19:17:50'),(49,85,5,'2016-05-02 19:17:50','2016-05-02 19:17:50'),(50,11,6,'2016-05-02 19:17:50','2016-05-02 19:17:50'),(51,62,6,'2016-05-02 19:17:50','2016-05-02 19:17:50'),(52,122,6,'2016-05-02 19:17:50','2016-05-02 19:17:50'),(53,157,6,'2016-05-02 19:17:50','2016-05-02 19:17:50'),(54,161,6,'2016-05-02 19:17:50','2016-05-02 19:17:50'),(55,278,6,'2016-05-02 19:17:50','2016-05-02 19:17:50'),(56,12,7,'2016-05-02 19:17:50','2016-05-02 19:17:50'),(57,33,7,'2016-05-02 19:17:50','2016-05-02 19:17:50'),(58,113,7,'2016-05-02 19:17:50','2016-05-02 19:17:50'),(59,13,8,'2016-05-02 19:17:50','2016-05-02 19:17:50'),(60,49,8,'2016-05-02 19:17:50','2016-05-02 19:17:50'),(61,51,8,'2016-05-02 19:17:50','2016-05-02 19:17:50'),(62,13,9,'2016-05-02 19:17:50','2016-05-02 19:17:50'),(63,46,9,'2016-05-02 19:17:51','2016-05-02 19:17:51'),(64,97,9,'2016-05-02 19:17:51','2016-05-02 19:17:51'),(65,14,10,'2016-05-02 19:17:51','2016-05-02 19:17:51'),(66,141,10,'2016-05-02 19:17:51','2016-05-02 19:17:51'),(67,275,10,'2016-05-02 19:17:51','2016-05-02 19:17:51'),(68,15,11,'2016-05-02 19:17:51','2016-05-02 19:17:51'),(69,16,12,'2016-05-02 19:17:51','2016-05-02 19:17:51'),(70,17,13,'2016-05-02 19:17:51','2016-05-02 19:17:51'),(71,18,14,'2016-05-02 19:17:51','2016-05-02 19:17:51'),(72,19,15,'2016-05-02 19:17:51','2016-05-02 19:17:51'),(73,30,15,'2016-05-02 19:17:51','2016-05-02 19:17:51'),(74,20,16,'2016-05-02 19:17:51','2016-05-02 19:17:51'),(75,21,17,'2016-05-02 19:17:51','2016-05-02 19:17:51'),(76,22,18,'2016-05-02 19:17:51','2016-05-02 19:17:51'),(77,23,19,'2016-05-02 19:17:51','2016-05-02 19:17:51'),(78,24,20,'2016-05-02 19:17:51','2016-05-02 19:17:51'),(79,25,21,'2016-05-02 19:17:51','2016-05-02 19:17:51'),(80,277,21,'2016-05-02 19:17:51','2016-05-02 19:17:51'),(81,26,22,'2016-05-02 19:17:51','2016-05-02 19:17:51'),(82,34,24,'2016-05-02 19:17:51','2016-05-02 19:17:51'),(83,35,24,'2016-05-02 19:17:51','2016-05-02 19:17:51'),(84,37,25,'2016-05-02 19:17:51','2016-05-02 19:17:51'),(85,41,26,'2016-05-02 19:17:51','2016-05-02 19:17:51'),(86,42,27,'2016-05-02 19:17:51','2016-05-02 19:17:51'),(87,48,28,'2016-05-02 19:17:51','2016-05-02 19:17:51'),(88,52,30,'2016-05-02 19:17:51','2016-05-02 19:17:51'),(89,63,30,'2016-05-02 19:17:51','2016-05-02 19:17:51'),(90,53,31,'2016-05-02 19:17:51','2016-05-02 19:17:51'),(91,54,32,'2016-05-02 19:17:51','2016-05-02 19:17:51'),(92,55,33,'2016-05-02 19:17:51','2016-05-02 19:17:51'),(93,142,33,'2016-05-02 19:17:51','2016-05-02 19:17:51'),(94,143,33,'2016-05-02 19:17:51','2016-05-02 19:17:51'),(95,56,34,'2016-05-02 19:17:51','2016-05-02 19:17:51'),(96,57,35,'2016-05-02 19:17:51','2016-05-02 19:17:51'),(97,59,36,'2016-05-02 19:17:51','2016-05-02 19:17:51'),(98,60,37,'2016-05-02 19:17:51','2016-05-02 19:17:51'),(99,132,37,'2016-05-02 19:17:51','2016-05-02 19:17:51'),(100,64,39,'2016-05-02 19:17:51','2016-05-02 19:17:51'),(101,88,39,'2016-05-02 19:17:51','2016-05-02 19:17:51'),(102,282,39,'2016-05-02 19:17:51','2016-05-02 19:17:51'),(103,66,40,'2016-05-02 19:17:51','2016-05-02 19:17:51'),(104,92,40,'2016-05-02 19:17:51','2016-05-02 19:17:51'),(105,314,40,'2016-05-02 19:17:51','2016-05-02 19:17:51'),(106,70,42,'2016-05-02 19:17:51','2016-05-02 19:17:51'),(107,71,43,'2016-05-02 19:17:51','2016-05-02 19:17:51'),(108,74,45,'2016-05-02 19:17:51','2016-05-02 19:17:51'),(109,76,46,'2016-05-02 19:17:51','2016-05-02 19:17:51'),(110,130,46,'2016-05-02 19:17:51','2016-05-02 19:17:51'),(111,77,47,'2016-05-02 19:17:51','2016-05-02 19:17:51'),(112,82,48,'2016-05-02 19:17:51','2016-05-02 19:17:51'),(113,101,48,'2016-05-02 19:17:51','2016-05-02 19:17:51'),(114,215,48,'2016-05-02 19:17:51','2016-05-02 19:17:51'),(115,83,49,'2016-05-02 19:17:51','2016-05-02 19:17:51'),(116,176,49,'2016-05-02 19:17:51','2016-05-02 19:17:51'),(117,86,50,'2016-05-02 19:17:51','2016-05-02 19:17:51'),(118,87,51,'2016-05-02 19:17:51','2016-05-02 19:17:51'),(119,89,52,'2016-05-02 19:17:51','2016-05-02 19:17:51'),(120,90,53,'2016-05-02 19:17:51','2016-05-02 19:17:51'),(121,234,53,'2016-05-02 19:17:51','2016-05-02 19:17:51'),(122,107,53,'2016-05-02 19:17:51','2016-05-02 19:17:51'),(123,91,54,'2016-05-02 19:17:51','2016-05-02 19:17:51'),(124,94,55,'2016-05-02 19:17:51','2016-05-02 19:17:51'),(125,95,56,'2016-05-02 19:17:51','2016-05-02 19:17:51'),(126,96,57,'2016-05-02 19:17:51','2016-05-02 19:17:51'),(127,98,58,'2016-05-02 19:17:51','2016-05-02 19:17:51'),(128,99,59,'2016-05-02 19:17:51','2016-05-02 19:17:51'),(129,123,59,'2016-05-02 19:17:51','2016-05-02 19:17:51'),(130,291,59,'2016-05-02 19:17:51','2016-05-02 19:17:51'),(131,152,59,'2016-05-02 19:17:51','2016-05-02 19:17:51'),(132,174,59,'2016-05-02 19:17:51','2016-05-02 19:17:51'),(133,285,59,'2016-05-02 19:17:51','2016-05-02 19:17:51'),(134,100,60,'2016-05-02 19:17:51','2016-05-02 19:17:51'),(135,238,61,'2016-05-02 19:17:51','2016-05-02 19:17:51'),(136,102,63,'2016-05-02 19:17:51','2016-05-02 19:17:51'),(137,140,63,'2016-05-02 19:17:51','2016-05-02 19:17:51'),(138,103,64,'2016-05-02 19:17:51','2016-05-02 19:17:51'),(139,145,64,'2016-05-02 19:17:51','2016-05-02 19:17:51'),(140,159,64,'2016-05-02 19:17:51','2016-05-02 19:17:51'),(141,104,65,'2016-05-02 19:17:51','2016-05-02 19:17:51'),(142,105,66,'2016-05-02 19:17:51','2016-05-02 19:17:51'),(143,272,66,'2016-05-02 19:17:51','2016-05-02 19:17:51'),(144,289,66,'2016-05-02 19:17:51','2016-05-02 19:17:51'),(145,106,67,'2016-05-02 19:17:51','2016-05-02 19:17:51'),(146,109,68,'2016-05-02 19:17:51','2016-05-02 19:17:51'),(147,110,69,'2016-05-02 19:17:51','2016-05-02 19:17:51'),(148,111,70,'2016-05-02 19:17:51','2016-05-02 19:17:51'),(149,112,71,'2016-05-02 19:17:51','2016-05-02 19:17:51'),(150,133,71,'2016-05-02 19:17:51','2016-05-02 19:17:51'),(151,114,72,'2016-05-02 19:17:51','2016-05-02 19:17:51'),(152,116,73,'2016-05-02 19:17:51','2016-05-02 19:17:51'),(153,117,74,'2016-05-02 19:17:51','2016-05-02 19:17:51'),(154,119,75,'2016-05-02 19:17:51','2016-05-02 19:17:51'),(155,120,76,'2016-05-02 19:17:51','2016-05-02 19:17:51'),(156,121,77,'2016-05-02 19:17:51','2016-05-02 19:17:51'),(157,125,77,'2016-05-02 19:17:51','2016-05-02 19:17:51'),(158,124,78,'2016-05-02 19:17:51','2016-05-02 19:17:51'),(159,127,79,'2016-05-02 19:17:51','2016-05-02 19:17:51'),(160,128,80,'2016-05-02 19:17:51','2016-05-02 19:17:51'),(161,129,80,'2016-05-02 19:17:51','2016-05-02 19:17:51'),(162,134,81,'2016-05-02 19:17:51','2016-05-02 19:17:51'),(163,135,82,'2016-05-02 19:17:51','2016-05-02 19:17:51'),(164,136,83,'2016-05-02 19:17:51','2016-05-02 19:17:51'),(165,138,84,'2016-05-02 19:17:51','2016-05-02 19:17:51'),(166,139,85,'2016-05-02 19:17:51','2016-05-02 19:17:51'),(167,144,86,'2016-05-02 19:17:51','2016-05-02 19:17:51'),(168,147,87,'2016-05-02 19:17:51','2016-05-02 19:17:51'),(169,148,88,'2016-05-02 19:17:51','2016-05-02 19:17:51'),(170,150,89,'2016-05-02 19:17:51','2016-05-02 19:17:51'),(171,153,90,'2016-05-02 19:17:51','2016-05-02 19:17:51'),(172,155,91,'2016-05-02 19:17:51','2016-05-02 19:17:51'),(173,283,91,'2016-05-02 19:17:51','2016-05-02 19:17:51'),(174,156,93,'2016-05-02 19:17:51','2016-05-02 19:17:51'),(175,183,93,'2016-05-02 19:17:51','2016-05-02 19:17:51'),(176,158,94,'2016-05-02 19:17:51','2016-05-02 19:17:51'),(177,165,94,'2016-05-02 19:17:51','2016-05-02 19:17:51'),(178,258,94,'2016-05-02 19:17:51','2016-05-02 19:17:51'),(179,164,96,'2016-05-02 19:17:51','2016-05-02 19:17:51'),(180,167,97,'2016-05-02 19:17:51','2016-05-02 19:17:51'),(181,182,97,'2016-05-02 19:17:51','2016-05-02 19:17:51'),(182,168,98,'2016-05-02 19:17:51','2016-05-02 19:17:51'),(183,169,99,'2016-05-02 19:17:51','2016-05-02 19:17:51'),(184,172,100,'2016-05-02 19:17:51','2016-05-02 19:17:51'),(185,177,101,'2016-05-02 19:17:51','2016-05-02 19:17:51'),(186,178,102,'2016-05-02 19:17:51','2016-05-02 19:17:51'),(187,179,103,'2016-05-02 19:17:51','2016-05-02 19:17:51'),(188,226,103,'2016-05-02 19:17:51','2016-05-02 19:17:51'),(189,180,104,'2016-05-02 19:17:51','2016-05-02 19:17:51'),(190,184,106,'2016-05-02 19:17:51','2016-05-02 19:17:51'),(191,185,107,'2016-05-02 19:17:51','2016-05-02 19:17:51'),(192,186,108,'2016-05-02 19:17:51','2016-05-02 19:17:51'),(193,188,109,'2016-05-02 19:17:51','2016-05-02 19:17:51'),(194,216,112,'2016-05-02 19:17:51','2016-05-02 19:17:51'),(195,217,113,'2016-05-02 19:17:51','2016-05-02 19:17:51'),(196,218,114,'2016-05-02 19:17:51','2016-05-02 19:17:51'),(197,219,115,'2016-05-02 19:17:51','2016-05-02 19:17:51'),(198,220,116,'2016-05-02 19:17:51','2016-05-02 19:17:51'),(199,221,117,'2016-05-02 19:17:51','2016-05-02 19:17:51'),(200,309,117,'2016-05-02 19:17:51','2016-05-02 19:17:51'),(201,311,117,'2016-05-02 19:17:51','2016-05-02 19:17:51'),(202,224,118,'2016-05-02 19:17:51','2016-05-02 19:17:51'),(203,225,119,'2016-05-02 19:17:51','2016-05-02 19:17:51'),(204,261,119,'2016-05-02 19:17:51','2016-05-02 19:17:51'),(205,227,120,'2016-05-02 19:17:51','2016-05-02 19:17:51'),(206,228,121,'2016-05-02 19:17:51','2016-05-02 19:17:51'),(207,229,123,'2016-05-02 19:17:51','2016-05-02 19:17:51'),(208,230,124,'2016-05-02 19:17:51','2016-05-02 19:17:51'),(209,231,125,'2016-05-02 19:17:51','2016-05-02 19:17:51'),(210,232,126,'2016-05-02 19:17:51','2016-05-02 19:17:51'),(211,307,126,'2016-05-02 19:17:51','2016-05-02 19:17:51'),(212,245,127,'2016-05-02 19:17:51','2016-05-02 19:17:51'),(213,235,128,'2016-05-02 19:17:51','2016-05-02 19:17:51'),(214,237,129,'2016-05-02 19:17:51','2016-05-02 19:17:51'),(215,239,130,'2016-05-02 19:17:51','2016-05-02 19:17:51'),(216,240,131,'2016-05-02 19:17:51','2016-05-02 19:17:51'),(217,242,133,'2016-05-02 19:17:51','2016-05-02 19:17:51'),(218,243,134,'2016-05-02 19:17:51','2016-05-02 19:17:51'),(219,244,135,'2016-05-02 19:17:51','2016-05-02 19:17:51'),(220,247,136,'2016-05-02 19:17:51','2016-05-02 19:17:51'),(221,251,138,'2016-05-02 19:17:51','2016-05-02 19:17:51'),(222,252,139,'2016-05-02 19:17:51','2016-05-02 19:17:51'),(223,253,140,'2016-05-02 19:17:51','2016-05-02 19:17:51'),(224,254,141,'2016-05-02 19:17:51','2016-05-02 19:17:51'),(225,290,141,'2016-05-02 19:17:51','2016-05-02 19:17:51'),(226,305,141,'2016-05-02 19:17:51','2016-05-02 19:17:51'),(227,316,141,'2016-05-02 19:17:51','2016-05-02 19:17:51'),(228,255,142,'2016-05-02 19:17:51','2016-05-02 19:17:51'),(229,256,143,'2016-05-02 19:17:52','2016-05-02 19:17:52'),(230,257,144,'2016-05-02 19:17:52','2016-05-02 19:17:52'),(231,276,144,'2016-05-02 19:17:52','2016-05-02 19:17:52'),(232,259,145,'2016-05-02 19:17:52','2016-05-02 19:17:52'),(233,306,145,'2016-05-02 19:17:52','2016-05-02 19:17:52'),(234,260,146,'2016-05-02 19:17:52','2016-05-02 19:17:52'),(235,318,146,'2016-05-02 19:17:52','2016-05-02 19:17:52'),(236,262,147,'2016-05-02 19:17:52','2016-05-02 19:17:52'),(237,265,148,'2016-05-02 19:17:52','2016-05-02 19:17:52'),(238,268,149,'2016-05-02 19:17:52','2016-05-02 19:17:52'),(239,270,150,'2016-05-02 19:17:52','2016-05-02 19:17:52'),(240,271,151,'2016-05-02 19:17:52','2016-05-02 19:17:52'),(241,273,152,'2016-05-02 19:17:52','2016-05-02 19:17:52'),(242,274,153,'2016-05-02 19:17:52','2016-05-02 19:17:52'),(243,279,155,'2016-05-02 19:17:52','2016-05-02 19:17:52'),(244,280,156,'2016-05-02 19:17:52','2016-05-02 19:17:52'),(245,281,157,'2016-05-02 19:17:52','2016-05-02 19:17:52'),(246,284,158,'2016-05-02 19:17:52','2016-05-02 19:17:52'),(247,286,159,'2016-05-02 19:17:52','2016-05-02 19:17:52'),(248,287,160,'2016-05-02 19:17:52','2016-05-02 19:17:52'),(249,288,161,'2016-05-02 19:17:52','2016-05-02 19:17:52'),(250,292,162,'2016-05-02 19:17:52','2016-05-02 19:17:52'),(251,308,162,'2016-05-02 19:17:52','2016-05-02 19:17:52'),(252,293,163,'2016-05-02 19:17:52','2016-05-02 19:17:52'),(253,294,164,'2016-05-02 19:17:52','2016-05-02 19:17:52'),(254,295,165,'2016-05-02 19:17:52','2016-05-02 19:17:52'),(255,303,165,'2016-05-02 19:17:52','2016-05-02 19:17:52'),(256,296,166,'2016-05-02 19:17:52','2016-05-02 19:17:52'),(257,297,167,'2016-05-02 19:17:52','2016-05-02 19:17:52'),(258,298,168,'2016-05-02 19:17:52','2016-05-02 19:17:52'),(259,299,169,'2016-05-02 19:17:52','2016-05-02 19:17:52'),(260,301,169,'2016-05-02 19:17:52','2016-05-02 19:17:52'),(261,300,170,'2016-05-02 19:17:52','2016-05-02 19:17:52'),(262,302,171,'2016-05-02 19:17:52','2016-05-02 19:17:52'),(263,304,172,'2016-05-02 19:17:52','2016-05-02 19:17:52'),(264,310,174,'2016-05-02 19:17:52','2016-05-02 19:17:52'),(265,312,175,'2016-05-02 19:17:52','2016-05-02 19:17:52'),(266,313,176,'2016-05-02 19:17:52','2016-05-02 19:17:52'),(267,315,177,'2016-05-02 19:17:52','2016-05-02 19:17:52'),(268,319,141,'2016-05-02 19:17:52','2016-05-02 19:17:52');
/*!40000 ALTER TABLE `memberships` ENABLE KEYS */;
UNLOCK TABLES;

--
-- Table structure for table `organizations`
--

DROP TABLE IF EXISTS `organizations`;
/*!40101 SET @saved_cs_client     = @@character_set_client */;
/*!40101 SET character_set_client = utf8 */;
CREATE TABLE `organizations` (
  `id` int(11) NOT NULL AUTO_INCREMENT,
  `name` varchar(255) COLLATE utf8_unicode_ci DEFAULT NULL,
  `phone` varchar(255) COLLATE utf8_unicode_ci DEFAULT NULL,
  `email` varchar(255) COLLATE utf8_unicode_ci DEFAULT NULL,
  `created_at` datetime NOT NULL,
  `updated_at` datetime NOT NULL,
  `address_id` int(11) DEFAULT NULL,
  PRIMARY KEY (`id`)
) ENGINE=InnoDB AUTO_INCREMENT=76 DEFAULT CHARSET=utf8 COLLATE=utf8_unicode_ci;
/*!40101 SET character_set_client = @saved_cs_client */;

--
-- Dumping data for table `organizations`
--

LOCK TABLES `organizations` WRITE;
/*!40000 ALTER TABLE `organizations` DISABLE KEYS */;
INSERT INTO `organizations` VALUES (1,'Dana-Farber Cancer Institute','','','2016-05-02 19:17:46','2016-05-02 19:17:46',1),(2,'Broad Institute','','','2016-05-02 19:17:46','2016-05-02 19:17:46',2),(5,'Massachusetts Eye and Ear Infirmary','617 573 3367','inetwebmaster@meei.harvard.edu','2016-05-02 19:17:46','2016-05-02 19:17:46',6),(6,'N-Of-One','617 669 1706','jkinoshita@n-of-one.com','2016-05-02 19:17:46','2016-05-02 19:17:46',9),(7,'UCLA','3108259111','somwebmaster@mednet.ucla.edu','2016-05-02 19:17:46','2016-05-02 19:17:46',11),(11,'Novartis NIBR','6178718000','nibr@novartis.com','2016-05-02 19:17:46','2016-05-02 19:17:46',13),(12,'Case Western Reserve University','','Henry.Koon@UHhospitals.org','2016-05-02 19:17:46','2016-05-02 19:17:46',18),(13,'Peter MacCallum Cancer Centre','NULL','NULL','2016-05-02 19:17:46','2016-05-02 19:17:46',21),(14,'BIDMC','NULL','NULL','2016-05-02 19:17:46','2016-05-02 19:17:46',75),(16,'Brigham and Women\'s Hospital','NULL','NULL','2016-05-02 19:17:46','2016-05-02 19:17:46',34),(23,'Samsung Medical Center','NULL','NULL','2016-05-02 19:17:46','2016-05-02 19:17:46',29),(24,'Massachusetts General Hospital','NULL','NULL','2016-05-02 19:17:46','2016-05-02 19:17:46',5),(26,'Duke University Medical Center','NULL','NULL','2016-05-02 19:17:46','2016-05-02 19:17:46',31),(30,'Partners Healthcare-Virology','NULL','NULL','2016-05-02 19:17:46','2016-05-02 19:17:46',34),(31,'NYU School of Medicine','NULL','NULL','2016-05-02 19:17:46','2016-05-02 19:17:46',36),(32,'Children\'s Hospital Boston','NULL','NULL','2016-05-02 19:17:46','2016-05-02 19:17:46',38),(33,'Queen\'s University','NULL','NULL','2016-05-02 19:17:46','2016-05-02 19:17:46',39),(35,'Infinity Pharmaceuticals','NULL','NULL','2016-05-02 19:17:46','2016-05-02 19:17:46',44),(36,'Harvard University','NULL','NULL','2016-05-02 19:17:46','2016-05-02 19:17:46',75),(38,'Sanofi-Aventis','NULL','NULL','2016-05-02 19:17:46','2016-05-02 19:17:46',49),(40,'DFCI /HCC','NULL','NULL','2016-05-02 19:17:46','2016-05-02 19:17:46',12),(44,'Duke University','NULL','NULL','2016-05-02 19:17:46','2016-05-02 19:17:46',57),(48,'Center for Novel Exp Therapeutics','NULL','NULL','2016-05-02 19:17:46','2016-05-02 19:17:46',70),(51,'Beth Israel Deaconess Medical Center Harvard Medical School','NULL','NULL','2016-05-02 19:17:46','2016-05-02 19:17:46',76),(52,'DFCI','NULL','NULL','2016-05-02 19:17:46','2016-05-02 19:17:46',77),(53,'Dana Farber Cancer Institute','NULL','NULL','2016-05-02 19:17:46','2016-05-02 19:17:46',78),(54,'BWH','NULL','NULL','2016-05-02 19:17:46','2016-05-02 19:17:46',82),(55,'Beckman Coulter','NULL','NULL','2016-05-02 19:17:46','2016-05-02 19:17:46',84),(56,'Hospital For Sick CHildren','NULL','NULL','2016-05-02 19:17:46','2016-05-02 19:17:46',86),(57,'DFCI/Harvard','NULL','NULL','2016-05-02 19:17:46','2016-05-02 19:17:46',1),(58,'The Broad Institute of Harvard and MIT','NULL','NULL','2016-05-02 19:17:46','2016-05-02 19:17:46',2),(59,'Janssen Pharmaceutica','NULL','NULL','2016-05-02 19:17:46','2016-05-02 19:17:46',90),(60,'Boston Children\'s Hospital','NULL','NULL','2016-05-02 19:17:46','2016-05-02 19:17:46',91),(61,'Harvard Medical School','NULL','NULL','2016-05-02 19:17:46','2016-05-02 19:17:46',92),(62,'Health Canada','NULL','NULL','2016-05-02 19:17:46','2016-05-02 19:17:46',93),(63,'DFCI/Broad/BCH','NULL','NULL','2016-05-02 19:17:46','2016-05-02 19:17:46',94),(64,'Dana Farber','NULL','NULL','2016-05-02 19:17:46','2016-05-02 19:17:46',99),(65,'University of Texas Southwestern Medical Center','NULL','NULL','2016-05-02 19:17:46','2016-05-02 19:17:46',102),(66,'University of Munich','NULL','NULL','2016-05-02 19:17:46','2016-05-02 19:17:46',104),(67,'Mount Sinai','NULL','NULL','2016-05-02 19:17:46','2016-05-02 19:17:46',105),(68,'BIDMC',' Harvard Medical School','NULL','2016-05-02 19:17:46','2016-05-02 19:17:46',0),(69,'Kliniken Essen-Mitte','NULL','NULL','2016-05-02 19:17:46','2016-05-02 19:17:46',106),(70,'DFCI / BWH','NULL','NULL','2016-05-02 19:17:46','2016-05-02 19:17:46',107),(71,'Salzburg Cancer Research Institute','NULL','NULL','2016-05-02 19:17:46','2016-05-02 19:17:46',109),(72,'Lady Davis Institute','NULL','NULL','2016-05-02 19:17:46','2016-05-02 19:17:46',112),(73,'BWH Pathology','NULL','NULL','2016-05-02 19:17:46','2016-05-02 19:17:46',113),(74,'DFCI/BWH','NULL','NULL','2016-05-02 19:17:46','2016-05-02 19:17:46',114),(75,'DFCI-MO','NULL','NULL','2016-05-02 19:17:46','2016-05-02 19:17:46',77);
/*!40000 ALTER TABLE `organizations` ENABLE KEYS */;
UNLOCK TABLES;

--
-- Table structure for table `privileges`
--

DROP TABLE IF EXISTS `privileges`;
/*!40101 SET @saved_cs_client     = @@character_set_client */;
/*!40101 SET character_set_client = utf8 */;
CREATE TABLE `privileges` (
  `id` int(11) NOT NULL AUTO_INCREMENT,
  `created_at` datetime NOT NULL,
  `updated_at` datetime NOT NULL,
  `user_id` int(11) NOT NULL,
  `role_id` int(11) NOT NULL,
  PRIMARY KEY (`id`),
  KEY `index_privileges_on_role_id` (`role_id`) USING BTREE,
  KEY `index_privileges_on_user_id` (`user_id`) USING BTREE
) ENGINE=InnoDB AUTO_INCREMENT=395 DEFAULT CHARSET=utf8 COLLATE=utf8_unicode_ci;
/*!40101 SET character_set_client = @saved_cs_client */;

--
-- Dumping data for table `privileges`
--

LOCK TABLES `privileges` WRITE;
/*!40000 ALTER TABLE `privileges` DISABLE KEYS */;
INSERT INTO `privileges` VALUES (1,'2016-05-02 19:17:52','2016-05-02 19:17:52',2,1),(2,'2016-05-02 19:17:52','2016-05-02 19:17:52',3,1),(3,'2016-05-02 19:17:52','2016-05-02 19:17:52',73,1),(4,'2016-05-02 19:17:52','2016-05-02 19:17:52',108,1),(5,'2016-05-02 19:17:52','2016-05-02 19:17:52',123,1),(6,'2016-05-02 19:17:52','2016-05-02 19:17:52',137,1),(7,'2016-05-02 19:17:52','2016-05-02 19:17:52',154,1),(8,'2016-05-02 19:17:52','2016-05-02 19:17:52',160,1),(9,'2016-05-02 19:17:52','2016-05-02 19:17:52',171,1),(10,'2016-05-02 19:17:52','2016-05-02 19:17:52',233,1),(11,'2016-05-02 19:17:52','2016-05-02 19:17:52',246,1),(12,'2016-05-02 19:17:52','2016-05-02 19:17:52',250,1),(13,'2016-05-02 19:17:52','2016-05-02 19:17:52',267,1),(14,'2016-05-02 19:17:52','2016-05-02 19:17:52',316,1),(15,'2016-05-02 19:17:52','2016-05-02 19:17:52',317,1),(16,'2016-05-02 19:17:52','2016-05-02 19:17:52',8,2),(17,'2016-05-02 19:17:52','2016-05-02 19:17:52',9,2),(18,'2016-05-02 19:17:52','2016-05-02 19:17:52',10,2),(19,'2016-05-02 19:17:52','2016-05-02 19:17:52',11,2),(20,'2016-05-02 19:17:52','2016-05-02 19:17:52',12,2),(21,'2016-05-02 19:17:52','2016-05-02 19:17:52',13,2),(22,'2016-05-02 19:17:52','2016-05-02 19:17:52',14,2),(23,'2016-05-02 19:17:52','2016-05-02 19:17:52',46,2),(24,'2016-05-02 19:17:52','2016-05-02 19:17:52',167,2),(25,'2016-05-02 19:17:52','2016-05-02 19:17:52',263,2),(26,'2016-05-02 19:17:52','2016-05-02 19:17:52',264,2),(27,'2016-05-02 19:17:52','2016-05-02 19:17:52',2,3),(28,'2016-05-02 19:17:52','2016-05-02 19:17:52',3,3),(29,'2016-05-02 19:17:52','2016-05-02 19:17:52',4,3),(30,'2016-05-02 19:17:52','2016-05-02 19:17:52',5,3),(31,'2016-05-02 19:17:52','2016-05-02 19:17:52',7,3),(32,'2016-05-02 19:17:52','2016-05-02 19:17:52',27,3),(33,'2016-05-02 19:17:52','2016-05-02 19:17:52',40,3),(34,'2016-05-02 19:17:52','2016-05-02 19:17:52',61,3),(35,'2016-05-02 19:17:52','2016-05-02 19:17:52',65,3),(36,'2016-05-02 19:17:52','2016-05-02 19:17:52',81,3),(37,'2016-05-02 19:17:52','2016-05-02 19:17:52',108,3),(38,'2016-05-02 19:17:52','2016-05-02 19:17:52',123,3),(39,'2016-05-02 19:17:52','2016-05-02 19:17:52',126,3),(40,'2016-05-02 19:17:52','2016-05-02 19:17:52',137,3),(41,'2016-05-02 19:17:52','2016-05-02 19:17:52',145,3),(42,'2016-05-02 19:17:52','2016-05-02 19:17:52',154,3),(43,'2016-05-02 19:17:52','2016-05-02 19:17:52',160,3),(44,'2016-05-02 19:17:52','2016-05-02 19:17:52',171,3),(45,'2016-05-02 19:17:52','2016-05-02 19:17:52',173,3),(46,'2016-05-02 19:17:52','2016-05-02 19:17:52',233,3),(47,'2016-05-02 19:17:52','2016-05-02 19:17:52',246,3),(48,'2016-05-02 19:17:52','2016-05-02 19:17:52',250,3),(49,'2016-05-02 19:17:52','2016-05-02 19:17:52',266,3),(50,'2016-05-02 19:17:52','2016-05-02 19:17:52',267,3),(51,'2016-05-02 19:17:52','2016-05-02 19:17:52',269,3),(52,'2016-05-02 19:17:52','2016-05-02 19:17:52',290,3),(53,'2016-05-02 19:17:52','2016-05-02 19:17:52',305,3),(54,'2016-05-02 19:17:52','2016-05-02 19:17:52',2,5),(55,'2016-05-02 19:17:52','2016-05-02 19:17:52',3,5),(56,'2016-05-02 19:17:52','2016-05-02 19:17:52',4,5),(57,'2016-05-02 19:17:52','2016-05-02 19:17:52',5,5),(58,'2016-05-02 19:17:52','2016-05-02 19:17:52',8,5),(59,'2016-05-02 19:17:52','2016-05-02 19:17:52',9,5),(60,'2016-05-02 19:17:52','2016-05-02 19:17:52',10,5),(61,'2016-05-02 19:17:52','2016-05-02 19:17:52',11,5),(62,'2016-05-02 19:17:52','2016-05-02 19:17:52',12,5),(63,'2016-05-02 19:17:52','2016-05-02 19:17:52',13,5),(64,'2016-05-02 19:17:52','2016-05-02 19:17:52',14,5),(65,'2016-05-02 19:17:52','2016-05-02 19:17:52',15,5),(66,'2016-05-02 19:17:52','2016-05-02 19:17:52',16,5),(67,'2016-05-02 19:17:52','2016-05-02 19:17:52',17,5),(68,'2016-05-02 19:17:52','2016-05-02 19:17:52',18,5),(69,'2016-05-02 19:17:52','2016-05-02 19:17:52',19,5),(70,'2016-05-02 19:17:52','2016-05-02 19:17:52',20,5),(71,'2016-05-02 19:17:52','2016-05-02 19:17:52',21,5),(72,'2016-05-02 19:17:52','2016-05-02 19:17:52',22,5),(73,'2016-05-02 19:17:52','2016-05-02 19:17:52',23,5),(74,'2016-05-02 19:17:52','2016-05-02 19:17:52',24,5),(75,'2016-05-02 19:17:52','2016-05-02 19:17:52',25,5),(76,'2016-05-02 19:17:52','2016-05-02 19:17:52',26,5),(77,'2016-05-02 19:17:52','2016-05-02 19:17:52',34,5),(78,'2016-05-02 19:17:52','2016-05-02 19:17:52',37,5),(79,'2016-05-02 19:17:52','2016-05-02 19:17:52',38,5),(80,'2016-05-02 19:17:52','2016-05-02 19:17:52',39,5),(81,'2016-05-02 19:17:52','2016-05-02 19:17:52',41,5),(82,'2016-05-02 19:17:52','2016-05-02 19:17:52',42,5),(83,'2016-05-02 19:17:52','2016-05-02 19:17:52',50,5),(84,'2016-05-02 19:17:52','2016-05-02 19:17:52',51,5),(85,'2016-05-02 19:17:52','2016-05-02 19:17:52',52,5),(86,'2016-05-02 19:17:52','2016-05-02 19:17:52',53,5),(87,'2016-05-02 19:17:52','2016-05-02 19:17:52',56,5),(88,'2016-05-02 19:17:52','2016-05-02 19:17:52',57,5),(89,'2016-05-02 19:17:52','2016-05-02 19:17:52',58,5),(90,'2016-05-02 19:17:52','2016-05-02 19:17:52',59,5),(91,'2016-05-02 19:17:52','2016-05-02 19:17:52',60,5),(92,'2016-05-02 19:17:52','2016-05-02 19:17:52',63,5),(93,'2016-05-02 19:17:52','2016-05-02 19:17:52',66,5),(94,'2016-05-02 19:17:52','2016-05-02 19:17:52',70,5),(95,'2016-05-02 19:17:52','2016-05-02 19:17:52',71,5),(96,'2016-05-02 19:17:52','2016-05-02 19:17:52',72,5),(97,'2016-05-02 19:17:52','2016-05-02 19:17:52',76,5),(98,'2016-05-02 19:17:52','2016-05-02 19:17:52',77,5),(99,'2016-05-02 19:17:52','2016-05-02 19:17:52',79,5),(100,'2016-05-02 19:17:52','2016-05-02 19:17:52',87,5),(101,'2016-05-02 19:17:52','2016-05-02 19:17:52',91,5),(102,'2016-05-02 19:17:52','2016-05-02 19:17:52',95,5),(103,'2016-05-02 19:17:52','2016-05-02 19:17:52',96,5),(104,'2016-05-02 19:17:52','2016-05-02 19:17:52',99,5),(105,'2016-05-02 19:17:52','2016-05-02 19:17:52',102,5),(106,'2016-05-02 19:17:52','2016-05-02 19:17:52',103,5),(107,'2016-05-02 19:17:52','2016-05-02 19:17:52',112,5),(108,'2016-05-02 19:17:52','2016-05-02 19:17:52',114,5),(109,'2016-05-02 19:17:52','2016-05-02 19:17:52',117,5),(110,'2016-05-02 19:17:52','2016-05-02 19:17:52',125,5),(111,'2016-05-02 19:17:52','2016-05-02 19:17:52',134,5),(112,'2016-05-02 19:17:52','2016-05-02 19:17:52',137,5),(113,'2016-05-02 19:17:52','2016-05-02 19:17:52',138,5),(114,'2016-05-02 19:17:52','2016-05-02 19:17:52',139,5),(115,'2016-05-02 19:17:52','2016-05-02 19:17:52',140,5),(116,'2016-05-02 19:17:52','2016-05-02 19:17:52',145,5),(117,'2016-05-02 19:17:52','2016-05-02 19:17:52',153,5),(118,'2016-05-02 19:17:52','2016-05-02 19:17:52',154,5),(119,'2016-05-02 19:17:52','2016-05-02 19:17:52',155,5),(120,'2016-05-02 19:17:52','2016-05-02 19:17:52',156,5),(121,'2016-05-02 19:17:52','2016-05-02 19:17:52',158,5),(122,'2016-05-02 19:17:52','2016-05-02 19:17:52',161,5),(123,'2016-05-02 19:17:52','2016-05-02 19:17:52',164,5),(124,'2016-05-02 19:17:52','2016-05-02 19:17:52',167,5),(125,'2016-05-02 19:17:52','2016-05-02 19:17:52',168,5),(126,'2016-05-02 19:17:52','2016-05-02 19:17:52',169,5),(127,'2016-05-02 19:17:52','2016-05-02 19:17:52',177,5),(128,'2016-05-02 19:17:52','2016-05-02 19:17:52',178,5),(129,'2016-05-02 19:17:52','2016-05-02 19:17:52',179,5),(130,'2016-05-02 19:17:52','2016-05-02 19:17:52',184,5),(131,'2016-05-02 19:17:52','2016-05-02 19:17:52',186,5),(132,'2016-05-02 19:17:52','2016-05-02 19:17:52',216,5),(133,'2016-05-02 19:17:52','2016-05-02 19:17:52',217,5),(134,'2016-05-02 19:17:52','2016-05-02 19:17:52',219,5),(135,'2016-05-02 19:17:52','2016-05-02 19:17:52',221,5),(136,'2016-05-02 19:17:52','2016-05-02 19:17:52',226,5),(137,'2016-05-02 19:17:52','2016-05-02 19:17:52',227,5),(138,'2016-05-02 19:17:53','2016-05-02 19:17:53',228,5),(139,'2016-05-02 19:17:53','2016-05-02 19:17:53',229,5),(140,'2016-05-02 19:17:53','2016-05-02 19:17:53',231,5),(141,'2016-05-02 19:17:53','2016-05-02 19:17:53',234,5),(142,'2016-05-02 19:17:53','2016-05-02 19:17:53',239,5),(143,'2016-05-02 19:17:53','2016-05-02 19:17:53',240,5),(144,'2016-05-02 19:17:53','2016-05-02 19:17:53',243,5),(145,'2016-05-02 19:17:53','2016-05-02 19:17:53',244,5),(146,'2016-05-02 19:17:53','2016-05-02 19:17:53',245,5),(147,'2016-05-02 19:17:53','2016-05-02 19:17:53',246,5),(148,'2016-05-02 19:17:53','2016-05-02 19:17:53',250,5),(149,'2016-05-02 19:17:53','2016-05-02 19:17:53',251,5),(150,'2016-05-02 19:17:53','2016-05-02 19:17:53',252,5),(151,'2016-05-02 19:17:53','2016-05-02 19:17:53',256,5),(152,'2016-05-02 19:17:53','2016-05-02 19:17:53',259,5),(153,'2016-05-02 19:17:53','2016-05-02 19:17:53',269,5),(154,'2016-05-02 19:17:53','2016-05-02 19:17:53',270,5),(155,'2016-05-02 19:17:53','2016-05-02 19:17:53',271,5),(156,'2016-05-02 19:17:53','2016-05-02 19:17:53',286,5),(157,'2016-05-02 19:17:53','2016-05-02 19:17:53',288,5),(158,'2016-05-02 19:17:53','2016-05-02 19:17:53',292,5),(159,'2016-05-02 19:17:53','2016-05-02 19:17:53',293,5),(160,'2016-05-02 19:17:53','2016-05-02 19:17:53',295,5),(161,'2016-05-02 19:17:53','2016-05-02 19:17:53',296,5),(162,'2016-05-02 19:17:53','2016-05-02 19:17:53',297,5),(163,'2016-05-02 19:17:53','2016-05-02 19:17:53',298,5),(164,'2016-05-02 19:17:53','2016-05-02 19:17:53',300,5),(165,'2016-05-02 19:17:53','2016-05-02 19:17:53',310,5),(166,'2016-05-02 19:17:53','2016-05-02 19:17:53',312,5),(167,'2016-05-02 19:17:53','2016-05-02 19:17:53',318,5),(168,'2016-05-02 19:17:53','2016-05-02 19:17:53',5,5),(169,'2016-05-02 19:17:53','2016-05-02 19:17:53',6,5),(170,'2016-05-02 19:17:53','2016-05-02 19:17:53',27,5),(171,'2016-05-02 19:17:53','2016-05-02 19:17:53',28,5),(172,'2016-05-02 19:17:53','2016-05-02 19:17:53',30,5),(173,'2016-05-02 19:17:53','2016-05-02 19:17:53',31,5),(174,'2016-05-02 19:17:53','2016-05-02 19:17:53',33,5),(175,'2016-05-02 19:17:53','2016-05-02 19:17:53',35,5),(176,'2016-05-02 19:17:53','2016-05-02 19:17:53',36,5),(177,'2016-05-02 19:17:53','2016-05-02 19:17:53',39,5),(178,'2016-05-02 19:17:53','2016-05-02 19:17:53',40,5),(179,'2016-05-02 19:17:53','2016-05-02 19:17:53',43,5),(180,'2016-05-02 19:17:53','2016-05-02 19:17:53',44,5),(181,'2016-05-02 19:17:53','2016-05-02 19:17:53',45,5),(182,'2016-05-02 19:17:53','2016-05-02 19:17:53',46,5),(183,'2016-05-02 19:17:53','2016-05-02 19:17:53',47,5),(184,'2016-05-02 19:17:53','2016-05-02 19:17:53',48,5),(185,'2016-05-02 19:17:53','2016-05-02 19:17:53',49,5),(186,'2016-05-02 19:17:53','2016-05-02 19:17:53',50,5),(187,'2016-05-02 19:17:53','2016-05-02 19:17:53',54,5),(188,'2016-05-02 19:17:53','2016-05-02 19:17:53',55,5),(189,'2016-05-02 19:17:53','2016-05-02 19:17:53',61,5),(190,'2016-05-02 19:17:53','2016-05-02 19:17:53',62,5),(191,'2016-05-02 19:17:53','2016-05-02 19:17:53',64,5),(192,'2016-05-02 19:17:53','2016-05-02 19:17:53',65,5),(193,'2016-05-02 19:17:53','2016-05-02 19:17:53',74,5),(194,'2016-05-02 19:17:53','2016-05-02 19:17:53',78,5),(195,'2016-05-02 19:17:53','2016-05-02 19:17:53',80,5),(196,'2016-05-02 19:17:53','2016-05-02 19:17:53',81,5),(197,'2016-05-02 19:17:53','2016-05-02 19:17:53',82,5),(198,'2016-05-02 19:17:53','2016-05-02 19:17:53',83,5),(199,'2016-05-02 19:17:53','2016-05-02 19:17:53',85,5),(200,'2016-05-02 19:17:53','2016-05-02 19:17:53',86,5),(201,'2016-05-02 19:17:53','2016-05-02 19:17:53',88,5),(202,'2016-05-02 19:17:53','2016-05-02 19:17:53',89,5),(203,'2016-05-02 19:17:53','2016-05-02 19:17:53',90,5),(204,'2016-05-02 19:17:53','2016-05-02 19:17:53',92,5),(205,'2016-05-02 19:17:53','2016-05-02 19:17:53',93,5),(206,'2016-05-02 19:17:53','2016-05-02 19:17:53',94,5),(207,'2016-05-02 19:17:53','2016-05-02 19:17:53',97,5),(208,'2016-05-02 19:17:53','2016-05-02 19:17:53',98,5),(209,'2016-05-02 19:17:53','2016-05-02 19:17:53',99,5),(210,'2016-05-02 19:17:53','2016-05-02 19:17:53',100,5),(211,'2016-05-02 19:17:53','2016-05-02 19:17:53',101,5),(212,'2016-05-02 19:17:53','2016-05-02 19:17:53',104,5),(213,'2016-05-02 19:17:53','2016-05-02 19:17:53',105,5),(214,'2016-05-02 19:17:53','2016-05-02 19:17:53',106,5),(215,'2016-05-02 19:17:53','2016-05-02 19:17:53',107,5),(216,'2016-05-02 19:17:53','2016-05-02 19:17:53',108,5),(217,'2016-05-02 19:17:53','2016-05-02 19:17:53',109,5),(218,'2016-05-02 19:17:53','2016-05-02 19:17:53',110,5),(219,'2016-05-02 19:17:53','2016-05-02 19:17:53',111,5),(220,'2016-05-02 19:17:53','2016-05-02 19:17:53',113,5),(221,'2016-05-02 19:17:53','2016-05-02 19:17:53',116,5),(222,'2016-05-02 19:17:53','2016-05-02 19:17:53',119,5),(223,'2016-05-02 19:17:53','2016-05-02 19:17:53',120,5),(224,'2016-05-02 19:17:53','2016-05-02 19:17:53',121,5),(225,'2016-05-02 19:17:53','2016-05-02 19:17:53',122,5),(226,'2016-05-02 19:17:53','2016-05-02 19:17:53',124,5),(227,'2016-05-02 19:17:53','2016-05-02 19:17:53',127,5),(228,'2016-05-02 19:17:53','2016-05-02 19:17:53',128,5),(229,'2016-05-02 19:17:53','2016-05-02 19:17:53',129,5),(230,'2016-05-02 19:17:53','2016-05-02 19:17:53',130,5),(231,'2016-05-02 19:17:53','2016-05-02 19:17:53',132,5),(232,'2016-05-02 19:17:53','2016-05-02 19:17:53',133,5),(233,'2016-05-02 19:17:53','2016-05-02 19:17:53',136,5),(234,'2016-05-02 19:17:53','2016-05-02 19:17:53',137,5),(235,'2016-05-02 19:17:53','2016-05-02 19:17:53',141,5),(236,'2016-05-02 19:17:53','2016-05-02 19:17:53',144,5),(237,'2016-05-02 19:17:53','2016-05-02 19:17:53',145,5),(238,'2016-05-02 19:17:53','2016-05-02 19:17:53',146,5),(239,'2016-05-02 19:17:53','2016-05-02 19:17:53',148,5),(240,'2016-05-02 19:17:53','2016-05-02 19:17:53',150,5),(241,'2016-05-02 19:17:53','2016-05-02 19:17:53',152,5),(242,'2016-05-02 19:17:53','2016-05-02 19:17:53',157,5),(243,'2016-05-02 19:17:53','2016-05-02 19:17:53',159,5),(244,'2016-05-02 19:17:53','2016-05-02 19:17:53',160,5),(245,'2016-05-02 19:17:53','2016-05-02 19:17:53',161,5),(246,'2016-05-02 19:17:53','2016-05-02 19:17:53',164,5),(247,'2016-05-02 19:17:53','2016-05-02 19:17:53',165,5),(248,'2016-05-02 19:17:53','2016-05-02 19:17:53',168,5),(249,'2016-05-02 19:17:53','2016-05-02 19:17:53',171,5),(250,'2016-05-02 19:17:53','2016-05-02 19:17:53',172,5),(251,'2016-05-02 19:17:53','2016-05-02 19:17:53',173,5),(252,'2016-05-02 19:17:53','2016-05-02 19:17:53',174,5),(253,'2016-05-02 19:17:53','2016-05-02 19:17:53',175,5),(254,'2016-05-02 19:17:53','2016-05-02 19:17:53',176,5),(255,'2016-05-02 19:17:53','2016-05-02 19:17:53',177,5),(256,'2016-05-02 19:17:53','2016-05-02 19:17:53',180,5),(257,'2016-05-02 19:17:53','2016-05-02 19:17:53',182,5),(258,'2016-05-02 19:17:53','2016-05-02 19:17:53',183,5),(259,'2016-05-02 19:17:53','2016-05-02 19:17:53',185,5),(260,'2016-05-02 19:17:53','2016-05-02 19:17:53',188,5),(261,'2016-05-02 19:17:53','2016-05-02 19:17:53',215,5),(262,'2016-05-02 19:17:53','2016-05-02 19:17:53',217,5),(263,'2016-05-02 19:17:53','2016-05-02 19:17:53',218,5),(264,'2016-05-02 19:17:53','2016-05-02 19:17:53',220,5),(265,'2016-05-02 19:17:53','2016-05-02 19:17:53',224,5),(266,'2016-05-02 19:17:53','2016-05-02 19:17:53',225,5),(267,'2016-05-02 19:17:53','2016-05-02 19:17:53',230,5),(268,'2016-05-02 19:17:53','2016-05-02 19:17:53',231,5),(269,'2016-05-02 19:17:53','2016-05-02 19:17:53',232,5),(270,'2016-05-02 19:17:53','2016-05-02 19:17:53',233,5),(271,'2016-05-02 19:17:53','2016-05-02 19:17:53',235,5),(272,'2016-05-02 19:17:53','2016-05-02 19:17:53',237,5),(273,'2016-05-02 19:17:53','2016-05-02 19:17:53',238,5),(274,'2016-05-02 19:17:53','2016-05-02 19:17:53',242,5),(275,'2016-05-02 19:17:53','2016-05-02 19:17:53',243,5),(276,'2016-05-02 19:17:53','2016-05-02 19:17:53',246,5),(277,'2016-05-02 19:17:53','2016-05-02 19:17:53',247,5),(278,'2016-05-02 19:17:53','2016-05-02 19:17:53',250,5),(279,'2016-05-02 19:17:53','2016-05-02 19:17:53',253,5),(280,'2016-05-02 19:17:53','2016-05-02 19:17:53',255,5),(281,'2016-05-02 19:17:53','2016-05-02 19:17:53',257,5),(282,'2016-05-02 19:17:53','2016-05-02 19:17:53',258,5),(283,'2016-05-02 19:17:53','2016-05-02 19:17:53',260,5),(284,'2016-05-02 19:17:53','2016-05-02 19:17:53',261,5),(285,'2016-05-02 19:17:53','2016-05-02 19:17:53',262,5),(286,'2016-05-02 19:17:53','2016-05-02 19:17:53',265,5),(287,'2016-05-02 19:17:53','2016-05-02 19:17:53',267,5),(288,'2016-05-02 19:17:53','2016-05-02 19:17:53',268,5),(289,'2016-05-02 19:17:53','2016-05-02 19:17:53',269,5),(290,'2016-05-02 19:17:53','2016-05-02 19:17:53',270,5),(291,'2016-05-02 19:17:53','2016-05-02 19:17:53',272,5),(292,'2016-05-02 19:17:53','2016-05-02 19:17:53',273,5),(293,'2016-05-02 19:17:53','2016-05-02 19:17:53',274,5),(294,'2016-05-02 19:17:53','2016-05-02 19:17:53',275,5),(295,'2016-05-02 19:17:53','2016-05-02 19:17:53',276,5),(296,'2016-05-02 19:17:53','2016-05-02 19:17:53',277,5),(297,'2016-05-02 19:17:53','2016-05-02 19:17:53',278,5),(298,'2016-05-02 19:17:53','2016-05-02 19:17:53',279,5),(299,'2016-05-02 19:17:53','2016-05-02 19:17:53',280,5),(300,'2016-05-02 19:17:53','2016-05-02 19:17:53',281,5),(301,'2016-05-02 19:17:53','2016-05-02 19:17:53',282,5),(302,'2016-05-02 19:17:53','2016-05-02 19:17:53',283,5),(303,'2016-05-02 19:17:53','2016-05-02 19:17:53',284,5),(304,'2016-05-02 19:17:53','2016-05-02 19:17:53',285,5),(305,'2016-05-02 19:17:53','2016-05-02 19:17:53',287,5),(306,'2016-05-02 19:17:53','2016-05-02 19:17:53',289,5),(307,'2016-05-02 19:17:53','2016-05-02 19:17:53',290,5),(308,'2016-05-02 19:17:53','2016-05-02 19:17:53',291,5),(309,'2016-05-02 19:17:53','2016-05-02 19:17:53',294,5),(310,'2016-05-02 19:17:53','2016-05-02 19:17:53',299,5),(311,'2016-05-02 19:17:53','2016-05-02 19:17:53',301,5),(312,'2016-05-02 19:17:53','2016-05-02 19:17:53',302,5),(313,'2016-05-02 19:17:53','2016-05-02 19:17:53',303,5),(314,'2016-05-02 19:17:53','2016-05-02 19:17:53',304,5),(315,'2016-05-02 19:17:53','2016-05-02 19:17:53',306,5),(316,'2016-05-02 19:17:53','2016-05-02 19:17:53',307,5),(317,'2016-05-02 19:17:53','2016-05-02 19:17:53',308,5),(318,'2016-05-02 19:17:53','2016-05-02 19:17:53',309,5),(319,'2016-05-02 19:17:53','2016-05-02 19:17:53',311,5),(320,'2016-05-02 19:17:53','2016-05-02 19:17:53',313,5),(321,'2016-05-02 19:17:54','2016-05-02 19:17:54',314,5),(322,'2016-05-02 19:17:54','2016-05-02 19:17:54',315,5),(323,'2016-05-02 19:17:54','2016-05-02 19:17:54',5,5),(324,'2016-05-02 19:17:54','2016-05-02 19:17:54',27,5),(325,'2016-05-02 19:17:54','2016-05-02 19:17:54',30,5),(326,'2016-05-02 19:17:54','2016-05-02 19:17:54',31,5),(327,'2016-05-02 19:17:54','2016-05-02 19:17:54',36,5),(328,'2016-05-02 19:17:54','2016-05-02 19:17:54',39,5),(329,'2016-05-02 19:17:54','2016-05-02 19:17:54',40,5),(330,'2016-05-02 19:17:54','2016-05-02 19:17:54',44,5),(331,'2016-05-02 19:17:54','2016-05-02 19:17:54',50,5),(332,'2016-05-02 19:17:54','2016-05-02 19:17:54',61,5),(333,'2016-05-02 19:17:54','2016-05-02 19:17:54',65,5),(334,'2016-05-02 19:17:54','2016-05-02 19:17:54',81,5),(335,'2016-05-02 19:17:54','2016-05-02 19:17:54',90,5),(336,'2016-05-02 19:17:54','2016-05-02 19:17:54',108,5),(337,'2016-05-02 19:17:54','2016-05-02 19:17:54',123,5),(338,'2016-05-02 19:17:54','2016-05-02 19:17:54',126,5),(339,'2016-05-02 19:17:54','2016-05-02 19:17:54',135,5),(340,'2016-05-02 19:17:54','2016-05-02 19:17:54',142,5),(341,'2016-05-02 19:17:54','2016-05-02 19:17:54',143,5),(342,'2016-05-02 19:17:54','2016-05-02 19:17:54',147,5),(343,'2016-05-02 19:17:54','2016-05-02 19:17:54',154,5),(344,'2016-05-02 19:17:54','2016-05-02 19:17:54',160,5),(345,'2016-05-02 19:17:54','2016-05-02 19:17:54',164,5),(346,'2016-05-02 19:17:54','2016-05-02 19:17:54',165,5),(347,'2016-05-02 19:17:54','2016-05-02 19:17:54',168,5),(348,'2016-05-02 19:17:54','2016-05-02 19:17:54',173,5),(349,'2016-05-02 19:17:54','2016-05-02 19:17:54',175,5),(350,'2016-05-02 19:17:54','2016-05-02 19:17:54',180,5),(351,'2016-05-02 19:17:54','2016-05-02 19:17:54',182,5),(352,'2016-05-02 19:17:54','2016-05-02 19:17:54',183,5),(353,'2016-05-02 19:17:54','2016-05-02 19:17:54',233,5),(354,'2016-05-02 19:17:54','2016-05-02 19:17:54',237,5),(355,'2016-05-02 19:17:54','2016-05-02 19:17:54',250,5),(356,'2016-05-02 19:17:54','2016-05-02 19:17:54',254,5),(357,'2016-05-02 19:17:54','2016-05-02 19:17:54',266,5),(358,'2016-05-02 19:17:54','2016-05-02 19:17:54',269,5),(359,'2016-05-02 19:17:54','2016-05-02 19:17:54',290,5),(360,'2016-05-02 19:17:54','2016-05-02 19:17:54',305,5),(361,'2016-05-02 19:17:54','2016-05-02 19:17:54',316,5),(362,'2016-05-02 19:17:54','2016-05-02 19:17:54',317,5),(363,'2016-05-02 19:17:54','2016-05-02 19:17:54',2,4),(364,'2016-05-02 19:17:54','2016-05-02 19:17:54',3,4),(365,'2016-05-02 19:17:54','2016-05-02 19:17:54',5,4),(366,'2016-05-02 19:17:54','2016-05-02 19:17:54',8,4),(367,'2016-05-02 19:17:54','2016-05-02 19:17:54',9,4),(368,'2016-05-02 19:17:54','2016-05-02 19:17:54',10,4),(369,'2016-05-02 19:17:54','2016-05-02 19:17:54',12,4),(370,'2016-05-02 19:17:54','2016-05-02 19:17:54',13,4),(371,'2016-05-02 19:17:54','2016-05-02 19:17:54',14,4),(372,'2016-05-02 19:17:54','2016-05-02 19:17:54',15,4),(373,'2016-05-02 19:17:54','2016-05-02 19:17:54',16,4),(374,'2016-05-02 19:17:54','2016-05-02 19:17:54',17,4),(375,'2016-05-02 19:17:54','2016-05-02 19:17:54',18,4),(376,'2016-05-02 19:17:54','2016-05-02 19:17:54',19,4),(377,'2016-05-02 19:17:54','2016-05-02 19:17:54',20,4),(378,'2016-05-02 19:17:54','2016-05-02 19:17:54',21,4),(379,'2016-05-02 19:17:54','2016-05-02 19:17:54',22,4),(380,'2016-05-02 19:17:54','2016-05-02 19:17:54',23,4),(381,'2016-05-02 19:17:54','2016-05-02 19:17:54',46,4),(382,'2016-05-02 19:17:54','2016-05-02 19:17:54',123,4),(383,'2016-05-02 19:17:54','2016-05-02 19:17:54',137,4),(384,'2016-05-02 19:17:54','2016-05-02 19:17:54',145,4),(385,'2016-05-02 19:17:54','2016-05-02 19:17:54',167,4),(386,'2016-05-02 19:17:54','2016-05-02 19:17:54',246,4),(387,'2016-05-02 19:17:54','2016-05-02 19:17:54',250,4),(388,'2016-05-02 19:17:54','2016-05-02 19:17:54',266,4),(389,'2016-05-02 19:17:54','2016-05-02 19:17:54',269,4),(390,'2016-05-02 19:17:54','2016-05-02 19:17:54',305,4),(391,'2016-05-02 19:17:54','2016-05-02 19:17:54',316,4),(392,'2016-05-02 19:17:54','2016-05-02 19:17:54',318,1),(393,'2016-05-02 19:17:54','2016-05-02 19:17:54',319,1),(394,'2016-05-02 19:17:54','2016-05-02 19:17:54',319,5);
/*!40000 ALTER TABLE `privileges` ENABLE KEYS */;
UNLOCK TABLES;

--
-- Table structure for table `roles`
--

DROP TABLE IF EXISTS `roles`;
/*!40101 SET @saved_cs_client     = @@character_set_client */;
/*!40101 SET character_set_client = utf8 */;
CREATE TABLE `roles` (
  `id` int(11) NOT NULL AUTO_INCREMENT,
  `name` varchar(255) COLLATE utf8_unicode_ci DEFAULT NULL,
  `description` varchar(255) COLLATE utf8_unicode_ci DEFAULT NULL,
  `created_at` datetime NOT NULL,
  `updated_at` datetime NOT NULL,
  PRIMARY KEY (`id`)
) ENGINE=InnoDB AUTO_INCREMENT=6 DEFAULT CHARSET=utf8 COLLATE=utf8_unicode_ci;
/*!40101 SET character_set_client = @saved_cs_client */;

--
-- Dumping data for table `roles`
--

LOCK TABLES `roles` WRITE;
/*!40000 ALTER TABLE `roles` DISABLE KEYS */;
INSERT INTO `roles` VALUES (1,'CCGD Administrator','admin','2016-05-02 19:17:52','2016-05-02 19:17:52'),(2,'CCGD Faculty','faculty','2016-05-02 19:17:52','2016-05-02 19:17:52'),(3,'CCGD Lab Staff','staff','2016-05-02 19:17:52','2016-05-02 19:17:52'),(4,'CCGD Scientific Advisor','advisor','2016-05-02 19:17:52','2016-05-02 19:17:52'),(5,'CCGD Submitter','submitter','2016-05-02 19:17:52','2016-05-02 19:17:52');
/*!40000 ALTER TABLE `roles` ENABLE KEYS */;
UNLOCK TABLES;

--
-- Table structure for table `schema_migrations`
--

DROP TABLE IF EXISTS `schema_migrations`;
/*!40101 SET @saved_cs_client     = @@character_set_client */;
/*!40101 SET character_set_client = utf8 */;
CREATE TABLE `schema_migrations` (
  `version` varchar(255) COLLATE utf8_unicode_ci NOT NULL,
  UNIQUE KEY `unique_schema_migrations` (`version`)
) ENGINE=InnoDB DEFAULT CHARSET=utf8 COLLATE=utf8_unicode_ci;
/*!40101 SET character_set_client = @saved_cs_client */;

--
-- Dumping data for table `schema_migrations`
--

LOCK TABLES `schema_migrations` WRITE;
/*!40000 ALTER TABLE `schema_migrations` DISABLE KEYS */;
INSERT INTO `schema_migrations` VALUES ('20160315193611'),('20160315194655'),('20160317142741'),('20160317193242'),('20160317194419'),('20160317202841'),('20160317202953'),('20160317204633'),('20160317205018'),('20160317211647'),('20160317211754'),('20160320233537'),('20160321220211'),('20160323145314'),('20160323150814'),('20160323193542'),('20160323193614'),('20160324175341'),('20160418170856'),('20160425171716'),('20160502160730'),('20160502160753'),('20160502162508');
/*!40000 ALTER TABLE `schema_migrations` ENABLE KEYS */;
UNLOCK TABLES;

--
-- Table structure for table `states`
--

DROP TABLE IF EXISTS `states`;
/*!40101 SET @saved_cs_client     = @@character_set_client */;
/*!40101 SET character_set_client = utf8 */;
CREATE TABLE `states` (
  `id` int(11) NOT NULL AUTO_INCREMENT,
  `name` varchar(255) COLLATE utf8_unicode_ci DEFAULT NULL,
  `code` varchar(255) COLLATE utf8_unicode_ci DEFAULT NULL,
  `created_at` datetime NOT NULL,
  `updated_at` datetime NOT NULL,
  PRIMARY KEY (`id`)
) ENGINE=InnoDB AUTO_INCREMENT=52 DEFAULT CHARSET=utf8 COLLATE=utf8_unicode_ci;
/*!40101 SET character_set_client = @saved_cs_client */;

--
-- Dumping data for table `states`
--

LOCK TABLES `states` WRITE;
/*!40000 ALTER TABLE `states` DISABLE KEYS */;
INSERT INTO `states` VALUES (1,'Alabama','AL','2016-05-02 19:17:44','2016-05-02 19:17:44'),(2,'Alaska','AK','2016-05-02 19:17:44','2016-05-02 19:17:44'),(3,'Arizona','AZ','2016-05-02 19:17:44','2016-05-02 19:17:44'),(4,'Arkansas','AR','2016-05-02 19:17:44','2016-05-02 19:17:44'),(5,'California','CA','2016-05-02 19:17:44','2016-05-02 19:17:44'),(6,'Colorado','CO','2016-05-02 19:17:44','2016-05-02 19:17:44'),(7,'Connecticut','CT','2016-05-02 19:17:44','2016-05-02 19:17:44'),(8,'Delaware','DE','2016-05-02 19:17:44','2016-05-02 19:17:44'),(9,'Florida','FL','2016-05-02 19:17:44','2016-05-02 19:17:44'),(10,'Georgia','GA','2016-05-02 19:17:44','2016-05-02 19:17:44'),(11,'Hawaii','HI','2016-05-02 19:17:44','2016-05-02 19:17:44'),(12,'Idaho','ID','2016-05-02 19:17:44','2016-05-02 19:17:44'),(13,'Illinois','IL','2016-05-02 19:17:44','2016-05-02 19:17:44'),(14,'Indiana','IN','2016-05-02 19:17:44','2016-05-02 19:17:44'),(15,'Iowa','IA','2016-05-02 19:17:44','2016-05-02 19:17:44'),(16,'Kansas','KS','2016-05-02 19:17:44','2016-05-02 19:17:44'),(17,'Kentucky','KY','2016-05-02 19:17:44','2016-05-02 19:17:44'),(18,'Louisiana','LA','2016-05-02 19:17:44','2016-05-02 19:17:44'),(19,'Maine','ME','2016-05-02 19:17:44','2016-05-02 19:17:44'),(20,'Maryland','MD','2016-05-02 19:17:44','2016-05-02 19:17:44'),(21,'Massachusetts','MA','2016-05-02 19:17:44','2016-05-02 19:17:44'),(22,'Michigan','MI','2016-05-02 19:17:44','2016-05-02 19:17:44'),(23,'Minnesota','MN','2016-05-02 19:17:44','2016-05-02 19:17:44'),(24,'Mississippi','MS','2016-05-02 19:17:44','2016-05-02 19:17:44'),(25,'Missouri','MO','2016-05-02 19:17:44','2016-05-02 19:17:44'),(26,'Montana','MT','2016-05-02 19:17:44','2016-05-02 19:17:44'),(27,'Nebraska','NE','2016-05-02 19:17:44','2016-05-02 19:17:44'),(28,'Nevada','NV','2016-05-02 19:17:44','2016-05-02 19:17:44'),(29,'New Hampshire','NH','2016-05-02 19:17:44','2016-05-02 19:17:44'),(30,'New Jersey','NJ','2016-05-02 19:17:44','2016-05-02 19:17:44'),(31,'New Mexico','NM','2016-05-02 19:17:44','2016-05-02 19:17:44'),(32,'New York','NY','2016-05-02 19:17:44','2016-05-02 19:17:44'),(33,'North Carolina','NC','2016-05-02 19:17:44','2016-05-02 19:17:44'),(34,'North Dakota','ND','2016-05-02 19:17:44','2016-05-02 19:17:44'),(35,'Ohio','OH','2016-05-02 19:17:44','2016-05-02 19:17:44'),(36,'Oklahoma','OK','2016-05-02 19:17:44','2016-05-02 19:17:44'),(37,'Oregon','OR','2016-05-02 19:17:44','2016-05-02 19:17:44'),(38,'Pennsylvania','PA','2016-05-02 19:17:44','2016-05-02 19:17:44'),(39,'Rhode Island','RI','2016-05-02 19:17:44','2016-05-02 19:17:44'),(40,'South Carolina','SC','2016-05-02 19:17:44','2016-05-02 19:17:44'),(41,'South Dakota','SD','2016-05-02 19:17:44','2016-05-02 19:17:44'),(42,'Tennessee','TN','2016-05-02 19:17:44','2016-05-02 19:17:44'),(43,'Texas','TX','2016-05-02 19:17:44','2016-05-02 19:17:44'),(44,'Utah','UT','2016-05-02 19:17:44','2016-05-02 19:17:44'),(45,'Vermont','VT','2016-05-02 19:17:44','2016-05-02 19:17:44'),(46,'Virginia','VA','2016-05-02 19:17:44','2016-05-02 19:17:44'),(47,'Washington','WA','2016-05-02 19:17:44','2016-05-02 19:17:44'),(48,'West Virginia','WV','2016-05-02 19:17:44','2016-05-02 19:17:44'),(49,'Wisconsin','WI','2016-05-02 19:17:44','2016-05-02 19:17:44'),(50,'Wyoming','WY','2016-05-02 19:17:44','2016-05-02 19:17:44'),(51,'District of Columbia','DC','2016-05-02 19:17:44','2016-05-02 19:17:44');
/*!40000 ALTER TABLE `states` ENABLE KEYS */;
UNLOCK TABLES;

--
-- Table structure for table `user_custom_labgroups`
--

DROP TABLE IF EXISTS `user_custom_labgroups`;
/*!40101 SET @saved_cs_client     = @@character_set_client */;
/*!40101 SET character_set_client = utf8 */;
CREATE TABLE `user_custom_labgroups` (
  `id` int(11) NOT NULL AUTO_INCREMENT,
  `custom_labgroup_name` varchar(255) COLLATE utf8_unicode_ci DEFAULT NULL,
  `custom_labgroup_code` varchar(255) COLLATE utf8_unicode_ci DEFAULT NULL,
  `custom_labgroup_building` varchar(255) COLLATE utf8_unicode_ci DEFAULT NULL,
  `custom_labgroup_room` varchar(255) COLLATE utf8_unicode_ci DEFAULT NULL,
  `custom_labgroup_street` varchar(255) COLLATE utf8_unicode_ci DEFAULT NULL,
  `custom_labgroup_city` varchar(255) COLLATE utf8_unicode_ci DEFAULT NULL,
  `custom_labgroup_country` varchar(255) COLLATE utf8_unicode_ci DEFAULT NULL,
  `state_id` int(11) DEFAULT NULL,
  `created_at` datetime NOT NULL,
  `updated_at` datetime NOT NULL,
  PRIMARY KEY (`id`)
) ENGINE=InnoDB DEFAULT CHARSET=utf8 COLLATE=utf8_unicode_ci;
/*!40101 SET character_set_client = @saved_cs_client */;

--
-- Dumping data for table `user_custom_labgroups`
--

LOCK TABLES `user_custom_labgroups` WRITE;
/*!40000 ALTER TABLE `user_custom_labgroups` DISABLE KEYS */;
/*!40000 ALTER TABLE `user_custom_labgroups` ENABLE KEYS */;
UNLOCK TABLES;

--
-- Table structure for table `user_custom_organizations`
--

DROP TABLE IF EXISTS `user_custom_organizations`;
/*!40101 SET @saved_cs_client     = @@character_set_client */;
/*!40101 SET character_set_client = utf8 */;
CREATE TABLE `user_custom_organizations` (
  `id` int(11) NOT NULL AUTO_INCREMENT,
  `custom_org_name` varchar(255) COLLATE utf8_unicode_ci DEFAULT NULL,
  `custom_org_phone` varchar(255) COLLATE utf8_unicode_ci DEFAULT NULL,
  `custom_org_email` varchar(255) COLLATE utf8_unicode_ci DEFAULT NULL,
  `custom_org_street` varchar(255) COLLATE utf8_unicode_ci DEFAULT NULL,
  `custom_org_city` varchar(255) COLLATE utf8_unicode_ci DEFAULT NULL,
  `custom_org_country` varchar(255) COLLATE utf8_unicode_ci DEFAULT NULL,
  `state_id` int(11) DEFAULT NULL,
  `created_at` datetime NOT NULL,
  `updated_at` datetime NOT NULL,
  PRIMARY KEY (`id`)
) ENGINE=InnoDB DEFAULT CHARSET=utf8 COLLATE=utf8_unicode_ci;
/*!40101 SET character_set_client = @saved_cs_client */;

--
-- Dumping data for table `user_custom_organizations`
--

LOCK TABLES `user_custom_organizations` WRITE;
/*!40000 ALTER TABLE `user_custom_organizations` DISABLE KEYS */;
/*!40000 ALTER TABLE `user_custom_organizations` ENABLE KEYS */;
UNLOCK TABLES;

--
-- Table structure for table `users`
--

DROP TABLE IF EXISTS `users`;
/*!40101 SET @saved_cs_client     = @@character_set_client */;
/*!40101 SET character_set_client = utf8 */;
CREATE TABLE `users` (
  `id` int(11) NOT NULL AUTO_INCREMENT,
  `firstname` varchar(255) COLLATE utf8_unicode_ci DEFAULT NULL,
  `lastname` varchar(255) COLLATE utf8_unicode_ci DEFAULT NULL,
  `email` varchar(255) COLLATE utf8_unicode_ci DEFAULT NULL,
  `phone` varchar(255) COLLATE utf8_unicode_ci DEFAULT NULL,
  `created_at` datetime NOT NULL,
  `updated_at` datetime NOT NULL,
  `username` varchar(255) COLLATE utf8_unicode_ci DEFAULT NULL,
  `password_digest` varchar(255) COLLATE utf8_unicode_ci DEFAULT NULL,
  `organization_id` int(11) DEFAULT NULL,
  `status` varchar(2) COLLATE utf8_unicode_ci DEFAULT NULL,
  `password_reset_token` varchar(255) COLLATE utf8_unicode_ci DEFAULT NULL,
  `password_reset_sent_at` datetime DEFAULT NULL,
  `user_custom_labgroup_id` int(11) DEFAULT NULL,
  `user_custom_organization_id` int(11) DEFAULT NULL,
  PRIMARY KEY (`id`)
) ENGINE=InnoDB AUTO_INCREMENT=320 DEFAULT CHARSET=utf8 COLLATE=utf8_unicode_ci;
/*!40101 SET character_set_client = @saved_cs_client */;

--
-- Dumping data for table `users`
--

LOCK TABLES `users` WRITE;
/*!40000 ALTER TABLE `users` DISABLE KEYS */;
INSERT INTO `users` VALUES (2,'Laura','Macconaill','laura_macconaill@dfci.harvard.edu','617-582-7754','2016-05-02 19:17:48','2016-05-02 19:17:48','laura','$2a$04$cUz80IcII0I6F6ppNP9hI.I3YoB36GbosJ1wCbR1zPTqk1igO2rRS',1,'A',NULL,NULL,NULL,NULL),(3,'Megan','Hanna','mhanna@broad.mit.edu','617-324-4824','2016-05-02 19:17:48','2016-05-02 19:17:48','megan','$2a$04$L5Zy1sKJesG6hyGmMcul0eO1p72Zx5jo5p4XHBpTVszMyqp8i8gD2',1,'A',NULL,NULL,NULL,NULL),(4,'Karen','Coughlan','karen_coughlan@dfci.harvard.edu','617-582-8736','2016-05-02 19:17:48','2016-05-02 19:17:48','karen','$2a$04$N6rRd3OX0pm.yGIWgJf1CeIK5QJQzJZlSoTg95pneZkClGTg0TeUi',1,'I',NULL,NULL,NULL,NULL),(5,'Katie','Campbell','catarina_campbell@dfci.harvard.edu','617-632-2930','2016-05-02 19:17:48','2016-05-02 19:17:48','katie','$2a$04$Mfz8KDdlrR/jUJif383eouLqwYCfsGWS2UrOLarCr7H.4y3inOahS',1,'I',NULL,NULL,NULL,NULL),(6,'Nick','Wyhs','nwyhs@broad.mit.edu','617 582 8731','2016-05-02 19:17:48','2016-05-02 19:17:48','nick','$2a$04$4wfaZ8QQx0hSV0tIqYxbOupv.q/Kda9iCVATLmE/1kGNlZTrMofpy',1,'I',NULL,NULL,NULL,NULL),(7,'Su','Huang','suhuang@dfci.harvard.edu','','2016-05-02 19:17:48','2016-05-02 19:17:48','su','$2a$04$A8vwvLcXruwWCI5RENjV5OgplGNtXFrDRHxCKfdqa8PcKkNtIx.za',1,'I',NULL,NULL,NULL,NULL),(8,'Matt','Freedman','matthew_freedman@dfci.harvard.edu','617-582-8598','2016-05-02 19:17:48','2016-05-02 19:17:48','matt','$2a$04$bo89FCl.B6ButDDe.jookea/mMZjf1xDiOA8/mCkvByzcwJw2cLgK',1,'A',NULL,NULL,NULL,NULL),(9,'Levi','Garraway','levi_garraway@dfci.harvard.edu','617-632-6689','2016-05-02 19:17:48','2016-05-02 19:17:48','levi','$2a$04$QTPIzc81a7sr9JO3aHZMxODf0OdbIKM4X/7kYW41L/BjltDzSSDdu',1,'A',NULL,NULL,NULL,NULL),(10,'Todd','Golub','golub@broad.mit.edu','617-632-4903','2016-05-02 19:17:48','2016-05-02 19:17:48','todd','$2a$04$4S5d7a.CQYCOq22F1VM4I.4Ye3D2.Ous8f7XXlraGJ5Lxy6gy6cb2',1,'A',NULL,NULL,NULL,NULL),(11,'William','Hahn','william_hahn@dfci.harvard.edu','617-632-2641','2016-05-02 19:17:48','2016-05-02 19:17:48','wchahn','$2a$04$//S5z9nCH8ZBOnkoQJBGouztkRvBB0XyIfTyM6RczbZTs.5sm.2oi',1,'A',NULL,NULL,NULL,NULL),(12,'Max','Loda','massimo_loda@dfci.harvard.edu','617-632-4001','2016-05-02 19:17:48','2016-05-02 19:17:48','max','$2a$04$qzgMSPE7qG5/kN.221BOsOKgRqxDQQJnnhIipjnsQxx/rZ3IbpO82',1,'A',NULL,NULL,NULL,NULL),(13,'Matthew','Meyerson','matthew_meyerson@dfci.harvard.edu','617-632-4768','2016-05-02 19:17:48','2016-05-02 19:17:48','matthew','$2a$04$kL1hOZR29Zlur3f8ydrcquO/jxI1rcB8Kjf3LvBBlrWc6zd3yzv4.',1,'A',NULL,NULL,NULL,NULL),(14,'Nelly','Polyak','kornelia_polyak@dfci.harvard.edu','617-632-5746','2016-05-02 19:17:48','2016-05-02 19:17:48','nelly','$2a$04$f5gOgd3SxEXQIDCU.u3xf.1Fk748AM40YzP0ei01Wz/kJ0acQs8l.',1,'A',NULL,NULL,NULL,NULL),(15,'Ramesh','Shivdasani','ramesh_shivdasani@dfci.harvard.edu','617-632-5746','2016-05-02 19:17:48','2016-05-02 19:17:48','Ramesh','$2a$04$Gg9t3v.n.k6Hya6t5slrO.6rIcxyj0jpU5EOPF8AFAYHXQp1l0RZu',1,'A',NULL,NULL,NULL,NULL),(16,'Pasi','Janne','pasi_janne@dfci.harvard.edu','617-632-6036','2016-05-02 19:17:48','2016-05-02 19:17:48','Pasi','$2a$04$.cdhatOJ7yJTMqp8srHAueron8k1KbKH2baBc1N3ICVvhT1W6.QE.',1,'A',NULL,NULL,NULL,NULL),(17,'Rani','George','rani_george@dfci.harvard.edu','617-632-5281','2016-05-02 19:17:48','2016-05-02 19:17:48','rani','$2a$04$1nJ6qQ6RUV/nuLAxF2FUtuhBa1FGrX7iYrGghJsR/eopO5c5B4roS',1,'A',NULL,NULL,NULL,NULL),(18,'Thomas','Roberts','thomas_roberts@dfci.harvard.edu','617-632-3049','2016-05-02 19:17:48','2016-05-02 19:17:48','Thomas','$2a$04$Ms0W4BJ8Js7i.NHMuJF0.OAS8zeVDy6YolpLy6rpdloYlW5XjzorS',1,'A',NULL,NULL,NULL,NULL),(19,'Thomas','Look','thomas_look@dfci.harvard.edu','617-632-5826','2016-05-02 19:17:48','2016-05-02 19:17:48','Thomaslook','$2a$04$ig3Bm76sVcTb2EQpKTcOSuWWZvgM3R6l9cyc3.Bud4FxBEoXYAE4q',1,'A',NULL,NULL,NULL,NULL),(20,'Jerome','Ritz','jerome_ritz@dfci.harvard.edu','617-632-3465','2016-05-02 19:17:48','2016-05-02 19:17:48','JRitz','$2a$04$wa2RPXg53Dd6e6yg8SfU5OBRHJjBDPmVS7Rrh4mExB5rlmUJd.GrO',1,'A',NULL,NULL,NULL,NULL),(21,'Matthew','Kulke','matthew_kulke@dfci.harvard.edu','617-632-5136','2016-05-02 19:17:48','2016-05-02 19:17:48','MatthewK','$2a$04$yAq9/n6PJ/82vk/IUp0OjOv8pE7ANWaqn2S5QytBcClM8NUPEbTyK',1,'A',NULL,NULL,NULL,NULL),(22,'Margaret','Shipp','margaret_shipp@dfci.harvard.edu','617-632-3874','2016-05-02 19:17:48','2016-05-02 19:17:48','Margaret','$2a$04$y7H38oqlnaNvwHHuYLMDAefBZiVGsaV.IU/veBStrBipKU8xiYHPa',1,'A',NULL,NULL,NULL,NULL),(23,'Philip','Kantoff','philip_kantoff@dfci.harvard.edu','617-632-1914','2016-05-02 19:17:48','2016-05-02 19:17:48','Philip','$2a$04$7hyGT1F2HwONZJUePbqgjOSWbRcdFHt5hqtYFvoDJSjNv8k58YBli',1,'A',NULL,NULL,NULL,NULL),(24,'Robert','Ross','robert_ross@dfci.harvard.edu','617-632-3237','2016-05-02 19:17:48','2016-05-02 19:17:48','RobertRoss','$2a$04$h4isx7RcoEJ/VvaTrLFiQuEc.OZLuegQeK5jVlkl7cyoZsnbYVlrG',1,'A',NULL,NULL,NULL,NULL),(25,'Myles','Brown','myles_brown@dfci.harvard.edu','617-632-3948','2016-05-02 19:17:48','2016-05-02 19:17:48','mbrown','$2a$04$nMEQti3Fmxdv/AJWgwdOUOWByBho.tR5O3/GS/YVFdZq12Z1fIFE6',1,'A',NULL,NULL,NULL,NULL),(26,'Jennifer','Brown','jennifer_brown@dfci.harvard.edu','617-632-6692','2016-05-02 19:17:48','2016-05-02 19:17:48','JRBrown','$2a$04$dC/xDnOoB.SemFmFQUwBUerMnRFHi0OV7T4ojaN/bnKXGYT4s7Jwa',1,'A',NULL,NULL,NULL,NULL),(27,'Nasim','Ahmadiyeh','nahmadiyeh@partners.org','617-582-8682','2016-05-02 19:17:48','2016-05-02 19:17:48','nah495','$2a$04$/EaSJAeot6UU3kPm65RUK.Xv24Qc4kKvvGEho4/BeqH4KlvvQm.vq',1,'A',NULL,NULL,NULL,NULL),(28,'Carrie','Emery','CarolineM_Emery@dfci.harvard.edu','617 632 1923','2016-05-02 19:17:48','2016-05-02 19:17:48','carrie','$2a$04$5SYTYq4hn57nl2Rvr0jVmOtbshYAxKR/jV8Ae79TF/mluZpo3yfaW',1,'A',NULL,NULL,NULL,NULL),(30,'Alejandro','Gutierrez','alejandro_gutierrez@dfci.harvard.edu','617-632-2079','2016-05-02 19:17:48','2016-05-02 19:17:48','ag832','$2a$04$QyYQ60dMzdMpRn3TsojrS.BrY7hUHK0otoa7dsXvIpG/Ds40ZLSSi',1,'A',NULL,NULL,NULL,NULL),(31,'Kathryn','Penney','kpenney@hsph.harvard.edu','','2016-05-02 19:17:48','2016-05-02 19:17:48','kpenney','$2a$04$tBwtk4aBOQJn9qkgpRMxzeNLlFpwl44BHcxeOz7eFoGyHujrSoyuW',1,'A',NULL,NULL,NULL,NULL),(33,'elisa','benedettini','elisa_benedettini@dfci.harvard.edu','6176322148','2016-05-02 19:17:48','2016-05-02 19:17:48','eb802','$2a$04$eMbnHRQfQ9HtcfhaJ1WomOu/s//I4oSHEm/GlHr3un4w1zTMXGGUm',1,'A',NULL,NULL,NULL,NULL),(34,'charles','stiles','charles_stiles@dfci.harvard.edu','617 632-3512','2016-05-02 19:17:48','2016-05-02 19:17:48','cds10','$2a$04$C4q7ePwLY1v3mAQfzGZjqeqEP6Xgy1N0wtfdTX9WNNW19tbVvDsFi',1,'A',NULL,NULL,NULL,NULL),(35,'Deborah','Goff','deborah_goff@dfci.harvard.edu','Feb-16','2016-05-02 19:17:48','2016-05-02 19:17:48','djg19','$2a$04$6hOMWXXdFOn0JEtT8BlB5udmIMh4VsrDiYoXB.MXQcNiylxxqELIq',1,'A',NULL,NULL,NULL,NULL),(36,'Christine','Beckwith','christine_beckwith@dfci.harvard.edu','6033876921','2016-05-02 19:17:48','2016-05-02 19:17:48','cb960','$2a$04$kx4oekfLCrEPEcYwqew4Z.bCOh9AjkcBtyMO4NPGeozjOPRo5MdWS',1,'A',NULL,NULL,NULL,NULL),(37,'Lucian','Chirieac','LCHIRIEAC@PARTNERS.ORG','617 732 8126','2016-05-02 19:17:48','2016-05-02 19:17:48','lchirieac','$2a$04$qmEpMq.Dv6oD1O0K9LmgIOE8WjjSzLw9oBhAgrSCBAFJLTogEhBNy',1,'A',NULL,NULL,NULL,NULL),(38,'Pat','Collaborator','ccgd@dfci.harvard.edu','27515','2016-05-02 19:17:48','2016-05-02 19:17:48','dfci_user','$2a$04$JjfSHV4S9ZskQJB0u/gvG.CdHf3R0Fb09SN18zmK6RYu7PuG7eW5m',1,'I',NULL,NULL,NULL,NULL),(39,'mark','pomerantz','mpomerantz@partners.org','617-632-2312','2016-05-02 19:17:48','2016-05-02 19:17:48','mp91','$2a$04$Xj7NYzdRreZcQqwP6eKWNOsUW8GHsSTuL2RQg/DxGM9Mk.8JUFQke',1,'A',NULL,NULL,NULL,NULL),(40,'Keluo','Yao','keluo_yao@dfci.harvard.edu','617-582-8731','2016-05-02 19:17:48','2016-05-02 19:17:48','ky058','$2a$04$oKaMyNw6ekYSJvzqEtI0s.ogbPiEcOpl4/1BAs2uJZbXKnYry.2nu',1,'I',NULL,NULL,NULL,NULL),(41,'Edward','Fox','edward_fox@dfci.harvard.edu','617-632-2116','2016-05-02 19:17:48','2016-05-02 19:17:48','foxedward','$2a$04$axlJSuYthfQDztMXRLa69ui2Y71l2fqyxkCiDsMjQR8OWk9nbfGhi',1,'A',NULL,NULL,NULL,NULL),(42,'Edwin','Choy','echoy@partners.org','617-459-6804','2016-05-02 19:17:48','2016-05-02 19:17:48','ec952','$2a$04$Tmr3fRcZhdBGtFg7w9elVes.ff9uWIEdSVL5G9He5soIEqyWUfXEi',24,'A',NULL,NULL,NULL,NULL),(43,'Mark','Pomerantz','mark_pomerantz@dfci.harvard.edu','617-632-1914','2016-05-02 19:17:48','2016-05-02 19:17:48','mp37','$2a$04$GZoGpyxfWQnmCrH4/kPnB.ReOftoo5asKDXL5DDMQiyWCLiLf0z0y',1,'A',NULL,NULL,NULL,NULL),(44,'HIROKI','YAMADA','yamada_hiroki@dfci.harvard.edu','617.935.6863','2016-05-02 19:17:48','2016-05-02 19:17:48','YH058','$2a$04$BEidSfGewdI6wzdgRGuOZe1bZ5M.b6LoD52hAUc8TOPhTL.k65opa',1,'A',NULL,NULL,NULL,NULL),(45,'Mark','Pomerantz','nosman@partners.org','617-632-1914','2016-05-02 19:17:48','2016-05-02 19:17:48','mpomerantz','$2a$04$lKlI.47iJwSCKERSeD2jDefm6eYiHYY0fpg3We9wYjulJTy6hevXS',1,'I',NULL,NULL,NULL,NULL),(46,'Adam','Bass','ajbass@partners.org','617-407-9275','2016-05-02 19:17:48','2016-05-02 19:17:48','ajbass','$2a$04$sOmHTtxpgr5KHY2K/VBWeetdkU.gGpood.nYnyi7MwzRzF.i.GJF.',1,'A',NULL,NULL,NULL,NULL),(47,'Hao','Zhang','zhangh@broad.mit.edu','919-423-5077','2016-05-02 19:17:48','2016-05-02 19:17:48','haozhang','$2a$04$ibo1RYKlNGaE58TG7.tbRes4.ohL3t6XFHqqxmLhBcczvlfbtmDpC',2,'A',NULL,NULL,NULL,NULL),(48,'Rafael','Bejar','rbejar@partners.org','617-732-6510','2016-05-02 19:17:48','2016-05-02 19:17:48','rb850','$2a$04$n.2ex0iRz6NNilc0A2bfj.by/kAFdRNNHgBEwyWcoYVFZYG6jgTzu',16,'A',NULL,NULL,NULL,NULL),(49,'Derek','Chiang','dchiang@broad.mit.edu','(617) 324-2239','2016-05-02 19:17:48','2016-05-02 19:17:48','dychiang','$2a$04$7xNAC8fY1ZSISiJdBOhWVulkGAupQEH5I.CMI5yhpbdIMZ6i1.uQ.',1,'A',NULL,NULL,NULL,NULL),(50,'Sarah','Kehoe','sarahm_kehoe@dfci.harvard.edu','617-632-5783','2016-05-02 19:17:48','2016-05-02 19:17:48','sk580','$2a$04$coqSf7U3uV7ucMdFk8xmD.VMRClxCjvlHJ.o6CxAP8Ma9lA69u4oO',1,'I',NULL,NULL,NULL,NULL),(51,'Amit','Dutt','amitdutt@broad.mit.edu','8578911975','2016-05-02 19:17:48','2016-05-02 19:17:48','amitdutt','$2a$04$GLxbT/lsbMqaWzqOR8hqXejh2WWIwhKPD.J.OuKJhuV6uidX4HdUO',1,'A',NULL,NULL,NULL,NULL),(52,'Aram','Hezel','ahezel@partners.org','617 643 3813','2016-05-02 19:17:48','2016-05-02 19:17:48','ahezel','$2a$04$Nb5wBmUZtE9k1uS/GcacruGJ7hgWJD0o9zOSaOSla9jeynP6ndkYS',24,'A',NULL,NULL,NULL,NULL),(53,'Ivana','Kim','ivana_kim@meei.harvard.edu','617 573 3367','2016-05-02 19:17:48','2016-05-02 19:17:48','ivana','$2a$04$lRNsu9aCaJBq.PBIMcX1qeKGQvx1k.odW9X2ccX7kdUAkebCNtBuu',5,'A',NULL,NULL,NULL,NULL),(54,'Douglas','Medvetz','dmedvetz@partners.org','617-355-9103','2016-05-02 19:17:48','2016-05-02 19:17:48','dam90','$2a$04$VOd51RqyQp.KStJejdIf3ejk6tFhFhmDxZGnc8FG.5Top7TZktJ3e',16,'A',NULL,NULL,NULL,NULL),(55,'Ryan','Bender','rpbender@partners.org','582-8614','2016-05-02 19:17:48','2016-05-02 19:17:48','ChinLab2008','$2a$04$uc2M94IfP0J5OW9PDYCRiuM7IkuO6UFu5shQEagnBEuDivMx7PMDW',1,'A',NULL,NULL,NULL,NULL),(56,'Fran','Hornicek','fhornicek@partners.org','617 724 6802','2016-05-02 19:17:48','2016-05-02 19:17:48','hornicek','$2a$04$zoeVp/7uHHm3gn0f9QMWjertK5e6.8AlQWmuXc05fcKDauVKlvSpW',24,'A',NULL,NULL,NULL,NULL),(57,'Jonathan','Fletcher','jfletcher@partners.org','617 732 7883','2016-05-02 19:17:48','2016-05-02 19:17:48','fletcher','$2a$04$QvbQxCFN0N9aqPWo6150kuXLbHqGTbAaqI7E6hmphH.55pjXKfKd.',16,'A',NULL,NULL,NULL,NULL),(58,'June','Kinoshita','jkinoshita@n-of-one.com','617 669 1706','2016-05-02 19:17:48','2016-05-02 19:17:48','kinoshita','$2a$04$CnbKe.gMk/3HzWpruHNrmO/sF8ZMBfJ.UmKIrgNrz4Mq10zGqIzv6',6,'I',NULL,NULL,NULL,NULL),(59,'Alex','Ng','sng@rics.bwh.harvard.edu','617-278-0072','2016-05-02 19:17:48','2016-05-02 19:17:48','Alexng','$2a$04$zFXRzVDeje/oYIJ7hILzVuUakEwgQuo7kcyyec06W9x0N3VI3qURK',16,'A',NULL,NULL,NULL,NULL),(60,'Antoni','Ribas','aribas@mednet.ucla.edu','3102063928','2016-05-02 19:17:48','2016-05-02 19:17:48','ribas','$2a$04$ssK5RKbCqmVP1JQgUyN9COweWoSUVnTbTDeiVEuXrjYh6NC2egbDO',7,'A',NULL,NULL,NULL,NULL),(61,'Chandrani','Mondal','Chandrani_Mondal@dfci.harvard.edu','6175826688','2016-05-02 19:17:48','2016-05-02 19:17:48','cm315','$2a$04$bU/8iSJNtxUcj9l2/aVWUOmVNTOq2MXP/DWQPHpsihl2/8mCleRPy',1,'I',NULL,NULL,NULL,NULL),(62,'Anna','Schinzel','anna_schinzel@dfci.harvard.edu','617 632 2376','2016-05-02 19:17:48','2016-05-02 19:17:48','Schinzel','$2a$04$Mw4BvgVr7NpZe38bhLu9AOYw1Y9WYmnQ3uXp9OWOK8mHmJyqLN9Ri',1,'A',NULL,NULL,NULL,NULL),(63,'vikram','Deshpande','vdeshpande@partners.org','6177247741','2016-05-02 19:17:48','2016-05-02 19:17:48','vd019','$2a$04$/Ut5GoT.S.aqdRkgc8Mnkehmpw2c5U.N8xmz4EObm4MGy4ExlsPxe',24,'A',NULL,NULL,NULL,NULL),(64,'John','McGrath','johnp_mcgrath@dfci.harvard.edu','6175828668','2016-05-02 19:17:48','2016-05-02 19:17:48','jpmcgrath','$2a$04$Sh0ASh1kUTQ9cv8l0cMNk.0asAFHZAb31sSEgNqMBM/kYH/ilGIci',1,'A',NULL,NULL,NULL,NULL),(65,'Lauren','Luongo','LaurenA_Luongo@DFCI.HARVARD.EDU','6176325950','2016-05-02 19:17:48','2016-05-02 19:17:48','lal62','$2a$04$opo.WMXL017nGA7afx4xKeeOQZRKql6EgZP8foJtRXG5oFfTMctYi',1,'I',NULL,NULL,NULL,NULL),(66,'Keith','Ligon','keith_ligon@dfci.harvard.edu','617-632-2357','2016-05-02 19:17:48','2016-05-02 19:17:48','ligonlab','$2a$04$3ZX055vzxtAVOXd7aSl2bOHPTfGxeUb9.Mt6F926YEvLnUmW1Yzem',1,'A',NULL,NULL,NULL,NULL),(70,'Daniel','Chung','dchung@partners.org','617-726-8687','2016-05-02 19:17:48','2016-05-02 19:17:48','dchung','$2a$04$PJcvAU3jibf7PjQjeIn/1uI5kSt2cBa4ZOGZxyc2qbqu3oKjZFf3W',24,'A',NULL,NULL,NULL,NULL),(71,'Henry','Koon','Henry.Koon@UHhospitals.org','(216) 368-1175','2016-05-02 19:17:48','2016-05-02 19:17:48','henrykoon','$2a$04$Bvy4WATWVZMjQlHptRvh0.UcnXWaqsyZb63wGROST320/spRn8VDa',12,'A',NULL,NULL,NULL,NULL),(72,'Irene','Ghobrial','irene_ghobrial@dfci.harvard.edu','2.4198','2016-05-02 19:17:48','2016-05-02 19:17:48','ghobrial','$2a$04$dGSxzhMxEFy9543e.BYIfu1MxkGTIrTO12uT.8z1XddW1yqaS97uK',1,'A',NULL,NULL,NULL,NULL),(73,'Ashley','Fairbank','ashley_fairbank@dfci.harvard.edu','617-632-4606','2016-05-02 19:17:48','2016-05-02 19:17:48','afairbank','$2a$04$u7y47SEknSM9GDxva03ZPOE1QNXux1xNTCEjg.UOh2wjDCPj88TYO',1,'A',NULL,NULL,NULL,NULL),(74,'Michael','Anglesio','michael.anglesio@petermac.org','+61 3 9656 1287','2016-05-02 19:17:48','2016-05-02 19:17:48','michael.angl','$2a$04$5jgXmLwIhRCvmpIxI6aar.lmXHPWW4/TPoBQBRKxNPpttsIC9wy2q',13,'A',NULL,NULL,NULL,NULL),(76,'Jonathan','Rosenberg','jonathan_rosenberg@dfci.harvard.edu','617 632 5456','2016-05-02 19:17:48','2016-05-02 19:17:48','rosenberg','$2a$04$iRJ66r3Rn3l/xjHd06NueejtUpSp7/6wnmL3nD5Zr79QNinIEbctC',1,'A',NULL,NULL,NULL,NULL),(77,'Daniel','Costa','dbcosta@bidmc.harvard.edu','617-667-9236','2016-05-02 19:17:48','2016-05-02 19:17:48','dbcosta@bidm','$2a$04$CBtUdRMttVE5nTpqrySvi.uTWi9PmIyKaH32AiIVspHLpWMS7tMke',14,'A',NULL,NULL,NULL,NULL),(78,'Peter','Guillen','pguillen06@gmail.com','617-956-2004','2016-05-02 19:17:48','2016-05-02 19:17:48','pguillen','$2a$04$oFJhd3W9uSI6HLKwjnAcTuJVv3KR03LNakctry7iug/3i4Jrz2jLe',1,'I',NULL,NULL,NULL,NULL),(79,'Toni','Choueiri','toni_choueiri@dfci.harvard.edu','617-632-5456','2016-05-02 19:17:48','2016-05-02 19:17:48','tc46','$2a$04$6zr68v0vuLyvlS3LZZGo8OiSY.o7ggthmHxukKikpE7ucLpQCP1Zu',1,'A',NULL,NULL,NULL,NULL),(80,'Fabio','Schutz','FabioA_Schutz@DFCI.harvard.edu','617-632-4622','2016-05-02 19:17:48','2016-05-02 19:17:48','fs975','$2a$04$uODmCMCmTcM9RIWKfi3N1uhsxH/ZGcNGRseSFOt5v7wus1/h7Tt7G',1,'A',NULL,NULL,NULL,NULL),(81,'Aimee','Pike','AimeeM_Pike@dfci.harvard.edu','','2016-05-02 19:17:48','2016-05-02 19:17:48','AP595','$2a$04$GYKw3klQ/n/CMNUN/XJw4uVIfxR52/lLFUDf.KMcSbkxYInqxYeTm',1,'I',NULL,NULL,NULL,NULL),(82,'Mariella','Gruber-Olipitz','mariella_gruber-olipitz@dfci.harvard.edu','6177550949','2016-05-02 19:17:48','2016-05-02 19:17:48','mgo6','$2a$04$vRxQsmECPzpV3WX..HaBE.XoggdP8gGqDBk/qyZvVNCvW99g.X.2.',1,'A',NULL,NULL,NULL,NULL),(83,'Patrick','Oberholzer','oberholz@broadinstitute.org','617-714-7552','2016-05-02 19:17:48','2016-05-02 19:17:48','oberholz','$2a$04$.W1OyBGoy7ZQNV2R4zeVAuVQbvp9JxPu4PvSlqyxVHpGdHovSmI6e',2,'A',NULL,NULL,NULL,NULL),(85,'Mike','Chapman','mchapman@broadinstitute.org','617 714 7572','2016-05-02 19:17:48','2016-05-02 19:17:48','mchapman','$2a$04$ctNElAIZX5thyNo7W3QMGOAXwUf7H5VvNSZ6eo0i6h8la4XMJpiiy',2,'A',NULL,NULL,NULL,NULL),(86,'Gayane','Badalian','gayane_badalianvery@dfci.harvard.edu','857-488-9804','2016-05-02 19:17:48','2016-05-02 19:17:48','GBadalian','$2a$04$Utp/An4wFcxPj7Qyj.Uab.E6psj4wDw00048PymPHuONApLFHJyrW',1,'A',NULL,NULL,NULL,NULL),(87,'Scott','Armstrong','scott.armstrong@childrens.harvard.edu','617-919-2507','2016-05-02 19:17:48','2016-05-02 19:17:48','sa30','$2a$04$/6ycUEtFGcverj6ssffrK.VWDcGQUUIGodZqOg5GOxF2R2hGGTVPC',32,'A',NULL,NULL,NULL,NULL),(88,'Tim','Heffernan','theffernan@partners.org','582-8338','2016-05-02 19:17:48','2016-05-02 19:17:48','theff','$2a$04$wQqJSFbpY8MHuVbEB/tbX.NNQyXwsOKH/RBgB9wrrH.MGY2XkFhH2',1,'A',NULL,NULL,NULL,NULL),(89,'Athe','Tsibris','atsibris@partners.org','(617)417-1162','2016-05-02 19:17:48','2016-05-02 19:17:48','stethant','$2a$04$Do9zQu5BmcN0tcQ18uJRaOfDapDJjAA9WuS3.P65BRGXxcvioWoQW',16,'A',NULL,NULL,NULL,NULL),(90,'Michael','Berger','berger@broadinstitute.org','617-714-7553','2016-05-02 19:17:48','2016-05-02 19:17:48','mfberger','$2a$04$QLrBwpDs4QV4a0.hNq2fBORA0451BKsay8OowtMQbe3pkoO9sHRYW',2,'A',NULL,NULL,NULL,NULL),(91,'David','Kwiatkowski','dk@rics.bwh.harvard.edu','617-355-9005','2016-05-02 19:17:48','2016-05-02 19:17:48','dk','$2a$04$nmX6SvrNWPB7qwwWn/VcwuvuJXD3SNlBu1/yKxj8c6SA93nj3CWw.',16,'A',NULL,NULL,NULL,NULL),(92,'Benjamin','Rich','brich@partners.org','','2016-05-02 19:17:48','2016-05-02 19:17:48','brich','$2a$04$Lx.4mY/81AIDTWCCw5J1BeOPdwE7aZgAi2aKUqoIzrvQr38abdUgm',1,'A',NULL,NULL,NULL,NULL),(93,'Christine','Obierika','christine_obierika@dfci.harvard.edu','6172596490','2016-05-02 19:17:48','2016-05-02 19:17:48','co932','$2a$04$kol/HSsL.u.yK.J4RsGiXeEdvtYHQ6Na/bPxoPTUM/GHVVQmewuDi',1,'I',NULL,NULL,NULL,NULL),(94,'Carmelo','Nucera','cnucera@bidmc.harvard.edu','617-5990515','2016-05-02 19:17:48','2016-05-02 19:17:48','cnucera','$2a$04$x9vbgQJXtc5v.Zn5KJ03/uvOxKHE0OhdgV9nsz58lTuAGNh2ZJ9Iq',24,'I',NULL,NULL,NULL,NULL),(95,'Cristina','Ferrone','cferrone@partners.org','617 643 6819','2016-05-02 19:17:48','2016-05-02 19:17:48','cferrone','$2a$04$9e5d8zGoDvfWvZb4l03ZYOftje0Z.etjvRXYXm/XiFFGRUtKgVz5O',24,'A',NULL,NULL,NULL,NULL),(96,'Laura','Fredenburgh','lfredenburgh@rics.bwh.harvard.edu','617 525-9563','2016-05-02 19:17:48','2016-05-02 19:17:48','lf063','$2a$04$or4jHGaTZXF3oZAJqjnkJuFzMdr173jSo24KTpP9J3PidRdccubLC',16,'A',NULL,NULL,NULL,NULL),(97,'Hideo','Watanabe','hideo_watanabe@dfci.harvard.edu','617-632-4777','2016-05-02 19:17:48','2016-05-02 19:17:48','hw022','$2a$04$iP3zhbleM0kxbygrjs7nnu8JbwSVeyjdC9XAEjaGFx8rFYgyZb0D.',1,'A',NULL,NULL,NULL,NULL),(98,'Yanan','Guo','yguo5@rics.bwh.harvard.edu','617-355-9039','2016-05-02 19:17:48','2016-05-02 19:17:48','yg067','$2a$04$d0RaTDLst2JxfBpc2Nx.X.LsUe.4WJuA70TSq.Yz9sdWIJwbtIuRS',16,'A',NULL,NULL,NULL,NULL),(99,'Peter','Hammerman','phammerman@partners.org','617-852-6224','2016-05-02 19:17:48','2016-05-02 19:17:48','phammerman','$2a$04$Ym5BnFC9rEov4q124ABeV.W6vMv0.TAaSIsZhUNg3Pk2n8h3DKOtG',1,'A',NULL,NULL,NULL,NULL),(100,'Yang','Liu','Yang_Liu2@DFCI.HARVARD.EDU','617-582-8535','2016-05-02 19:17:48','2016-05-02 19:17:48','tiger','$2a$04$eEDLWqdbMiShjt/ttZZL1e/E.dfXroLAfgLzb2x3lxdEhC58k.iYe',1,'A',NULL,NULL,NULL,NULL),(101,'Lars','Bullinger','lars.bullinger@childrens.harvard.edu','617-919-2510','2016-05-02 19:17:48','2016-05-02 19:17:48','lars.bulling','$2a$04$kEOQM9LcsJGz10zm2kL/Vul/yfvzmkHxW9L2zvxHuwfx/4Gkx0S4.',32,'A',NULL,NULL,NULL,NULL),(102,'Jeeyun','Lee','jyunlee@skku.edu','-4367','2016-05-02 19:17:48','2016-05-02 19:17:48','taro111','$2a$04$T/uLAd.PNR7EsBPwL0eIGuove5pSJuOLZ2stivOTMVQo1gx89awZu',23,'A',NULL,NULL,NULL,NULL),(103,'Frank','Kuo','fkuo@partners.org','1-857-307-1534','2016-05-02 19:17:48','2016-05-02 19:17:48','fkuo','$2a$04$i1Ni1wUeI8mcZpgJ4Ge24Ox9gJnzf70bxlIP9fyA4in/TPN52/gWC',16,'A',NULL,NULL,NULL,NULL),(104,'Sushruta','Nagarkatti','snagarkatti@partners.org','6177266192','2016-05-02 19:17:48','2016-05-02 19:17:48','sn881','$2a$04$QXD.dIV8mfVxWLQKTZui8.3oyF/LEFIJezkCCzJwb2Bvo1pKUUKmy',24,'A',NULL,NULL,NULL,NULL),(105,'Jesse','Boehm','boehm@broadinstitute.org','617-714-7494','2016-05-02 19:17:48','2016-05-02 19:17:48','jboehm','$2a$04$UyLcciqrHUa1TJ6I2.cVoeuY/poOkSjUtNiamK2gEqiEHxvOG2KM2',2,'A',NULL,NULL,NULL,NULL),(106,'Jeffrey','Mito','jeffrey.mito@duke.edu','919-681-8683','2016-05-02 19:17:48','2016-05-02 19:17:48','jmito','$2a$04$X1AQ3bKBjsnzOXQLoMyUMebKRbVxpufftPT/FwCgA0hduXoi6u2su',26,'A',NULL,NULL,NULL,NULL),(107,'Nikhil','Wagle','nwagle@partners.org','617 596-3957','2016-05-02 19:17:48','2016-05-02 19:17:48','nwagle','$2a$04$vwxNxP1FJh6m4/VH1j2fReMbQslXR3cXa2ZjHy1y9oV5rvv4EFW2S',1,'A',NULL,NULL,NULL,NULL),(108,'Robert','Jones','RobertT_Jones@dfci.harvard.edu','6176325950','2016-05-02 19:17:48','2016-05-02 19:17:48','rj956','$2a$04$KB4JW9VglzrkZydC/fc9wOEmSjzk.lMam2YaBZfFjbMKAyZsFVn/W',1,'A',NULL,NULL,NULL,NULL),(109,'Yariv','Houvras','yhouvras@enders.tch.harvard.edu','(617) 919-2074','2016-05-02 19:17:48','2016-05-02 19:17:48','yhouvras','$2a$04$BRoSW6UEblojZ5eF1G5hNeeXU89L5Q4g.0OZSSgp.Ln07KxtpDw6G',32,'A',NULL,NULL,NULL,NULL),(110,'Amity','Manning','almanning@partners.org','857-526-1728','2016-05-02 19:17:48','2016-05-02 19:17:48','almanning','$2a$04$hyaHzBjIku3c21to8H.D0Oxu4670eIfWyBxSVAvkXIrOsl9ObaZpa',24,'A',NULL,NULL,NULL,NULL),(111,'Katherine','Dunn','katherine_dunn@dfci.harvard.edu','617-955-3417','2016-05-02 19:17:48','2016-05-02 19:17:48','kdunn','$2a$04$ImcYOzjmTXfKQ.uGxeN4ieqpxIZN8i6wu0lvizW0l3A9VEle6e3Vq',1,'A',NULL,NULL,NULL,NULL),(112,'James','DeCaprio','james_decaprio@dfci.harvard.edu','617 632-3825','2016-05-02 19:17:48','2016-05-02 19:17:48','jd017','$2a$04$hl0Z2kr/ejbzxXKgKPeefeBAxLpMaW2vC70XEhDRQetXpbpZJ.vSa',1,'A',NULL,NULL,NULL,NULL),(113,'Shamini','Selvarajah','Shamini_Selvarajah@dfci.harvard.edu','6174558513','2016-05-02 19:17:48','2016-05-02 19:17:48','shamini','$2a$04$eHnEooEq9qLPNCH14jQnuuo7p40rvngl7Gzb4Av7Dz7U17RYHFBc2',1,'A',NULL,NULL,NULL,NULL),(114,'Nina','Lin','nhlin@partners.org','617-768-8479','2016-05-02 19:17:48','2016-05-02 19:17:48','ninalin','$2a$04$i.TImUHsC1aYxbdyosXEZO3idm/ctAQjSL6lQx4M1TydRBt7uptLq',30,'A',NULL,NULL,NULL,NULL),(116,'Ann','Mullally','amullally@partners.org','6173559091','2016-05-02 19:17:48','2016-05-02 19:17:48','amullal','$2a$04$/VWbdDwW3VJ920wp.Cp5IuV4Y1TvdbPw7Ycz5bCkQikIiu6oV038i',16,'A',NULL,NULL,NULL,NULL),(117,'Eva','Hernando','eva.hernando@med.nyu.edu','1-212-263 9054','2016-05-02 19:17:49','2016-05-02 19:17:49','hernandoeva','$2a$04$TJx2YmaTAaECg.qnV1nh3O5k.ZTp1rkRF8zmZ1Bf2K/7nYLQ0zgs.',31,'A',NULL,NULL,NULL,NULL),(119,'Antoni','Ribas','evoneuw@mednet.ucla.edu','310-983-1262','2016-05-02 19:17:49','2016-05-02 19:17:49','oncomap3','$2a$04$OdftXIScyqBmQeJAuksYOOWOQxKhboYZhf/8QNfipDCLsPZKRiJry',7,'A',NULL,NULL,NULL,NULL),(120,'Monica','Calicchio','monica.calicchio@childrens.harvard.edu','617.919.2495','2016-05-02 19:17:49','2016-05-02 19:17:49','mlcalicchio','$2a$04$R4aRdRHa/Me3gZRLTJzMwuylPDt6xd1JrcJIw09MLQwUFXUwHAK/6',32,'A',NULL,NULL,NULL,NULL),(121,'Sandra','Kirley','skirley@partners.org','617-726-8480','2016-05-02 19:17:49','2016-05-02 19:17:49','sdk3','$2a$04$pcO4heoh5WKUIhMmYf9SEuLg2EYpf28KDW/hvmXI6Xh.afJzhvmFG',24,'A',NULL,NULL,NULL,NULL),(122,'Eejung','Kim','eejung_kim@dfci.harvard.edu','22383','2016-05-02 19:17:49','2016-05-02 19:17:49','ek831','$2a$04$IOYR7yp68hfYHIGRXefjCuduIFcAMINANFi9ISkD/GFRfiWd1MISC',1,'A',NULL,NULL,NULL,NULL),(123,'Matt','Ducar','MatthewD_Ducar@DFCI.HARVARD.EDU','','2016-05-02 19:17:49','2016-05-02 19:17:49','mducar','$2a$04$Qp5m2rqDUH.MxCOhstHazeOeheTw32b13HjSmaSi8xxW9Hi6.rnM.',1,'A',NULL,NULL,NULL,NULL),(124,'Brian','Crompton','brian.crompton@childrens.harvard.edu','617-582-8553','2016-05-02 19:17:49','2016-05-02 19:17:49','bcrompton','$2a$04$uXKU9WTW1gb0cyY6FqZuveTio5YyPhUHm2N/hNn6wIGhsoRef0zZO',1,'A',NULL,NULL,NULL,NULL),(125,'Chin-Lee','Wu','CWU2@PARTNERS.ORG','617-726-8454','2016-05-02 19:17:49','2016-05-02 19:17:49','ChinLee','$2a$04$/2Wtv/oasl8J8PL/p0PGBeCSs1grTyipGPW2CIX9BY2vJw0xLrKqS',24,'A',NULL,NULL,NULL,NULL),(126,'Meghan','Comeau','comeau.meghan@dfci.harvard.edu','9785058544','2016-05-02 19:17:49','2016-05-02 19:17:49','nc869','$2a$04$mHC5qLMgK/j3JpWi.TWxLOvgy6y1hrhxiQqUL5QWhMrcf6jNJeGEi',1,'I',NULL,NULL,NULL,NULL),(127,'Madhuri','Koti','madhurikoti@gmail.com','613-5332000 x 79055','2016-05-02 19:17:49','2016-05-02 19:17:49','jeremysquire','$2a$04$gaWudexICusjYLHej.bmOOAnLOpmC.JShI5y3MvQuN3gi7xC1TYa.',33,'A',NULL,NULL,NULL,NULL),(128,'Youngwook','Kim','young_w_.kim@sbri.co.kr','82-2-2148-7349','2016-05-02 19:17:49','2016-05-02 19:17:49','Youngwook.Ki','$2a$04$QDU/KLf02yER3AB378kf1.KRxLkE6V4yO0ngq/Cg.ScB4NYlcJrLq',23,'A',NULL,NULL,NULL,NULL),(129,'Youngwook','Kim','qedos@hotmail.com','82-2-2148-7349','2016-05-02 19:17:49','2016-05-02 19:17:49','Youngwook.Ki','$2a$04$mAu7Gjvm6Wvws.rBhbjxNemuXRu4PohxFg3GbK4JEII94AtrnPbau',23,'A',NULL,NULL,NULL,NULL),(130,'shamini','selvarajah','sselvarajah@partners.org','6174558513','2016-05-02 19:17:49','2016-05-02 19:17:49','shamrose','$2a$04$HjTiLuV3v8aOC5oGupj5s.kihpJny6fsCZjmfnvHREZPvbXLCWv6S',16,'A',NULL,NULL,NULL,NULL),(132,'Stephen','Mok','smok@mednet.ucla.edu','3108252676','2016-05-02 19:17:49','2016-05-02 19:17:49','ribaslab','$2a$04$IUNoEFSGLQNK.TTFTZX/xuT5i/gJ4egkfMNizkpgI.BPSOmCSRmm2',7,'A',NULL,NULL,NULL,NULL),(133,'Jingwei','Cheng','jingwei_cheng@dfci.harvard.edu','617-632-4797','2016-05-02 19:17:49','2016-05-02 19:17:49','JC221','$2a$04$zWGxsrETxQTz2JlDOxHOSu5n4gUnCLwZ5468H5nk/GRkbbLOODYWq',1,'A',NULL,NULL,NULL,NULL),(134,'Mark','Kieran','mark_kieran@dfci.harvard.edu','(617) 632-4907','2016-05-02 19:17:49','2016-05-02 19:17:49','mwk0','$2a$04$rJ/CqECUS3xPkZ1rKCDBdelysrmHDM.PI94uAMp9ErrsHaYxi7/pS',1,'A',NULL,NULL,NULL,NULL),(135,'Matt','Theisen','matthewa_theisen@dfci.harvard.edu','6175828767','2016-05-02 19:17:49','2016-05-02 19:17:49','matheisen','$2a$04$2KAewq8o4M22Fz4g/AJocu94gxn21skBhjpZKg46bcFP97nV0A37K',1,'A',NULL,NULL,NULL,NULL),(136,'Carmen','Priolo','carmen__priolo@dfci.harvard.edu','6176326461','2016-05-02 19:17:49','2016-05-02 19:17:49','CPriolo','$2a$04$OxyV9CilYFl/jpbmBSe9nuARPPPXy2S70ZtYTulOQI8/4/ik3JLje',1,'A',NULL,NULL,NULL,NULL),(137,'Paul','VanHummelen','paul_vanhummelen@dfci.harvard.edu','','2016-05-02 19:17:49','2016-05-02 19:17:49','paulvan','$2a$04$8KQPndeYiKFVicSefKtlYefQOA/GFrW4hYq4PXhZ1A8/1taXeAWEu',1,'A',NULL,NULL,NULL,NULL),(138,'John','Keilty','john.keilty@infi.com','617-453-1000','2016-05-02 19:17:49','2016-05-02 19:17:49','jkeilty','$2a$04$Fh/PD1AflsgJwEYHaRnIjO89Tv3zwr8PFZkBVWrTtL33K.88VqE3W',35,'A',NULL,NULL,NULL,NULL),(139,'Jennifer','Brown','jbrown2@partners.org','617-632-4894','2016-05-02 19:17:49','2016-05-02 19:17:49','jb916','$2a$04$K0cq6PZqacjjXzyaznzET.iMnGUSXF17YIgwhJ1XLE84TGt.SwrwS',1,'A',NULL,NULL,NULL,NULL),(140,'Alexi','Wright','alexi_wright@dfci.harvard.edu','617-632-3547','2016-05-02 19:17:49','2016-05-02 19:17:49','alexiwright','$2a$04$/ieeXaGCB8GnvEoOClQYCerMYx5eQ7zXR.Qbrf7mP7f6SEpNWA5l6',1,'A',NULL,NULL,NULL,NULL),(141,'Filipe','Martins','filipe_martins@dfci.harvard.edu','6175828073','2016-05-02 19:17:49','2016-05-02 19:17:49','filipecorrei','$2a$04$M4JwyevFqhkJB83AunLzuu868DVdOW0mZsywI5SPqaQhBYIyu7Fwy',1,'A',NULL,NULL,NULL,NULL),(142,'Xiangqing','Yang','xiangqing_yang@dfci.harvard.edu','(617)582-8803','2016-05-02 19:17:49','2016-05-02 19:17:49','xyang','$2a$04$dwUis/Th3VzOI6e2dy26LOh5qYPmjWkkh1SC9Pfe50WBjD1u4KUHW',1,'A',NULL,NULL,NULL,NULL),(143,'Xiangqing','Yang','xiangqingy@gmail.com','(617)582-8803','2016-05-02 19:17:49','2016-05-02 19:17:49','xyang126','$2a$04$E1Ckk7NvzOI8ygKBlQ9KouVhUXgJUeiF4r3ZLwFacK7NB3AbBuZX2',1,'A',NULL,NULL,NULL,NULL),(144,'Daniel','Auclair','dauclair@broadinstitute.org','617-714-8644','2016-05-02 19:17:49','2016-05-02 19:17:49','auclaird','$2a$04$2jDa7LgoHh2Jq7XRw2SCJedUMHaFbKCsnPhf15/bHBw6EVMtIu06m',2,'A',NULL,NULL,NULL,NULL),(145,'Elizabeth','Garcia','egarcia7@partners.org','','2016-05-02 19:17:49','2016-05-02 19:17:49','eg804','$2a$04$yfiuzwQbnD42VXnCj0bd8emXrIfOZyz9Q2svIiGqGoa7O1sw56y7G',16,'A',NULL,NULL,NULL,NULL),(146,'Victoria','Brown','vebrown@partners.org','617 525 3168','2016-05-02 19:17:49','2016-05-02 19:17:49','vbrown88','$2a$04$Kxu/sXuJAKxHg1CkXkUInuh46oFz3AoVYoUzjd/8e40U/CulP.6Yi',16,'A',NULL,NULL,NULL,NULL),(147,'Lan','Hu','lanhu@jimmy.harvard.edu','','2016-05-02 19:17:49','2016-05-02 19:17:49','hulan','$2a$04$Hv9pGLM2eAcrOzN5j/2xaO3fqGfr/LR5Kom.J2n8eNlaNIfkbJpI6',1,'A',NULL,NULL,NULL,NULL),(148,'Jacek','Wardzala','jacek_wardzala@gmail.com','617 632 2204','2016-05-02 19:17:49','2016-05-02 19:17:49','jw500','$2a$04$TeDrLxvrtlwwLMeWWrI8heRjzy./3ETDbuksRHSJwggt2AHVoisdS',1,'A',NULL,NULL,NULL,NULL),(150,'Efi','Kokkotou','kthall@bidmc.harvard.edu','617 818 2111','2016-05-02 19:17:49','2016-05-02 19:17:49','kthall','$2a$04$wQSuAzVg0qqRu73SUaHZa.74v6/N1ZHziBDvcMO.jSbPzoMwyaKiu',36,'A',NULL,NULL,NULL,NULL),(152,'Joonil','Jung','joonilj@broadinstitute.org','617-714-7579','2016-05-02 19:17:49','2016-05-02 19:17:49','joonilj','$2a$04$Issxv8FX4ANTyZj7omECheLY1e33fk2NFQzyrzYGSp4UXuAf9.3IO',2,'A',NULL,NULL,NULL,NULL),(153,'Kin','Yu','kin.yu@sanofi-aventis.com','6176654222','2016-05-02 19:17:49','2016-05-02 19:17:49','ktysaoncobu','$2a$04$RmrMaP3Z/OFSpNSkPvOlc.Arfu0p1mPSNlYB/bl8zcUQbgbVTUvS.',38,'A',NULL,NULL,NULL,NULL),(154,'Ravali','Adusumilli','ravali_adusumilli@dfci.harvard.edu','','2016-05-02 19:17:49','2016-05-02 19:17:49','ravali','$2a$04$rXZYFBIm/Bj5LjPG/H8zYuLcNlNmYZx/QKvs4p3OjhZAIyNMDS14u',1,'A',NULL,NULL,NULL,NULL),(155,'Edward','Stack','edward_stack@dfci.harvard.edu','7818373367','2016-05-02 19:17:49','2016-05-02 19:17:49','ecstack','$2a$04$zH.V1XmR75K.gq1I8hf3neCfg9ZzwqZYNiMRGD0deBlM9hN8dt43W',1,'A',NULL,NULL,NULL,NULL),(156,'Scott','Swanson','sjswanson@partners.org','6175257532','2016-05-02 19:17:49','2016-05-02 19:17:49','SJS','$2a$04$7KiNmOBqSTFcCd/eWfgZQ.abSoX2Zfx7m3Ows2w27NNXa2N2rp2BG',16,'A',NULL,NULL,NULL,NULL),(157,'Jeff','DeFrank','jeff_defrank@dfci.harvard.edu','Feb-64','2016-05-02 19:17:49','2016-05-02 19:17:49','JSD1','$2a$04$DxqJuv4Icjnejs10PPifwOe1qg03mjG8TgN7.KTFsGlSaxMeoA5mS',1,'A',NULL,NULL,NULL,NULL),(158,'Alex','Huang','alex.huang@sanofi-aventis.com','617-665-4221','2016-05-02 19:17:49','2016-05-02 19:17:49','i0138401','$2a$04$JBTfD4eLjan7iqvAbw/O7ukeLV20Igb3xmF3rzM.PaMSwVANtFlG6',38,'A',NULL,NULL,NULL,NULL),(159,'ruchi','joshi','rjoshi1@partners.org','','2016-05-02 19:17:49','2016-05-02 19:17:49','rjoshi','$2a$04$gwj8Aj7JnzCWMNxBK1IMVucg4j9OwlWO63qdKgz395OI.ALeFAnbC',16,'A',NULL,NULL,NULL,NULL),(160,'Adri','Mills','adri_mills@dfci.harvard.edu','607-229-9054','2016-05-02 19:17:49','2016-05-02 19:17:49','am20','$2a$04$KVM9GolDAyj6d6lHPPdzIeKDXirxyE2SEW/W.puvzAZ3yE9w.C.6.',1,'I',NULL,NULL,NULL,NULL),(161,'Priscilla','Brastianos','pbrastianos@partners.org','617-632-2199','2016-05-02 19:17:49','2016-05-02 19:17:49','brastianos','$2a$04$g1/hkBSP32/W/Lx1o94pSujH7a25XudpFIZy.mDPJ44KV.yBJiZFq',1,'A',NULL,NULL,NULL,NULL),(164,'Takeshi','Shimamura','takeshi_shimamura@dfci.harvard.edu','617-582-7644','2016-05-02 19:17:49','2016-05-02 19:17:49','tshimamura','$2a$04$.mzyN0fBv8HD.IoPYvdVxe1ZGpcCKuvunM2vdeJehyDM9Aa0PSQJS',1,'A',NULL,NULL,NULL,NULL),(165,'Brenton','Mar','brenton.mar@childrens.harvard.edu','617-632-4689','2016-05-02 19:17:49','2016-05-02 19:17:49','brentonmar','$2a$04$lDLxLKrV9JrJbcZuyPmMqeeesW8q0Wg4KBhbiCx0YOoCuOv9wWFbK',1,'A',NULL,NULL,NULL,NULL),(167,'Rameen','Beroukhim','rameen@broadinstitute.org','617-582-7941','2016-05-02 19:17:49','2016-05-02 19:17:49','rameen','$2a$04$i2oWwDbTANdWYcqsrzHQdOPSZrDKflUJmBGqPCSKJXR/bDk6FsbQa',1,'A',NULL,NULL,NULL,NULL),(168,'Youngha','Kim','youngha_kim@dfci.harvard.edu','617-582-4132','2016-05-02 19:17:49','2016-05-02 19:17:49','CMR','$2a$04$IbM9dTY9qa3iFj4CVyZDneFC2BSQfgnkzK7q1E55VyG7x.Xb/.UCu',1,'A',NULL,NULL,NULL,NULL),(169,'Andrea','Myers','apmyers@partners.org','650-714-5706','2016-05-02 19:17:49','2016-05-02 19:17:49','apmyers','$2a$04$0P2b7tTfPSzTFE11Wa6CMeEtK1D6X9fhyW5wyv4W6zovobQ0sbb76',40,'A',NULL,NULL,NULL,NULL),(171,'Ashwini','Sunkavalli','ashwini_sunkavalli@dfci.harvard.edu','6176326439','2016-05-02 19:17:49','2016-05-02 19:17:49','az975','$2a$04$S.9ZAaIXFbJBiE93WSNIQOh847JZHyJKGtxmiiiM5NupqfbEgDtd.',1,'A',NULL,NULL,NULL,NULL),(172,'Coren','Milbury','coren_milbury@dfci.harvard.edu','617-632-4120','2016-05-02 19:17:49','2016-05-02 19:17:49','cmilbury','$2a$04$.oiv0k/j82yzKsyOVmELhOBoF.GL6aGV/h8RbCgzeOp9gl/aHogGa',1,'A',NULL,NULL,NULL,NULL),(173,'Sung-Min','Chun','alsl1000@hanmail.net','8.21034E+11','2016-05-02 19:17:49','2016-05-02 19:17:49','tez','$2a$04$Uv/Bchk7PkxVbkOEoEPG4uK6OVgJeNx4h.Hj50dS2d0mW1k5JR5fu',1,'A',NULL,NULL,NULL,NULL),(174,'Josh','Francis','joshua_francis@dfci.harvard.edu','617-714-7586','2016-05-02 19:17:49','2016-05-02 19:17:49','jmf83','$2a$04$KY00dgHPBH1HcY1aj1NGiua8fq/ar.U7PmN8Is8yqqFBypuzUl9ny',1,'A',NULL,NULL,NULL,NULL),(175,'Sung-Min','Chun','smchun@amc.seoul.kr','82230105999','2016-05-02 19:17:49','2016-05-02 19:17:49','alsl1000','$2a$04$xjNeMU.Ld7adyD2ckw8tGelofMBVlHGaeBO0Lere9l8onPmR6/Hf2',1,'A',NULL,NULL,NULL,NULL),(176,'Steven','Bair','stevenm_bair@dfci.harvard.edu','6176324610','2016-05-02 19:17:49','2016-05-02 19:17:49','sb670','$2a$04$h3B4kAvsVBflEgYi.4I7T.oTeomrezEZEtEU2q5M8ZjvDbwmMUwKe',1,'A',NULL,NULL,NULL,NULL),(177,'Alex','Kentsis','alex.kentsis@childrens.harvard.edu','6176324130','2016-05-02 19:17:49','2016-05-02 19:17:49','kentsis','$2a$04$bwBuUin65Hv.y8xQX0TeZekn1PHVO2TjfTBGR3MCNRcUbB153tNki',32,'A',NULL,NULL,NULL,NULL),(178,'Sewanti','Limaye','slimaye@partners.org','617-632-3090','2016-05-02 19:17:49','2016-05-02 19:17:49','sl113','$2a$04$CbsAQ/OitWBIitNfqD0GdeMMoiTjjOeKQdf0jtjqyaNrG1fYc6BHy',16,'A',NULL,NULL,NULL,NULL),(179,'SARA','TOLANEY','stolaney@partners.org','617-632-5743','2016-05-02 19:17:49','2016-05-02 19:17:49','stolaney','$2a$04$rSugHQXlp9WgZNIp7z6UVezspp1k3GF.Y18Wx3mKmYJbekaO01rwq',1,'A',NULL,NULL,NULL,NULL),(180,'Bjoern','Chapuy','Bjoern_Chapuy@dfci.harvard.edu','1(617)6323881','2016-05-02 19:17:49','2016-05-02 19:17:49','bchapuy','$2a$04$GNd.bgso1OQF0sfMaUjf5OsGP9Fzap4Dn6GhZrQMJ2GZAwuPWNdtK',1,'A',NULL,NULL,NULL,NULL),(182,'Peleg','Horowitz','phorowitz@partners.org','773-480-5987','2016-05-02 19:17:49','2016-05-02 19:17:49','horowitz','$2a$04$0ma35BrzTh1Ib5ow2z621OfCkm2uleEfUzQt/PODeOqE5UOWOcwdC',2,'A',NULL,NULL,NULL,NULL),(183,'Brian','Goodman','bmgoodman@partners.org','617-525-6784','2016-05-02 19:17:49','2016-05-02 19:17:49','bmgoodman','$2a$04$iApmBzfyD81Gv7IaH8RBk.7chb11.WBWg46htXtEU6H2h3N31LVDy',16,'A',NULL,NULL,NULL,NULL),(184,'Sandro','Santagata','ssantagata@partners.org','617-732-7532','2016-05-02 19:17:49','2016-05-02 19:17:49','santas01','$2a$04$t1ex681uCQjR6518M6HuGOSSIjhb2uo/u4yVHYROLPzJKZYqMWYhi',16,'A',NULL,NULL,NULL,NULL),(185,'Oliver','Weigert','oliver_weigert@dfci.harvard.edu','617-582-8868','2016-05-02 19:17:49','2016-05-02 19:17:49','oweigert','$2a$04$KtCJfeGvuqk4Z5yMrCoxvuGZYEWIlk8tgzndYBJc6luqevN9PqOQa',1,'A',NULL,NULL,NULL,NULL),(186,'David','Hsu','hsu00018@dm.duke.edu','919-684-1739','2016-05-02 19:17:49','2016-05-02 19:17:49','swdhsu','$2a$04$9Ef.khtQHW0CjdkOJlDctOLgHj99hQeXHuKk48hfAElN9mMPBpeQW',44,'A',NULL,NULL,NULL,NULL),(188,'Joshua','Uronis','ju12@duke.edu','+1 919 684 1591','2016-05-02 19:17:49','2016-05-02 19:17:49','hsulab','$2a$04$L5KiTvyvLlpwBf/j8K7taO..Foz.S/fu90aDhpfNVC9xcCWP6hEru',44,'A',NULL,NULL,NULL,NULL),(215,'Xuesong','Zhao','xuesong_zhao@dfci.harvard.edu','617 632 6174','2016-05-02 19:17:49','2016-05-02 19:17:49','snowpine','$2a$04$NPJIbTxZXF2Q7zObRbrrienAkyIRmrehOqrdEtzpjBSfQHq43Lapq',1,'A',NULL,NULL,NULL,NULL),(216,'YF','Wong','yfwong@partners.org','6172780196','2016-05-02 19:17:49','2016-05-02 19:17:49','yfwong','$2a$04$B5uMJuJeuI.gfxHcOSx72.c6OLQ1mJ.eW2i1thuFkyXI80.fgxXQi',16,'A',NULL,NULL,NULL,NULL),(217,'Aymen','Elfiky','Aymen_Elfiky@dfci.harvard.edu','617-632-5456','2016-05-02 19:17:49','2016-05-02 19:17:49','ae955','$2a$04$QgJGn.7m2/6jMifmBNWKzOVcoGrc9qOmRq0ECGRbnTRA2H7dZw/26',1,'A',NULL,NULL,NULL,NULL),(218,'Simone','Hettmer','simone_hettmer@dfci.harvard.edu','617 632-4550','2016-05-02 19:17:49','2016-05-02 19:17:49','Wagerslab','$2a$04$NuvZ4fN98hEPZ9KYL1SFQ.Le9S1/tqTA2ZnYjBmv49jPd3KYA0azO',1,'A',NULL,NULL,NULL,NULL),(219,'Constantine','Mitsiades','constantine_mitsiades@dfci.harvard.edu','617-632-1962','2016-05-02 19:17:49','2016-05-02 19:17:49','cmitsiades','$2a$04$qbHLnauELVhGf.R1wHKXVe5v4oM5J8vuDSG6APaguRC2rbafC7hr2',1,'A',NULL,NULL,NULL,NULL),(220,'Louise','Koopman','louise_koopman@dfci.harvard.edu','617-632-6922','2016-05-02 19:17:49','2016-05-02 19:17:49','lkoopman','$2a$04$Q9IKbbqB/rltSovKYMFU2OQ2kRzVr4JsdMV23ypZ9XCb3t6p1M6bi',48,'A',NULL,NULL,NULL,NULL),(221,'David','Weinstock','dweinstock@partners.org','24245','2016-05-02 19:17:49','2016-05-02 19:17:49','weinstod','$2a$04$yqZ97fNO.Co0QOqIZnIuO..zDCnaLifCgEShfxZyiLHP/mX2SYC6W',1,'A',NULL,NULL,NULL,NULL),(224,'Heidi','Greulich','heidig@broadinstitute.org','617-714-7475','2016-05-02 19:17:49','2016-05-02 19:17:49','heidigreulic','$2a$04$MDPi.4iJTvTk76qFJux/Y.f76DIjbJhwbCy.t6vQF9EylQoNjswvK',1,'A',NULL,NULL,NULL,NULL),(225,'Catriona','Hayes','catrionaa_hayes@dfci.harvard.edu','6175829895','2016-05-02 19:17:49','2016-05-02 19:17:49','cathayes','$2a$04$P1EGKaTa5kJ5T5Ca72hBVuCAHC0oXzLVSfBjz5UdgqUzeq5IeepBu',1,'A',NULL,NULL,NULL,NULL),(226,'Gerburg','Wulf','gwulf@bidmc.harvard.edu','617 331 7772','2016-05-02 19:17:49','2016-05-02 19:17:49','gwulf','$2a$04$g9XCuHCWcSVlZ6qE1PdSwejt0nz9gL6.7ElR.mUahfPTVMV8LFlkC',14,'A',NULL,NULL,NULL,NULL),(227,'Carmelo','Nucera','carmnuce@libero.it','617-599-0515','2016-05-02 19:17:49','2016-05-02 19:17:49','carmnuce','$2a$04$G9SFEcRiwyl69RT/SteaGOU8fvU9CUiPn45PvH.nAcwjYGEaui4KC',51,'A',NULL,NULL,NULL,NULL),(228,'Claudius','Conrad','cconrad@partners.org','617-726-2000 pager 1','2016-05-02 19:17:49','2016-05-02 19:17:49','cconrad','$2a$04$KYCoAC0YMvX9zo8MOXlXreMOwBB5tYny0MAL/6Mi/HjBrONIQnYuK',24,'A',NULL,NULL,NULL,NULL),(229,'Larissa','Lee','llee@lroc.harvard.edu','617 331-9665','2016-05-02 19:17:49','2016-05-02 19:17:49','ljl14','$2a$04$IWrxHx/zGYtehtVkHLLwZ.XeAyE.ajpI8tjSzwdPP9zjKBKUI3VAa',16,'A',NULL,NULL,NULL,NULL),(230,'Megan','Lampron','Megan_Lampron@dfci.harvard.edu','617-632-5914','2016-05-02 19:17:49','2016-05-02 19:17:49','mel89','$2a$04$XTywfE9dlEB0AT84iNjYSuin3qv6.DYy5FJIGexjpuats0rsav1tG',1,'A',NULL,NULL,NULL,NULL),(231,'David','Kozono','dkozono@lroc.harvard.edu','617-582-8237','2016-05-02 19:17:49','2016-05-02 19:17:49','dkozono','$2a$04$OC4c40lQaNF7zbX9MNNgmefm8XMxt4.ztZKgyRxbOPGVVM7Y5ZegO',52,'A',NULL,NULL,NULL,NULL),(232,'Sushma','Gurumurthy','sguru0@gmail.com','617-582-6598','2016-05-02 19:17:49','2016-05-02 19:17:49','sushguru','$2a$04$DJUDBMj3a23KiO6u2s3qf.3NWx9i1h7RD.ZpjG94YsFkG38HM01MS',53,'A',NULL,NULL,NULL,NULL),(233,'Laura','Schubert','laura_schubert@dfci.harvard.edu','6176326688','2016-05-02 19:17:49','2016-05-02 19:17:49','ls298','$2a$04$sHxQXC.tvhfWLaHASfuIZu.5OFgLVvJFNL/7vp1mblda8AVkIVJTy',52,'A',NULL,NULL,NULL,NULL),(234,'franklin','huang','fwhuang@partners.org','6175555555','2016-05-02 19:17:49','2016-05-02 19:17:49','fhuang','$2a$04$bDGz7KmOr/pso8Ki6mjySe/yDrkcVKmw8H7LL0ub.mkKt5ZSUMbLW',52,'A',NULL,NULL,NULL,NULL),(235,'himabindu','ramachandrareddy','himabindu_ramachandrareddy@dfci.harvard.edu','617-632-4749','2016-05-02 19:17:49','2016-05-02 19:17:49','bindubcl6','$2a$04$bgpUfQqKTV8IxcUhr7T7u.3tNPwL44xFgp.8ScUmgvRcoBMYlYaZu',1,'A',NULL,NULL,NULL,NULL),(237,'Yuji','Mishima','yuji_mishima@dfci.harvard.edu','617-582-8535','2016-05-02 19:17:50','2016-05-02 19:17:50','yuji_mishima','$2a$04$gGUELfZ25oeti7xYeIGqm.Gbtw6BHQv0RewgkxDHHOvE47j3SLvJm',53,'A',NULL,NULL,NULL,NULL),(238,'Shakti','Ramkissoon','sramkissoon@partners.org','617-582-8767','2016-05-02 19:17:50','2016-05-02 19:17:50','Shak2012','$2a$04$LoLjMnc8u7x2wiACVwPlre5XZzStgTiHU/3SRw3J4sncWJSXiD.iW',52,'A',NULL,NULL,NULL,NULL),(239,'Kevin','Elias','kelias1@partners.org','6154280480','2016-05-02 19:17:50','2016-05-02 19:17:50','kevinelias','$2a$04$lCykoVusctFb8TW9hDBCWeAdThKpYs8yvgTP17UGpO063sUq5kOs2',54,'A',NULL,NULL,NULL,NULL),(240,'David','Barbie','dbarbie@partners.org','617-632-3614','2016-05-02 19:17:50','2016-05-02 19:17:50','dbarbie','$2a$04$EEfssKNV9hOZp435ljfxUufH9WJXK/3xxNciIVWclN03ed4PmNzhq',1,'A',NULL,NULL,NULL,NULL),(242,'Michael','DiGiovanni','mjdigiovanni@beckman.com','978-204-3110','2016-05-02 19:17:50','2016-05-02 19:17:50','Michael','$2a$04$EViaC0WZhitAtxsSqAjgk.N4/uD8CB/..eI9OlMvDWyAosAqQjjXO',55,'A',NULL,NULL,NULL,NULL),(243,'Eva','Goetz','evam_goetz@dfci.harvard.edu','214-478-9836','2016-05-02 19:17:50','2016-05-02 19:17:50','evagoetz','$2a$04$ijkLxE7dfYS8pWIFrl2Oi.KYVd2BDfIXcoS1i1f9P4fXI1PBk9yjK',52,'A',NULL,NULL,NULL,NULL),(244,'Jonathan','Wasserman','jonathan.wasserman@sickkids.ca','4168137654x28949','2016-05-02 19:17:50','2016-05-02 19:17:50','jdwass','$2a$04$v94ZQzxq17.3fr92xtk6quqsjFXqTdKT8nSQJ2UngxUsUI42ts6jG',56,'A',NULL,NULL,NULL,NULL),(245,'Adam','Bass','adam_bass@dfci.harvard.edu','617-407-9275','2016-05-02 19:17:50','2016-05-02 19:17:50','ajb12','$2a$04$.LujEuIx/SoivGqOjyutlu3vcpSu137Pzi6Se2CnVU7aa2/In4py2',52,'A',NULL,NULL,NULL,NULL),(246,'Anna','Cooley','AnnaC_Cooley@DFCI.HARVARD.EDU','617 58-28643','2016-05-02 19:17:50','2016-05-02 19:17:50','cooleya','$2a$04$Kifm2w5xJpGGXA3ZNf76Oe95RwakNKKFi2kjk3ZP5SzRyZrEBeWc2',52,'A',NULL,NULL,NULL,NULL),(247,'Rhamy','Zeid','rhamyzeid@fas.harvard.edu','617-632-4658','2016-05-02 19:17:50','2016-05-02 19:17:50','rz042','$2a$04$hPM1d2UOJsGB8CQfKCYGSOS8SpRwxhhi89xJwmHPAwP1A4p5/7rxO',57,'P',NULL,NULL,NULL,NULL),(249,'Brenton','Paolella','brenton_paolella@dfci.harvard.edu','(617) 582-7948','2016-05-02 19:17:50','2016-05-02 19:17:50','snomiester','$2a$04$JBil7ZNdXpe7hsF.XLEYuOXvfaFo7m8BXensBXyqB1fAMfhvCFcA2',52,'P',NULL,NULL,NULL,NULL),(250,'Aaron','Thorner','Aaron_Thorner@dfci.harvard.edu','27253','2016-05-02 19:17:50','2016-05-02 19:17:50','athorner','$2a$04$AogYhJOyiapiUCe8sAqC2.SvYS7gCDXGIKE15L1NGPCoFmQunky7W',52,'A',NULL,NULL,NULL,NULL),(251,'Geoffrey','Oxnard','goxnard@partners.org','617-632-6049','2016-05-02 19:17:50','2016-05-02 19:17:50','gro4','$2a$04$3j7SdqHEIJMuaLupQjl81OJRmywWhmmta7ateTHpjo559XpCOI3GO',1,'A',NULL,NULL,NULL,NULL),(252,'Joyce','Liu','joyce_liu@dfci.harvard.edu','617-632-5269','2016-05-02 19:17:50','2016-05-02 19:17:50','joyceliu','$2a$04$NbxOGNL1ZbSBnZUqS.F6IOgj0AYBE9rYmhpbyLw/Hffb0/P.iQ1jS',1,'A',NULL,NULL,NULL,NULL),(253,'Rachel','Liao','rienstra@broadinstitute.org','6177147557','2016-05-02 19:17:50','2016-05-02 19:17:50','rliao','$2a$04$rNuupTn0K9GQMwSj0J3k3OiKBcr9YAk3l.caUUTfATdxLsIHP4zMS',58,'A',NULL,NULL,NULL,NULL),(254,'Adri','Mills','aamills@gmail.com','123-456-7890','2016-05-02 19:17:50','2016-05-02 19:17:50','am20b','$2a$04$JCWIdJu4CCbzF8NAv1rpnO4PeW1.p3P0ZpmVciVMZFbo5/WJxu1vG',52,'I',NULL,NULL,NULL,NULL),(255,'Hauke','Cornils','hauke_cornils@dfci.harvard.edu','617-632-4343','2016-05-02 19:17:50','2016-05-02 19:17:50','hauke_cornil','$2a$04$SioMD2DU.BtQC67KRQuHB.Y0DCu5Z5o6kTlZOQVPpz46bChgu..sa',53,'A',NULL,NULL,NULL,NULL),(256,'Emanuele','Palescandolo','epalesca@its.jnj.com','3214604741','2016-05-02 19:17:50','2016-05-02 19:17:50','epalesca','$2a$04$7jfbNrHIfI7uk7iAnvDlg.w02OAo.R2e/Hjj/ukwLsy84BjY8dsLu',59,'A',NULL,NULL,NULL,NULL),(257,'Kathleen','Yates','kathleen_yates@dfci.harvard.edu','617-582-8874','2016-05-02 19:17:50','2016-05-02 19:17:50','kb686','$2a$04$61sI.ScW7TpTBUET96yfYeAJZC1A6S91mdPovUOb1C4YdsaIcyOYC',1,'A',NULL,NULL,NULL,NULL),(258,'Ami','Bhatt','asbhatt@broadinstitute.org','617-714-7559','2016-05-02 19:17:50','2016-05-02 19:17:50','asbhatt','$2a$04$MO2kT087EyTx1uJ0yjEVTe4e9bYM6QACvrqSWHSNDwYHRDj8/XR6.',52,'A',NULL,NULL,NULL,NULL),(259,'Alejandro','Gutierrez','alejandro.gutierrez@childrens.harvard.edu','617-919-3660','2016-05-02 19:17:50','2016-05-02 19:17:50','alejandro.gu','$2a$04$YQUdc1IwvzTmw5QVzGSDCOKw7BdWClsXsN/XFpERKHbBrhRceKFZi',60,'A',NULL,NULL,NULL,NULL),(260,'Prakash','Rao','prakash_rao@dfci.harvard.edu','617 582 9813','2016-05-02 19:17:50','2016-05-02 19:17:50','prakashrao','$2a$04$ch/ySFO66JcAVzz67xNSQes9JbOTKMtoC8iSkb3eXWKdhNibWqTF6',53,'A',NULL,NULL,NULL,NULL),(261,'Jeffrey','Sorrell','jeffrey_sorrell@dfci.harvard.edu','617-632-1952','2016-05-02 19:17:50','2016-05-02 19:17:50','jds53','$2a$04$W8FNfuzHaSjRti27X/uycu/qvcmmXYe31dWxXpDLiGexrePhVPO3m',53,'A',NULL,NULL,NULL,NULL),(262,'Nathan','Moerke','nathanmoerke@gmail.com','8572252576','2016-05-02 19:17:50','2016-05-02 19:17:50','nmoerke','$2a$04$iPYVW/CeMB//jo3l1SQff.kwj5kO7B2qgwYtflWKLbY6S7mq9gwCW',61,'A',NULL,NULL,NULL,NULL),(263,'Charles','Roberts','charles_roberts@dfci.harvard.edu','617-632-6497','2016-05-02 19:17:50','2016-05-02 19:17:50','kim','$2a$04$GBfVD2yl/Q/rsiRSHnKJG./uyRhzVTmZO2gz/PcD5LXZJ47LwFIYi',1,'A',NULL,NULL,NULL,NULL),(264,'Kimberly','Stegmaier','kimberly_stegmaier@dfci.harvard.edu','617-632-4985','2016-05-02 19:17:50','2016-05-02 19:17:50','charles','$2a$04$bnFJ7BcXxCijvUJvgJv4nuvXauI66lI30F83Un0q2CsJTvZ1h8btW',1,'A',NULL,NULL,NULL,NULL),(265,'Cecile','Maire','cecile_maire@dfci.harvard.edu','617 582 8765','2016-05-02 19:17:50','2016-05-02 19:17:50','cecilemaire','$2a$04$.Rfl0HkjLYvwadO1CyDBP.zML3l1YwvGQN1M8HmlhdOplHUnewxDy',52,'A',NULL,NULL,NULL,NULL),(266,'Ryan','Abo','ryanp_abo@dfci.harvard.edu','','2016-05-02 19:17:50','2016-05-02 19:17:50','rpa4','$2a$04$fv9Sn.S6k8EtfHRA8lvVG.nSkeCR6SRV6MwF.HXNb9bxd0Pvrn4Zq',53,'A',NULL,NULL,NULL,NULL),(267,'Jack','Lepine','jackr_lepine@dfci.harvard.edu','617-582-8643','2016-05-02 19:17:50','2016-05-02 19:17:50','lepinej','$2a$04$6HoenexWWa.JEzAfydHw6uwbuq0iuDP0t3MD/a44fB/cWqTumLL0W',1,'A',NULL,NULL,NULL,NULL),(268,'Abhishek','Chakraborty','abhishek_chakraborty@dfci.harvard.edu','6176324745','2016-05-02 19:17:50','2016-05-02 19:17:50','achakraborty','$2a$04$Mlosn/9OEwIeHPf382gQn.mJQGMMf1b2OAz7sWqtec0jZRf8xSaCa',52,'A',NULL,NULL,NULL,NULL),(269,'Ling','Lin','ling_lin@dfci.harvard.edu','617-582-8893','2016-05-02 19:17:50','2016-05-02 19:17:50','ll620','$2a$04$V1UAdj9yBU10H3o04uVmIuS2/Zx/JUzOynuOnyXxg4xfJ3rPt1fIu',53,'A',NULL,NULL,NULL,NULL),(270,'Akinyemi','Ojesina','ojesina@broadinstitute.org','617-714-7570','2016-05-02 19:17:50','2016-05-02 19:17:50','ojesina','$2a$04$JTLvLQSnMYA8m.jDu.QLm./fyhfiMIsi4SJxtMf72N6CSkFUXTx3W',1,'A',NULL,NULL,NULL,NULL),(271,'Michael','Rosu-Myles','michael.rosu-myles@hc-sc.gc.ca','613-954-8742','2016-05-02 19:17:50','2016-05-02 19:17:50','mrosumyl','$2a$04$cyM8GRfPL6mzuQPfsvKH/.5r.zfLJ68D6HXbMZ6yCgFu7T3xHJ8FG',62,'A',NULL,NULL,NULL,NULL),(272,'Andrew','Hong','andrew.hong@childrens.harvard.edu','6176323270','2016-05-02 19:17:50','2016-05-02 19:17:50','ah90','$2a$04$WX70uuGLcGqRMEoKZnX0YOK4XZRP1pLIAmGfgvlq3qsB/VLnO0tFq',63,'A',NULL,NULL,NULL,NULL),(273,'Giovanni','Roti','Giovanni_Roti@dfci.harvard.edu','6175827631','2016-05-02 19:17:50','2016-05-02 19:17:50','rotigiova','$2a$04$DiK3VgfQMLJjsMXgymxgSueZcEpubUt3RLKDwQOE/HUI/R46S0Cwu',1,'A',NULL,NULL,NULL,NULL),(274,'Andre','Fay','Andre_Fay@DFCI.HARVARD.EDU','6175139895','2016-05-02 19:17:50','2016-05-02 19:17:50','af638','$2a$04$W4NtWFpwXYArD6alVaqbcOu0Azu.ZbL6VmNg67oZNIS6o8JSy4.OG',1,'A',NULL,NULL,NULL,NULL),(275,'Michalina','Janiszewska','michalina_janiszewska@dfci.harvard.edu','618-582-8755','2016-05-02 19:17:50','2016-05-02 19:17:50','mjanisze','$2a$04$0gzuE0PFKQTm.gew/.xLs.vBOPxLOtS0Xl75f3brlzY0c4c.bybre',52,'A',NULL,NULL,NULL,NULL),(276,'Robert','Barnitz','robert_barnitz@dfci.harvard.edu','6175827625','2016-05-02 19:17:50','2016-05-02 19:17:50','rab72','$2a$04$Njrtfdxgq8HwMOwjQLv5CeuGEw/uEhauIiesp4qt0pxBksKZwou5e',1,'A',NULL,NULL,NULL,NULL),(277,'Shiliang','Cao','Shiliang_Cao@dfci.harvard.edu','7044514511','2016-05-02 19:17:50','2016-05-02 19:17:50','sc20','$2a$04$a1Iik3XIY96Jtu2wb6b8LO.Chwhq0NQZLfrmsBWobqITe5gUOGkbC',53,'A',NULL,NULL,NULL,NULL),(278,'Susan','Moody','semoody@partners.org','267-980-8978','2016-05-02 19:17:50','2016-05-02 19:17:50','sem42','$2a$04$m7pY9R3TDWch.OVQgecA7.UqLxbwBom1Nf9a0aiD90eGkYLxmLCgm',1,'A',NULL,NULL,NULL,NULL),(279,'Salomon','Manier','salomon_manier@dfci.harvard.edu','8573996947','2016-05-02 19:17:50','2016-05-02 19:17:50','Salomonmanie','$2a$04$poF7ChfNvoLBYlF0FcasLe7u6xXva5EMEa5cxGx.PidYes.zRTeW.',52,'A',NULL,NULL,NULL,NULL),(280,'Srunphut','Pukma','pukmas@emmanuel.edu','6178510303','2016-05-02 19:17:50','2016-05-02 19:17:50','pukmas1991','$2a$04$U7vhE/SA/5.dd9j9F1/ye.mjsbXZ4kbNhZTYaJL4Z6RA/DkCPId3i',64,'P',NULL,NULL,NULL,NULL),(281,'Atsush','Nonami','Atsushi_Nonami@dfci.harvard.edu','8572419779','2016-05-02 19:17:50','2016-05-02 19:17:50','an892','$2a$04$NQlkYMNsZvsbefg6PC.vcuAXofwE9dULoU2RULFcKo5Fj2mysZRia',52,'A',NULL,NULL,NULL,NULL),(282,'ASLI','MUVAFFAK','asli_muvaffak@dfci.harvard.edu','617-582-8789','2016-05-02 19:17:50','2016-05-02 19:17:50','aslim','$2a$04$i7lmUIeocBDNK1w04jgIZu/WSZDNXZ901I7KWkGy.PalkCBCHABW.',52,'A',NULL,NULL,NULL,NULL),(283,'Melanie','Prasol','Melanie_Prasol@dfci.harvard.edu','','2016-05-02 19:17:50','2016-05-02 19:17:50','mp197','$2a$04$ZldfKYXtjR58os0UmHL4Re7t8vyICsXW13FFJ0kI.3RkdFvzpdwsu',53,'P',NULL,NULL,NULL,NULL),(284,'Stephanie','Mullane','stephanie_mullane@dfci.harvard.edu','617-632-2397','2016-05-02 19:17:50','2016-05-02 19:17:50','smullane','$2a$04$PZYneaoZ.GWH5ikJRNfT9.Qf0aUedHtmgIogw4aQAAdg/SyQVCp0.',52,'A',NULL,NULL,NULL,NULL),(285,'Ganesh','Shankar','gshankar@partners.org','805-796-0878','2016-05-02 19:17:50','2016-05-02 19:17:50','gshankar','$2a$04$ZSXRHv3bhJsv3FSNgmo5hO2B4px/LsEggjKy7AoaPgdeh/tmhq/L2',2,'A',NULL,NULL,NULL,NULL),(286,'James','Amatruda','james.amatruda@utsouthwestern.edu','214-648-1645','2016-05-02 19:17:50','2016-05-02 19:17:50','amatrudalab','$2a$04$l43SLAnrQhy8n3dn8AYZd.axaXVleY4KvQaJCzdMtNADsDcaw5SZO',65,'A',NULL,NULL,NULL,NULL),(287,'Ho-Chou','Tu','hochoutu@gmail.com','3145181002','2016-05-02 19:17:50','2016-05-02 19:17:50','Daleylab','$2a$04$t9NRWQn4/5IoyI4PTjdA0u1BB7nJKI9b.blBTsDRhmguJU5xFvP8m',32,'A',NULL,NULL,NULL,NULL),(288,'Oliver','Weigert','olver.weigert@helmholtz-muenchen.de','+49.89.3187.1402','2016-05-02 19:17:50','2016-05-02 19:17:50','oliver.weige','$2a$04$yiF4OhpzIerNN.E/g1I4Tu7Ryqff5Vjf.tsbI4wREHNXWylm/ukza',66,'A',NULL,NULL,NULL,NULL),(289,'Atish','Choudhury','achoudhury@partners.org','6176324524','2016-05-02 19:17:50','2016-05-02 19:17:50','achoudhury','$2a$04$vN5EYGZFJwU3088OJ5ib7uHpIJdno9Igxa9/fWpme9Nfe24osNu.q',1,'A',NULL,NULL,NULL,NULL),(290,'Johann','Hoeftberger','johann_hoeftberger@dfci.harvard.edu','','2016-05-02 19:17:50','2016-05-02 19:17:50','JHoeftberger','$2a$04$0deN9YAGKYqNGzJVArEXke0z7UIbqsUl86S/grlD9qFPUd1juRm4e',53,'A',NULL,NULL,NULL,NULL),(291,'Peter','Choi','peter_choi@dfci.harvard.edu','6176322930','2016-05-02 19:17:50','2016-05-02 19:17:50','pchoi','$2a$04$nLts.7x3WAQHNd8PANQ5te5XP3NmI08mqit63odWYp5McndWPlq0S',1,'A',NULL,NULL,NULL,NULL),(292,'Coleman','Lindsley','coleman_lindsley@dfci.harvard.edu','617-997-3715','2016-05-02 19:17:50','2016-05-02 19:17:50','clindsley','$2a$04$XXyp9X9zHTw1M0inl4j8XugYWepXxhK0Zo3X/Ks4bALepvvaSWxcG',52,'A',NULL,NULL,NULL,NULL),(293,'Julide','Celebi','julide.celebi@mountsinai.org','347-247-1576','2016-05-02 19:17:50','2016-05-02 19:17:50','julidecelebi','$2a$04$N50gbxb8Ey8APVohB1FNdOsQcSrrn64lrpaZexFWKGyNIytVHIcxW',67,'A',NULL,NULL,NULL,NULL),(294,'Michael','Nehil','michael_nehil@dfci.harvard.edu','8312477018','2016-05-02 19:17:50','2016-05-02 19:17:50','mnehil','$2a$04$UCiwXjXAvykv/uDaCnIxyutxpIQGodYR0wtw1dmtJZPn5s8BU0dCS',52,'A',NULL,NULL,NULL,NULL),(295,'Abner','Louissaint','alouissaint@partners.org','(617) 943-2890','2016-05-02 19:17:50','2016-05-02 19:17:50','alouissa','$2a$04$dOwwTvdaacutMosH25GECeF5D89qpavi5dwhOct7DTz1TXUkhPGiO',52,'A',NULL,NULL,NULL,NULL),(296,'Leena','Gandhi','Leena_Gandhi@dfci.harvard.edu','617-632-6049','2016-05-02 19:17:50','2016-05-02 19:17:50','lgandhi','$2a$04$Pd/qOSBgmxBv0Cdfg2DzHu2hfu8lou5P6WTzW/g.NWThmaTiRknba',52,'A',NULL,NULL,NULL,NULL),(297,'Rebecca','Chin','rchin1@bidmc.harvard.edu','6177352484','2016-05-02 19:17:50','2016-05-02 19:17:50','chinlab','$2a$04$EH23mdFbDj.VUYKcuVxseeJJhMezikd4JsvZJ83aaRlAk/EUjTmX.',68,'A',NULL,NULL,NULL,NULL),(298,'Florian','Heitz','florian.heitz@gmx.net','4.92012E+12','2016-05-02 19:17:50','2016-05-02 19:17:50','Fheitz','$2a$04$kwNkBddoAIqsOksVyiGHGugjf0.W./vXjut5wwKWuoDhivGaULFzm',69,'A',NULL,NULL,NULL,NULL),(299,'Linda','Bi','lbi@partners.org','203-645-9485','2016-05-02 19:17:50','2016-05-02 19:17:50','wbi','$2a$04$AeZ8CJJvRuKaqelAJ/MuROkxmN7lYbWZQQm8vem2ENNJphvG/TGoW',70,'A',NULL,NULL,NULL,NULL),(300,'Andrew','Lane','andrew_lane@dfci.harvard.edu','617-632-4589','2016-05-02 19:17:50','2016-05-02 19:17:50','aal17','$2a$04$aD5UQkFvP.FdFbANWg1h4OHCywG1BgycdOJCd8C18.TTbQAibFddu',52,'A',NULL,NULL,NULL,NULL),(301,'Pankaj','Agarwalla','agarwalla@gmail.com','617-726-2000','2016-05-02 19:17:50','2016-05-02 19:17:50','agarwalla','$2a$04$4xz0ItBF0BGh9EkpYl395OORl50Qe7UFgUMJiT8J/Dr1/OIPYY0hO',52,'A',NULL,NULL,NULL,NULL),(302,'Kent','Mouw','kmouw@partners.org','617-632-5145','2016-05-02 19:17:50','2016-05-02 19:17:50','kmouw','$2a$04$jyZEdhKudlCbhgVKgeoEBOSTuIF4QLTlZdeiuhOOEJPi.PkGs5Mvq',1,'A',NULL,NULL,NULL,NULL),(303,'Mark','Murakami','Mark_Murakami@DFCI.harvard.edu','617-582-9171','2016-05-02 19:17:50','2016-05-02 19:17:50','mym97','$2a$04$NNqNxXkkcEghYvd26KfKFOC9LClV7hoPjnhAfftKz4FX5JH5s5M8O',53,'A',NULL,NULL,NULL,NULL),(304,'Thomas','Melchardt','t.melchardt@salk.at','0043-662-4482','2016-05-02 19:17:50','2016-05-02 19:17:50','t.melchardt@','$2a$04$Kx2zEw5pEJSGQ01vXE2lU.DBqP77h.VPqCmOdalOjmp5gSpzWCI6y',71,'A',NULL,NULL,NULL,NULL),(305,'Sam','Hunter','samuels_hunter@dfci.harvard.edu','208-546-9229','2016-05-02 19:17:50','2016-05-02 19:17:50','shunter','$2a$04$Is9gf/nZfQ5VmkOQxFs5E.vGNk2TAVcTvb8.RetU6pHCJx/qssbdO',53,'A',NULL,NULL,NULL,NULL),(306,'Melissa','Burns','melissa.burns@childrens.harvard.edu','617-919-7011','2016-05-02 19:17:50','2016-05-02 19:17:50','melissa.burn','$2a$04$EC..OTtgRRGeFHEZCSCCouqIUMGJIQjUC4npWhNj3nFm8iRBoECV2',60,'A',NULL,NULL,NULL,NULL),(307,'Sima','Zacharek','sima_zacharek@dfci.harvard.edu','617-582-8026','2016-05-02 19:17:50','2016-05-02 19:17:50','simazac','$2a$04$iUb0AERfMhycNtGulIxpl.bBRnww6DEhTICpdyshu1CyXEXhWMCpy',52,'A',NULL,NULL,NULL,NULL),(308,'Harshabad','Singh','hsingh3@partners.org','617-620-3201','2016-05-02 19:17:50','2016-05-02 19:17:50','harshabadsin','$2a$04$3z5QJMNHVoLQWzhPw/NLuuAEtsfyWQq6AapAg3YPdcSBA5eSTTuhi',53,'A',NULL,NULL,NULL,NULL),(309,'Raphael','Koch','raphael_koch@dfci.harvard.edu','6174879588','2016-05-02 19:17:50','2016-05-02 19:17:50','rkoch','$2a$04$MSoiXU8dhHgDISy1kCXdl.fezOUp/V65JnvkrzR5i2/jsg4kX9MQ.',53,'A',NULL,NULL,NULL,NULL),(310,'Volker','Blank','volker.blank@mcgill.ca','5145 340 8260','2016-05-02 19:17:50','2016-05-02 19:17:50','Volker','$2a$04$B1hAF/aX.lc65iZCB4e7quC9qKzT9yh14.nB9OgGGYhclx1/2S6sq',72,'P',NULL,NULL,NULL,NULL),(311,'Elizabeth','Townsend','elizabethc_townsend@dfci.harvard.edu','617 582-8868','2016-05-02 19:17:50','2016-05-02 19:17:50','Townsend','$2a$04$PzsV/mU2eMvi.FpQoKfQV.hd8zwOLo4yjqCpZWL6pR770ixcJpgxq',64,'A',NULL,NULL,NULL,NULL),(312,'Brooke','Howitt','bhowitt@partners.org','6175257295','2016-05-02 19:17:50','2016-05-02 19:17:50','brookehowitt','$2a$04$iJSbp2yev9RQmAYjv9x2Zuu65PvfkW3OxI5o2ZTlzJV5wVN7qcEvy',73,'A',NULL,NULL,NULL,NULL),(313,'Christopher','Gibson','christopher_gibson@dfci.harvard.edu','617-510-9454','2016-05-02 19:17:50','2016-05-02 19:17:50','christopher_','$2a$04$0M8sHXqtfq/Q8OUvrLJLiu4nIH553QkU4tJnaH5WGuLsMnbv8pc3i',74,'A',NULL,NULL,NULL,NULL),(314,'Lori','Ramkissoon','lori_ramkissoon@dfci.harvard.edu','617-582-8768','2016-05-02 19:17:50','2016-05-02 19:17:50','ramkissl','$2a$04$G0nazpSmlZ6KgyrDg176qu1qGfwmH.SlGdi/Gv5f5qR/.U7BoyOXK',52,'A',NULL,NULL,NULL,NULL),(315,'Amanda','Balboni','amandal_balboni@dfci.harvard.edu','3397881634','2016-05-02 19:17:50','2016-05-02 19:17:50','balbonia','$2a$04$y2LiafasQZnho9WwTBoajuKyWHoOqMCcmaksaO7TOkz2cQeOSAZI2',52,'P',NULL,NULL,NULL,NULL),(316,'Monica','Manam','monicad_manam@dfci.harvard.edu','7036597016','2016-05-02 19:17:50','2016-05-02 19:17:50','mdm68','$2a$04$hwsFLRv4xH8CqJG99YIOSu8OWAGAT7qfrWAS/1unZuWWZqYwVXo9q',52,'A',NULL,NULL,NULL,NULL),(317,'Catherine','Coleman','Catherine_Coleman@DFCI.HARVARD.EDU','617-632-5078','2016-05-02 19:17:50','2016-05-02 19:17:50','ccoleman','$2a$04$192teT6PO99kEePHLOb0T.yKNglF1VAgVHaxJ8LOLuE5/FmyOhMZm',52,'A',NULL,NULL,NULL,NULL),(318,'HENRY','LONG','henry_long@dfci.harvard.edu','8576543824','2016-05-02 19:17:50','2016-05-02 19:17:50','henry_long@d','$2a$04$.8U0LMbMBGQUKAmk4x74VObbYfmkks6ZXoLKJMdTzazaoAl8RhAyy',75,'A',NULL,NULL,NULL,NULL),(319,'Dave','Rothfarb','dave.rothfarb@daverothfarb.com','555-555-5555','2016-05-02 19:17:50','2016-05-02 19:17:50','rothfarb-test','$2a$04$eU3bnWxlxHcwxNmU7VSwoO1KKJ8j6oByhSw3nqg/skuHpytPTuwqO',52,'A',NULL,NULL,NULL,NULL);
/*!40000 ALTER TABLE `users` ENABLE KEYS */;
UNLOCK TABLES;
/*!40103 SET TIME_ZONE=@OLD_TIME_ZONE */;

/*!40101 SET SQL_MODE=@OLD_SQL_MODE */;
/*!40014 SET FOREIGN_KEY_CHECKS=@OLD_FOREIGN_KEY_CHECKS */;
/*!40014 SET UNIQUE_CHECKS=@OLD_UNIQUE_CHECKS */;
/*!40101 SET CHARACTER_SET_CLIENT=@OLD_CHARACTER_SET_CLIENT */;
/*!40101 SET CHARACTER_SET_RESULTS=@OLD_CHARACTER_SET_RESULTS */;
/*!40101 SET COLLATION_CONNECTION=@OLD_COLLATION_CONNECTION */;
/*!40111 SET SQL_NOTES=@OLD_SQL_NOTES */;

-- Dump completed on 2016-05-02 15:20:42
