-- MySQL dump 10.13  Distrib 5.6.22, for osx10.10 (x86_64)
--
-- Host: localhost    Database: ccgd_test
-- ------------------------------------------------------
-- Server version	5.6.22

/*!40101 SET @OLD_CHARACTER_SET_CLIENT=@@CHARACTER_SET_CLIENT */;
/*!40101 SET @OLD_CHARACTER_SET_RESULTS=@@CHARACTER_SET_RESULTS */;
/*!40101 SET @OLD_COLLATION_CONNECTION=@@COLLATION_CONNECTION */;
/*!40101 SET NAMES utf8 */;
/*!40103 SET @OLD_TIME_ZONE=@@TIME_ZONE */;
/*!40103 SET TIME_ZONE='+00:00' */;
/*!40014 SET @OLD_UNIQUE_CHECKS=@@UNIQUE_CHECKS, UNIQUE_CHECKS=0 */;
/*!40014 SET @OLD_FOREIGN_KEY_CHECKS=@@FOREIGN_KEY_CHECKS, FOREIGN_KEY_CHECKS=0 */;
/*!40101 SET @OLD_SQL_MODE=@@SQL_MODE, SQL_MODE='NO_AUTO_VALUE_ON_ZERO' */;
/*!40111 SET @OLD_SQL_NOTES=@@SQL_NOTES, SQL_NOTES=0 */;

--
-- Table structure for table `addresses`
--

DROP TABLE IF EXISTS `addresses`;
/*!40101 SET @saved_cs_client     = @@character_set_client */;
/*!40101 SET character_set_client = utf8 */;
CREATE TABLE `addresses` (
  `id` int(11) NOT NULL AUTO_INCREMENT,
  `street` varchar(255) COLLATE utf8_unicode_ci DEFAULT NULL,
  `city` varchar(255) COLLATE utf8_unicode_ci DEFAULT NULL,
  `country` varchar(255) COLLATE utf8_unicode_ci DEFAULT NULL,
  `created_at` datetime NOT NULL,
  `updated_at` datetime NOT NULL,
  `state_id` int(11) DEFAULT NULL,
  PRIMARY KEY (`id`)
) ENGINE=InnoDB AUTO_INCREMENT=79 DEFAULT CHARSET=utf8 COLLATE=utf8_unicode_ci;
/*!40101 SET character_set_client = @saved_cs_client */;

--
-- Dumping data for table `addresses`
--

LOCK TABLES `addresses` WRITE;
/*!40000 ALTER TABLE `addresses` DISABLE KEYS */;
INSERT INTO `addresses` VALUES (1,'44 Binney Street','Boston','NULL','2016-06-28 12:07:47','2016-06-28 12:07:47',21),(2,'7 Cambridge Center','Cambridge','NULL','2016-06-28 12:07:47','2016-06-28 12:07:47',21),(3,'75 Francis Street','Boston','NULL','2016-06-28 12:07:47','2016-06-28 12:07:47',21),(4,'21-27 Burlington Ave.','Boston','NULL','2016-06-28 12:07:47','2016-06-28 12:07:47',21),(5,'55 Fruit Street','Boston','NULL','2016-06-28 12:07:47','2016-06-28 12:07:47',21),(6,'243 Charles St','Boston','NULL','2016-06-28 12:07:47','2016-06-28 12:07:47',21),(7,'1 Blackfan Circle','Boston','NULL','2016-06-28 12:07:47','2016-06-28 12:07:47',21),(8,'20 Shattuck St','Boston','NULL','2016-06-28 12:07:47','2016-06-28 12:07:47',21),(9,'600 Beaver St','Waltham ','NULL','2016-06-28 12:07:47','2016-06-28 12:07:47',21),(10,'221 Longwood Ave','Boston','NULL','2016-06-28 12:07:47','2016-06-28 12:07:47',21),(11,'11-934 Factor Bldg','Los Angeles','NULL','2016-06-28 12:07:47','2016-06-28 12:07:47',5),(12,'3 Blackfan Circle','Boston','NULL','2016-06-28 12:07:47','2016-06-28 12:07:47',21),(13,'250 Mass Ave','Cambridge','NULL','2016-06-28 12:07:47','2016-06-28 12:07:47',21),(14,'50 Blossom Street','Boston','NULL','2016-06-28 12:07:47','2016-06-28 12:07:47',21),(15,'Ireland Cancer Center / University Hospitals 2103 Cornell Road ','Cleveland','NULL','2016-06-28 12:07:47','2016-06-28 12:07:47',35),(16,'78 Memorial Dr.','Cambridge','NULL','2016-06-28 12:07:47','2016-06-28 12:07:47',21),(17,'375 Longwood','Boston','NULL','2016-06-28 12:07:47','2016-06-28 12:07:47',21),(18,'St Andrews Place','Melbourne','Victoria','2016-06-28 12:07:47','2016-06-28 12:07:47',0),(19,'15 Parkman Street',' Wang 460','Boston','2016-06-28 12:07:47','2016-06-28 12:07:47',0),(20,'Irwondong 50',' Kangnamgu','Seoul','2016-06-28 12:07:47','2016-06-28 12:07:47',0),(21,'Box 91006',' B232 LSRC','Durham','2016-06-28 12:07:47','2016-06-28 12:07:47',0),(22,'149 13th Street','Charlestown','NULL','2016-06-28 12:07:47','2016-06-28 12:07:47',21),(23,'65 Landsdowne Street','Cambridge','NULL','2016-06-28 12:07:47','2016-06-28 12:07:47',21),(24,'550 First Avenue','New York','NULL','2016-06-28 12:07:47','2016-06-28 12:07:47',32),(25,'61 Binney Street','Boston','NULL','2016-06-28 12:07:47','2016-06-28 12:07:47',21),(26,'88',' Stuart Street',' Queen\'s University','2016-06-28 12:07:47','2016-06-28 12:07:47',0),(27,'50 Irwon-dong Gangnam-gu','Seoul','Korea','2016-06-28 12:07:47','2016-06-28 12:07:47',0),(28,'650 Charles E Young Dr. South','Los Angeles','NULL','2016-06-28 12:07:47','2016-06-28 12:07:47',5),(29,'780 Memorial Drive','Cambridge','NULL','2016-06-28 12:07:47','2016-06-28 12:07:47',21),(30,'70 Francis Street','Boston','NULL','2016-06-28 12:07:47','2016-06-28 12:07:47',21),(31,'301 Binney Street','Cambridge','NULL','2016-06-28 12:07:47','2016-06-28 12:07:47',21),(32,'270 Albany Street','Cambridge','NULL','2016-06-28 12:07:47','2016-06-28 12:07:47',21),(33,'450 Brookline Avenue','Boston','NULL','2016-06-28 12:07:47','2016-06-28 12:07:47',21),(34,'123-34',' GIL','SEOUL','2016-06-28 12:07:47','2016-06-28 12:07:47',0),(35,'101 Science Drive','Durham','NULL','2016-06-28 12:07:47','2016-06-28 12:07:47',33),(36,'1 joslin Place','Boston','NULL','2016-06-28 12:07:47','2016-06-28 12:07:47',21),(37,'27 Drydock Avenue','Boston','NULL','2016-06-28 12:07:47','2016-06-28 12:07:47',21),(38,'77 Avenue Louis Pasteur','Boston','NULL','2016-06-28 12:07:47','2016-06-28 12:07:47',21),(39,'330 Brookline Ave','Boston','NULL','2016-06-28 12:07:47','2016-06-28 12:07:47',21),(40,'99 Brookline Avenue','Boston','NULL','2016-06-28 12:07:47','2016-06-28 12:07:47',21),(41,'450 Brookline Ave','Boston','NULL','2016-06-28 12:07:47','2016-06-28 12:07:47',21),(42,'4 Blackfan street','Boston','NULL','2016-06-28 12:07:47','2016-06-28 12:07:47',21),(43,'Dana 15',' 450 Brookline Avenue','Boston','2016-06-28 12:07:47','2016-06-28 12:07:47',0),(44,'450 Brookline Ave',' JF208B','Boston','2016-06-28 12:07:47','2016-06-28 12:07:47',0),(45,'5 Blackfan Circle','Boston','NULL','2016-06-28 12:07:47','2016-06-28 12:07:47',21),(46,'221 Longwood Avenue','Boston','NULL','2016-06-28 12:07:47','2016-06-28 12:07:47',21),(47,'nowhere','boston','NULL','2016-06-28 12:07:47','2016-06-28 12:07:47',21),(48,'94 heritage dr','lowell','NULL','2016-06-28 12:07:47','2016-06-28 12:07:47',21),(49,'450 Brookline Ave.','Boston','NULL','2016-06-28 12:07:47','2016-06-28 12:07:47',21),(50,'555 University Avenue','Toronto','Ontario','2016-06-28 12:07:47','2016-06-28 12:07:47',0),(51,'450 Brookline Ave. SM1010','Boston','NULL','2016-06-28 12:07:47','2016-06-28 12:07:47',21),(52,'Dana Farber','Boston','NULL','2016-06-28 12:07:47','2016-06-28 12:07:47',21),(53,'450 Brookline Av','Boston','NULL','2016-06-28 12:07:47','2016-06-28 12:07:47',21),(54,'Turnhoutseweg 30','Beerse','Belgium','2016-06-28 12:07:47','2016-06-28 12:07:47',0),(55,'300 Longwood Avenue','Boston','NULL','2016-06-28 12:07:47','2016-06-28 12:07:47',21),(56,'250 Longwood Avenue','Boston','NULL','2016-06-28 12:07:47','2016-06-28 12:07:47',21),(57,'251 Sir Frederick Banting Driveway','Ottawa','Ontario','2016-06-28 12:07:47','2016-06-28 12:07:47',0),(58,'450 Brookline Avenue',' Dana 1514','Boston','2016-06-28 12:07:47','2016-06-28 12:07:47',0),(59,'1450 Brookline  Avenue','Boston','NULL','2016-06-28 12:07:47','2016-06-28 12:07:47',21),(60,'44 Binney St','Boston','NULL','2016-06-28 12:07:47','2016-06-28 12:07:47',21),(61,'Dana-Farber Cancer Institute',' 44 Binney St.','Boston','2016-06-28 12:07:47','2016-06-28 12:07:47',0),(62,'77 Ave Louis Pasteur','Boston','NULL','2016-06-28 12:07:47','2016-06-28 12:07:47',21),(63,'440 Brookline Ave.','Boston','NULL','2016-06-28 12:07:47','2016-06-28 12:07:47',21),(64,'450 Brookline Ave M534','Boston','NULL','2016-06-28 12:07:47','2016-06-28 12:07:47',21),(65,'301 Binney Street','Boston','NULL','2016-06-28 12:07:47','2016-06-28 12:07:47',21),(66,'5323 Harry Hines Blvd.','Dallas','NULL','2016-06-28 12:07:47','2016-06-28 12:07:47',43),(67,'Karp 7',' One Blackfan Circle','Boston','2016-06-28 12:07:47','2016-06-28 12:07:47',0),(68,'Marchioninistr. 25','Munich','Germany','2016-06-28 12:07:47','2016-06-28 12:07:47',0),(69,'1470 Madison Avenue','New York','NULL','2016-06-28 12:07:47','2016-06-28 12:07:47',32),(70,'Henricistrasse 92','Essen','Germany','2016-06-28 12:07:47','2016-06-28 12:07:47',0),(71,'1 Jimmy Fund Way',' Sm-1022','Boston','2016-06-28 12:07:47','2016-06-28 12:07:47',0),(72,'1 Jimmy Fund Way','Boston','NULL','2016-06-28 12:07:47','2016-06-28 12:07:47',21),(73,'Muellner Hauptstraße 48','Salzburg','Salzburg Austria','2016-06-28 12:07:47','2016-06-28 12:07:47',0),(74,'4 Blackfan St','Boston','NULL','2016-06-28 12:07:47','2016-06-28 12:07:47',21),(75,'tbd','tbd','tbd','2016-06-28 12:07:47','2016-06-28 12:07:47',0),(76,'3755 Cote Sainte-Catherine Road','Montreal','Canada','2016-06-28 12:07:47','2016-06-28 12:07:47',0),(77,'75 Francis St',' Dept of Pathology',' Amory 3','2016-06-28 12:07:47','2016-06-28 12:07:47',0),(78,'1 Blackfan Cir','Boston','NULL','2016-06-28 12:07:47','2016-06-28 12:07:47',21);
/*!40000 ALTER TABLE `addresses` ENABLE KEYS */;
UNLOCK TABLES;

--
-- Table structure for table `committees`
--

DROP TABLE IF EXISTS `committees`;
/*!40101 SET @saved_cs_client     = @@character_set_client */;
/*!40101 SET character_set_client = utf8 */;
CREATE TABLE `committees` (
  `id` int(11) NOT NULL AUTO_INCREMENT,
  `proposal_id` int(11) DEFAULT NULL,
  `deadline` datetime DEFAULT NULL,
  `created_at` datetime NOT NULL,
  `updated_at` datetime NOT NULL,
  PRIMARY KEY (`id`),
  KEY `index_committees_on_proposal_id` (`proposal_id`) USING BTREE
) ENGINE=InnoDB AUTO_INCREMENT=4 DEFAULT CHARSET=utf8 COLLATE=utf8_unicode_ci;
/*!40101 SET character_set_client = @saved_cs_client */;

--
-- Dumping data for table `committees`
--

LOCK TABLES `committees` WRITE;
/*!40000 ALTER TABLE `committees` DISABLE KEYS */;
/*!40000 ALTER TABLE `committees` ENABLE KEYS */;
UNLOCK TABLES;

--
-- Table structure for table `lab_groups`
--

DROP TABLE IF EXISTS `lab_groups`;
/*!40101 SET @saved_cs_client     = @@character_set_client */;
/*!40101 SET character_set_client = utf8 */;
CREATE TABLE `lab_groups` (
  `id` int(11) NOT NULL AUTO_INCREMENT,
  `name` varchar(255) COLLATE utf8_unicode_ci DEFAULT NULL,
  `code` varchar(255) COLLATE utf8_unicode_ci DEFAULT NULL,
  `created_at` datetime NOT NULL,
  `updated_at` datetime NOT NULL,
  `location_id` int(11) DEFAULT NULL,
  PRIMARY KEY (`id`)
) ENGINE=InnoDB AUTO_INCREMENT=203 DEFAULT CHARSET=utf8 COLLATE=utf8_unicode_ci;
/*!40101 SET character_set_client = @saved_cs_client */;

--
-- Dumping data for table `lab_groups`
--

LOCK TABLES `lab_groups` WRITE;
/*!40000 ALTER TABLE `lab_groups` DISABLE KEYS */;
INSERT INTO `lab_groups` VALUES (1,'CCGD Administration','CCGD','2016-06-28 12:07:48','2016-06-28 12:07:48',1),(2,'CCGD Genotyping','CCGD','2016-06-28 12:07:48','2016-06-28 12:07:48',1),(3,'Freedman Lab','FRDMAN','2016-06-28 12:07:48','2016-06-28 12:07:48',3),(4,'Garraway Lab','GARRWY','2016-06-28 12:07:48','2016-06-28 12:07:48',2),(5,'Golub Broad Lab','GOLBBI','2016-06-28 12:07:48','2016-06-28 12:07:48',4),(6,'Golub DFCI Lab','GOLUB','2016-06-28 12:07:48','2016-06-28 12:07:48',2),(7,'Hahn Lab','HAHN','2016-06-28 12:07:48','2016-06-28 12:07:48',2),(8,'Loda Lab','LODA','2016-06-28 12:07:48','2016-06-28 12:07:48',2),(9,'Kinome','MRSNBI','2016-06-28 12:07:48','2016-06-28 12:07:48',4),(10,'Meyerson DFCI Lab','MYRSON','2016-06-28 12:07:48','2016-06-28 12:07:48',2),(11,'Polyak Lab','POLYAK','2016-06-28 12:07:48','2016-06-28 12:07:48',2),(12,'ramesh shivdasani','SHIV','2016-06-28 12:07:48','2016-06-28 12:07:48',3),(13,'Janne Lab','JANNE','2016-06-28 12:07:48','2016-06-28 12:07:48',5),(14,'Rani George','GEORGE','2016-06-28 12:07:48','2016-06-28 12:07:48',6),(15,'Thomas Roberts','RBERTS','2016-06-28 12:07:48','2016-06-28 12:07:48',7),(16,'Thomas Look','LOOK','2016-06-28 12:07:48','2016-06-28 12:07:48',8),(17,'Jerome Ritz','RITZ','2016-06-28 12:07:48','2016-06-28 12:07:48',10),(18,'Matthew Kulke','KULKE','2016-06-28 12:07:48','2016-06-28 12:07:48',11),(19,'Margaret Shipp','SHIPP','2016-06-28 12:07:48','2016-06-28 12:07:48',12),(20,'Philip Kantoff','KNTOFF','2016-06-28 12:07:48','2016-06-28 12:07:48',13),(21,'Robert Ross','ROSS','2016-06-28 12:07:48','2016-06-28 12:07:48',13),(22,'Myles Brown','BROWN','2016-06-28 12:07:48','2016-06-28 12:07:48',14),(23,'Jennifer R. Brown','JRBRWN','2016-06-28 12:07:48','2016-06-28 12:07:48',15),(24,'Rollins','ROLLNS','2016-06-28 12:07:48','2016-06-28 12:07:48',16),(25,'Stiles Lab','STILES','2016-06-28 12:07:48','2016-06-28 12:07:48',21),(26,'Chirieac','CHIRI','2016-06-28 12:07:48','2016-06-28 12:07:48',22),(27,'CCGD Pilot','CCGD','2016-06-28 12:07:48','2016-06-28 12:07:48',1),(28,'Microarray Core','CHPLAB','2016-06-28 12:07:48','2016-06-28 12:07:48',23),(29,'Sarcoma Lab','DUAN','2016-06-28 12:07:48','2016-06-28 12:07:48',24),(30,'Ebert Lab','EBERT','2016-06-28 12:07:48','2016-06-28 12:07:48',22),(31,'Gilliland','GLLLND','2016-06-28 12:07:48','2016-06-28 12:07:48',22),(32,'Hezel','HEZEL','2016-06-28 12:07:48','2016-06-28 12:07:48',24),(33,'Kim','KIM','2016-06-28 12:07:48','2016-06-28 12:07:48',25),(34,'Henske','HENSKE','2016-06-28 12:07:48','2016-06-28 12:07:48',22),(35,'Chin Lab','CHIN','2016-06-28 12:07:48','2016-06-28 12:07:48',26),(36,'Hornicek','HRNCEK','2016-06-28 12:07:48','2016-06-28 12:07:48',27),(37,'Fletcher lab','FLTCHR','2016-06-28 12:07:48','2016-06-28 12:07:48',28),(38,'Ng','NG','2016-06-28 12:07:48','2016-06-28 12:07:48',30),(39,'Ribas','RIBAS','2016-06-28 12:07:48','2016-06-28 12:07:48',31),(40,'Christopher Walsh','WALSH','2016-06-28 12:07:48','2016-06-28 12:07:48',32),(41,'BIACS','BIACS','2016-06-28 12:07:48','2016-06-28 12:07:48',33),(42,'Ligon Lab','LIGON','2016-06-28 12:07:48','2016-06-28 12:07:48',35),(43,'Monahan','MONHAN','2016-06-28 12:07:48','2016-06-28 12:07:48',36),(44,'Chung Lab','CHUNG','2016-06-28 12:07:48','2016-06-28 12:07:48',40),(45,'Koon lab','KOON','2016-06-28 12:07:48','2016-06-28 12:07:48',42),(46,'Infinity','INFI','2016-06-28 12:07:48','2016-06-28 12:07:48',43),(47,'Infinity','INFI','2016-06-28 12:07:48','2016-06-28 12:07:48',43),(48,'Ovarian Cancer Genomics','LEVEL3','2016-06-28 12:07:48','2016-06-28 12:07:48',45),(49,'Rosenberg','RSNBRG','2016-06-28 12:07:48','2016-06-28 12:07:48',13),(50,'Tenen Lab','TENEN','2016-06-28 12:07:48','2016-06-28 12:07:48',46),(51,'Segal lab','Segallab','2016-06-28 12:07:48','2016-06-28 12:07:48',47),(52,'4th floor','Kinome','2016-06-28 12:07:48','2016-06-28 12:07:48',48),(53,'Cancer Program','GOLUB','2016-06-28 12:07:48','2016-06-28 12:07:48',2),(54,'BJ Rollins','BJR grou','2016-06-28 12:07:48','2016-06-28 12:07:48',50),(55,'Armstrong Lab','SAA','2016-06-28 12:07:48','2016-06-28 12:07:48',51),(56,'HIV Therapeutics','kuritzke','2016-06-28 12:07:48','2016-06-28 12:07:48',52),(57,'Garraway Lab','Garraway','2016-06-28 12:07:48','2016-06-28 12:07:48',53),(58,'genetics','Kwiatkow','2016-06-28 12:07:48','2016-06-28 12:07:48',54),(59,'Thyroid Cancer','214741','2016-06-28 12:07:48','2016-06-28 12:07:48',55),(60,'Panc Adeno Project',' Ferrone Lab','2016-06-28 12:07:48','2016-06-28 12:07:48',0),(61,'Fredenburgh Lab','FREDEN','2016-06-28 12:07:48','2016-06-28 12:07:48',57),(62,'Kwiatkowski Lab','RB06005A','2016-06-28 12:07:48','2016-06-28 12:07:48',58),(63,'15th floor','Meyerson','2016-06-28 12:07:48','2016-06-28 12:07:48',59),(64,'Medical Oncology - 8th floor',' Ghobrial lab','2016-06-28 12:07:48','2016-06-28 12:07:48',123456),(65,'Ghobrial lab','1234567','2016-06-28 12:07:48','2016-06-28 12:07:48',60),(66,'Oncology','ONC','2016-06-28 12:07:48','2016-06-28 12:07:48',62),(67,'CAMD','CAMD','2016-06-28 12:07:48','2016-06-28 12:07:48',22),(68,'Thyroid Surgery Lab Thier 603 Parangi Lab','1151983','2016-06-28 12:07:49','2016-06-28 12:07:49',63),(69,'ORF and RNAi work','HahnLab','2016-06-28 12:07:49','2016-06-28 12:07:49',64),(70,'Kirsch Lab',' ','2016-06-28 12:07:49','2016-06-28 12:07:49',65),(71,'Dana 15','Garraway','2016-06-28 12:07:49','2016-06-28 12:07:49',53),(72,'Bowtell Lab','LEVEL3','2016-06-28 12:07:49','2016-06-28 12:07:49',45),(73,'Cancer','zonlab','2016-06-28 12:07:49','2016-06-28 12:07:49',67),(74,'Dyson Lab','NDYSON','2016-06-28 12:07:49','2016-06-28 12:07:49',68),(75,'DePinho lab','depinho1','2016-06-28 12:07:49','2016-06-28 12:07:49',69),(76,'Mayer 4','DeCaprio','2016-06-28 12:07:49','2016-06-28 12:07:49',70),(77,'Kuritzkes Lab','87654321','2016-06-28 12:07:49','2016-06-28 12:07:49',71),(78,'Lab of Benjamin L. Ebert','ebert201','2016-06-28 12:07:49','2016-06-28 12:07:49',72),(79,'Pathology Dpt.','EHL305','2016-06-28 12:07:49','2016-06-28 12:07:49',73),(80,'Ribas Lab','31262','2016-06-28 12:07:49','2016-06-28 12:07:49',74),(81,'Translational Research','Fleming','2016-06-28 12:07:49','2016-06-28 12:07:49',75),(82,'Chin-Lee Wu','Wu Lab','2016-06-28 12:07:49','2016-06-28 12:07:49',76),(83,'Pediatric Oncology','KSteg','2016-06-28 12:07:49','2016-06-28 12:07:49',77),(84,'Cancer cytogenetics','JSOVCA','2016-06-28 12:07:49','2016-06-28 12:07:49',78),(85,'Nanomed','Nanomed','2016-06-28 12:07:49','2016-06-28 12:07:49',79),(86,'Antoni Ribas','RIBAS','2016-06-28 12:07:49','2016-06-28 12:07:49',31),(87,'Mark Kieran','Kieran','2016-06-28 12:07:49','2016-06-28 12:07:49',6),(88,'Ligon Lab','Ligon208','2016-06-28 12:07:49','2016-06-28 12:07:49',83),(89,'Leiomyosarcoma','EHL305','2016-06-28 12:07:49','2016-06-28 12:07:49',73),(90,'15th floor','prostate','2016-06-28 12:07:49','2016-06-28 12:07:49',84),(91,'Infinity','Infinity','2016-06-28 12:07:49','2016-06-28 12:07:49',85),(92,'Heme Malignancies','BrownCLL','2016-06-28 12:07:49','2016-06-28 12:07:49',86),(93,'Cancer Program','BSP','2016-06-28 12:07:49','2016-06-28 12:07:49',90),(94,'CCCB','CCCB','2016-06-28 12:07:49','2016-06-28 12:07:49',91),(95,'DeCaprio','DcCaprio','2016-06-28 12:07:49','2016-06-28 12:07:49',70),(96,'Gastroenterology','Kokkotou','2016-06-28 12:07:49','2016-06-28 12:07:49',92),(97,'Meyerson Lab','Meyerson','2016-06-28 12:07:49','2016-06-28 12:07:49',59),(98,'Cancer Bio','YUG310J','2016-06-28 12:07:49','2016-06-28 12:07:49',94),(99,'CMOP','CMOP','2016-06-28 12:07:49','2016-06-28 12:07:49',35),(100,'Choueiri-Signoretti','Choueiri','2016-06-28 12:07:49','2016-06-28 12:07:49',22),(101,'Swanson Research','Swanson','2016-06-28 12:07:49','2016-06-28 12:07:49',95),(102,'Cancer Biology','unknown','2016-06-28 12:07:49','2016-06-28 12:07:49',96),(103,'Saurin Lab','1234','2016-06-28 12:07:49','2016-06-28 12:07:49',22),(104,'Wong','7644','2016-06-28 12:07:49','2016-06-28 12:07:49',97),(105,'Pedi Onc','unknown','2016-06-28 12:07:49','2016-06-28 12:07:49',96),(106,'Beroukhim Lab','rameen','2016-06-28 12:07:49','2016-06-28 12:07:49',100),(107,'Pedatric Oncology','snf5','2016-06-28 12:07:49','2016-06-28 12:07:49',101),(108,'Cantley Lab','NA','2016-06-28 12:07:49','2016-06-28 12:07:49',102),(109,'Makrigiorgos','coldpcr','2016-06-28 12:07:49','2016-06-28 12:07:49',103),(110,'AML','1','2016-06-28 12:07:49','2016-06-28 12:07:49',8),(111,'Jeff Krane',' Head and Neck Pathology','2016-06-28 12:07:49','2016-06-28 12:07:49',11911),(112,'Breast Oncology','none','2016-06-28 12:07:49','2016-06-28 12:07:49',107),(113,'Shipp Lab','Shipp La','2016-06-28 12:07:49','2016-06-28 12:07:49',108),(114,'Santagata Lab','103964','2016-06-28 12:07:49','2016-06-28 12:07:49',110),(115,'Hematologic Neoplasia','D512WEIN','2016-06-28 12:07:49','2016-06-28 12:07:49',111),(116,'GI Genomics','Hsu_lab','2016-06-28 12:07:49','2016-06-28 12:07:49',112),(117,'Hsu lab','hsu','2016-06-28 12:07:49','2016-06-28 12:07:49',113),(118,'medulloblastoma','Segallab','2016-06-28 12:07:49','2016-06-28 12:07:49',47),(119,'OBSGYN','GYNONCOL','2016-06-28 12:07:49','2016-06-28 12:07:49',123),(120,'Choueiri-Signoretti','12345','2016-06-28 12:07:49','2016-06-28 12:07:49',124),(121,'Wagers Lab','Jos630 ','2016-06-28 12:07:49','2016-06-28 12:07:49',125),(122,'HIM346','MITSIAD','2016-06-28 12:07:49','2016-06-28 12:07:49',126),(123,'C-NExT','Ligonext','2016-06-28 12:07:49','2016-06-28 12:07:49',127),(124,'Weinstock lab','weinstoc','2016-06-28 12:07:49','2016-06-28 12:07:49',128),(125,'Meyerson','??','2016-06-28 12:07:49','2016-06-28 12:07:49',131),(126,'Mitsiades lab','Mitsiade','2016-06-28 12:07:49','2016-06-28 12:07:49',132),(127,'BIDMC Cancer Center Cantley','none','2016-06-28 12:07:49','2016-06-28 12:07:49',107),(128,'Thyroid Cancer Translational','212354','2016-06-28 12:07:49','2016-06-28 12:07:49',134),(129,'Conrad','WRN-4-40','2016-06-28 12:07:49','2016-06-28 12:07:49',135),(130,'Human Thyroid Cancers Translational Research','CNUCERA','2016-06-28 12:07:49','2016-06-28 12:07:49',136),(131,'Gyn Rad Onc','GynRO','2016-06-28 12:07:49','2016-06-28 12:07:49',137),(132,'Choueiri-Signoretti','522','2016-06-28 12:07:49','2016-06-28 12:07:49',138),(133,'JF5','DANDREA','2016-06-28 12:07:49','2016-06-28 12:07:49',139),(134,'Belfer','Belfer','2016-06-28 12:07:49','2016-06-28 12:07:49',140),(135,'Bass Laboratory','Bass','2016-06-28 12:07:49','2016-06-28 12:07:49',66),(136,'Shipp lab','lymphoma','2016-06-28 12:07:49','2016-06-28 12:07:49',142),(137,'Keith Ligon Lab @ DFCI','1234567','2016-06-28 12:07:49','2016-06-28 12:07:49',60),(138,'Ghobrial Lab','HUM237','2016-06-28 12:07:49','2016-06-28 12:07:49',144),(139,'Keith Ligon\'s Lab','1234567','2016-06-28 12:07:49','2016-06-28 12:07:49',60),(140,'Division of Gynecologic Oncology','RSBLAB','2016-06-28 12:07:49','2016-06-28 12:07:49',146),(141,'Barbie Lab','dana819','2016-06-28 12:07:49','2016-06-28 12:07:49',147),(142,'none','123','2016-06-28 12:07:49','2016-06-28 12:07:49',148),(143,'Beckman','Beckman','2016-06-28 12:07:49','2016-06-28 12:07:49',149),(144,'Garraway Lab','LAG','2016-06-28 12:07:49','2016-06-28 12:07:49',150),(145,'Thyroid','WASS','2016-06-28 12:07:49','2016-06-28 12:07:49',151),(146,'Bass Lab DFCI/MCO Dana 8','Bass','2016-06-28 12:07:49','2016-06-28 12:07:49',66),(147,'Bradner Lab','BRADNER','2016-06-28 12:07:49','2016-06-28 12:07:49',153),(148,'Beroukhim Lab','Berouk','2016-06-28 12:07:49','2016-06-28 12:07:49',154),(149,'Genomics','9617589','2016-06-28 12:07:49','2016-06-28 12:07:49',155),(150,'Gyn Oncology','LIU','2016-06-28 12:07:49','2016-06-28 12:07:49',156),(151,'Meyerson Cancer Program Lab','1111','2016-06-28 12:07:49','2016-06-28 12:07:49',157),(152,'Bioinformatics','000','2016-06-28 12:07:49','2016-06-28 12:07:49',158),(153,'PedOnc','PellmanM','2016-06-28 12:07:49','2016-06-28 12:07:49',159),(154,'MPS','BTP','2016-06-28 12:07:49','2016-06-28 12:07:49',160),(155,'Haining Lab','Haining','2016-06-28 12:07:49','2016-06-28 12:07:49',161),(156,'Cancer Program',' Broad','2016-06-28 12:07:49','2016-06-28 12:07:49',0),(157,'T-ALL','aglab','2016-06-28 12:07:49','2016-06-28 12:07:49',163),(158,'Long Lab Group','CFCE','2016-06-28 12:07:49','2016-06-28 12:07:49',164),(159,'Sorger Lab Group','plx4032','2016-06-28 12:07:49','2016-06-28 12:07:49',165),(160,'CMOP','JF208','2016-06-28 12:07:49','2016-06-28 12:07:49',166),(161,'Kaelin','Kaelin','2016-06-28 12:07:49','2016-06-28 12:07:49',167),(162,'Medical Oncology','........','2016-06-28 12:07:49','2016-06-28 12:07:49',2),(163,'Stem Cell Group','BGTDSCL','2016-06-28 12:07:49','2016-06-28 12:07:49',168),(164,'Hahn Lab','HahnLab','2016-06-28 12:07:49','2016-06-28 12:07:49',64),(165,'Stegmaier 6th Floor Group','STEGLAB','2016-06-28 12:07:49','2016-06-28 12:07:49',170),(166,'Kidney Cancer','GU Oncol','2016-06-28 12:07:49','2016-06-28 12:07:49',171),(167,'Biostatistics and Computational Biology DFCI Group','BCB','2016-06-28 12:07:49','2016-06-28 12:07:49',91),(168,'Polyak Lab Group','POLYAK','2016-06-28 12:07:49','2016-06-28 12:07:49',2),(169,'Brown PDX Group','BROWN','2016-06-28 12:07:49','2016-06-28 12:07:49',14),(170,'15th floor','HAHN','2016-06-28 12:07:49','2016-06-28 12:07:49',2),(171,'Medical Oncology','Ghobrial','2016-06-28 12:07:49','2016-06-28 12:07:49',177),(172,'Pediatric Oncology','76325281','2016-06-28 12:07:49','2016-06-28 12:07:49',178),(173,'Griffin',' J','2016-06-28 12:07:49','2016-06-28 12:07:49',0),(174,'Bladder Cancer Center','40888','2016-06-28 12:07:49','2016-06-28 12:07:49',180),(175,'Meyerson Lab Group','Meyerson','2016-06-28 12:07:49','2016-06-28 12:07:49',59),(176,'Joaquim Bellmunt','40888','2016-06-28 12:07:49','2016-06-28 12:07:49',180),(177,'Amatruda lab group','UTAMAT','2016-06-28 12:07:49','2016-06-28 12:07:49',182),(178,'Daley','Daley','2016-06-28 12:07:49','2016-06-28 12:07:49',183),(179,'Collaboration with Weinstock Lab','002a','2016-06-28 12:07:49','2016-06-28 12:07:49',184),(180,'Dana15','HahnLab','2016-06-28 12:07:49','2016-06-28 12:07:49',64),(181,'Med Onc - Hematologic Malignancies','TBD','2016-06-28 12:07:49','2016-06-28 12:07:49',186),(182,'Celebi','Celebi','2016-06-28 12:07:49','2016-06-28 12:07:49',187),(183,'GlenDranoff','524','2016-06-28 12:07:49','2016-06-28 12:07:49',188),(184,'Weinstock lab','510B','2016-06-28 12:07:49','2016-06-28 12:07:49',128),(185,'Medical Oncology','HER2','2016-06-28 12:07:49','2016-06-28 12:07:49',189),(186,'Chin Lab Group','Chinlab1','2016-06-28 12:07:49','2016-06-28 12:07:49',190),(187,'Department for Gynecologic Oncology','\"\"GynOnc_','2016-06-28 12:07:49','2016-06-28 12:07:49',191),(188,'Beroukhim Lab Group ','N/A','2016-06-28 12:07:49','2016-06-28 12:07:49',192),(189,'Lane Lab Group','Lane','2016-06-28 12:07:49','2016-06-28 12:07:49',97),(190,'Cancer Biology','N/A','2016-06-28 12:07:49','2016-06-28 12:07:49',192),(191,'D\'Andrea Lab Genomics','D\'Andrea','2016-06-28 12:07:49','2016-06-28 12:07:49',195),(192,'Egles Group','LIMCR','2016-06-28 12:07:49','2016-06-28 12:07:49',196),(193,'Gutierrez Lab','aglab','2016-06-28 12:07:49','2016-06-28 12:07:49',163),(194,'Target Discovery','Belfer','2016-06-28 12:07:49','2016-06-28 12:07:49',140),(195,'tbd','TBD','2016-06-28 12:07:49','2016-06-28 12:07:49',186),(196,'PTCL','D512','2016-06-28 12:07:49','2016-06-28 12:07:49',200),(197,'Blank Lab Group','cncmaf','2016-06-28 12:07:49','2016-06-28 12:07:49',201),(198,'GYN mesenchymal tumors group','BHMNBQ','2016-06-28 12:07:49','2016-06-28 12:07:49',203),(199,'BWH Hematology','EbertLab','2016-06-28 12:07:49','2016-06-28 12:07:49',204),(200,'CMOP','LIGON','2016-06-28 12:07:49','2016-06-28 12:07:49',35),(201,'Ped Onc 6th floor','PedOnc','2016-06-28 12:07:49','2016-06-28 12:07:49',206),(202,'CFCE','CFCE','2016-06-28 12:07:49','2016-06-28 12:07:49',164);
/*!40000 ALTER TABLE `lab_groups` ENABLE KEYS */;
UNLOCK TABLES;

--
-- Table structure for table `locations`
--

DROP TABLE IF EXISTS `locations`;
/*!40101 SET @saved_cs_client     = @@character_set_client */;
/*!40101 SET character_set_client = utf8 */;
CREATE TABLE `locations` (
  `id` int(11) NOT NULL AUTO_INCREMENT,
  `building` varchar(255) COLLATE utf8_unicode_ci DEFAULT NULL,
  `room` varchar(255) COLLATE utf8_unicode_ci DEFAULT NULL,
  `created_at` datetime NOT NULL,
  `updated_at` datetime NOT NULL,
  `address_id` int(11) DEFAULT NULL,
  PRIMARY KEY (`id`)
) ENGINE=InnoDB AUTO_INCREMENT=208 DEFAULT CHARSET=utf8 COLLATE=utf8_unicode_ci;
/*!40101 SET character_set_client = @saved_cs_client */;

--
-- Dumping data for table `locations`
--

LOCK TABLES `locations` WRITE;
/*!40000 ALTER TABLE `locations` DISABLE KEYS */;
INSERT INTO `locations` VALUES (1,'Dana','1539','2016-06-28 12:07:47','2016-06-28 12:07:47',1),(2,'Dana','15th Floor','2016-06-28 12:07:47','2016-06-28 12:07:47',1),(3,'Dana','7th Floor','2016-06-28 12:07:47','2016-06-28 12:07:47',1),(4,'7CC','4th Floor','2016-06-28 12:07:47','2016-06-28 12:07:47',2),(5,'Dana','820','2016-06-28 12:07:47','2016-06-28 12:07:47',1),(6,'Dana','D3-JFC','2016-06-28 12:07:47','2016-06-28 12:07:47',1),(7,'Smith','970','2016-06-28 12:07:47','2016-06-28 12:07:47',1),(8,'Mayer','630','2016-06-28 12:07:47','2016-06-28 12:07:47',1),(10,'Mayer','530','2016-06-28 12:07:47','2016-06-28 12:07:47',1),(11,'Dana','1220','2016-06-28 12:07:47','2016-06-28 12:07:47',1),(12,'Mayer','513','2016-06-28 12:07:47','2016-06-28 12:07:47',1),(13,'Dana','1230','2016-06-28 12:07:47','2016-06-28 12:07:47',1),(14,'Dana','730','2016-06-28 12:07:47','2016-06-28 12:07:47',1),(15,'Dana','1B30','2016-06-28 12:07:47','2016-06-28 12:07:47',1),(16,'Mayer','430','2016-06-28 12:07:47','2016-06-28 12:07:47',1),(21,'Smith','1070','2016-06-28 12:07:47','2016-06-28 12:07:47',1),(22,'BWH','','2016-06-28 12:07:47','2016-06-28 12:07:47',3),(23,'21-27 Burlington Ave.','464','2016-06-28 12:07:47','2016-06-28 12:07:47',4),(24,'MGH','','2016-06-28 12:07:47','2016-06-28 12:07:47',5),(25,'Ophthalmology-Retina Service','','2016-06-28 12:07:47','2016-06-28 12:07:47',6),(26,'Mayer','448','2016-06-28 12:07:47','2016-06-28 12:07:47',1),(27,'MGH','Yawkey 3700','2016-06-28 12:07:47','2016-06-28 12:07:47',5),(28,'Thorn ','528','2016-06-28 12:07:47','2016-06-28 12:07:47',8),(29,'N-Of-One','','2016-06-28 12:07:47','2016-06-28 12:07:47',9),(30,'BWH','BLI-449A','2016-06-28 12:07:47','2016-06-28 12:07:47',10),(31,'Factor','','2016-06-28 12:07:47','2016-06-28 12:07:47',11),(32,'Neurology','','2016-06-28 12:07:47','2016-06-28 12:07:47',12),(33,'21-27 Burlington Ave.','B452A','2016-06-28 12:07:47','2016-06-28 12:07:47',4),(35,'Jimmy Fund','JF215','2016-06-28 12:07:47','2016-06-28 12:07:47',1),(36,'NIBR','','2016-06-28 12:07:47','2016-06-28 12:07:47',13),(40,'50 Blossom Street','GRJ 825','2016-06-28 12:07:47','2016-06-28 12:07:47',17),(42,'WRB','2-143','2016-06-28 12:07:47','2016-06-28 12:07:47',18),(43,'Infinity Pharmaceuticals','','2016-06-28 12:07:47','2016-06-28 12:07:47',19),(44,'375 Longwood','226','2016-06-28 12:07:47','2016-06-28 12:07:47',20),(45,'Peter Mac Research','3539','2016-06-28 12:07:47','2016-06-28 12:07:47',21),(46,'CLS','428','2016-06-28 12:07:47','2016-06-28 12:07:47',74),(47,'Smith','1054','2016-06-28 12:07:47','2016-06-28 12:07:47',1),(48,'Main building','4175-B','2016-06-28 12:07:47','2016-06-28 12:07:47',2),(49,'7CC','4175-X','2016-06-28 12:07:47','2016-06-28 12:07:47',2),(50,'Smith','742','2016-06-28 12:07:47','2016-06-28 12:07:47',1),(51,'Karp','08211','2016-06-28 12:07:47','2016-06-28 12:07:47',7),(52,'65 Landsdowne','435','2016-06-28 12:07:47','2016-06-28 12:07:47',34),(53,'Dana','D1541','2016-06-28 12:07:47','2016-06-28 12:07:47',1),(54,'Karp','6-216','2016-06-28 12:07:47','2016-06-28 12:07:47',7),(55,'Thier','6 floor','2016-06-28 12:07:47','2016-06-28 12:07:47',5),(56,'WANG','460','2016-06-28 12:07:47','2016-06-28 12:07:47',26),(57,'Thorn','932','2016-06-28 12:07:47','2016-06-28 12:07:47',3),(58,'Karp','RB06005A','2016-06-28 12:07:47','2016-06-28 12:07:47',7),(59,'Dana','1526','2016-06-28 12:07:47','2016-06-28 12:07:47',1),(60,'Dana','802','2016-06-28 12:07:48','2016-06-28 12:07:48',1),(61,'Karp','Rm 08006A','2016-06-28 12:07:48','2016-06-28 12:07:48',7),(62,'Samsung Cancer Center','11th floor','2016-06-28 12:07:48','2016-06-28 12:07:48',29),(63,'Thier','603','2016-06-28 12:07:48','2016-06-28 12:07:48',5),(64,'7CC','4034','2016-06-28 12:07:48','2016-06-28 12:07:48',2),(65,'LSRC','232','2016-06-28 12:07:48','2016-06-28 12:07:48',31),(66,'Dana','Lab','2016-06-28 12:07:48','2016-06-28 12:07:48',1),(67,'Karp','RB-07005A','2016-06-28 12:07:48','2016-06-28 12:07:48',7),(68,'149','7330','2016-06-28 12:07:48','2016-06-28 12:07:48',33),(69,'Mayer','415','2016-06-28 12:07:48','2016-06-28 12:07:48',1),(70,'Mayer','440','2016-06-28 12:07:48','2016-06-28 12:07:48',1),(71,'Partners Research bldg','441','2016-06-28 12:07:48','2016-06-28 12:07:48',34),(72,'Karp','5.210','2016-06-28 12:07:48','2016-06-28 12:07:48',7),(73,'Smilow','305','2016-06-28 12:07:48','2016-06-28 12:07:48',36),(74,'Factor','14-635','2016-06-28 12:07:48','2016-06-28 12:07:48',42),(75,'Enders','1174','2016-06-28 12:07:48','2016-06-28 12:07:48',38),(76,'WRN','3-324','2016-06-28 12:07:48','2016-06-28 12:07:48',5),(77,'Dana','640A','2016-06-28 12:07:48','2016-06-28 12:07:48',1),(78,'Richardson Laboratory','401','2016-06-28 12:07:48','2016-06-28 12:07:48',39),(79,'Samsung Cancer Center','188 B4','2016-06-28 12:07:48','2016-06-28 12:07:48',41),(81,'Factor','14-638','2016-06-28 12:07:48','2016-06-28 12:07:48',42),(83,'JF','208','2016-06-28 12:07:48','2016-06-28 12:07:48',1),(84,'Dana','1516','2016-06-28 12:07:48','2016-06-28 12:07:48',1),(85,'780 Memorial Drive','780 Memorial Drive','2016-06-28 12:07:48','2016-06-28 12:07:48',44),(86,'Mayer','1B29','2016-06-28 12:07:48','2016-06-28 12:07:48',1),(87,'Dana','1210','2016-06-28 12:07:48','2016-06-28 12:07:48',1),(88,'Dana','740','2016-06-28 12:07:48','2016-06-28 12:07:48',1),(90,'B301','5019','2016-06-28 12:07:48','2016-06-28 12:07:48',46),(91,'Smith','824','2016-06-28 12:07:48','2016-06-28 12:07:48',1),(92,'BIDMC Dana','536','2016-06-28 12:07:48','2016-06-28 12:07:48',74),(93,'Dana','15th floor','2016-06-28 12:07:48','2016-06-28 12:07:48',1),(94,'270 Albany','G310J','2016-06-28 12:07:48','2016-06-28 12:07:48',49),(95,'Peter Bent Brigham','CA 355','2016-06-28 12:07:48','2016-06-28 12:07:48',3),(96,'270 Albany','G310I','2016-06-28 12:07:48','2016-06-28 12:07:48',49),(97,'Mayer','413','2016-06-28 12:07:48','2016-06-28 12:07:48',50),(98,'Dana','630F','2016-06-28 12:07:48','2016-06-28 12:07:48',50),(99,'Smith','708','2016-06-28 12:07:48','2016-06-28 12:07:48',50),(100,'Smith','1022C','2016-06-28 12:07:48','2016-06-28 12:07:48',50),(101,'Mayer','654','2016-06-28 12:07:48','2016-06-28 12:07:48',50),(102,'CLS ','417','2016-06-28 12:07:48','2016-06-28 12:07:48',12),(103,'Jimmy Fund','614','2016-06-28 12:07:48','2016-06-28 12:07:48',50),(104,'Dana','1526','2016-06-28 12:07:48','2016-06-28 12:07:48',1),(105,'Mayer','457','2016-06-28 12:07:48','2016-06-28 12:07:48',50),(107,'Yawkey','1257','2016-06-28 12:07:48','2016-06-28 12:07:48',50),(108,'Mayer','563','2016-06-28 12:07:48','2016-06-28 12:07:48',1),(110,'Amory','360U','2016-06-28 12:07:48','2016-06-28 12:07:48',3),(111,'Dana','D512','2016-06-28 12:07:48','2016-06-28 12:07:48',1),(112,'CIEMAS','2323','2016-06-28 12:07:48','2016-06-28 12:07:48',57),(113,'CIEMAS','2323','2016-06-28 12:07:48','2016-06-28 12:07:48',57),(122,'Smith','1052','2016-06-28 12:07:48','2016-06-28 12:07:48',50),(123,'BLI','449B','2016-06-28 12:07:48','2016-06-28 12:07:48',10),(124,'Dana','1230','2016-06-28 12:07:48','2016-06-28 12:07:48',1),(125,'Joslin','630','2016-06-28 12:07:48','2016-06-28 12:07:48',68),(126,'Harvard Institutes of Medicine Building (4 Blackfan Circle)','HIM346','2016-06-28 12:07:48','2016-06-28 12:07:48',50),(127,'27 Drydock','DD466S','2016-06-28 12:07:48','2016-06-28 12:07:48',70),(128,'Dana','510B','2016-06-28 12:07:48','2016-06-28 12:07:48',50),(131,'7CC','4027','2016-06-28 12:07:48','2016-06-28 12:07:48',2),(132,'HIM','309','2016-06-28 12:07:48','2016-06-28 12:07:48',74),(133,'Center for Life Sciences','CLS441','2016-06-28 12:07:48','2016-06-28 12:07:48',75),(134,'Research North','2 floor','2016-06-28 12:07:48','2016-06-28 12:07:48',76),(135,'Warren','WRN-4-408C','2016-06-28 12:07:48','2016-06-28 12:07:48',5),(136,'BIDMC Pathology','','2016-06-28 12:07:48','2016-06-28 12:07:48',76),(137,'CWN-L2','Brachy','2016-06-28 12:07:48','2016-06-28 12:07:48',3),(138,'Dana','1230','2016-06-28 12:07:48','2016-06-28 12:07:48',50),(139,'Jimmy Fund','521','2016-06-28 12:07:48','2016-06-28 12:07:48',77),(140,'HIM ','344','2016-06-28 12:07:48','2016-06-28 12:07:48',78),(141,'Dana','15','2016-06-28 12:07:48','2016-06-28 12:07:48',79),(142,'mayer','515','2016-06-28 12:07:48','2016-06-28 12:07:48',77),(143,'Jimmy Fund','208B','2016-06-28 12:07:48','2016-06-28 12:07:48',80),(144,'HIM','240','2016-06-28 12:07:48','2016-06-28 12:07:48',81),(145,'Jimmy Fund','208B','2016-06-28 12:07:48','2016-06-28 12:07:48',77),(146,'Boston Lying-In','429A','2016-06-28 12:07:48','2016-06-28 12:07:48',82),(147,'Dana','819','2016-06-28 12:07:48','2016-06-28 12:07:48',77),(148,'bldg','rm','2016-06-28 12:07:48','2016-06-28 12:07:48',83),(149,'Smith','1234','2016-06-28 12:07:48','2016-06-28 12:07:48',84),(150,'Dana','1524','2016-06-28 12:07:48','2016-06-28 12:07:48',85),(151,'HSC','5445','2016-06-28 12:07:48','2016-06-28 12:07:48',86),(152,'Dana','8th Floor','2016-06-28 12:07:48','2016-06-28 12:07:48',1),(153,'Dana','510','2016-06-28 12:07:48','2016-06-28 12:07:48',1),(154,'Smith','1010','2016-06-28 12:07:48','2016-06-28 12:07:48',87),(155,'Dana','1234','2016-06-28 12:07:48','2016-06-28 12:07:48',85),(156,'Yawkey','1425','2016-06-28 12:07:48','2016-06-28 12:07:48',50),(157,'7CC','4175-J','2016-06-28 12:07:48','2016-06-28 12:07:48',2),(158,'DA','8','2016-06-28 12:07:48','2016-06-28 12:07:48',88),(159,'Mayer','620','2016-06-28 12:07:48','2016-06-28 12:07:48',89),(160,'020','0G4','2016-06-28 12:07:48','2016-06-28 12:07:48',90),(161,'Dana','D644','2016-06-28 12:07:48','2016-06-28 12:07:48',50),(162,'7CC','4th floor','2016-06-28 12:07:48','2016-06-28 12:07:48',50),(163,'Karp','08-212','2016-06-28 12:07:48','2016-06-28 12:07:48',91),(164,'Dana','757','2016-06-28 12:07:48','2016-06-28 12:07:48',50),(165,'WAB','444','2016-06-28 12:07:48','2016-06-28 12:07:48',92),(166,'Jimmy Fund','208C','2016-06-28 12:07:48','2016-06-28 12:07:48',1),(167,'Mayer','457','2016-06-28 12:07:48','2016-06-28 12:07:48',77),(168,'Banting Building','E110','2016-06-28 12:07:48','2016-06-28 12:07:48',93),(169,'Dana','1514','2016-06-28 12:07:48','2016-06-28 12:07:48',94),(170,'Dana','D628','2016-06-28 12:07:48','2016-06-28 12:07:48',95),(171,'Dana Building','1230','2016-06-28 12:07:48','2016-06-28 12:07:48',77),(172,'Smith','822C','2016-06-28 12:07:48','2016-06-28 12:07:48',77),(173,'Dana','D740B','2016-06-28 12:07:48','2016-06-28 12:07:48',50),(174,'Dana','D614','2016-06-28 12:07:48','2016-06-28 12:07:48',96),(175,'Dana','728','2016-06-28 12:07:48','2016-06-28 12:07:48',96),(176,'Dana','1514','2016-06-28 12:07:48','2016-06-28 12:07:48',97),(177,'HIM','237','2016-06-28 12:07:48','2016-06-28 12:07:48',98),(178,'Dana','640A','2016-06-28 12:07:48','2016-06-28 12:07:48',99),(179,'Mayer ','534','2016-06-28 12:07:48','2016-06-28 12:07:48',100),(180,'Dana ','1230','2016-06-28 12:07:48','2016-06-28 12:07:48',77),(181,'Broad','5064D','2016-06-28 12:07:48','2016-06-28 12:07:48',101),(182,'ND3','136','2016-06-28 12:07:48','2016-06-28 12:07:48',102),(183,'Karp','7004','2016-06-28 12:07:48','2016-06-28 12:07:48',103),(184,'Haematologicum','007','2016-06-28 12:07:48','2016-06-28 12:07:48',104),(185,'Dana','1514','2016-06-28 12:07:48','2016-06-28 12:07:48',77),(186,'Karp','5th floor','2016-06-28 12:07:48','2016-06-28 12:07:48',50),(187,'Hess','5-108','2016-06-28 12:07:48','2016-06-28 12:07:48',105),(188,'Dana','524','2016-06-28 12:07:48','2016-06-28 12:07:48',96),(189,'Dana','1240F','2016-06-28 12:07:48','2016-06-28 12:07:48',77),(190,'CLS','628C','2016-06-28 12:07:48','2016-06-28 12:07:48',75),(191,'Haupthaus','E.408','2016-06-28 12:07:48','2016-06-28 12:07:48',106),(192,'Smith','1022','2016-06-28 12:07:48','2016-06-28 12:07:48',107),(193,'Smith','1010','2016-06-28 12:07:48','2016-06-28 12:07:48',108),(194,'Dana Building','630D','2016-06-28 12:07:48','2016-06-28 12:07:48',1),(195,'Mayer','640','2016-06-28 12:07:48','2016-06-28 12:07:48',85),(196,'C','1.1','2016-06-28 12:07:48','2016-06-28 12:07:48',109),(197,'Karp','08006C','2016-06-28 12:07:48','2016-06-28 12:07:48',7),(198,'HIM','343','2016-06-28 12:07:48','2016-06-28 12:07:48',110),(199,'tbd','tbd','2016-06-28 12:07:48','2016-06-28 12:07:48',111),(200,'Dana','512','2016-06-28 12:07:48','2016-06-28 12:07:48',1),(201,'Pavillon F','623','2016-06-28 12:07:48','2016-06-28 12:07:48',112),(202,'Dana','512','2016-06-28 12:07:48','2016-06-28 12:07:48',77),(203,'Medical Research Building','7th floor','2016-06-28 12:07:48','2016-06-28 12:07:48',113),(204,'Karp','520','2016-06-28 12:07:48','2016-06-28 12:07:48',114),(205,'Jimmy Fund','208','2016-06-28 12:07:48','2016-06-28 12:07:48',77),(206,'Dana','628','2016-06-28 12:07:48','2016-06-28 12:07:48',77),(207,'Dana','730B','2016-06-28 12:07:48','2016-06-28 12:07:48',77);
/*!40000 ALTER TABLE `locations` ENABLE KEYS */;
UNLOCK TABLES;

--
-- Table structure for table `member_votes`
--

DROP TABLE IF EXISTS `member_votes`;
/*!40101 SET @saved_cs_client     = @@character_set_client */;
/*!40101 SET character_set_client = utf8 */;
CREATE TABLE `member_votes` (
  `id` int(11) NOT NULL AUTO_INCREMENT,
  `committee_id` int(11) DEFAULT NULL,
  `vote_id` int(11) DEFAULT NULL,
  `user_id` int(11) DEFAULT NULL,
  `comment` text COLLATE utf8_unicode_ci,
  `created_at` datetime NOT NULL,
  `updated_at` datetime NOT NULL,
  PRIMARY KEY (`id`),
  KEY `index_member_votes_on_user_id` (`user_id`) USING BTREE,
  KEY `index_member_votes_on_vote_id` (`vote_id`) USING BTREE
) ENGINE=InnoDB AUTO_INCREMENT=14 DEFAULT CHARSET=utf8 COLLATE=utf8_unicode_ci;
/*!40101 SET character_set_client = @saved_cs_client */;

--
-- Dumping data for table `member_votes`
--

LOCK TABLES `member_votes` WRITE;
/*!40000 ALTER TABLE `member_votes` DISABLE KEYS */;
/*!40000 ALTER TABLE `member_votes` ENABLE KEYS */;
UNLOCK TABLES;

--
-- Table structure for table `memberships`
--

DROP TABLE IF EXISTS `memberships`;
/*!40101 SET @saved_cs_client     = @@character_set_client */;
/*!40101 SET character_set_client = utf8 */;
CREATE TABLE `memberships` (
  `id` int(11) NOT NULL AUTO_INCREMENT,
  `user_id` int(11) DEFAULT NULL,
  `lab_group_id` int(11) DEFAULT NULL,
  `created_at` datetime NOT NULL,
  `updated_at` datetime NOT NULL,
  PRIMARY KEY (`id`)
) ENGINE=InnoDB AUTO_INCREMENT=269 DEFAULT CHARSET=utf8 COLLATE=utf8_unicode_ci;
/*!40101 SET character_set_client = @saved_cs_client */;

--
-- Dumping data for table `memberships`
--

LOCK TABLES `memberships` WRITE;
/*!40000 ALTER TABLE `memberships` DISABLE KEYS */;
INSERT INTO `memberships` VALUES (1,2,1,'2016-06-28 12:07:51','2016-06-28 12:07:51'),(2,3,1,'2016-06-28 12:07:51','2016-06-28 12:07:51'),(3,4,1,'2016-06-28 12:07:51','2016-06-28 12:07:51'),(4,50,1,'2016-06-28 12:07:51','2016-06-28 12:07:51'),(5,58,1,'2016-06-28 12:07:51','2016-06-28 12:07:51'),(6,61,1,'2016-06-28 12:07:51','2016-06-28 12:07:51'),(7,65,1,'2016-06-28 12:07:51','2016-06-28 12:07:51'),(8,73,1,'2016-06-28 12:07:51','2016-06-28 12:07:51'),(9,78,1,'2016-06-28 12:07:51','2016-06-28 12:07:51'),(10,81,1,'2016-06-28 12:07:51','2016-06-28 12:07:51'),(11,93,1,'2016-06-28 12:07:51','2016-06-28 12:07:51'),(12,108,1,'2016-06-28 12:07:51','2016-06-28 12:07:51'),(13,126,1,'2016-06-28 12:07:51','2016-06-28 12:07:51'),(14,137,1,'2016-06-28 12:07:51','2016-06-28 12:07:51'),(15,160,1,'2016-06-28 12:07:51','2016-06-28 12:07:51'),(16,171,1,'2016-06-28 12:07:51','2016-06-28 12:07:51'),(17,246,1,'2016-06-28 12:07:51','2016-06-28 12:07:51'),(18,250,1,'2016-06-28 12:07:51','2016-06-28 12:07:51'),(19,267,1,'2016-06-28 12:07:51','2016-06-28 12:07:51'),(20,317,1,'2016-06-28 12:07:51','2016-06-28 12:07:51'),(21,5,1,'2016-06-28 12:07:51','2016-06-28 12:07:51'),(22,6,1,'2016-06-28 12:07:51','2016-06-28 12:07:51'),(23,7,1,'2016-06-28 12:07:51','2016-06-28 12:07:51'),(24,40,1,'2016-06-28 12:07:51','2016-06-28 12:07:51'),(25,72,1,'2016-06-28 12:07:51','2016-06-28 12:07:51'),(26,154,1,'2016-06-28 12:07:51','2016-06-28 12:07:51'),(27,173,1,'2016-06-28 12:07:51','2016-06-28 12:07:51'),(28,175,1,'2016-06-28 12:07:51','2016-06-28 12:07:51'),(29,233,1,'2016-06-28 12:07:51','2016-06-28 12:07:51'),(30,266,1,'2016-06-28 12:07:51','2016-06-28 12:07:51'),(31,269,1,'2016-06-28 12:07:51','2016-06-28 12:07:51'),(32,38,1,'2016-06-28 12:07:51','2016-06-28 12:07:51'),(33,8,2,'2016-06-28 12:07:51','2016-06-28 12:07:51'),(34,27,2,'2016-06-28 12:07:51','2016-06-28 12:07:51'),(35,31,2,'2016-06-28 12:07:51','2016-06-28 12:07:51'),(36,36,2,'2016-06-28 12:07:51','2016-06-28 12:07:51'),(37,39,2,'2016-06-28 12:07:51','2016-06-28 12:07:51'),(38,43,2,'2016-06-28 12:07:51','2016-06-28 12:07:51'),(39,44,2,'2016-06-28 12:07:51','2016-06-28 12:07:51'),(40,45,2,'2016-06-28 12:07:51','2016-06-28 12:07:51'),(41,79,2,'2016-06-28 12:07:51','2016-06-28 12:07:51'),(42,80,2,'2016-06-28 12:07:51','2016-06-28 12:07:51'),(43,146,2,'2016-06-28 12:07:51','2016-06-28 12:07:51'),(44,9,3,'2016-06-28 12:07:51','2016-06-28 12:07:51'),(45,28,3,'2016-06-28 12:07:51','2016-06-28 12:07:51'),(46,10,4,'2016-06-28 12:07:51','2016-06-28 12:07:51'),(47,47,4,'2016-06-28 12:07:51','2016-06-28 12:07:51'),(48,10,5,'2016-06-28 12:07:51','2016-06-28 12:07:51'),(49,85,5,'2016-06-28 12:07:51','2016-06-28 12:07:51'),(50,11,6,'2016-06-28 12:07:51','2016-06-28 12:07:51'),(51,62,6,'2016-06-28 12:07:51','2016-06-28 12:07:51'),(52,122,6,'2016-06-28 12:07:51','2016-06-28 12:07:51'),(53,157,6,'2016-06-28 12:07:51','2016-06-28 12:07:51'),(54,161,6,'2016-06-28 12:07:51','2016-06-28 12:07:51'),(55,278,6,'2016-06-28 12:07:51','2016-06-28 12:07:51'),(56,12,7,'2016-06-28 12:07:51','2016-06-28 12:07:51'),(57,33,7,'2016-06-28 12:07:51','2016-06-28 12:07:51'),(58,113,7,'2016-06-28 12:07:51','2016-06-28 12:07:51'),(59,13,8,'2016-06-28 12:07:51','2016-06-28 12:07:51'),(60,49,8,'2016-06-28 12:07:51','2016-06-28 12:07:51'),(61,51,8,'2016-06-28 12:07:51','2016-06-28 12:07:51'),(62,13,9,'2016-06-28 12:07:51','2016-06-28 12:07:51'),(63,46,9,'2016-06-28 12:07:51','2016-06-28 12:07:51'),(64,97,9,'2016-06-28 12:07:51','2016-06-28 12:07:51'),(65,14,10,'2016-06-28 12:07:51','2016-06-28 12:07:51'),(66,141,10,'2016-06-28 12:07:51','2016-06-28 12:07:51'),(67,275,10,'2016-06-28 12:07:51','2016-06-28 12:07:51'),(68,15,11,'2016-06-28 12:07:51','2016-06-28 12:07:51'),(69,16,12,'2016-06-28 12:07:51','2016-06-28 12:07:51'),(70,17,13,'2016-06-28 12:07:51','2016-06-28 12:07:51'),(71,18,14,'2016-06-28 12:07:51','2016-06-28 12:07:51'),(72,19,15,'2016-06-28 12:07:51','2016-06-28 12:07:51'),(73,30,15,'2016-06-28 12:07:51','2016-06-28 12:07:51'),(74,20,16,'2016-06-28 12:07:51','2016-06-28 12:07:51'),(75,21,17,'2016-06-28 12:07:51','2016-06-28 12:07:51'),(76,22,18,'2016-06-28 12:07:51','2016-06-28 12:07:51'),(77,23,19,'2016-06-28 12:07:51','2016-06-28 12:07:51'),(78,24,20,'2016-06-28 12:07:51','2016-06-28 12:07:51'),(79,25,21,'2016-06-28 12:07:51','2016-06-28 12:07:51'),(80,277,21,'2016-06-28 12:07:51','2016-06-28 12:07:51'),(81,26,22,'2016-06-28 12:07:51','2016-06-28 12:07:51'),(82,34,24,'2016-06-28 12:07:51','2016-06-28 12:07:51'),(83,35,24,'2016-06-28 12:07:51','2016-06-28 12:07:51'),(84,37,25,'2016-06-28 12:07:51','2016-06-28 12:07:51'),(85,41,26,'2016-06-28 12:07:51','2016-06-28 12:07:51'),(86,42,27,'2016-06-28 12:07:51','2016-06-28 12:07:51'),(87,48,28,'2016-06-28 12:07:51','2016-06-28 12:07:51'),(88,52,30,'2016-06-28 12:07:51','2016-06-28 12:07:51'),(89,63,30,'2016-06-28 12:07:51','2016-06-28 12:07:51'),(90,53,31,'2016-06-28 12:07:51','2016-06-28 12:07:51'),(91,54,32,'2016-06-28 12:07:51','2016-06-28 12:07:51'),(92,55,33,'2016-06-28 12:07:51','2016-06-28 12:07:51'),(93,142,33,'2016-06-28 12:07:51','2016-06-28 12:07:51'),(94,143,33,'2016-06-28 12:07:51','2016-06-28 12:07:51'),(95,56,34,'2016-06-28 12:07:51','2016-06-28 12:07:51'),(96,57,35,'2016-06-28 12:07:51','2016-06-28 12:07:51'),(97,59,36,'2016-06-28 12:07:51','2016-06-28 12:07:51'),(98,60,37,'2016-06-28 12:07:51','2016-06-28 12:07:51'),(99,132,37,'2016-06-28 12:07:51','2016-06-28 12:07:51'),(100,64,39,'2016-06-28 12:07:51','2016-06-28 12:07:51'),(101,88,39,'2016-06-28 12:07:51','2016-06-28 12:07:51'),(102,282,39,'2016-06-28 12:07:51','2016-06-28 12:07:51'),(103,66,40,'2016-06-28 12:07:51','2016-06-28 12:07:51'),(104,92,40,'2016-06-28 12:07:51','2016-06-28 12:07:51'),(105,314,40,'2016-06-28 12:07:51','2016-06-28 12:07:51'),(106,70,42,'2016-06-28 12:07:51','2016-06-28 12:07:51'),(107,71,43,'2016-06-28 12:07:51','2016-06-28 12:07:51'),(108,74,45,'2016-06-28 12:07:51','2016-06-28 12:07:51'),(109,76,46,'2016-06-28 12:07:51','2016-06-28 12:07:51'),(110,130,46,'2016-06-28 12:07:51','2016-06-28 12:07:51'),(111,77,47,'2016-06-28 12:07:51','2016-06-28 12:07:51'),(112,82,48,'2016-06-28 12:07:51','2016-06-28 12:07:51'),(113,101,48,'2016-06-28 12:07:51','2016-06-28 12:07:51'),(114,215,48,'2016-06-28 12:07:51','2016-06-28 12:07:51'),(115,83,49,'2016-06-28 12:07:51','2016-06-28 12:07:51'),(116,176,49,'2016-06-28 12:07:51','2016-06-28 12:07:51'),(117,86,50,'2016-06-28 12:07:51','2016-06-28 12:07:51'),(118,87,51,'2016-06-28 12:07:51','2016-06-28 12:07:51'),(119,89,52,'2016-06-28 12:07:51','2016-06-28 12:07:51'),(120,90,53,'2016-06-28 12:07:51','2016-06-28 12:07:51'),(121,234,53,'2016-06-28 12:07:51','2016-06-28 12:07:51'),(122,107,53,'2016-06-28 12:07:51','2016-06-28 12:07:51'),(123,91,54,'2016-06-28 12:07:51','2016-06-28 12:07:51'),(124,94,55,'2016-06-28 12:07:51','2016-06-28 12:07:51'),(125,95,56,'2016-06-28 12:07:51','2016-06-28 12:07:51'),(126,96,57,'2016-06-28 12:07:51','2016-06-28 12:07:51'),(127,98,58,'2016-06-28 12:07:51','2016-06-28 12:07:51'),(128,99,59,'2016-06-28 12:07:51','2016-06-28 12:07:51'),(129,123,59,'2016-06-28 12:07:51','2016-06-28 12:07:51'),(130,291,59,'2016-06-28 12:07:51','2016-06-28 12:07:51'),(131,152,59,'2016-06-28 12:07:51','2016-06-28 12:07:51'),(132,174,59,'2016-06-28 12:07:51','2016-06-28 12:07:51'),(133,285,59,'2016-06-28 12:07:51','2016-06-28 12:07:51'),(134,100,60,'2016-06-28 12:07:51','2016-06-28 12:07:51'),(135,238,61,'2016-06-28 12:07:51','2016-06-28 12:07:51'),(136,102,63,'2016-06-28 12:07:51','2016-06-28 12:07:51'),(137,140,63,'2016-06-28 12:07:51','2016-06-28 12:07:51'),(138,103,64,'2016-06-28 12:07:51','2016-06-28 12:07:51'),(139,145,64,'2016-06-28 12:07:51','2016-06-28 12:07:51'),(140,159,64,'2016-06-28 12:07:51','2016-06-28 12:07:51'),(141,104,65,'2016-06-28 12:07:51','2016-06-28 12:07:51'),(142,105,66,'2016-06-28 12:07:51','2016-06-28 12:07:51'),(143,272,66,'2016-06-28 12:07:51','2016-06-28 12:07:51'),(144,289,66,'2016-06-28 12:07:51','2016-06-28 12:07:51'),(145,106,67,'2016-06-28 12:07:51','2016-06-28 12:07:51'),(146,109,68,'2016-06-28 12:07:51','2016-06-28 12:07:51'),(147,110,69,'2016-06-28 12:07:51','2016-06-28 12:07:51'),(148,111,70,'2016-06-28 12:07:51','2016-06-28 12:07:51'),(149,112,71,'2016-06-28 12:07:51','2016-06-28 12:07:51'),(150,133,71,'2016-06-28 12:07:51','2016-06-28 12:07:51'),(151,114,72,'2016-06-28 12:07:51','2016-06-28 12:07:51'),(152,116,73,'2016-06-28 12:07:51','2016-06-28 12:07:51'),(153,117,74,'2016-06-28 12:07:51','2016-06-28 12:07:51'),(154,119,75,'2016-06-28 12:07:51','2016-06-28 12:07:51'),(155,120,76,'2016-06-28 12:07:51','2016-06-28 12:07:51'),(156,121,77,'2016-06-28 12:07:51','2016-06-28 12:07:51'),(157,125,77,'2016-06-28 12:07:51','2016-06-28 12:07:51'),(158,124,78,'2016-06-28 12:07:51','2016-06-28 12:07:51'),(159,127,79,'2016-06-28 12:07:51','2016-06-28 12:07:51'),(160,128,80,'2016-06-28 12:07:51','2016-06-28 12:07:51'),(161,129,80,'2016-06-28 12:07:51','2016-06-28 12:07:51'),(162,134,81,'2016-06-28 12:07:51','2016-06-28 12:07:51'),(163,135,82,'2016-06-28 12:07:51','2016-06-28 12:07:51'),(164,136,83,'2016-06-28 12:07:51','2016-06-28 12:07:51'),(165,138,84,'2016-06-28 12:07:51','2016-06-28 12:07:51'),(166,139,85,'2016-06-28 12:07:51','2016-06-28 12:07:51'),(167,144,86,'2016-06-28 12:07:51','2016-06-28 12:07:51'),(168,147,87,'2016-06-28 12:07:51','2016-06-28 12:07:51'),(169,148,88,'2016-06-28 12:07:51','2016-06-28 12:07:51'),(170,150,89,'2016-06-28 12:07:51','2016-06-28 12:07:51'),(171,153,90,'2016-06-28 12:07:51','2016-06-28 12:07:51'),(172,155,91,'2016-06-28 12:07:51','2016-06-28 12:07:51'),(173,283,91,'2016-06-28 12:07:51','2016-06-28 12:07:51'),(174,156,93,'2016-06-28 12:07:51','2016-06-28 12:07:51'),(175,183,93,'2016-06-28 12:07:51','2016-06-28 12:07:51'),(176,158,94,'2016-06-28 12:07:51','2016-06-28 12:07:51'),(177,165,94,'2016-06-28 12:07:51','2016-06-28 12:07:51'),(178,258,94,'2016-06-28 12:07:51','2016-06-28 12:07:51'),(179,164,96,'2016-06-28 12:07:51','2016-06-28 12:07:51'),(180,167,97,'2016-06-28 12:07:51','2016-06-28 12:07:51'),(181,182,97,'2016-06-28 12:07:51','2016-06-28 12:07:51'),(182,168,98,'2016-06-28 12:07:51','2016-06-28 12:07:51'),(183,169,99,'2016-06-28 12:07:51','2016-06-28 12:07:51'),(184,172,100,'2016-06-28 12:07:51','2016-06-28 12:07:51'),(185,177,101,'2016-06-28 12:07:51','2016-06-28 12:07:51'),(186,178,102,'2016-06-28 12:07:51','2016-06-28 12:07:51'),(187,179,103,'2016-06-28 12:07:51','2016-06-28 12:07:51'),(188,226,103,'2016-06-28 12:07:51','2016-06-28 12:07:51'),(189,180,104,'2016-06-28 12:07:51','2016-06-28 12:07:51'),(190,184,106,'2016-06-28 12:07:51','2016-06-28 12:07:51'),(191,185,107,'2016-06-28 12:07:51','2016-06-28 12:07:51'),(192,186,108,'2016-06-28 12:07:51','2016-06-28 12:07:51'),(193,188,109,'2016-06-28 12:07:51','2016-06-28 12:07:51'),(194,216,112,'2016-06-28 12:07:51','2016-06-28 12:07:51'),(195,217,113,'2016-06-28 12:07:51','2016-06-28 12:07:51'),(196,218,114,'2016-06-28 12:07:51','2016-06-28 12:07:51'),(197,219,115,'2016-06-28 12:07:51','2016-06-28 12:07:51'),(198,220,116,'2016-06-28 12:07:51','2016-06-28 12:07:51'),(199,221,117,'2016-06-28 12:07:51','2016-06-28 12:07:51'),(200,309,117,'2016-06-28 12:07:51','2016-06-28 12:07:51'),(201,311,117,'2016-06-28 12:07:51','2016-06-28 12:07:51'),(202,224,118,'2016-06-28 12:07:51','2016-06-28 12:07:51'),(203,225,119,'2016-06-28 12:07:51','2016-06-28 12:07:51'),(204,261,119,'2016-06-28 12:07:51','2016-06-28 12:07:51'),(205,227,120,'2016-06-28 12:07:52','2016-06-28 12:07:52'),(206,228,121,'2016-06-28 12:07:52','2016-06-28 12:07:52'),(207,229,123,'2016-06-28 12:07:52','2016-06-28 12:07:52'),(208,230,124,'2016-06-28 12:07:52','2016-06-28 12:07:52'),(209,231,125,'2016-06-28 12:07:52','2016-06-28 12:07:52'),(210,232,126,'2016-06-28 12:07:52','2016-06-28 12:07:52'),(211,307,126,'2016-06-28 12:07:52','2016-06-28 12:07:52'),(212,245,127,'2016-06-28 12:07:52','2016-06-28 12:07:52'),(213,235,128,'2016-06-28 12:07:52','2016-06-28 12:07:52'),(214,237,129,'2016-06-28 12:07:52','2016-06-28 12:07:52'),(215,239,130,'2016-06-28 12:07:52','2016-06-28 12:07:52'),(216,240,131,'2016-06-28 12:07:52','2016-06-28 12:07:52'),(217,242,133,'2016-06-28 12:07:52','2016-06-28 12:07:52'),(218,243,134,'2016-06-28 12:07:52','2016-06-28 12:07:52'),(219,244,135,'2016-06-28 12:07:52','2016-06-28 12:07:52'),(220,247,136,'2016-06-28 12:07:52','2016-06-28 12:07:52'),(221,251,138,'2016-06-28 12:07:52','2016-06-28 12:07:52'),(222,252,139,'2016-06-28 12:07:52','2016-06-28 12:07:52'),(223,253,140,'2016-06-28 12:07:52','2016-06-28 12:07:52'),(224,254,141,'2016-06-28 12:07:52','2016-06-28 12:07:52'),(225,290,141,'2016-06-28 12:07:52','2016-06-28 12:07:52'),(226,305,141,'2016-06-28 12:07:52','2016-06-28 12:07:52'),(227,316,141,'2016-06-28 12:07:52','2016-06-28 12:07:52'),(228,255,142,'2016-06-28 12:07:52','2016-06-28 12:07:52'),(229,256,143,'2016-06-28 12:07:52','2016-06-28 12:07:52'),(230,257,144,'2016-06-28 12:07:52','2016-06-28 12:07:52'),(231,276,144,'2016-06-28 12:07:52','2016-06-28 12:07:52'),(232,259,145,'2016-06-28 12:07:52','2016-06-28 12:07:52'),(233,306,145,'2016-06-28 12:07:52','2016-06-28 12:07:52'),(234,260,146,'2016-06-28 12:07:52','2016-06-28 12:07:52'),(235,318,146,'2016-06-28 12:07:52','2016-06-28 12:07:52'),(236,262,147,'2016-06-28 12:07:52','2016-06-28 12:07:52'),(237,265,148,'2016-06-28 12:07:52','2016-06-28 12:07:52'),(238,268,149,'2016-06-28 12:07:52','2016-06-28 12:07:52'),(239,270,150,'2016-06-28 12:07:52','2016-06-28 12:07:52'),(240,271,151,'2016-06-28 12:07:52','2016-06-28 12:07:52'),(241,273,152,'2016-06-28 12:07:52','2016-06-28 12:07:52'),(242,274,153,'2016-06-28 12:07:52','2016-06-28 12:07:52'),(243,279,155,'2016-06-28 12:07:52','2016-06-28 12:07:52'),(244,280,156,'2016-06-28 12:07:52','2016-06-28 12:07:52'),(245,281,157,'2016-06-28 12:07:52','2016-06-28 12:07:52'),(246,284,158,'2016-06-28 12:07:52','2016-06-28 12:07:52'),(247,286,159,'2016-06-28 12:07:52','2016-06-28 12:07:52'),(248,287,160,'2016-06-28 12:07:52','2016-06-28 12:07:52'),(249,288,161,'2016-06-28 12:07:52','2016-06-28 12:07:52'),(250,292,162,'2016-06-28 12:07:52','2016-06-28 12:07:52'),(251,308,162,'2016-06-28 12:07:52','2016-06-28 12:07:52'),(252,293,163,'2016-06-28 12:07:52','2016-06-28 12:07:52'),(253,294,164,'2016-06-28 12:07:52','2016-06-28 12:07:52'),(254,295,165,'2016-06-28 12:07:52','2016-06-28 12:07:52'),(255,303,165,'2016-06-28 12:07:52','2016-06-28 12:07:52'),(256,296,166,'2016-06-28 12:07:52','2016-06-28 12:07:52'),(257,297,167,'2016-06-28 12:07:52','2016-06-28 12:07:52'),(258,298,168,'2016-06-28 12:07:52','2016-06-28 12:07:52'),(259,299,169,'2016-06-28 12:07:52','2016-06-28 12:07:52'),(260,301,169,'2016-06-28 12:07:52','2016-06-28 12:07:52'),(261,300,170,'2016-06-28 12:07:52','2016-06-28 12:07:52'),(262,302,171,'2016-06-28 12:07:52','2016-06-28 12:07:52'),(263,304,172,'2016-06-28 12:07:52','2016-06-28 12:07:52'),(264,310,174,'2016-06-28 12:07:52','2016-06-28 12:07:52'),(265,312,175,'2016-06-28 12:07:52','2016-06-28 12:07:52'),(266,313,176,'2016-06-28 12:07:52','2016-06-28 12:07:52'),(267,315,177,'2016-06-28 12:07:52','2016-06-28 12:07:52'),(268,319,141,'2016-06-28 12:07:52','2016-06-28 12:07:52');
/*!40000 ALTER TABLE `memberships` ENABLE KEYS */;
UNLOCK TABLES;

--
-- Table structure for table `organizations`
--

DROP TABLE IF EXISTS `organizations`;
/*!40101 SET @saved_cs_client     = @@character_set_client */;
/*!40101 SET character_set_client = utf8 */;
CREATE TABLE `organizations` (
  `id` int(11) NOT NULL AUTO_INCREMENT,
  `name` varchar(255) COLLATE utf8_unicode_ci DEFAULT NULL,
  `phone` varchar(255) COLLATE utf8_unicode_ci DEFAULT NULL,
  `email` varchar(255) COLLATE utf8_unicode_ci DEFAULT NULL,
  `created_at` datetime NOT NULL,
  `updated_at` datetime NOT NULL,
  `address_id` int(11) DEFAULT NULL,
  PRIMARY KEY (`id`)
) ENGINE=InnoDB AUTO_INCREMENT=76 DEFAULT CHARSET=utf8 COLLATE=utf8_unicode_ci;
/*!40101 SET character_set_client = @saved_cs_client */;

--
-- Dumping data for table `organizations`
--

LOCK TABLES `organizations` WRITE;
/*!40000 ALTER TABLE `organizations` DISABLE KEYS */;
INSERT INTO `organizations` VALUES (1,'Dana-Farber Cancer Institute','','','2016-06-28 12:07:48','2016-06-28 12:07:48',1),(2,'Broad Institute','','','2016-06-28 12:07:48','2016-06-28 12:07:48',2),(5,'Massachusetts Eye and Ear Infirmary','617 573 3367','inetwebmaster@meei.harvard.edu','2016-06-28 12:07:48','2016-06-28 12:07:48',6),(6,'N-Of-One','617 669 1706','jkinoshita@n-of-one.com','2016-06-28 12:07:48','2016-06-28 12:07:48',9),(7,'UCLA','3108259111','somwebmaster@mednet.ucla.edu','2016-06-28 12:07:48','2016-06-28 12:07:48',11),(11,'Novartis NIBR','6178718000','nibr@novartis.com','2016-06-28 12:07:48','2016-06-28 12:07:48',13),(12,'Case Western Reserve University','','Henry.Koon@UHhospitals.org','2016-06-28 12:07:48','2016-06-28 12:07:48',18),(13,'Peter MacCallum Cancer Centre','NULL','NULL','2016-06-28 12:07:48','2016-06-28 12:07:48',21),(14,'BIDMC','NULL','NULL','2016-06-28 12:07:48','2016-06-28 12:07:48',75),(16,'Brigham and Women\'s Hospital','NULL','NULL','2016-06-28 12:07:48','2016-06-28 12:07:48',34),(23,'Samsung Medical Center','NULL','NULL','2016-06-28 12:07:48','2016-06-28 12:07:48',29),(24,'Massachusetts General Hospital','NULL','NULL','2016-06-28 12:07:48','2016-06-28 12:07:48',5),(26,'Duke University Medical Center','NULL','NULL','2016-06-28 12:07:48','2016-06-28 12:07:48',31),(30,'Partners Healthcare-Virology','NULL','NULL','2016-06-28 12:07:48','2016-06-28 12:07:48',34),(31,'NYU School of Medicine','NULL','NULL','2016-06-28 12:07:48','2016-06-28 12:07:48',36),(32,'Children\'s Hospital Boston','NULL','NULL','2016-06-28 12:07:48','2016-06-28 12:07:48',38),(33,'Queen\'s University','NULL','NULL','2016-06-28 12:07:48','2016-06-28 12:07:48',39),(35,'Infinity Pharmaceuticals','NULL','NULL','2016-06-28 12:07:48','2016-06-28 12:07:48',44),(36,'Harvard University','NULL','NULL','2016-06-28 12:07:48','2016-06-28 12:07:48',75),(38,'Sanofi-Aventis','NULL','NULL','2016-06-28 12:07:48','2016-06-28 12:07:48',49),(40,'DFCI /HCC','NULL','NULL','2016-06-28 12:07:48','2016-06-28 12:07:48',12),(44,'Duke University','NULL','NULL','2016-06-28 12:07:48','2016-06-28 12:07:48',57),(48,'Center for Novel Exp Therapeutics','NULL','NULL','2016-06-28 12:07:48','2016-06-28 12:07:48',70),(51,'Beth Israel Deaconess Medical Center Harvard Medical School','NULL','NULL','2016-06-28 12:07:48','2016-06-28 12:07:48',76),(52,'DFCI','NULL','NULL','2016-06-28 12:07:48','2016-06-28 12:07:48',77),(53,'Dana Farber Cancer Institute','NULL','NULL','2016-06-28 12:07:48','2016-06-28 12:07:48',78),(54,'BWH','NULL','NULL','2016-06-28 12:07:48','2016-06-28 12:07:48',82),(55,'Beckman Coulter','NULL','NULL','2016-06-28 12:07:48','2016-06-28 12:07:48',84),(56,'Hospital For Sick CHildren','NULL','NULL','2016-06-28 12:07:48','2016-06-28 12:07:48',86),(57,'DFCI/Harvard','NULL','NULL','2016-06-28 12:07:48','2016-06-28 12:07:48',1),(58,'The Broad Institute of Harvard and MIT','NULL','NULL','2016-06-28 12:07:48','2016-06-28 12:07:48',2),(59,'Janssen Pharmaceutica','NULL','NULL','2016-06-28 12:07:48','2016-06-28 12:07:48',90),(60,'Boston Children\'s Hospital','NULL','NULL','2016-06-28 12:07:48','2016-06-28 12:07:48',91),(61,'Harvard Medical School','NULL','NULL','2016-06-28 12:07:48','2016-06-28 12:07:48',92),(62,'Health Canada','NULL','NULL','2016-06-28 12:07:48','2016-06-28 12:07:48',93),(63,'DFCI/Broad/BCH','NULL','NULL','2016-06-28 12:07:48','2016-06-28 12:07:48',94),(64,'Dana Farber','NULL','NULL','2016-06-28 12:07:48','2016-06-28 12:07:48',99),(65,'University of Texas Southwestern Medical Center','NULL','NULL','2016-06-28 12:07:48','2016-06-28 12:07:48',102),(66,'University of Munich','NULL','NULL','2016-06-28 12:07:48','2016-06-28 12:07:48',104),(67,'Mount Sinai','NULL','NULL','2016-06-28 12:07:48','2016-06-28 12:07:48',105),(68,'BIDMC',' Harvard Medical School','NULL','2016-06-28 12:07:48','2016-06-28 12:07:48',0),(69,'Kliniken Essen-Mitte','NULL','NULL','2016-06-28 12:07:48','2016-06-28 12:07:48',106),(70,'DFCI / BWH','NULL','NULL','2016-06-28 12:07:48','2016-06-28 12:07:48',107),(71,'Salzburg Cancer Research Institute','NULL','NULL','2016-06-28 12:07:48','2016-06-28 12:07:48',109),(72,'Lady Davis Institute','NULL','NULL','2016-06-28 12:07:48','2016-06-28 12:07:48',112),(73,'BWH Pathology','NULL','NULL','2016-06-28 12:07:48','2016-06-28 12:07:48',113),(74,'DFCI/BWH','NULL','NULL','2016-06-28 12:07:48','2016-06-28 12:07:48',114),(75,'DFCI-MO','NULL','NULL','2016-06-28 12:07:48','2016-06-28 12:07:48',77);
/*!40000 ALTER TABLE `organizations` ENABLE KEYS */;
UNLOCK TABLES;

--
-- Table structure for table `platforms`
--

DROP TABLE IF EXISTS `platforms`;
/*!40101 SET @saved_cs_client     = @@character_set_client */;
/*!40101 SET character_set_client = utf8 */;
CREATE TABLE `platforms` (
  `id` int(11) NOT NULL AUTO_INCREMENT,
  `name` varchar(255) COLLATE utf8_unicode_ci DEFAULT NULL,
  `code` varchar(4) COLLATE utf8_unicode_ci DEFAULT NULL,
  `created_at` datetime NOT NULL,
  `updated_at` datetime NOT NULL,
  PRIMARY KEY (`id`)
) ENGINE=InnoDB AUTO_INCREMENT=20 DEFAULT CHARSET=utf8 COLLATE=utf8_unicode_ci;
/*!40101 SET character_set_client = @saved_cs_client */;

--
-- Dumping data for table `platforms`
--

LOCK TABLES `platforms` WRITE;
/*!40000 ALTER TABLE `platforms` DISABLE KEYS */;
INSERT INTO `platforms` VALUES (1,'Sequenom Genotyping','GT','2016-06-28 12:07:53','2016-06-28 12:07:53'),(2,'Illumina Whole Genome Sequencing','WG','2016-06-28 12:07:53','2016-06-28 12:07:53'),(3,'Sanger Sequencing','AS','2016-06-28 12:07:53','2016-06-28 12:07:53'),(4,'Illumina Whole Exome Sequencing (v2)','WE','2016-06-28 12:07:53','2016-06-28 12:07:53'),(5,'Illumina Targeted Sequencing (Oncopanel version 2)','TS','2016-06-28 12:07:53','2016-06-28 12:07:53'),(6,'Affymetrix SNP Array','A6','2016-06-28 12:07:53','2016-06-28 12:07:53'),(7,'DNA Fingerprinting','FP','2016-06-28 12:07:53','2016-06-28 12:07:53'),(8,'Affymetrix Gene Expression','AG','2016-06-28 12:07:53','2016-06-28 12:07:53'),(9,'Illumina Sequencing of Prepared Libraries','IS','2016-06-28 12:07:53','2016-06-28 12:07:53'),(10,'Whole Transcriptome Shotgun Sequencing (RNA-Seq)','RS','2016-06-28 12:07:53','2016-06-28 12:07:53'),(11,'ChIP-Sequencing','CS','2016-06-28 12:07:53','2016-06-28 12:07:53'),(12,'Amplicon Sequencing','AS','2016-06-28 12:07:53','2016-06-28 12:07:53'),(13,'Illumina Targeted Sequencing (Custom Bait set)','CB','2016-06-28 12:07:53','2016-06-28 12:07:53'),(14,'Illumina Targeted Sequencing (Profile Oncopanel version 1)','PP','2016-06-28 12:07:53','2016-06-28 12:07:53'),(15,'Illumina Targeted Sequencing (Oncopanel version 3)','P3','2016-06-28 12:07:53','2016-06-28 12:07:53'),(16,'Illumina Targeted Sequencing (Oncopanel version 3 w/ Trl)','3T','2016-06-28 12:07:53','2016-06-28 12:07:53'),(17,'Illumina Whole Exome Sequencing (v5)','E5','2016-06-28 12:07:53','2016-06-28 12:07:53'),(18,'Illumina Whole Exome Sequencing w/ Trl (v5)','ET','2016-06-28 12:07:53','2016-06-28 12:07:53'),(19,'Illumina Whole Exome Sequencing - Mouse (v1)','ME','2016-06-28 12:07:53','2016-06-28 12:07:53');
/*!40000 ALTER TABLE `platforms` ENABLE KEYS */;
UNLOCK TABLES;

--
-- Table structure for table `privileges`
--

DROP TABLE IF EXISTS `privileges`;
/*!40101 SET @saved_cs_client     = @@character_set_client */;
/*!40101 SET character_set_client = utf8 */;
CREATE TABLE `privileges` (
  `id` int(11) NOT NULL AUTO_INCREMENT,
  `created_at` datetime NOT NULL,
  `updated_at` datetime NOT NULL,
  `user_id` int(11) NOT NULL,
  `role_id` int(11) NOT NULL,
  PRIMARY KEY (`id`),
  KEY `index_privileges_on_role_id` (`role_id`) USING BTREE,
  KEY `index_privileges_on_user_id` (`user_id`) USING BTREE
) ENGINE=InnoDB AUTO_INCREMENT=452 DEFAULT CHARSET=utf8 COLLATE=utf8_unicode_ci;
/*!40101 SET character_set_client = @saved_cs_client */;

--
-- Dumping data for table `privileges`
--

LOCK TABLES `privileges` WRITE;
/*!40000 ALTER TABLE `privileges` DISABLE KEYS */;
INSERT INTO `privileges` VALUES (1,'2016-06-28 12:07:52','2016-06-28 12:07:52',2,1),(2,'2016-06-28 12:07:52','2016-06-28 12:07:52',3,1),(3,'2016-06-28 12:07:52','2016-06-28 12:07:52',73,1),(4,'2016-06-28 12:07:52','2016-06-28 12:07:52',108,1),(5,'2016-06-28 12:07:52','2016-06-28 12:07:52',123,1),(6,'2016-06-28 12:07:52','2016-06-28 12:07:52',137,1),(7,'2016-06-28 12:07:52','2016-06-28 12:07:52',154,1),(8,'2016-06-28 12:07:52','2016-06-28 12:07:52',160,1),(9,'2016-06-28 12:07:52','2016-06-28 12:07:52',171,1),(10,'2016-06-28 12:07:52','2016-06-28 12:07:52',233,1),(11,'2016-06-28 12:07:52','2016-06-28 12:07:52',246,1),(12,'2016-06-28 12:07:52','2016-06-28 12:07:52',250,1),(13,'2016-06-28 12:07:52','2016-06-28 12:07:52',267,1),(14,'2016-06-28 12:07:52','2016-06-28 12:07:52',316,1),(15,'2016-06-28 12:07:52','2016-06-28 12:07:52',317,1),(16,'2016-06-28 12:07:52','2016-06-28 12:07:52',8,2),(17,'2016-06-28 12:07:52','2016-06-28 12:07:52',9,2),(18,'2016-06-28 12:07:52','2016-06-28 12:07:52',10,2),(19,'2016-06-28 12:07:52','2016-06-28 12:07:52',11,2),(20,'2016-06-28 12:07:52','2016-06-28 12:07:52',12,2),(21,'2016-06-28 12:07:52','2016-06-28 12:07:52',13,2),(22,'2016-06-28 12:07:52','2016-06-28 12:07:52',14,2),(23,'2016-06-28 12:07:52','2016-06-28 12:07:52',46,2),(24,'2016-06-28 12:07:52','2016-06-28 12:07:52',167,2),(25,'2016-06-28 12:07:52','2016-06-28 12:07:52',263,2),(26,'2016-06-28 12:07:52','2016-06-28 12:07:52',264,2),(27,'2016-06-28 12:07:52','2016-06-28 12:07:52',2,3),(28,'2016-06-28 12:07:52','2016-06-28 12:07:52',3,3),(29,'2016-06-28 12:07:52','2016-06-28 12:07:52',4,3),(30,'2016-06-28 12:07:52','2016-06-28 12:07:52',5,3),(31,'2016-06-28 12:07:52','2016-06-28 12:07:52',7,3),(32,'2016-06-28 12:07:52','2016-06-28 12:07:52',27,3),(33,'2016-06-28 12:07:52','2016-06-28 12:07:52',40,3),(34,'2016-06-28 12:07:52','2016-06-28 12:07:52',61,3),(35,'2016-06-28 12:07:52','2016-06-28 12:07:52',65,3),(36,'2016-06-28 12:07:52','2016-06-28 12:07:52',81,3),(37,'2016-06-28 12:07:52','2016-06-28 12:07:52',108,3),(38,'2016-06-28 12:07:52','2016-06-28 12:07:52',123,3),(39,'2016-06-28 12:07:52','2016-06-28 12:07:52',126,3),(40,'2016-06-28 12:07:52','2016-06-28 12:07:52',137,3),(41,'2016-06-28 12:07:52','2016-06-28 12:07:52',145,3),(42,'2016-06-28 12:07:52','2016-06-28 12:07:52',154,3),(43,'2016-06-28 12:07:52','2016-06-28 12:07:52',160,3),(44,'2016-06-28 12:07:52','2016-06-28 12:07:52',171,3),(45,'2016-06-28 12:07:52','2016-06-28 12:07:52',173,3),(46,'2016-06-28 12:07:52','2016-06-28 12:07:52',233,3),(47,'2016-06-28 12:07:52','2016-06-28 12:07:52',246,3),(48,'2016-06-28 12:07:52','2016-06-28 12:07:52',250,3),(49,'2016-06-28 12:07:52','2016-06-28 12:07:52',266,3),(50,'2016-06-28 12:07:52','2016-06-28 12:07:52',267,3),(51,'2016-06-28 12:07:52','2016-06-28 12:07:52',269,3),(52,'2016-06-28 12:07:52','2016-06-28 12:07:52',290,3),(53,'2016-06-28 12:07:52','2016-06-28 12:07:52',305,3),(54,'2016-06-28 12:07:52','2016-06-28 12:07:52',2,5),(55,'2016-06-28 12:07:52','2016-06-28 12:07:52',3,5),(56,'2016-06-28 12:07:52','2016-06-28 12:07:52',4,5),(57,'2016-06-28 12:07:52','2016-06-28 12:07:52',5,5),(58,'2016-06-28 12:07:52','2016-06-28 12:07:52',8,5),(59,'2016-06-28 12:07:52','2016-06-28 12:07:52',9,5),(60,'2016-06-28 12:07:52','2016-06-28 12:07:52',10,5),(61,'2016-06-28 12:07:52','2016-06-28 12:07:52',11,5),(62,'2016-06-28 12:07:52','2016-06-28 12:07:52',12,5),(63,'2016-06-28 12:07:52','2016-06-28 12:07:52',13,5),(64,'2016-06-28 12:07:52','2016-06-28 12:07:52',14,5),(65,'2016-06-28 12:07:52','2016-06-28 12:07:52',15,5),(66,'2016-06-28 12:07:52','2016-06-28 12:07:52',16,5),(67,'2016-06-28 12:07:52','2016-06-28 12:07:52',17,5),(68,'2016-06-28 12:07:52','2016-06-28 12:07:52',18,5),(69,'2016-06-28 12:07:52','2016-06-28 12:07:52',19,5),(70,'2016-06-28 12:07:52','2016-06-28 12:07:52',20,5),(71,'2016-06-28 12:07:52','2016-06-28 12:07:52',21,5),(72,'2016-06-28 12:07:52','2016-06-28 12:07:52',22,5),(73,'2016-06-28 12:07:52','2016-06-28 12:07:52',23,5),(74,'2016-06-28 12:07:52','2016-06-28 12:07:52',24,5),(75,'2016-06-28 12:07:52','2016-06-28 12:07:52',25,5),(76,'2016-06-28 12:07:52','2016-06-28 12:07:52',26,5),(77,'2016-06-28 12:07:52','2016-06-28 12:07:52',34,5),(78,'2016-06-28 12:07:52','2016-06-28 12:07:52',37,5),(79,'2016-06-28 12:07:52','2016-06-28 12:07:52',38,5),(80,'2016-06-28 12:07:52','2016-06-28 12:07:52',39,5),(81,'2016-06-28 12:07:52','2016-06-28 12:07:52',41,5),(82,'2016-06-28 12:07:52','2016-06-28 12:07:52',42,5),(83,'2016-06-28 12:07:52','2016-06-28 12:07:52',50,5),(84,'2016-06-28 12:07:52','2016-06-28 12:07:52',51,5),(85,'2016-06-28 12:07:52','2016-06-28 12:07:52',52,5),(86,'2016-06-28 12:07:52','2016-06-28 12:07:52',53,5),(87,'2016-06-28 12:07:52','2016-06-28 12:07:52',56,5),(88,'2016-06-28 12:07:52','2016-06-28 12:07:52',57,5),(89,'2016-06-28 12:07:52','2016-06-28 12:07:52',58,5),(90,'2016-06-28 12:07:52','2016-06-28 12:07:52',59,5),(91,'2016-06-28 12:07:52','2016-06-28 12:07:52',60,5),(92,'2016-06-28 12:07:52','2016-06-28 12:07:52',63,5),(93,'2016-06-28 12:07:52','2016-06-28 12:07:52',66,5),(94,'2016-06-28 12:07:52','2016-06-28 12:07:52',70,5),(95,'2016-06-28 12:07:52','2016-06-28 12:07:52',71,5),(96,'2016-06-28 12:07:52','2016-06-28 12:07:52',72,5),(97,'2016-06-28 12:07:52','2016-06-28 12:07:52',76,5),(98,'2016-06-28 12:07:52','2016-06-28 12:07:52',77,5),(99,'2016-06-28 12:07:52','2016-06-28 12:07:52',79,5),(100,'2016-06-28 12:07:52','2016-06-28 12:07:52',87,5),(101,'2016-06-28 12:07:52','2016-06-28 12:07:52',91,5),(102,'2016-06-28 12:07:52','2016-06-28 12:07:52',95,5),(103,'2016-06-28 12:07:52','2016-06-28 12:07:52',96,5),(104,'2016-06-28 12:07:52','2016-06-28 12:07:52',99,5),(105,'2016-06-28 12:07:52','2016-06-28 12:07:52',102,5),(106,'2016-06-28 12:07:52','2016-06-28 12:07:52',103,5),(107,'2016-06-28 12:07:52','2016-06-28 12:07:52',112,5),(108,'2016-06-28 12:07:52','2016-06-28 12:07:52',114,5),(109,'2016-06-28 12:07:52','2016-06-28 12:07:52',117,5),(110,'2016-06-28 12:07:52','2016-06-28 12:07:52',125,5),(111,'2016-06-28 12:07:52','2016-06-28 12:07:52',134,5),(112,'2016-06-28 12:07:52','2016-06-28 12:07:52',137,5),(113,'2016-06-28 12:07:52','2016-06-28 12:07:52',138,5),(114,'2016-06-28 12:07:52','2016-06-28 12:07:52',139,5),(115,'2016-06-28 12:07:52','2016-06-28 12:07:52',140,5),(116,'2016-06-28 12:07:52','2016-06-28 12:07:52',145,5),(117,'2016-06-28 12:07:52','2016-06-28 12:07:52',153,5),(118,'2016-06-28 12:07:52','2016-06-28 12:07:52',154,5),(119,'2016-06-28 12:07:52','2016-06-28 12:07:52',155,5),(120,'2016-06-28 12:07:52','2016-06-28 12:07:52',156,5),(121,'2016-06-28 12:07:52','2016-06-28 12:07:52',158,5),(122,'2016-06-28 12:07:52','2016-06-28 12:07:52',161,5),(123,'2016-06-28 12:07:52','2016-06-28 12:07:52',164,5),(124,'2016-06-28 12:07:52','2016-06-28 12:07:52',167,5),(125,'2016-06-28 12:07:52','2016-06-28 12:07:52',168,5),(126,'2016-06-28 12:07:52','2016-06-28 12:07:52',169,5),(127,'2016-06-28 12:07:52','2016-06-28 12:07:52',177,5),(128,'2016-06-28 12:07:52','2016-06-28 12:07:52',178,5),(129,'2016-06-28 12:07:52','2016-06-28 12:07:52',179,5),(130,'2016-06-28 12:07:52','2016-06-28 12:07:52',184,5),(131,'2016-06-28 12:07:52','2016-06-28 12:07:52',186,5),(132,'2016-06-28 12:07:52','2016-06-28 12:07:52',216,5),(133,'2016-06-28 12:07:52','2016-06-28 12:07:52',217,5),(134,'2016-06-28 12:07:52','2016-06-28 12:07:52',219,5),(135,'2016-06-28 12:07:52','2016-06-28 12:07:52',221,5),(136,'2016-06-28 12:07:52','2016-06-28 12:07:52',226,5),(137,'2016-06-28 12:07:52','2016-06-28 12:07:52',227,5),(138,'2016-06-28 12:07:52','2016-06-28 12:07:52',228,5),(139,'2016-06-28 12:07:52','2016-06-28 12:07:52',229,5),(140,'2016-06-28 12:07:52','2016-06-28 12:07:52',231,5),(141,'2016-06-28 12:07:52','2016-06-28 12:07:52',234,5),(142,'2016-06-28 12:07:52','2016-06-28 12:07:52',239,5),(143,'2016-06-28 12:07:52','2016-06-28 12:07:52',240,5),(144,'2016-06-28 12:07:52','2016-06-28 12:07:52',243,5),(145,'2016-06-28 12:07:52','2016-06-28 12:07:52',244,5),(146,'2016-06-28 12:07:52','2016-06-28 12:07:52',245,5),(147,'2016-06-28 12:07:52','2016-06-28 12:07:52',246,5),(148,'2016-06-28 12:07:52','2016-06-28 12:07:52',250,5),(149,'2016-06-28 12:07:52','2016-06-28 12:07:52',251,5),(150,'2016-06-28 12:07:52','2016-06-28 12:07:52',252,5),(151,'2016-06-28 12:07:52','2016-06-28 12:07:52',256,5),(152,'2016-06-28 12:07:52','2016-06-28 12:07:52',259,5),(153,'2016-06-28 12:07:52','2016-06-28 12:07:52',269,5),(154,'2016-06-28 12:07:52','2016-06-28 12:07:52',270,5),(155,'2016-06-28 12:07:52','2016-06-28 12:07:52',271,5),(156,'2016-06-28 12:07:52','2016-06-28 12:07:52',286,5),(157,'2016-06-28 12:07:52','2016-06-28 12:07:52',288,5),(158,'2016-06-28 12:07:52','2016-06-28 12:07:52',292,5),(159,'2016-06-28 12:07:52','2016-06-28 12:07:52',293,5),(160,'2016-06-28 12:07:52','2016-06-28 12:07:52',295,5),(161,'2016-06-28 12:07:52','2016-06-28 12:07:52',296,5),(162,'2016-06-28 12:07:52','2016-06-28 12:07:52',297,5),(163,'2016-06-28 12:07:52','2016-06-28 12:07:52',298,5),(164,'2016-06-28 12:07:52','2016-06-28 12:07:52',300,5),(165,'2016-06-28 12:07:52','2016-06-28 12:07:52',310,5),(166,'2016-06-28 12:07:52','2016-06-28 12:07:52',312,5),(167,'2016-06-28 12:07:52','2016-06-28 12:07:52',318,5),(168,'2016-06-28 12:07:52','2016-06-28 12:07:52',5,5),(169,'2016-06-28 12:07:52','2016-06-28 12:07:52',6,5),(170,'2016-06-28 12:07:52','2016-06-28 12:07:52',27,5),(171,'2016-06-28 12:07:52','2016-06-28 12:07:52',28,5),(172,'2016-06-28 12:07:52','2016-06-28 12:07:52',30,5),(173,'2016-06-28 12:07:52','2016-06-28 12:07:52',31,5),(174,'2016-06-28 12:07:52','2016-06-28 12:07:52',33,5),(175,'2016-06-28 12:07:52','2016-06-28 12:07:52',35,5),(176,'2016-06-28 12:07:52','2016-06-28 12:07:52',36,5),(177,'2016-06-28 12:07:52','2016-06-28 12:07:52',39,5),(178,'2016-06-28 12:07:52','2016-06-28 12:07:52',40,5),(179,'2016-06-28 12:07:52','2016-06-28 12:07:52',43,5),(180,'2016-06-28 12:07:52','2016-06-28 12:07:52',44,5),(181,'2016-06-28 12:07:52','2016-06-28 12:07:52',45,5),(182,'2016-06-28 12:07:52','2016-06-28 12:07:52',46,5),(183,'2016-06-28 12:07:52','2016-06-28 12:07:52',47,5),(184,'2016-06-28 12:07:52','2016-06-28 12:07:52',48,5),(185,'2016-06-28 12:07:52','2016-06-28 12:07:52',49,5),(186,'2016-06-28 12:07:52','2016-06-28 12:07:52',50,5),(187,'2016-06-28 12:07:52','2016-06-28 12:07:52',54,5),(188,'2016-06-28 12:07:52','2016-06-28 12:07:52',55,5),(189,'2016-06-28 12:07:52','2016-06-28 12:07:52',61,5),(190,'2016-06-28 12:07:52','2016-06-28 12:07:52',62,5),(191,'2016-06-28 12:07:52','2016-06-28 12:07:52',64,5),(192,'2016-06-28 12:07:52','2016-06-28 12:07:52',65,5),(193,'2016-06-28 12:07:52','2016-06-28 12:07:52',74,5),(194,'2016-06-28 12:07:52','2016-06-28 12:07:52',78,5),(195,'2016-06-28 12:07:52','2016-06-28 12:07:52',80,5),(196,'2016-06-28 12:07:52','2016-06-28 12:07:52',81,5),(197,'2016-06-28 12:07:52','2016-06-28 12:07:52',82,5),(198,'2016-06-28 12:07:52','2016-06-28 12:07:52',83,5),(199,'2016-06-28 12:07:52','2016-06-28 12:07:52',85,5),(200,'2016-06-28 12:07:52','2016-06-28 12:07:52',86,5),(201,'2016-06-28 12:07:52','2016-06-28 12:07:52',88,5),(202,'2016-06-28 12:07:52','2016-06-28 12:07:52',89,5),(203,'2016-06-28 12:07:52','2016-06-28 12:07:52',90,5),(204,'2016-06-28 12:07:52','2016-06-28 12:07:52',92,5),(205,'2016-06-28 12:07:52','2016-06-28 12:07:52',93,5),(206,'2016-06-28 12:07:52','2016-06-28 12:07:52',94,5),(207,'2016-06-28 12:07:52','2016-06-28 12:07:52',97,5),(208,'2016-06-28 12:07:52','2016-06-28 12:07:52',98,5),(209,'2016-06-28 12:07:52','2016-06-28 12:07:52',99,5),(210,'2016-06-28 12:07:52','2016-06-28 12:07:52',100,5),(211,'2016-06-28 12:07:52','2016-06-28 12:07:52',101,5),(212,'2016-06-28 12:07:52','2016-06-28 12:07:52',104,5),(213,'2016-06-28 12:07:52','2016-06-28 12:07:52',105,5),(214,'2016-06-28 12:07:52','2016-06-28 12:07:52',106,5),(215,'2016-06-28 12:07:52','2016-06-28 12:07:52',107,5),(216,'2016-06-28 12:07:52','2016-06-28 12:07:52',108,5),(217,'2016-06-28 12:07:52','2016-06-28 12:07:52',109,5),(218,'2016-06-28 12:07:52','2016-06-28 12:07:52',110,5),(219,'2016-06-28 12:07:52','2016-06-28 12:07:52',111,5),(220,'2016-06-28 12:07:52','2016-06-28 12:07:52',113,5),(221,'2016-06-28 12:07:52','2016-06-28 12:07:52',116,5),(222,'2016-06-28 12:07:52','2016-06-28 12:07:52',119,5),(223,'2016-06-28 12:07:52','2016-06-28 12:07:52',120,5),(224,'2016-06-28 12:07:52','2016-06-28 12:07:52',121,5),(225,'2016-06-28 12:07:52','2016-06-28 12:07:52',122,5),(226,'2016-06-28 12:07:52','2016-06-28 12:07:52',124,5),(227,'2016-06-28 12:07:52','2016-06-28 12:07:52',127,5),(228,'2016-06-28 12:07:52','2016-06-28 12:07:52',128,5),(229,'2016-06-28 12:07:52','2016-06-28 12:07:52',129,5),(230,'2016-06-28 12:07:52','2016-06-28 12:07:52',130,5),(231,'2016-06-28 12:07:52','2016-06-28 12:07:52',132,5),(232,'2016-06-28 12:07:52','2016-06-28 12:07:52',133,5),(233,'2016-06-28 12:07:52','2016-06-28 12:07:52',136,5),(234,'2016-06-28 12:07:52','2016-06-28 12:07:52',137,5),(235,'2016-06-28 12:07:52','2016-06-28 12:07:52',141,5),(236,'2016-06-28 12:07:52','2016-06-28 12:07:52',144,5),(237,'2016-06-28 12:07:52','2016-06-28 12:07:52',145,5),(238,'2016-06-28 12:07:52','2016-06-28 12:07:52',146,5),(239,'2016-06-28 12:07:52','2016-06-28 12:07:52',148,5),(240,'2016-06-28 12:07:52','2016-06-28 12:07:52',150,5),(241,'2016-06-28 12:07:52','2016-06-28 12:07:52',152,5),(242,'2016-06-28 12:07:52','2016-06-28 12:07:52',157,5),(243,'2016-06-28 12:07:52','2016-06-28 12:07:52',159,5),(244,'2016-06-28 12:07:52','2016-06-28 12:07:52',160,5),(245,'2016-06-28 12:07:52','2016-06-28 12:07:52',161,5),(246,'2016-06-28 12:07:53','2016-06-28 12:07:53',164,5),(247,'2016-06-28 12:07:53','2016-06-28 12:07:53',165,5),(248,'2016-06-28 12:07:53','2016-06-28 12:07:53',168,5),(249,'2016-06-28 12:07:53','2016-06-28 12:07:53',171,5),(250,'2016-06-28 12:07:53','2016-06-28 12:07:53',172,5),(251,'2016-06-28 12:07:53','2016-06-28 12:07:53',173,5),(252,'2016-06-28 12:07:53','2016-06-28 12:07:53',174,5),(253,'2016-06-28 12:07:53','2016-06-28 12:07:53',175,5),(254,'2016-06-28 12:07:53','2016-06-28 12:07:53',176,5),(255,'2016-06-28 12:07:53','2016-06-28 12:07:53',177,5),(256,'2016-06-28 12:07:53','2016-06-28 12:07:53',180,5),(257,'2016-06-28 12:07:53','2016-06-28 12:07:53',182,5),(258,'2016-06-28 12:07:53','2016-06-28 12:07:53',183,5),(259,'2016-06-28 12:07:53','2016-06-28 12:07:53',185,5),(260,'2016-06-28 12:07:53','2016-06-28 12:07:53',188,5),(261,'2016-06-28 12:07:53','2016-06-28 12:07:53',215,5),(262,'2016-06-28 12:07:53','2016-06-28 12:07:53',217,5),(263,'2016-06-28 12:07:53','2016-06-28 12:07:53',218,5),(264,'2016-06-28 12:07:53','2016-06-28 12:07:53',220,5),(265,'2016-06-28 12:07:53','2016-06-28 12:07:53',224,5),(266,'2016-06-28 12:07:53','2016-06-28 12:07:53',225,5),(267,'2016-06-28 12:07:53','2016-06-28 12:07:53',230,5),(268,'2016-06-28 12:07:53','2016-06-28 12:07:53',231,5),(269,'2016-06-28 12:07:53','2016-06-28 12:07:53',232,5),(270,'2016-06-28 12:07:53','2016-06-28 12:07:53',233,5),(271,'2016-06-28 12:07:53','2016-06-28 12:07:53',235,5),(272,'2016-06-28 12:07:53','2016-06-28 12:07:53',237,5),(273,'2016-06-28 12:07:53','2016-06-28 12:07:53',238,5),(274,'2016-06-28 12:07:53','2016-06-28 12:07:53',242,5),(275,'2016-06-28 12:07:53','2016-06-28 12:07:53',243,5),(276,'2016-06-28 12:07:53','2016-06-28 12:07:53',246,5),(277,'2016-06-28 12:07:53','2016-06-28 12:07:53',247,5),(278,'2016-06-28 12:07:53','2016-06-28 12:07:53',250,5),(279,'2016-06-28 12:07:53','2016-06-28 12:07:53',253,5),(280,'2016-06-28 12:07:53','2016-06-28 12:07:53',255,5),(281,'2016-06-28 12:07:53','2016-06-28 12:07:53',257,5),(282,'2016-06-28 12:07:53','2016-06-28 12:07:53',258,5),(283,'2016-06-28 12:07:53','2016-06-28 12:07:53',260,5),(284,'2016-06-28 12:07:53','2016-06-28 12:07:53',261,5),(285,'2016-06-28 12:07:53','2016-06-28 12:07:53',262,5),(286,'2016-06-28 12:07:53','2016-06-28 12:07:53',265,5),(287,'2016-06-28 12:07:53','2016-06-28 12:07:53',267,5),(288,'2016-06-28 12:07:53','2016-06-28 12:07:53',268,5),(289,'2016-06-28 12:07:53','2016-06-28 12:07:53',269,5),(290,'2016-06-28 12:07:53','2016-06-28 12:07:53',270,5),(291,'2016-06-28 12:07:53','2016-06-28 12:07:53',272,5),(292,'2016-06-28 12:07:53','2016-06-28 12:07:53',273,5),(293,'2016-06-28 12:07:53','2016-06-28 12:07:53',274,5),(294,'2016-06-28 12:07:53','2016-06-28 12:07:53',275,5),(295,'2016-06-28 12:07:53','2016-06-28 12:07:53',276,5),(296,'2016-06-28 12:07:53','2016-06-28 12:07:53',277,5),(297,'2016-06-28 12:07:53','2016-06-28 12:07:53',278,5),(298,'2016-06-28 12:07:53','2016-06-28 12:07:53',279,5),(299,'2016-06-28 12:07:53','2016-06-28 12:07:53',280,5),(300,'2016-06-28 12:07:53','2016-06-28 12:07:53',281,5),(301,'2016-06-28 12:07:53','2016-06-28 12:07:53',282,5),(302,'2016-06-28 12:07:53','2016-06-28 12:07:53',283,5),(303,'2016-06-28 12:07:53','2016-06-28 12:07:53',284,5),(304,'2016-06-28 12:07:53','2016-06-28 12:07:53',285,5),(305,'2016-06-28 12:07:53','2016-06-28 12:07:53',287,5),(306,'2016-06-28 12:07:53','2016-06-28 12:07:53',289,5),(307,'2016-06-28 12:07:53','2016-06-28 12:07:53',290,5),(308,'2016-06-28 12:07:53','2016-06-28 12:07:53',291,5),(309,'2016-06-28 12:07:53','2016-06-28 12:07:53',294,5),(310,'2016-06-28 12:07:53','2016-06-28 12:07:53',299,5),(311,'2016-06-28 12:07:53','2016-06-28 12:07:53',301,5),(312,'2016-06-28 12:07:53','2016-06-28 12:07:53',302,5),(313,'2016-06-28 12:07:53','2016-06-28 12:07:53',303,5),(314,'2016-06-28 12:07:53','2016-06-28 12:07:53',304,5),(315,'2016-06-28 12:07:53','2016-06-28 12:07:53',306,5),(316,'2016-06-28 12:07:53','2016-06-28 12:07:53',307,5),(317,'2016-06-28 12:07:53','2016-06-28 12:07:53',308,5),(318,'2016-06-28 12:07:53','2016-06-28 12:07:53',309,5),(319,'2016-06-28 12:07:53','2016-06-28 12:07:53',311,5),(320,'2016-06-28 12:07:53','2016-06-28 12:07:53',313,5),(321,'2016-06-28 12:07:53','2016-06-28 12:07:53',314,5),(322,'2016-06-28 12:07:53','2016-06-28 12:07:53',315,5),(323,'2016-06-28 12:07:53','2016-06-28 12:07:53',5,5),(324,'2016-06-28 12:07:53','2016-06-28 12:07:53',27,5),(325,'2016-06-28 12:07:53','2016-06-28 12:07:53',30,5),(326,'2016-06-28 12:07:53','2016-06-28 12:07:53',31,5),(327,'2016-06-28 12:07:53','2016-06-28 12:07:53',36,5),(328,'2016-06-28 12:07:53','2016-06-28 12:07:53',39,5),(329,'2016-06-28 12:07:53','2016-06-28 12:07:53',40,5),(330,'2016-06-28 12:07:53','2016-06-28 12:07:53',44,5),(331,'2016-06-28 12:07:53','2016-06-28 12:07:53',50,5),(332,'2016-06-28 12:07:53','2016-06-28 12:07:53',61,5),(333,'2016-06-28 12:07:53','2016-06-28 12:07:53',65,5),(334,'2016-06-28 12:07:53','2016-06-28 12:07:53',81,5),(335,'2016-06-28 12:07:53','2016-06-28 12:07:53',90,5),(336,'2016-06-28 12:07:53','2016-06-28 12:07:53',108,5),(337,'2016-06-28 12:07:53','2016-06-28 12:07:53',123,5),(338,'2016-06-28 12:07:53','2016-06-28 12:07:53',126,5),(339,'2016-06-28 12:07:53','2016-06-28 12:07:53',135,5),(340,'2016-06-28 12:07:53','2016-06-28 12:07:53',142,5),(341,'2016-06-28 12:07:53','2016-06-28 12:07:53',143,5),(342,'2016-06-28 12:07:53','2016-06-28 12:07:53',147,5),(343,'2016-06-28 12:07:53','2016-06-28 12:07:53',154,5),(344,'2016-06-28 12:07:53','2016-06-28 12:07:53',160,5),(345,'2016-06-28 12:07:53','2016-06-28 12:07:53',164,5),(346,'2016-06-28 12:07:53','2016-06-28 12:07:53',165,5),(347,'2016-06-28 12:07:53','2016-06-28 12:07:53',168,5),(348,'2016-06-28 12:07:53','2016-06-28 12:07:53',173,5),(349,'2016-06-28 12:07:53','2016-06-28 12:07:53',175,5),(350,'2016-06-28 12:07:53','2016-06-28 12:07:53',180,5),(351,'2016-06-28 12:07:53','2016-06-28 12:07:53',182,5),(352,'2016-06-28 12:07:53','2016-06-28 12:07:53',183,5),(353,'2016-06-28 12:07:53','2016-06-28 12:07:53',233,5),(354,'2016-06-28 12:07:53','2016-06-28 12:07:53',237,5),(355,'2016-06-28 12:07:53','2016-06-28 12:07:53',250,5),(356,'2016-06-28 12:07:53','2016-06-28 12:07:53',254,5),(357,'2016-06-28 12:07:53','2016-06-28 12:07:53',266,5),(358,'2016-06-28 12:07:53','2016-06-28 12:07:53',269,5),(359,'2016-06-28 12:07:53','2016-06-28 12:07:53',290,5),(360,'2016-06-28 12:07:53','2016-06-28 12:07:53',305,5),(361,'2016-06-28 12:07:53','2016-06-28 12:07:53',316,5),(362,'2016-06-28 12:07:53','2016-06-28 12:07:53',317,5),(363,'2016-06-28 12:07:53','2016-06-28 12:07:53',2,4),(364,'2016-06-28 12:07:53','2016-06-28 12:07:53',3,4),(365,'2016-06-28 12:07:53','2016-06-28 12:07:53',5,4),(366,'2016-06-28 12:07:53','2016-06-28 12:07:53',8,4),(367,'2016-06-28 12:07:53','2016-06-28 12:07:53',9,4),(368,'2016-06-28 12:07:53','2016-06-28 12:07:53',10,4),(369,'2016-06-28 12:07:53','2016-06-28 12:07:53',12,4),(370,'2016-06-28 12:07:53','2016-06-28 12:07:53',13,4),(371,'2016-06-28 12:07:53','2016-06-28 12:07:53',14,4),(372,'2016-06-28 12:07:53','2016-06-28 12:07:53',15,4),(373,'2016-06-28 12:07:53','2016-06-28 12:07:53',16,4),(374,'2016-06-28 12:07:53','2016-06-28 12:07:53',17,4),(375,'2016-06-28 12:07:53','2016-06-28 12:07:53',18,4),(376,'2016-06-28 12:07:53','2016-06-28 12:07:53',19,4),(377,'2016-06-28 12:07:53','2016-06-28 12:07:53',20,4),(378,'2016-06-28 12:07:53','2016-06-28 12:07:53',21,4),(379,'2016-06-28 12:07:53','2016-06-28 12:07:53',22,4),(380,'2016-06-28 12:07:53','2016-06-28 12:07:53',23,4),(381,'2016-06-28 12:07:53','2016-06-28 12:07:53',46,4),(382,'2016-06-28 12:07:53','2016-06-28 12:07:53',123,4),(383,'2016-06-28 12:07:53','2016-06-28 12:07:53',137,4),(384,'2016-06-28 12:07:53','2016-06-28 12:07:53',145,4),(385,'2016-06-28 12:07:53','2016-06-28 12:07:53',167,4),(386,'2016-06-28 12:07:53','2016-06-28 12:07:53',246,4),(387,'2016-06-28 12:07:53','2016-06-28 12:07:53',250,4),(388,'2016-06-28 12:07:53','2016-06-28 12:07:53',266,4),(389,'2016-06-28 12:07:53','2016-06-28 12:07:53',269,4),(390,'2016-06-28 12:07:53','2016-06-28 12:07:53',305,4),(391,'2016-06-28 12:07:53','2016-06-28 12:07:53',316,4),(392,'2016-06-28 12:07:53','2016-06-28 12:07:53',318,1),(393,'2016-06-28 12:07:53','2016-06-28 12:07:53',319,1),(394,'2016-06-28 12:07:53','2016-06-28 12:07:53',319,5);
/*!40000 ALTER TABLE `privileges` ENABLE KEYS */;
UNLOCK TABLES;

--
-- Table structure for table `proposal_platforms`
--

DROP TABLE IF EXISTS `proposal_platforms`;
/*!40101 SET @saved_cs_client     = @@character_set_client */;
/*!40101 SET character_set_client = utf8 */;
CREATE TABLE `proposal_platforms` (
  `id` int(11) NOT NULL AUTO_INCREMENT,
  `proposal_id` int(11) DEFAULT NULL,
  `platform_id` int(11) DEFAULT NULL,
  `created_at` datetime NOT NULL,
  `updated_at` datetime NOT NULL,
  PRIMARY KEY (`id`)
) ENGINE=InnoDB AUTO_INCREMENT=10 DEFAULT CHARSET=utf8 COLLATE=utf8_unicode_ci;
/*!40101 SET character_set_client = @saved_cs_client */;

--
-- Dumping data for table `proposal_platforms`
--

LOCK TABLES `proposal_platforms` WRITE;
/*!40000 ALTER TABLE `proposal_platforms` DISABLE KEYS */;
/*!40000 ALTER TABLE `proposal_platforms` ENABLE KEYS */;
UNLOCK TABLES;

--
-- Table structure for table `proposal_statuses`
--

DROP TABLE IF EXISTS `proposal_statuses`;
/*!40101 SET @saved_cs_client     = @@character_set_client */;
/*!40101 SET character_set_client = utf8 */;
CREATE TABLE `proposal_statuses` (
  `id` int(11) NOT NULL AUTO_INCREMENT,
  `name` varchar(255) COLLATE utf8_unicode_ci DEFAULT NULL,
  `code` varchar(255) COLLATE utf8_unicode_ci DEFAULT NULL,
  `created_at` datetime NOT NULL,
  `updated_at` datetime NOT NULL,
  PRIMARY KEY (`id`)
) ENGINE=InnoDB AUTO_INCREMENT=8 DEFAULT CHARSET=utf8 COLLATE=utf8_unicode_ci;
/*!40101 SET character_set_client = @saved_cs_client */;

--
-- Dumping data for table `proposal_statuses`
--

LOCK TABLES `proposal_statuses` WRITE;
/*!40000 ALTER TABLE `proposal_statuses` DISABLE KEYS */;
INSERT INTO `proposal_statuses` VALUES (1,'Draft/private proposal','draft','2016-06-28 12:07:53','2016-06-28 12:07:53'),(2,'Pending review','pending','2016-06-28 12:07:53','2016-06-28 12:07:53'),(3,'Under committee review','review','2016-06-28 12:07:53','2016-06-28 12:07:53'),(4,'Accepted/project initiated','accepted','2016-06-28 12:07:53','2016-06-28 12:07:53'),(5,'Rejected','rejected','2016-06-28 12:07:53','2016-06-28 12:07:53'),(6,'Abandoned','abandoned','2016-06-28 12:07:53','2016-06-28 12:07:53'),(7,'Complete/deprecated','complete','2016-06-28 12:07:53','2016-06-28 12:07:53');
/*!40000 ALTER TABLE `proposal_statuses` ENABLE KEYS */;
UNLOCK TABLES;

--
-- Table structure for table `proposals`
--

DROP TABLE IF EXISTS `proposals`;
/*!40101 SET @saved_cs_client     = @@character_set_client */;
/*!40101 SET character_set_client = utf8 */;
CREATE TABLE `proposals` (
  `id` int(11) NOT NULL AUTO_INCREMENT,
  `name` varchar(255) COLLATE utf8_unicode_ci DEFAULT NULL,
  `code` varchar(10) COLLATE utf8_unicode_ci DEFAULT NULL,
  `objectives` text COLLATE utf8_unicode_ci,
  `background` text COLLATE utf8_unicode_ci,
  `design_details` text COLLATE utf8_unicode_ci,
  `sample_availability` text COLLATE utf8_unicode_ci,
  `contributions` text COLLATE utf8_unicode_ci,
  `comments` text COLLATE utf8_unicode_ci,
  `proposal_status_id` int(11) DEFAULT NULL,
  `user_id` int(11) DEFAULT NULL,
  `lab_group_id` int(11) DEFAULT NULL,
  `submitted` tinyint(1) DEFAULT '0',
  `created_at` datetime NOT NULL,
  `updated_at` datetime NOT NULL,
  `ccgd_policy_approval` tinyint(1) DEFAULT '0',
  PRIMARY KEY (`id`),
  KEY `index_proposals_on_lab_group_id` (`lab_group_id`) USING BTREE,
  KEY `index_proposals_on_proposal_status_id` (`proposal_status_id`) USING BTREE,
  KEY `index_proposals_on_user_id` (`user_id`) USING BTREE
) ENGINE=InnoDB AUTO_INCREMENT=5 DEFAULT CHARSET=utf8 COLLATE=utf8_unicode_ci;
/*!40101 SET character_set_client = @saved_cs_client */;

--
-- Dumping data for table `proposals`
--

LOCK TABLES `proposals` WRITE;
/*!40000 ALTER TABLE `proposals` DISABLE KEYS */;
/*!40000 ALTER TABLE `proposals` ENABLE KEYS */;
UNLOCK TABLES;

--
-- Table structure for table `roles`
--

DROP TABLE IF EXISTS `roles`;
/*!40101 SET @saved_cs_client     = @@character_set_client */;
/*!40101 SET character_set_client = utf8 */;
CREATE TABLE `roles` (
  `id` int(11) NOT NULL AUTO_INCREMENT,
  `name` varchar(255) COLLATE utf8_unicode_ci DEFAULT NULL,
  `description` varchar(255) COLLATE utf8_unicode_ci DEFAULT NULL,
  `created_at` datetime NOT NULL,
  `updated_at` datetime NOT NULL,
  PRIMARY KEY (`id`)
) ENGINE=InnoDB AUTO_INCREMENT=6 DEFAULT CHARSET=utf8 COLLATE=utf8_unicode_ci;
/*!40101 SET character_set_client = @saved_cs_client */;

--
-- Dumping data for table `roles`
--

LOCK TABLES `roles` WRITE;
/*!40000 ALTER TABLE `roles` DISABLE KEYS */;
INSERT INTO `roles` VALUES (1,'CCGD Administrator','admin','2016-06-28 12:07:52','2016-06-28 12:07:52'),(2,'CCGD Faculty','faculty','2016-06-28 12:07:52','2016-06-28 12:07:52'),(3,'CCGD Lab Staff','staff','2016-06-28 12:07:52','2016-06-28 12:07:52'),(4,'CCGD Scientific Advisor','advisor','2016-06-28 12:07:52','2016-06-28 12:07:52'),(5,'CCGD Submitter','submitter','2016-06-28 12:07:52','2016-06-28 12:07:52');
/*!40000 ALTER TABLE `roles` ENABLE KEYS */;
UNLOCK TABLES;

--
-- Table structure for table `schema_migrations`
--

DROP TABLE IF EXISTS `schema_migrations`;
/*!40101 SET @saved_cs_client     = @@character_set_client */;
/*!40101 SET character_set_client = utf8 */;
CREATE TABLE `schema_migrations` (
  `version` varchar(255) COLLATE utf8_unicode_ci NOT NULL,
  UNIQUE KEY `unique_schema_migrations` (`version`)
) ENGINE=InnoDB DEFAULT CHARSET=utf8 COLLATE=utf8_unicode_ci;
/*!40101 SET character_set_client = @saved_cs_client */;

--
-- Dumping data for table `schema_migrations`
--

LOCK TABLES `schema_migrations` WRITE;
/*!40000 ALTER TABLE `schema_migrations` DISABLE KEYS */;
INSERT INTO `schema_migrations` VALUES ('20160315193611'),('20160315194655'),('20160317142741'),('20160317193242'),('20160317194419'),('20160317202841'),('20160317202953'),('20160317204633'),('20160317205018'),('20160317211647'),('20160317211754'),('20160320233537'),('20160321220211'),('20160323145314'),('20160323150814'),('20160323193542'),('20160323193614'),('20160324175341'),('20160418170856'),('20160425171716'),('20160502160730'),('20160502160753'),('20160502162508'),('20160512194731'),('20160512194754'),('20160516193224'),('20160518202334'),('20160602175413'),('20160617203017'),('20160620114924'),('20160628120020');
/*!40000 ALTER TABLE `schema_migrations` ENABLE KEYS */;
UNLOCK TABLES;

--
-- Table structure for table `states`
--

DROP TABLE IF EXISTS `states`;
/*!40101 SET @saved_cs_client     = @@character_set_client */;
/*!40101 SET character_set_client = utf8 */;
CREATE TABLE `states` (
  `id` int(11) NOT NULL AUTO_INCREMENT,
  `name` varchar(255) COLLATE utf8_unicode_ci DEFAULT NULL,
  `code` varchar(255) COLLATE utf8_unicode_ci DEFAULT NULL,
  `created_at` datetime NOT NULL,
  `updated_at` datetime NOT NULL,
  PRIMARY KEY (`id`)
) ENGINE=InnoDB AUTO_INCREMENT=52 DEFAULT CHARSET=utf8 COLLATE=utf8_unicode_ci;
/*!40101 SET character_set_client = @saved_cs_client */;

--
-- Dumping data for table `states`
--

LOCK TABLES `states` WRITE;
/*!40000 ALTER TABLE `states` DISABLE KEYS */;
INSERT INTO `states` VALUES (1,'Alabama','AL','2016-06-28 12:07:47','2016-06-28 12:07:47'),(2,'Alaska','AK','2016-06-28 12:07:47','2016-06-28 12:07:47'),(3,'Arizona','AZ','2016-06-28 12:07:47','2016-06-28 12:07:47'),(4,'Arkansas','AR','2016-06-28 12:07:47','2016-06-28 12:07:47'),(5,'California','CA','2016-06-28 12:07:47','2016-06-28 12:07:47'),(6,'Colorado','CO','2016-06-28 12:07:47','2016-06-28 12:07:47'),(7,'Connecticut','CT','2016-06-28 12:07:47','2016-06-28 12:07:47'),(8,'Delaware','DE','2016-06-28 12:07:47','2016-06-28 12:07:47'),(9,'Florida','FL','2016-06-28 12:07:47','2016-06-28 12:07:47'),(10,'Georgia','GA','2016-06-28 12:07:47','2016-06-28 12:07:47'),(11,'Hawaii','HI','2016-06-28 12:07:47','2016-06-28 12:07:47'),(12,'Idaho','ID','2016-06-28 12:07:47','2016-06-28 12:07:47'),(13,'Illinois','IL','2016-06-28 12:07:47','2016-06-28 12:07:47'),(14,'Indiana','IN','2016-06-28 12:07:47','2016-06-28 12:07:47'),(15,'Iowa','IA','2016-06-28 12:07:47','2016-06-28 12:07:47'),(16,'Kansas','KS','2016-06-28 12:07:47','2016-06-28 12:07:47'),(17,'Kentucky','KY','2016-06-28 12:07:47','2016-06-28 12:07:47'),(18,'Louisiana','LA','2016-06-28 12:07:47','2016-06-28 12:07:47'),(19,'Maine','ME','2016-06-28 12:07:47','2016-06-28 12:07:47'),(20,'Maryland','MD','2016-06-28 12:07:47','2016-06-28 12:07:47'),(21,'Massachusetts','MA','2016-06-28 12:07:47','2016-06-28 12:07:47'),(22,'Michigan','MI','2016-06-28 12:07:47','2016-06-28 12:07:47'),(23,'Minnesota','MN','2016-06-28 12:07:47','2016-06-28 12:07:47'),(24,'Mississippi','MS','2016-06-28 12:07:47','2016-06-28 12:07:47'),(25,'Missouri','MO','2016-06-28 12:07:47','2016-06-28 12:07:47'),(26,'Montana','MT','2016-06-28 12:07:47','2016-06-28 12:07:47'),(27,'Nebraska','NE','2016-06-28 12:07:47','2016-06-28 12:07:47'),(28,'Nevada','NV','2016-06-28 12:07:47','2016-06-28 12:07:47'),(29,'New Hampshire','NH','2016-06-28 12:07:47','2016-06-28 12:07:47'),(30,'New Jersey','NJ','2016-06-28 12:07:47','2016-06-28 12:07:47'),(31,'New Mexico','NM','2016-06-28 12:07:47','2016-06-28 12:07:47'),(32,'New York','NY','2016-06-28 12:07:47','2016-06-28 12:07:47'),(33,'North Carolina','NC','2016-06-28 12:07:47','2016-06-28 12:07:47'),(34,'North Dakota','ND','2016-06-28 12:07:47','2016-06-28 12:07:47'),(35,'Ohio','OH','2016-06-28 12:07:47','2016-06-28 12:07:47'),(36,'Oklahoma','OK','2016-06-28 12:07:47','2016-06-28 12:07:47'),(37,'Oregon','OR','2016-06-28 12:07:47','2016-06-28 12:07:47'),(38,'Pennsylvania','PA','2016-06-28 12:07:47','2016-06-28 12:07:47'),(39,'Rhode Island','RI','2016-06-28 12:07:47','2016-06-28 12:07:47'),(40,'South Carolina','SC','2016-06-28 12:07:47','2016-06-28 12:07:47'),(41,'South Dakota','SD','2016-06-28 12:07:47','2016-06-28 12:07:47'),(42,'Tennessee','TN','2016-06-28 12:07:47','2016-06-28 12:07:47'),(43,'Texas','TX','2016-06-28 12:07:47','2016-06-28 12:07:47'),(44,'Utah','UT','2016-06-28 12:07:47','2016-06-28 12:07:47'),(45,'Vermont','VT','2016-06-28 12:07:47','2016-06-28 12:07:47'),(46,'Virginia','VA','2016-06-28 12:07:47','2016-06-28 12:07:47'),(47,'Washington','WA','2016-06-28 12:07:47','2016-06-28 12:07:47'),(48,'West Virginia','WV','2016-06-28 12:07:47','2016-06-28 12:07:47'),(49,'Wisconsin','WI','2016-06-28 12:07:47','2016-06-28 12:07:47'),(50,'Wyoming','WY','2016-06-28 12:07:47','2016-06-28 12:07:47'),(51,'District of Columbia','DC','2016-06-28 12:07:47','2016-06-28 12:07:47');
/*!40000 ALTER TABLE `states` ENABLE KEYS */;
UNLOCK TABLES;

--
-- Table structure for table `user_custom_labgroups`
--

DROP TABLE IF EXISTS `user_custom_labgroups`;
/*!40101 SET @saved_cs_client     = @@character_set_client */;
/*!40101 SET character_set_client = utf8 */;
CREATE TABLE `user_custom_labgroups` (
  `id` int(11) NOT NULL AUTO_INCREMENT,
  `custom_labgroup_name` varchar(255) COLLATE utf8_unicode_ci DEFAULT NULL,
  `custom_labgroup_code` varchar(255) COLLATE utf8_unicode_ci DEFAULT NULL,
  `custom_labgroup_building` varchar(255) COLLATE utf8_unicode_ci DEFAULT NULL,
  `custom_labgroup_room` varchar(255) COLLATE utf8_unicode_ci DEFAULT NULL,
  `custom_street` varchar(255) COLLATE utf8_unicode_ci DEFAULT NULL,
  `custom_city` varchar(255) COLLATE utf8_unicode_ci DEFAULT NULL,
  `custom_country` varchar(255) COLLATE utf8_unicode_ci DEFAULT NULL,
  `state_id` int(11) DEFAULT NULL,
  `user_id` int(11) DEFAULT NULL,
  `created_at` datetime NOT NULL,
  `updated_at` datetime NOT NULL,
  PRIMARY KEY (`id`)
) ENGINE=InnoDB DEFAULT CHARSET=utf8 COLLATE=utf8_unicode_ci;
/*!40101 SET character_set_client = @saved_cs_client */;

--
-- Dumping data for table `user_custom_labgroups`
--

LOCK TABLES `user_custom_labgroups` WRITE;
/*!40000 ALTER TABLE `user_custom_labgroups` DISABLE KEYS */;
/*!40000 ALTER TABLE `user_custom_labgroups` ENABLE KEYS */;
UNLOCK TABLES;

--
-- Table structure for table `user_custom_organizations`
--

DROP TABLE IF EXISTS `user_custom_organizations`;
/*!40101 SET @saved_cs_client     = @@character_set_client */;
/*!40101 SET character_set_client = utf8 */;
CREATE TABLE `user_custom_organizations` (
  `id` int(11) NOT NULL AUTO_INCREMENT,
  `custom_org_name` varchar(255) COLLATE utf8_unicode_ci DEFAULT NULL,
  `custom_org_phone` varchar(255) COLLATE utf8_unicode_ci DEFAULT NULL,
  `custom_org_email` varchar(255) COLLATE utf8_unicode_ci DEFAULT NULL,
  `custom_street` varchar(255) COLLATE utf8_unicode_ci DEFAULT NULL,
  `custom_city` varchar(255) COLLATE utf8_unicode_ci DEFAULT NULL,
  `custom_country` varchar(255) COLLATE utf8_unicode_ci DEFAULT NULL,
  `state_id` int(11) DEFAULT NULL,
  `user_id` int(11) DEFAULT NULL,
  `created_at` datetime NOT NULL,
  `updated_at` datetime NOT NULL,
  PRIMARY KEY (`id`)
) ENGINE=InnoDB DEFAULT CHARSET=utf8 COLLATE=utf8_unicode_ci;
/*!40101 SET character_set_client = @saved_cs_client */;

--
-- Dumping data for table `user_custom_organizations`
--

LOCK TABLES `user_custom_organizations` WRITE;
/*!40000 ALTER TABLE `user_custom_organizations` DISABLE KEYS */;
/*!40000 ALTER TABLE `user_custom_organizations` ENABLE KEYS */;
UNLOCK TABLES;

--
-- Table structure for table `users`
--

DROP TABLE IF EXISTS `users`;
/*!40101 SET @saved_cs_client     = @@character_set_client */;
/*!40101 SET character_set_client = utf8 */;
CREATE TABLE `users` (
  `id` int(11) NOT NULL AUTO_INCREMENT,
  `firstname` varchar(255) COLLATE utf8_unicode_ci DEFAULT NULL,
  `lastname` varchar(255) COLLATE utf8_unicode_ci DEFAULT NULL,
  `email` varchar(255) COLLATE utf8_unicode_ci DEFAULT NULL,
  `phone` varchar(255) COLLATE utf8_unicode_ci DEFAULT NULL,
  `created_at` datetime NOT NULL,
  `updated_at` datetime NOT NULL,
  `username` varchar(255) COLLATE utf8_unicode_ci DEFAULT NULL,
  `password_digest` varchar(255) COLLATE utf8_unicode_ci DEFAULT NULL,
  `organization_id` int(11) DEFAULT NULL,
  `status` varchar(2) COLLATE utf8_unicode_ci DEFAULT NULL,
  `password_reset_token` varchar(255) COLLATE utf8_unicode_ci DEFAULT NULL,
  `password_reset_sent_at` datetime DEFAULT NULL,
  PRIMARY KEY (`id`)
) ENGINE=InnoDB AUTO_INCREMENT=377 DEFAULT CHARSET=utf8 COLLATE=utf8_unicode_ci;
/*!40101 SET character_set_client = @saved_cs_client */;

--
-- Dumping data for table `users`
--

LOCK TABLES `users` WRITE;
/*!40000 ALTER TABLE `users` DISABLE KEYS */;
INSERT INTO `users` VALUES (2,'Laura','Macconaill','laura_macconaill@dfci.harvard.edu','617-582-7754','2016-06-28 12:07:49','2016-06-28 12:07:49','laura','$2a$04$EJxCb70hwpdB/HltuZs4OOhCbE6ZUOciJXleGcSnCIDTzUym2wYoC',1,'P',NULL,NULL),(3,'Megan','Hanna','mhanna@broad.mit.edu','617-324-4824','2016-06-28 12:07:49','2016-06-28 12:07:49','megan','$2a$04$7Swv3yC5.mgf2lXnV18W7Or7x3T2BhRLYU13PLIW24Wp9ip7beEC.',1,'P',NULL,NULL),(4,'Karen','Coughlan','karen_coughlan@dfci.harvard.edu','617-582-8736','2016-06-28 12:07:49','2016-06-28 12:07:49','karen','$2a$04$mEQ/FYDNZhmSZCIJVb4tIeuOnuWchsssBcq0ftSQBtHlOO6e.IkHa',1,'P',NULL,NULL),(5,'Katie','Campbell','catarina_campbell@dfci.harvard.edu','617-632-2930','2016-06-28 12:07:49','2016-06-28 12:07:49','katie','$2a$04$eRPoJ08as1AIC/6uJkYMe.FO2uKpptdZqCR0CgUGGodUiXjLGpeO2',1,'P',NULL,NULL),(6,'Nick','Wyhs','nwyhs@broad.mit.edu','617 582 8731','2016-06-28 12:07:49','2016-06-28 12:07:49','nick','$2a$04$3KGObpJO0d8xYellwipJ7.Xjt3ysaSVUitTP0XNMHqMTkXhKqQGWS',1,'P',NULL,NULL),(7,'Su','Huang','suhuang@dfci.harvard.edu','','2016-06-28 12:07:49','2016-06-28 12:07:49','su','$2a$04$Xnts1wKD.y/UhGalBpxncuaZvx2HiYztTmc8coiXAEzFyeuPU0cBu',1,'P',NULL,NULL),(8,'Matt','Freedman','matthew_freedman@dfci.harvard.edu','617-582-8598','2016-06-28 12:07:49','2016-06-28 12:07:49','matt','$2a$04$f3wMH1AvxkBFSSSiaETtWu2XxFoA6qWQqX5UBFpKp6s/KHStCh3pe',1,'P',NULL,NULL),(9,'Levi','Garraway','levi_garraway@dfci.harvard.edu','617-632-6689','2016-06-28 12:07:49','2016-06-28 12:07:49','levi','$2a$04$Ocd2G5xItdAk91y9gp6yQ.6ZNr4phNpZrv5nAR6HUVcMnNo/up9fC',1,'P',NULL,NULL),(10,'Todd','Golub','golub@broad.mit.edu','617-632-4903','2016-06-28 12:07:49','2016-06-28 12:07:49','todd','$2a$04$RR/.B4hvz7Sfgh2.LECHSOxz7uXXNrG6c/qBc307hsun/JnRsWUci',1,'P',NULL,NULL),(11,'William','Hahn','william_hahn@dfci.harvard.edu','617-632-2641','2016-06-28 12:07:49','2016-06-28 12:07:49','wchahn','$2a$04$wAvWikrhMpksmqmQmxkr4eLJUA19bvGlVQUJDnuum.KyiP8aNpRY.',1,'P',NULL,NULL),(12,'Max','Loda','massimo_loda@dfci.harvard.edu','617-632-4001','2016-06-28 12:07:49','2016-06-28 12:07:49','max','$2a$04$OH1I83TJ5PWn7ifiy82hBOpIL10GNlXvQBT4eGWh4v2BpgBzvSM.O',1,'P',NULL,NULL),(13,'Matthew','Meyerson','matthew_meyerson@dfci.harvard.edu','617-632-4768','2016-06-28 12:07:49','2016-06-28 12:07:49','matthew','$2a$04$73qpIKIfdE9uwtfWE.8cqeWsF5XDtPkbfoWWkE/hrcP44efnPJpdi',1,'P',NULL,NULL),(14,'Nelly','Polyak','kornelia_polyak@dfci.harvard.edu','617-632-5746','2016-06-28 12:07:49','2016-06-28 12:07:49','nelly','$2a$04$r.YJ8PejFaV5VzUrGFXDyOsUOR.lgUNWlHWnyJ4vdj5O6FzlzsO0u',1,'P',NULL,NULL),(15,'Ramesh','Shivdasani','ramesh_shivdasani@dfci.harvard.edu','617-632-5746','2016-06-28 12:07:49','2016-06-28 12:07:49','Ramesh','$2a$04$zWnyhxD5dKd2zees8Gu7ee1qbNn2lD39xI6bgJ1sRdBDIswaWRj.i',1,'P',NULL,NULL),(16,'Pasi','Janne','pasi_janne@dfci.harvard.edu','617-632-6036','2016-06-28 12:07:49','2016-06-28 12:07:49','Pasi','$2a$04$7rEeYhGmUc6skVxpjle2FOGY2PzniZHAjDmKSnLcvOZKf.PavBTB.',1,'P',NULL,NULL),(17,'Rani','George','rani_george@dfci.harvard.edu','617-632-5281','2016-06-28 12:07:49','2016-06-28 12:07:49','rani','$2a$04$EWQ1JJUlF8fiLnRPVF.2GeicmHbIb7iJFuBTAViHlvXSRfgKiYJo2',1,'P',NULL,NULL),(18,'Thomas','Roberts','thomas_roberts@dfci.harvard.edu','617-632-3049','2016-06-28 12:07:49','2016-06-28 12:07:49','Thomas','$2a$04$QbeEFIYE.7HuBefPX.KMa.Yw1yYndq.eOsh8WTZtW1gS1X.0hLk32',1,'P',NULL,NULL),(19,'Thomas','Look','thomas_look@dfci.harvard.edu','617-632-5826','2016-06-28 12:07:49','2016-06-28 12:07:49','Thomaslook','$2a$04$wve.hy4iFF00w3VmpBmfbOO4ZTeaT5UpznuWXtyml41Izx6PEjlzi',1,'P',NULL,NULL),(20,'Jerome','Ritz','jerome_ritz@dfci.harvard.edu','617-632-3465','2016-06-28 12:07:49','2016-06-28 12:07:49','JRitz','$2a$04$HTEaEQcJrZGs/AR9WVOuJO5krjKkuD9MTIEekT9fVEhAkiBUkmArq',1,'P',NULL,NULL),(21,'Matthew','Kulke','matthew_kulke@dfci.harvard.edu','617-632-5136','2016-06-28 12:07:49','2016-06-28 12:07:49','MatthewK','$2a$04$jjXxZv2j0h5e4ddDftsgi.MQbzmFZLFeIgFuQ43NQKWnvFrZmvVQS',1,'P',NULL,NULL),(22,'Margaret','Shipp','margaret_shipp@dfci.harvard.edu','617-632-3874','2016-06-28 12:07:49','2016-06-28 12:07:49','Margaret','$2a$04$X8D/8W5uIYWZmJJf8NkXb.5borQhCjCKdUCxxwwdpi79fjp3Vli/a',1,'P',NULL,NULL),(23,'Philip','Kantoff','philip_kantoff@dfci.harvard.edu','617-632-1914','2016-06-28 12:07:49','2016-06-28 12:07:49','Philip','$2a$04$s6Qcv9Lo/Lg/Naa.Hnohb.yHXMUcHJW1G9Lev92scE7RMkqTao87e',1,'P',NULL,NULL),(24,'Robert','Ross','robert_ross@dfci.harvard.edu','617-632-3237','2016-06-28 12:07:49','2016-06-28 12:07:49','RobertRoss','$2a$04$.abTi3CyhVrzUWnw90pHROc/56DlQulPTWaYzkQVArZ6k/JL9XGv6',1,'P',NULL,NULL),(25,'Myles','Brown','myles_brown@dfci.harvard.edu','617-632-3948','2016-06-28 12:07:49','2016-06-28 12:07:49','mbrown','$2a$04$Lis0ZNHNzQXN..M9vgPRTuqxd0o88263QnkDQ6p9f5TTl61SS4Fle',1,'P',NULL,NULL),(26,'Jennifer','Brown','jennifer_brown@dfci.harvard.edu','617-632-6692','2016-06-28 12:07:49','2016-06-28 12:07:49','JRBrown','$2a$04$0Xk9e41DuXmNBObgu8Bxu.dV4GiQu79UTRU46VMQsQ59U9vbbFBv.',1,'P',NULL,NULL),(27,'Nasim','Ahmadiyeh','nahmadiyeh@partners.org','617-582-8682','2016-06-28 12:07:49','2016-06-28 12:07:49','nah495','$2a$04$a7UGND6.5AoKi6xVtyzqjuWHzpjfeW7I1h3csNGjG952ZVHTr2EI6',1,'P',NULL,NULL),(28,'Carrie','Emery','CarolineM_Emery@dfci.harvard.edu','617 632 1923','2016-06-28 12:07:49','2016-06-28 12:07:49','carrie','$2a$04$L5cuUS6FnhUPfmpV4z3qCuOQNIuTMruYUAJdLFoHKEeF97sYKg4py',1,'P',NULL,NULL),(30,'Alejandro','Gutierrez','alejandro_gutierrez@dfci.harvard.edu','617-632-2079','2016-06-28 12:07:49','2016-06-28 12:07:49','ag832','$2a$04$yf9mjSsctZrs1zASwFMSle5BzqcvghaMw8g9dpddLG74rqnC5tJfe',1,'P',NULL,NULL),(31,'Kathryn','Penney','kpenney@hsph.harvard.edu','','2016-06-28 12:07:49','2016-06-28 12:07:49','kpenney','$2a$04$v8AQmMhD2YtjdxaDdhXI3O.jORuYJLDJhUIfBRSw40moroT7a7s/q',1,'P',NULL,NULL),(33,'elisa','benedettini','elisa_benedettini@dfci.harvard.edu','6176322148','2016-06-28 12:07:49','2016-06-28 12:07:49','eb802','$2a$04$udobPylBIXIz6WIgMBu4R.F4s7vTGUvrb79RyQWZTEJioLZPyh17m',1,'P',NULL,NULL),(34,'charles','stiles','charles_stiles@dfci.harvard.edu','617 632-3512','2016-06-28 12:07:49','2016-06-28 12:07:49','cds10','$2a$04$lCTcXrnoSQbdtyATniwVsewoRyBUzaPgvvWiSv57OsBB6TvHO/mSa',1,'P',NULL,NULL),(35,'Deborah','Goff','deborah_goff@dfci.harvard.edu','Feb-16','2016-06-28 12:07:49','2016-06-28 12:07:49','djg19','$2a$04$GypirtmzxMOiSKsL79YV2.Z1buBOR4PhhBH7S17uGIrhoxYIy8hqW',1,'P',NULL,NULL),(36,'Christine','Beckwith','christine_beckwith@dfci.harvard.edu','6033876921','2016-06-28 12:07:49','2016-06-28 12:07:49','cb960','$2a$04$t/pH4NHMyjMl6Z4QeR/Mru.Y7t9wYE7yGTpONPgrlTAOrkQShV93W',1,'P',NULL,NULL),(37,'Lucian','Chirieac','LCHIRIEAC@PARTNERS.ORG','617 732 8126','2016-06-28 12:07:49','2016-06-28 12:07:49','lchirieac','$2a$04$a2T7HS31Iy1Kkl7pBGWV/O3XzvqV6T2ZUN2k1tAydLyaIR6UlL1iG',1,'P',NULL,NULL),(38,'Pat','Collaborator','ccgd@dfci.harvard.edu','27515','2016-06-28 12:07:49','2016-06-28 12:07:49','dfci_user','$2a$04$zdocfXLXZauQUbcF5oHmJujCUl3HnZTXllW7V7NdhAqIixVB1jhDC',1,'P',NULL,NULL),(39,'mark','pomerantz','mpomerantz@partners.org','617-632-2312','2016-06-28 12:07:49','2016-06-28 12:07:49','mp91','$2a$04$0vI/VQg1AjxnsjlVTkKaY.ynMJ1qIapWFQwsuUwx86PZXW9tuGM6a',1,'P',NULL,NULL),(40,'Keluo','Yao','keluo_yao@dfci.harvard.edu','617-582-8731','2016-06-28 12:07:49','2016-06-28 12:07:49','ky058','$2a$04$imOF0p9g44FoGZ.d8KPN4uRzON7XM/4Kn4.v2NFBTqbZ57vQAIZ62',1,'P',NULL,NULL),(41,'Edward','Fox','edward_fox@dfci.harvard.edu','617-632-2116','2016-06-28 12:07:49','2016-06-28 12:07:49','foxedward','$2a$04$xdVzrxzEWbGSzEt1BGSG7uv96tE95e3bWck8JI7jDfK4qxTyp4CsW',1,'P',NULL,NULL),(42,'Edwin','Choy','echoy@partners.org','617-459-6804','2016-06-28 12:07:49','2016-06-28 12:07:49','ec952','$2a$04$waAKwFmrEFueWLB6.u5Zdu2E4pyxn/uuwK2GBQp07/1B2AJTVaWSC',24,'P',NULL,NULL),(43,'Mark','Pomerantz','mark_pomerantz@dfci.harvard.edu','617-632-1914','2016-06-28 12:07:49','2016-06-28 12:07:49','mp37','$2a$04$ZKp/ktoGgQhYC1xbsRrtTOmsK5//N2E1.38yZRjhY/Q6pHkNyRcL.',1,'P',NULL,NULL),(44,'HIROKI','YAMADA','yamada_hiroki@dfci.harvard.edu','617.935.6863','2016-06-28 12:07:49','2016-06-28 12:07:49','YH058','$2a$04$8.88vLDSVHOdizGIq9jzwOG9ywxH3LyICNsWczWOIMbMxWhi5g776',1,'P',NULL,NULL),(45,'Mark','Pomerantz','nosman@partners.org','617-632-1914','2016-06-28 12:07:49','2016-06-28 12:07:49','mpomerantz','$2a$04$NNH50LK5xtY0jW9hSsyU8O3ejY2wEkI.lqYnK68FabE8WNcs5ILdG',1,'P',NULL,NULL),(46,'Adam','Bass','ajbass@partners.org','617-407-9275','2016-06-28 12:07:49','2016-06-28 12:07:49','ajbass','$2a$04$h53ttAVHPxAvELvQZaNRMuWVZ4Knb5Bk/I7rl.EzUG4XGtpSgg9ve',1,'P',NULL,NULL),(47,'Hao','Zhang','zhangh@broad.mit.edu','919-423-5077','2016-06-28 12:07:49','2016-06-28 12:07:49','haozhang','$2a$04$dLeI/9LGtqmrb8/0V6Kiiu.vjiH6NTKSaOJ1AP5T/txFaDEH1Y4vK',2,'P',NULL,NULL),(48,'Rafael','Bejar','rbejar@partners.org','617-732-6510','2016-06-28 12:07:49','2016-06-28 12:07:49','rb850','$2a$04$EbGB8PFjoPGHNRQLjXTxk.g.r76e35O6bgIZlEuvJOPS/8a7bu7py',16,'P',NULL,NULL),(49,'Derek','Chiang','dchiang@broad.mit.edu','(617) 324-2239','2016-06-28 12:07:49','2016-06-28 12:07:49','dychiang','$2a$04$PmDJyyTwdHQBHY2i7GIyHOT3WPkb6fpluFt7o3UGES9PLDQZSvMoK',1,'P',NULL,NULL),(50,'Sarah','Kehoe','sarahm_kehoe@dfci.harvard.edu','617-632-5783','2016-06-28 12:07:49','2016-06-28 12:07:49','sk580','$2a$04$0GJswRkIal/g/lvooQgx4.bJ.log1UAHGipwu7P9U9F2LXue5vLOG',1,'P',NULL,NULL),(51,'Amit','Dutt','amitdutt@broad.mit.edu','8578911975','2016-06-28 12:07:49','2016-06-28 12:07:49','amitdutt','$2a$04$OYUNYPS0lb2.oZu.eNkGSuQyDyxfBIvj8QEYOEIW70dFM2higRIF2',1,'P',NULL,NULL),(52,'Aram','Hezel','ahezel@partners.org','617 643 3813','2016-06-28 12:07:49','2016-06-28 12:07:49','ahezel','$2a$04$Eo6PNOmRJ3MTf.VNtvnE9OytKipGEJEyPag7v1cjVqj0OiybSU4pG',24,'P',NULL,NULL),(53,'Ivana','Kim','ivana_kim@meei.harvard.edu','617 573 3367','2016-06-28 12:07:49','2016-06-28 12:07:49','ivana','$2a$04$Mq6meoIc0wUtUJc2g8s.c.krUhQ5kGIA5hCRPVd/j9ohDfeFzwnRe',5,'P',NULL,NULL),(54,'Douglas','Medvetz','dmedvetz@partners.org','617-355-9103','2016-06-28 12:07:49','2016-06-28 12:07:49','dam90','$2a$04$mD4TdEZpwenuVFjSgwoR6eSZwb9KmI9Gz51Hycg4pacW7l3prM5n2',16,'P',NULL,NULL),(55,'Ryan','Bender','rpbender@partners.org','582-8614','2016-06-28 12:07:49','2016-06-28 12:07:49','ChinLab2008','$2a$04$pV.ew1HupCniMZDkH6PYs.YBi7ZuYp6CNzBc91pILmTCtXSKFyZx.',1,'P',NULL,NULL),(56,'Fran','Hornicek','fhornicek@partners.org','617 724 6802','2016-06-28 12:07:49','2016-06-28 12:07:49','hornicek','$2a$04$rFwfa.ikZA5KKgyLAWti/eFF5Tz6pQJP2GAgiT6SG/ed5BBYg3WmW',24,'P',NULL,NULL),(57,'Jonathan','Fletcher','jfletcher@partners.org','617 732 7883','2016-06-28 12:07:49','2016-06-28 12:07:49','fletcher','$2a$04$bvKIfjNQ9cYOF6oqa4wYB.M8A5ZNExHWEc5SkGUjeYg1.yqe5QRim',16,'P',NULL,NULL),(58,'June','Kinoshita','jkinoshita@n-of-one.com','617 669 1706','2016-06-28 12:07:49','2016-06-28 12:07:49','kinoshita','$2a$04$h8eYRX4MIKfWWwmkcHztaeEmwA4LFr7f23uL8DKkJOhKD2hbmOHFC',6,'P',NULL,NULL),(59,'Alex','Ng','sng@rics.bwh.harvard.edu','617-278-0072','2016-06-28 12:07:49','2016-06-28 12:07:49','Alexng','$2a$04$MXIq1m.pVBgJf4RCTd3vm.dCTZWZq8qy3qxifJZ.Ak9Pnf.i0SoQ.',16,'P',NULL,NULL),(60,'Antoni','Ribas','aribas@mednet.ucla.edu','3102063928','2016-06-28 12:07:49','2016-06-28 12:07:49','ribas','$2a$04$hHelP/MmKuo0MHrjl1QVS.PAjSezqaMrNWzJu9J87GdwYISYTsxlW',7,'P',NULL,NULL),(61,'Chandrani','Mondal','Chandrani_Mondal@dfci.harvard.edu','6175826688','2016-06-28 12:07:49','2016-06-28 12:07:49','cm315','$2a$04$NNEoh9wUe4Ij8aiSZsncp.nUxR.dgfZXHAYS2TIAK/9Fhc7QYjdh2',1,'P',NULL,NULL),(62,'Anna','Schinzel','anna_schinzel@dfci.harvard.edu','617 632 2376','2016-06-28 12:07:49','2016-06-28 12:07:49','Schinzel','$2a$04$qX4AajeN2qPLdiuqrYzgneBduTvVa0aJ5rYgwWGBlAIOs2Mun49N6',1,'P',NULL,NULL),(63,'vikram','Deshpande','vdeshpande@partners.org','6177247741','2016-06-28 12:07:49','2016-06-28 12:07:49','vd019','$2a$04$XigtPo9kpSbOr2MG4b0vFOUeYATeJSOAppM7tDyVwn1msFarkBdR6',24,'P',NULL,NULL),(64,'John','McGrath','johnp_mcgrath@dfci.harvard.edu','6175828668','2016-06-28 12:07:49','2016-06-28 12:07:49','jpmcgrath','$2a$04$wrVSYbW6nq.4TLWdys/xbe4CwM3zS5GG4WJdj/cS8KIuG/NydyyKm',1,'P',NULL,NULL),(65,'Lauren','Luongo','LaurenA_Luongo@DFCI.HARVARD.EDU','6176325950','2016-06-28 12:07:49','2016-06-28 12:07:49','lal62','$2a$04$dwiZ3tl.6BxOwS6kO.6ppOPdOJ8KmKDkSE.sAdQS4XuwAkORELIcq',1,'P',NULL,NULL),(66,'Keith','Ligon','keith_ligon@dfci.harvard.edu','617-632-2357','2016-06-28 12:07:49','2016-06-28 12:07:49','ligonlab','$2a$04$1ffvCZXqfjq9.cKil9V2IuAPdqynx4PLFeE4YbTTyguONSGOdXgX.',1,'P',NULL,NULL),(70,'Daniel','Chung','dchung@partners.org','617-726-8687','2016-06-28 12:07:49','2016-06-28 12:07:49','dchung','$2a$04$JvhpwogIjif8PraUclyHzeVCTVXtOGdDpvBF./2HO0haae6M5ko3e',24,'P',NULL,NULL),(71,'Henry','Koon','Henry.Koon@UHhospitals.org','(216) 368-1175','2016-06-28 12:07:49','2016-06-28 12:07:49','henrykoon','$2a$04$UzISsOjPEvU467Z4uBbEye8nixd1IgqriUO3GhNQNi59TgR/d7ozm',12,'P',NULL,NULL),(72,'Irene','Ghobrial','irene_ghobrial@dfci.harvard.edu','2.4198','2016-06-28 12:07:49','2016-06-28 12:07:49','ghobrial','$2a$04$fnH9zR0sD33.9quaEXw7V.D14Okh.goPQa.yKCzVcadsCgR4.caLe',1,'P',NULL,NULL),(73,'Ashley','Fairbank','ashley_fairbank@dfci.harvard.edu','617-632-4606','2016-06-28 12:07:49','2016-06-28 12:07:49','afairbank','$2a$04$w9.t0tK6FkR2ekLDSKNsUuPzbcVxtura7OoXfUTqVNc11UYQZmjIS',1,'P',NULL,NULL),(74,'Michael','Anglesio','michael.anglesio@petermac.org','+61 3 9656 1287','2016-06-28 12:07:49','2016-06-28 12:07:49','michael.angl','$2a$04$HqjyBnOf74FjgWIDtNf3/umDMhaw5Ar7ECBxzlHyi9g.xFu8pPmFu',13,'P',NULL,NULL),(76,'Jonathan','Rosenberg','jonathan_rosenberg@dfci.harvard.edu','617 632 5456','2016-06-28 12:07:49','2016-06-28 12:07:49','rosenberg','$2a$04$k4gz1tUcwiLR1YV3gyQPHe05B5HwK2grpHWNN0GlP8BPAgNXARQXm',1,'P',NULL,NULL),(77,'Daniel','Costa','dbcosta@bidmc.harvard.edu','617-667-9236','2016-06-28 12:07:49','2016-06-28 12:07:49','dbcosta@bidm','$2a$04$LUPKVxDrWEuaFLuc36AM/eQpfD9hl9KoKULLm6IWtweejwr9VA6pW',14,'P',NULL,NULL),(78,'Peter','Guillen','pguillen06@gmail.com','617-956-2004','2016-06-28 12:07:49','2016-06-28 12:07:49','pguillen','$2a$04$KnEQClHERczSe48QliglR.J15hpkbNTjkhXLxeg8lAcUcU4Puxmly',1,'P',NULL,NULL),(79,'Toni','Choueiri','toni_choueiri@dfci.harvard.edu','617-632-5456','2016-06-28 12:07:50','2016-06-28 12:07:50','tc46','$2a$04$Tujvdnx73dUOnDmPk.8ZjOG2q.sAtkoWmL8/r6mw6BJGH.djL05ki',1,'P',NULL,NULL),(80,'Fabio','Schutz','FabioA_Schutz@DFCI.harvard.edu','617-632-4622','2016-06-28 12:07:50','2016-06-28 12:07:50','fs975','$2a$04$XuqBSkO52wOnVQNU1OSOqekY2N37fBXNSMkId87FhEAcOIqMUMMFe',1,'P',NULL,NULL),(81,'Aimee','Pike','AimeeM_Pike@dfci.harvard.edu','','2016-06-28 12:07:50','2016-06-28 12:07:50','AP595','$2a$04$.SiNL/LMnEVE/GTGZUIWruFaIvuxEbtY7NZjynflqNoIIGwHJY1Ze',1,'P',NULL,NULL),(82,'Mariella','Gruber-Olipitz','mariella_gruber-olipitz@dfci.harvard.edu','6177550949','2016-06-28 12:07:50','2016-06-28 12:07:50','mgo6','$2a$04$Egk4PRXme8HiMXUqzKspMOXxnPW8xpd02/9rBqycWrHw/S7Pj3IIW',1,'P',NULL,NULL),(83,'Patrick','Oberholzer','oberholz@broadinstitute.org','617-714-7552','2016-06-28 12:07:50','2016-06-28 12:07:50','oberholz','$2a$04$hooQ4MhvDnPGbVAzsaWFF.7k1KeaYIH.56PtX8hkT4F7QH.SQjEzK',2,'P',NULL,NULL),(85,'Mike','Chapman','mchapman@broadinstitute.org','617 714 7572','2016-06-28 12:07:50','2016-06-28 12:07:50','mchapman','$2a$04$Zl4oDFGPwpNJl2WZXC0JYueuOuifquT/1Rg8CqwQ1lx4CYnS50NPq',2,'P',NULL,NULL),(86,'Gayane','Badalian','gayane_badalianvery@dfci.harvard.edu','857-488-9804','2016-06-28 12:07:50','2016-06-28 12:07:50','GBadalian','$2a$04$Y2Q6/dcun92upKnGyUoX0OMcJgdBXHuSHzKyC1Gsp6E6W2XI/dD4m',1,'P',NULL,NULL),(87,'Scott','Armstrong','scott.armstrong@childrens.harvard.edu','617-919-2507','2016-06-28 12:07:50','2016-06-28 12:07:50','sa30','$2a$04$Ol/M9QrlwKX.Qb2wjkU3MeF8SH5u.NsD5Y3ts9epzOvbtV87RMG0q',32,'P',NULL,NULL),(88,'Tim','Heffernan','theffernan@partners.org','582-8338','2016-06-28 12:07:50','2016-06-28 12:07:50','theff','$2a$04$5RDZ8vDDlk4H7TCsIKma/.jdYPlX/Jf5.Zmq6NdAK4xSVWg8vWMdG',1,'P',NULL,NULL),(89,'Athe','Tsibris','atsibris@partners.org','(617)417-1162','2016-06-28 12:07:50','2016-06-28 12:07:50','stethant','$2a$04$XzsILs0MWujZUkUShK/5q.le3TiIxkPit6TnaZajGznBjmM7/bAL6',16,'P',NULL,NULL),(90,'Michael','Berger','berger@broadinstitute.org','617-714-7553','2016-06-28 12:07:50','2016-06-28 12:07:50','mfberger','$2a$04$DKD03gU1HR2PC8BUPrbCceG5bKf0F.96bwkXuug1I0eth86WRWzAq',2,'P',NULL,NULL),(91,'David','Kwiatkowski','dk@rics.bwh.harvard.edu','617-355-9005','2016-06-28 12:07:50','2016-06-28 12:07:50','dk','$2a$04$hthgE1GeTitguQrAFGDuQuT055JZIkPgv/MrpsqoLy5O8exYhJEnK',16,'P',NULL,NULL),(92,'Benjamin','Rich','brich@partners.org','','2016-06-28 12:07:50','2016-06-28 12:07:50','brich','$2a$04$LAZj5Uvk.7ZlsBBAh9DbEOZeqhVSkPztD64AYQx5BFTpJ61RSe6PK',1,'P',NULL,NULL),(93,'Christine','Obierika','christine_obierika@dfci.harvard.edu','6172596490','2016-06-28 12:07:50','2016-06-28 12:07:50','co932','$2a$04$9A5PT5g5QsmW02cQGSQrLO4ay9m2u6BiMl1JQSD2FMPIPMBJaHGaq',1,'P',NULL,NULL),(94,'Carmelo','Nucera','cnucera@bidmc.harvard.edu','617-5990515','2016-06-28 12:07:50','2016-06-28 12:07:50','cnucera','$2a$04$aFzcKckbOPqYA6SB4E/DUOp/eTgd/bIPuG09X4rXnbxhpr200DpNG',24,'P',NULL,NULL),(95,'Cristina','Ferrone','cferrone@partners.org','617 643 6819','2016-06-28 12:07:50','2016-06-28 12:07:50','cferrone','$2a$04$Ts4ZXZKaxoj7rsI/inYosOFmnOh7TBUOIxp06BaQybOwoJ6KiePoq',24,'P',NULL,NULL),(96,'Laura','Fredenburgh','lfredenburgh@rics.bwh.harvard.edu','617 525-9563','2016-06-28 12:07:50','2016-06-28 12:07:50','lf063','$2a$04$EUQmKLit4mlDI0cPn/txveztB4qcPHsgWsrJUEDJivv8MZT6gHqfK',16,'P',NULL,NULL),(97,'Hideo','Watanabe','hideo_watanabe@dfci.harvard.edu','617-632-4777','2016-06-28 12:07:50','2016-06-28 12:07:50','hw022','$2a$04$ySawbBTIE0uE6xM4m4Xgy.eMcFpfzsgnlFlyRNTiD/SAGCcWO41B6',1,'P',NULL,NULL),(98,'Yanan','Guo','yguo5@rics.bwh.harvard.edu','617-355-9039','2016-06-28 12:07:50','2016-06-28 12:07:50','yg067','$2a$04$BgsB8ejMSZpbOP1N4Q9emedGRL6iK539k8SYE4ePNSyMRsbVA0Fda',16,'P',NULL,NULL),(99,'Peter','Hammerman','phammerman@partners.org','617-852-6224','2016-06-28 12:07:50','2016-06-28 12:07:50','phammerman','$2a$04$Rh3BqSIDLd8HiPFykuU1AeuXUDOf/K7tN2AS0h6ZJKOyRIKd6XtGi',1,'P',NULL,NULL),(100,'Yang','Liu','Yang_Liu2@DFCI.HARVARD.EDU','617-582-8535','2016-06-28 12:07:50','2016-06-28 12:07:50','tiger','$2a$04$EApSt1jSTgUziJqgGD.UGesh/pkZcxS7PYuLSmhlgPk4CDb/I2gV.',1,'P',NULL,NULL),(101,'Lars','Bullinger','lars.bullinger@childrens.harvard.edu','617-919-2510','2016-06-28 12:07:50','2016-06-28 12:07:50','lars.bulling','$2a$04$gmXAkigkjgZ0MCbVI56vQO7IHCyGb6WFPRvuOTjWMOMgEhurDyjPq',32,'P',NULL,NULL),(102,'Jeeyun','Lee','jyunlee@skku.edu','-4367','2016-06-28 12:07:50','2016-06-28 12:07:50','taro111','$2a$04$7hTGgxBd35DbQLcm8asJBucpTgj4ehYzZ6xVToOaM6F.RsnAzfy1G',23,'P',NULL,NULL),(103,'Frank','Kuo','fkuo@partners.org','1-857-307-1534','2016-06-28 12:07:50','2016-06-28 12:07:50','fkuo','$2a$04$PxgWwh.Xt1JQOZaNqnqiz.IgC0Hney/qVUppV0nu0sNQXjmLPKmJ.',16,'P',NULL,NULL),(104,'Sushruta','Nagarkatti','snagarkatti@partners.org','6177266192','2016-06-28 12:07:50','2016-06-28 12:07:50','sn881','$2a$04$6cluZ9XzWfBSlxbkUpcFhunPJO0KNJ.KfMX7sF06lln7i.jq5cKsW',24,'P',NULL,NULL),(105,'Jesse','Boehm','boehm@broadinstitute.org','617-714-7494','2016-06-28 12:07:50','2016-06-28 12:07:50','jboehm','$2a$04$4YZ7b6SwUHWwR5Fs7yMv8.pIHvfPrhU.6VAju5VEk7GP7tRj/Mh8K',2,'P',NULL,NULL),(106,'Jeffrey','Mito','jeffrey.mito@duke.edu','919-681-8683','2016-06-28 12:07:50','2016-06-28 12:07:50','jmito','$2a$04$WEODiiwNZse.CMXIqptf6.0mxRM1kikuknCVS7Ozn7F7jNbHrRo0m',26,'P',NULL,NULL),(107,'Nikhil','Wagle','nwagle@partners.org','617 596-3957','2016-06-28 12:07:50','2016-06-28 12:07:50','nwagle','$2a$04$5.GyN/rMLICX4MpWI55tQeKD2UnF80BM0xpDPFNTuXsEq0tSXcmB2',1,'P',NULL,NULL),(108,'Robert','Jones','RobertT_Jones@dfci.harvard.edu','6176325950','2016-06-28 12:07:50','2016-06-28 12:07:50','rj956','$2a$04$2CjcoM5f2WZptMIpChk1i.nYVgeF26x2cSR6Q0qyX0R.0fIwydNwq',1,'P',NULL,NULL),(109,'Yariv','Houvras','yhouvras@enders.tch.harvard.edu','(617) 919-2074','2016-06-28 12:07:50','2016-06-28 12:07:50','yhouvras','$2a$04$V81zkfgj2Sm4uyaFaHWeTuenmJ27yS1P4p0SVQl5s/XKgRhBFOiGi',32,'P',NULL,NULL),(110,'Amity','Manning','almanning@partners.org','857-526-1728','2016-06-28 12:07:50','2016-06-28 12:07:50','almanning','$2a$04$.C852iDiu2jSj8d6rV1DaumVZeQKk0DleJ9oR.6p3UONP9leKuurS',24,'P',NULL,NULL),(111,'Katherine','Dunn','katherine_dunn@dfci.harvard.edu','617-955-3417','2016-06-28 12:07:50','2016-06-28 12:07:50','kdunn','$2a$04$eqHGczU1Vxr9kVZxCO5an.Gc0yT53mtq/27wo9tq855dOT61O0Hkm',1,'P',NULL,NULL),(112,'James','DeCaprio','james_decaprio@dfci.harvard.edu','617 632-3825','2016-06-28 12:07:50','2016-06-28 12:07:50','jd017','$2a$04$KneVh.Rj8nZ/W.js6un6BOD.GzT/.Edj4eIGbI/DnK0FQUdx71mw.',1,'P',NULL,NULL),(113,'Shamini','Selvarajah','Shamini_Selvarajah@dfci.harvard.edu','6174558513','2016-06-28 12:07:50','2016-06-28 12:07:50','shamini','$2a$04$VtIpASM75xNM/ARIdIZjRegqUoR98DHuQp4uLgTZSiNJwJOxPpUPC',1,'P',NULL,NULL),(114,'Nina','Lin','nhlin@partners.org','617-768-8479','2016-06-28 12:07:50','2016-06-28 12:07:50','ninalin','$2a$04$/9rACnPsXUtS7t.WTGqWw.g0Bb6N4ZmuxR3G2s9h5Hg1YStvrwjV2',30,'P',NULL,NULL),(116,'Ann','Mullally','amullally@partners.org','6173559091','2016-06-28 12:07:50','2016-06-28 12:07:50','amullal','$2a$04$kKiQ231KVEBbnUZYgfgX7e4zMK2XJNE/LP.6yjTLR5/AmFcHfWs/q',16,'P',NULL,NULL),(117,'Eva','Hernando','eva.hernando@med.nyu.edu','1-212-263 9054','2016-06-28 12:07:50','2016-06-28 12:07:50','hernandoeva','$2a$04$6PZtCaSQ1zZe.9O0e.NnX.FHcR6PaCv3DxNoPziooHHS95iVGzJVO',31,'P',NULL,NULL),(119,'Antoni','Ribas','evoneuw@mednet.ucla.edu','310-983-1262','2016-06-28 12:07:50','2016-06-28 12:07:50','oncomap3','$2a$04$EyMq6HXsgu8v0ap5fzAQK.M1DuDSK5Nf4T0zZ4AMM2FWFckafY8L6',7,'P',NULL,NULL),(120,'Monica','Calicchio','monica.calicchio@childrens.harvard.edu','617.919.2495','2016-06-28 12:07:50','2016-06-28 12:07:50','mlcalicchio','$2a$04$n52EkNJoWZkaWf8k5hLNf.U4wZJjVXIKjV.lksaPDfopd1PX6sijO',32,'P',NULL,NULL),(121,'Sandra','Kirley','skirley@partners.org','617-726-8480','2016-06-28 12:07:50','2016-06-28 12:07:50','sdk3','$2a$04$i9AOQFU.cwM8jnC7vF2PHeV6/OgoeyrcevdElj62Nsjt5G6r8GtKe',24,'P',NULL,NULL),(122,'Eejung','Kim','eejung_kim@dfci.harvard.edu','22383','2016-06-28 12:07:50','2016-06-28 12:07:50','ek831','$2a$04$EgKA0tYYvS2VFLAVLAjALuARmuXYjwHzFgkDVIPmS189ZMPky9z42',1,'P',NULL,NULL),(123,'Matt','Ducar','MatthewD_Ducar@DFCI.HARVARD.EDU','','2016-06-28 12:07:50','2016-06-28 12:07:50','mducar','$2a$04$THA88mAj/P1o0enK7Cz8D.VFJUNdi2pB.18W9QsY2yyGjyuEzpvam',1,'P',NULL,NULL),(124,'Brian','Crompton','brian.crompton@childrens.harvard.edu','617-582-8553','2016-06-28 12:07:50','2016-06-28 12:07:50','bcrompton','$2a$04$Ksaub0L2ckFIWDvUYmTdDOXNa1q2ozcgih.bGAXDkl0vKBxqSvPLm',1,'P',NULL,NULL),(125,'Chin-Lee','Wu','CWU2@PARTNERS.ORG','617-726-8454','2016-06-28 12:07:50','2016-06-28 12:07:50','ChinLee','$2a$04$8pihmOBfPNvwecUsPeOoi.1axR2UWGN02J2U87.XmPB568e7yxAiO',24,'P',NULL,NULL),(126,'Meghan','Comeau','comeau.meghan@dfci.harvard.edu','9785058544','2016-06-28 12:07:50','2016-06-28 12:07:50','nc869','$2a$04$uTF7xQpwFyFXHq/awcPjjetsqCtEOa.2YiVxuXTkZOdpdMPNPGBvW',1,'P',NULL,NULL),(127,'Madhuri','Koti','madhurikoti@gmail.com','613-5332000 x 79055','2016-06-28 12:07:50','2016-06-28 12:07:50','jeremysquire','$2a$04$QpXPsN9nFIzyuFUBAgImBuRDaZL/XZPSkA6vV..FEjbcJoVO.Vjxa',33,'P',NULL,NULL),(128,'Youngwook','Kim','young_w_.kim@sbri.co.kr','82-2-2148-7349','2016-06-28 12:07:50','2016-06-28 12:07:50','Youngwook.Ki','$2a$04$my9qmD41IaHj86jPklKl5es.GI65bsGJktm4HU0RYnIRILPBV12Fa',23,'P',NULL,NULL),(129,'Youngwook','Kim','qedos@hotmail.com','82-2-2148-7349','2016-06-28 12:07:50','2016-06-28 12:07:50','Youngwook.Ki','$2a$04$L60nMs9p9E2Xsk8ryPSYDOkbXGz.09MXIuyQ9RanLBvFIT1ERI/qS',23,'P',NULL,NULL),(130,'shamini','selvarajah','sselvarajah@partners.org','6174558513','2016-06-28 12:07:50','2016-06-28 12:07:50','shamrose','$2a$04$cBTwwe/0ADzva.0xbTZZT.eNNCw4De5VfxjmWuNBT3JaeBOF3s9.2',16,'P',NULL,NULL),(132,'Stephen','Mok','smok@mednet.ucla.edu','3108252676','2016-06-28 12:07:50','2016-06-28 12:07:50','ribaslab','$2a$04$ObT74q5hLKsxRMUh7bGXOObZKVtaINJ168FCbTjxc2axgDujNz2aW',7,'P',NULL,NULL),(133,'Jingwei','Cheng','jingwei_cheng@dfci.harvard.edu','617-632-4797','2016-06-28 12:07:50','2016-06-28 12:07:50','JC221','$2a$04$rToBDgxRbDuuGwXRDaIj4.mOXmE5z47HlC1vVIdmAY9UOWgKbit.6',1,'P',NULL,NULL),(134,'Mark','Kieran','mark_kieran@dfci.harvard.edu','(617) 632-4907','2016-06-28 12:07:50','2016-06-28 12:07:50','mwk0','$2a$04$31i9ysPVfrBgy4M4QN3qSuTP1HGVu9tOTOS67mHP8b7.JfhPsBLoC',1,'P',NULL,NULL),(135,'Matt','Theisen','matthewa_theisen@dfci.harvard.edu','6175828767','2016-06-28 12:07:50','2016-06-28 12:07:50','matheisen','$2a$04$owYC2VLOQSAgC05TEfz7qej5Jg.Ywnr.AM/vu4JEd9f5BGL3qoj1S',1,'P',NULL,NULL),(136,'Carmen','Priolo','carmen__priolo@dfci.harvard.edu','6176326461','2016-06-28 12:07:50','2016-06-28 12:07:50','CPriolo','$2a$04$hTCLZvgJtzPm0gk79RslmOBSF.zCFrlcu6XRI4i.pjj0GfbRT57we',1,'P',NULL,NULL),(137,'Paul','VanHummelen','paul_vanhummelen@dfci.harvard.edu','','2016-06-28 12:07:50','2016-06-28 12:07:50','paulvan','$2a$04$Y1IGd/x9ecJXneRtoNWfQOSxfhv..sXRfAz6KEQBVne1dr02vOk12',1,'P',NULL,NULL),(138,'John','Keilty','john.keilty@infi.com','617-453-1000','2016-06-28 12:07:50','2016-06-28 12:07:50','jkeilty','$2a$04$dP2dMhGxYm4o7Z3RvuWsX.7nLmCcXQQfTMA6srfpp54YloUU6t606',35,'P',NULL,NULL),(139,'Jennifer','Brown','jbrown2@partners.org','617-632-4894','2016-06-28 12:07:50','2016-06-28 12:07:50','jb916','$2a$04$0d5IFB0/8j34o181I4bDU.mhUrPa3Moo2HvYFG9Wn1VY/msUopqM2',1,'P',NULL,NULL),(140,'Alexi','Wright','alexi_wright@dfci.harvard.edu','617-632-3547','2016-06-28 12:07:50','2016-06-28 12:07:50','alexiwright','$2a$04$i56tC6cbUPqQcpM71X2Rk.71A1g/B9xDId5pvLli8yemMVDU5D236',1,'P',NULL,NULL),(141,'Filipe','Martins','filipe_martins@dfci.harvard.edu','6175828073','2016-06-28 12:07:50','2016-06-28 12:07:50','filipecorrei','$2a$04$jMSbwmJsFoRtqJlvNgmW7u76iogljfnT04Vxk4aVf6e7ctmzYTcjW',1,'P',NULL,NULL),(142,'Xiangqing','Yang','xiangqing_yang@dfci.harvard.edu','(617)582-8803','2016-06-28 12:07:50','2016-06-28 12:07:50','xyang','$2a$04$GBhrnAuk/yqasajXAQU6U./p0Bdgn66/KPpk/luyC38BZbnlLEsKG',1,'P',NULL,NULL),(143,'Xiangqing','Yang','xiangqingy@gmail.com','(617)582-8803','2016-06-28 12:07:50','2016-06-28 12:07:50','xyang126','$2a$04$HUIV0JVstPpFmyP5fzgKR.QppOdPQGeUlUW6HL5KEK1s2kDqXfDX6',1,'P',NULL,NULL),(144,'Daniel','Auclair','dauclair@broadinstitute.org','617-714-8644','2016-06-28 12:07:50','2016-06-28 12:07:50','auclaird','$2a$04$Rvyta7fdd1lODUa/Am/8oO7P2MdQVBCKXYh8K/EtTxynpaW9LHV.e',2,'P',NULL,NULL),(145,'Elizabeth','Garcia','egarcia7@partners.org','','2016-06-28 12:07:50','2016-06-28 12:07:50','eg804','$2a$04$gHRDvPa34bjVE9nMxjZdyuVGvbJet5AW85fq/CRJluPAZehRZuqPm',16,'P',NULL,NULL),(146,'Victoria','Brown','vebrown@partners.org','617 525 3168','2016-06-28 12:07:50','2016-06-28 12:07:50','vbrown88','$2a$04$8u7n9q0PeOd9E2Sg66eq9.Gy2Qyf2ehIEZ56XYIxqLw2SSjeTsv2S',16,'P',NULL,NULL),(147,'Lan','Hu','lanhu@jimmy.harvard.edu','','2016-06-28 12:07:50','2016-06-28 12:07:50','hulan','$2a$04$YIB7rDpJfA/zFDjlojS2keBvc72Z8ixF.kHjHPs2T/gI0lMvy15FG',1,'P',NULL,NULL),(148,'Jacek','Wardzala','jacek_wardzala@gmail.com','617 632 2204','2016-06-28 12:07:50','2016-06-28 12:07:50','jw500','$2a$04$4cZ2MxdbV1gGfdNj1hdXaeUO7SC/zYCkERvh8IQbntaUNughoRSfS',1,'P',NULL,NULL),(150,'Efi','Kokkotou','kthall@bidmc.harvard.edu','617 818 2111','2016-06-28 12:07:50','2016-06-28 12:07:50','kthall','$2a$04$KaFx944gxB4QRa41kOzjcOmyn0pXlgWPN5gP9SkOCuLVksGmW72ki',36,'P',NULL,NULL),(152,'Joonil','Jung','joonilj@broadinstitute.org','617-714-7579','2016-06-28 12:07:50','2016-06-28 12:07:50','joonilj','$2a$04$QAwxt6StSxTbC7uZNPQNR.vJ.XawopjdqeBlGcUo3Rr5hB4fV1QT.',2,'P',NULL,NULL),(153,'Kin','Yu','kin.yu@sanofi-aventis.com','6176654222','2016-06-28 12:07:50','2016-06-28 12:07:50','ktysaoncobu','$2a$04$skr4XudakPj2Ru55rGigOupc/Ke3vOxHOZjuG9nXfL67f2RarEjxC',38,'P',NULL,NULL),(154,'Ravali','Adusumilli','ravali_adusumilli@dfci.harvard.edu','','2016-06-28 12:07:50','2016-06-28 12:07:50','ravali','$2a$04$lVG938OXgLwGp80oROFkeexN0mrPm.7L9Chq4PzF1EMk5ROkBzIlK',1,'P',NULL,NULL),(155,'Edward','Stack','edward_stack@dfci.harvard.edu','7818373367','2016-06-28 12:07:50','2016-06-28 12:07:50','ecstack','$2a$04$X3840LWWnS2qDM7yW3Fr7eEOm1JOp4KChYuuvRhqLc918O6eEXuzm',1,'P',NULL,NULL),(156,'Scott','Swanson','sjswanson@partners.org','6175257532','2016-06-28 12:07:50','2016-06-28 12:07:50','SJS','$2a$04$KtI.6gJWnj5.KMyH2NrZ.ell6AhGPuiTmfsmovTfVS72zd9mvnfVK',16,'P',NULL,NULL),(157,'Jeff','DeFrank','jeff_defrank@dfci.harvard.edu','Feb-64','2016-06-28 12:07:50','2016-06-28 12:07:50','JSD1','$2a$04$uAu0cO/mwXmDFxP.u3F4eO0iDbZlQdxqrM1WmH13WARmmqUbN1aue',1,'P',NULL,NULL),(158,'Alex','Huang','alex.huang@sanofi-aventis.com','617-665-4221','2016-06-28 12:07:50','2016-06-28 12:07:50','i0138401','$2a$04$hGOIkdBnehM4VJQZ4Lh7K.nGiecUXATuWTarUztw6FD2O.XOEj8ny',38,'P',NULL,NULL),(159,'ruchi','joshi','rjoshi1@partners.org','','2016-06-28 12:07:50','2016-06-28 12:07:50','rjoshi','$2a$04$7vQ.qp39iLXHx8VqOOHkEusgjTpV5Uwj9e0H0EUWC6Albj6TctpUa',16,'P',NULL,NULL),(160,'Adri','Mills','adri_mills@dfci.harvard.edu','607-229-9054','2016-06-28 12:07:50','2016-06-28 12:07:50','am20','$2a$04$ZNJPIk0jXrFgQSKjmu.s6u1wkspnRiWukW8XeyUutAGsn2xaI/ZFG',1,'P',NULL,NULL),(161,'Priscilla','Brastianos','pbrastianos@partners.org','617-632-2199','2016-06-28 12:07:50','2016-06-28 12:07:50','brastianos','$2a$04$S3WsF3strXmYEVPvBg.gpOTxqQUJrkpOOcQj9lUmADfWbVZ8jDixe',1,'P',NULL,NULL),(164,'Takeshi','Shimamura','takeshi_shimamura@dfci.harvard.edu','617-582-7644','2016-06-28 12:07:50','2016-06-28 12:07:50','tshimamura','$2a$04$oIDRchcw92F2XglANaJE4enwr1pIL1w/ebl0sx6v3WUIE6p8ncd2G',1,'P',NULL,NULL),(165,'Brenton','Mar','brenton.mar@childrens.harvard.edu','617-632-4689','2016-06-28 12:07:50','2016-06-28 12:07:50','brentonmar','$2a$04$34fix/gUQD7D621Een/StuIPrC3JB2l0Bv95vzBeazZ7IMCT3E13i',1,'P',NULL,NULL),(167,'Rameen','Beroukhim','rameen@broadinstitute.org','617-582-7941','2016-06-28 12:07:50','2016-06-28 12:07:50','rameen','$2a$04$kP5muIHWQiBEv//x6LzezOurnpB.8hqdYS/cpgEggszOZqvqYaFCe',1,'P',NULL,NULL),(168,'Youngha','Kim','youngha_kim@dfci.harvard.edu','617-582-4132','2016-06-28 12:07:50','2016-06-28 12:07:50','CMR','$2a$04$Oh5XH4uFp5xnaLI1zrbrMO9jtiMmsKGqQoS51Iups070hwKuHrWU.',1,'P',NULL,NULL),(169,'Andrea','Myers','apmyers@partners.org','650-714-5706','2016-06-28 12:07:50','2016-06-28 12:07:50','apmyers','$2a$04$y9wvzaRFsa39J8frjAzwQeIYOMKtAsuQmfQQGhvuanoUpkyTVGxb2',40,'P',NULL,NULL),(171,'Ashwini','Sunkavalli','ashwini_sunkavalli@dfci.harvard.edu','6176326439','2016-06-28 12:07:50','2016-06-28 12:07:50','az975','$2a$04$8GWy7MqRjjpE5K8W6OYMFuLObQGL4batpH5MLJ4uGLH05HIqHwfHu',1,'P',NULL,NULL),(172,'Coren','Milbury','coren_milbury@dfci.harvard.edu','617-632-4120','2016-06-28 12:07:50','2016-06-28 12:07:50','cmilbury','$2a$04$DVcbEolFhTsmTT53DlfaeuOL3hL..CT7PyrUiKi9PROeZc4If8.5O',1,'P',NULL,NULL),(173,'Sung-Min','Chun','alsl1000@hanmail.net','8.21034E+11','2016-06-28 12:07:50','2016-06-28 12:07:50','tez','$2a$04$nKwE6ywDxPNcWXz6oXAMy.lB4Wo7BWi00QyPMSKDO5G4wM7kgy35i',1,'P',NULL,NULL),(174,'Josh','Francis','joshua_francis@dfci.harvard.edu','617-714-7586','2016-06-28 12:07:50','2016-06-28 12:07:50','jmf83','$2a$04$jlfaAW2kqPDjGg5LvLejx.5ApBWf2CPhIyqrZyCCNvJziC5n8ttK.',1,'P',NULL,NULL),(175,'Sung-Min','Chun','smchun@amc.seoul.kr','82230105999','2016-06-28 12:07:50','2016-06-28 12:07:50','alsl1000','$2a$04$cdwzvNgFZaFg5eBU.lw7f.9tVFp8Jd0zWx7mjFAOc0KvNHUp0/LCy',1,'P',NULL,NULL),(176,'Steven','Bair','stevenm_bair@dfci.harvard.edu','6176324610','2016-06-28 12:07:50','2016-06-28 12:07:50','sb670','$2a$04$ugdPA6OFDTAuut/uGz8YNeyOmsoLI.GMSiJTIzUBssLcklWbXLZTS',1,'P',NULL,NULL),(177,'Alex','Kentsis','alex.kentsis@childrens.harvard.edu','6176324130','2016-06-28 12:07:50','2016-06-28 12:07:50','kentsis','$2a$04$UvvYmEWGVqBll0K8LV.bGeDv3CpwAo0NqX7i5jRjiZLW55.XXlDpa',32,'P',NULL,NULL),(178,'Sewanti','Limaye','slimaye@partners.org','617-632-3090','2016-06-28 12:07:50','2016-06-28 12:07:50','sl113','$2a$04$gbeVQCyDGtfQ2zpa9Vj2MuCywahLLz6eGfRLs6xQKXo9JsiLGz6B2',16,'P',NULL,NULL),(179,'SARA','TOLANEY','stolaney@partners.org','617-632-5743','2016-06-28 12:07:50','2016-06-28 12:07:50','stolaney','$2a$04$sZoLg4dbUTIb6ONbHCQmBOaT1/WXw3RRaKt2HHbmEM/Oh2hhthUXO',1,'P',NULL,NULL),(180,'Bjoern','Chapuy','Bjoern_Chapuy@dfci.harvard.edu','1(617)6323881','2016-06-28 12:07:50','2016-06-28 12:07:50','bchapuy','$2a$04$SraHV/i64MqdHRb9wXfkTeIkWI288X6suj8q1BPupXoH95im6Z74K',1,'P',NULL,NULL),(182,'Peleg','Horowitz','phorowitz@partners.org','773-480-5987','2016-06-28 12:07:50','2016-06-28 12:07:50','horowitz','$2a$04$kb.TNRkT1xcH9UGXQFQ/g.FK6gAtwsgleVQpDPe3qOIluDOydtFBi',2,'P',NULL,NULL),(183,'Brian','Goodman','bmgoodman@partners.org','617-525-6784','2016-06-28 12:07:50','2016-06-28 12:07:50','bmgoodman','$2a$04$JP.2YJ4c7MCqWzpQFJKd8esTkgIopTLVXLV2qT7szbcUeRLxjoay.',16,'P',NULL,NULL),(184,'Sandro','Santagata','ssantagata@partners.org','617-732-7532','2016-06-28 12:07:50','2016-06-28 12:07:50','santas01','$2a$04$xN3LSm7zGXigs5KC3Eq8.e2zMv87k9AD/k9sEbosz2VRoc91ssQF2',16,'P',NULL,NULL),(185,'Oliver','Weigert','oliver_weigert@dfci.harvard.edu','617-582-8868','2016-06-28 12:07:50','2016-06-28 12:07:50','oweigert','$2a$04$zgva.qsQLNdnGQdYXJpCW.TUTj1Uif3KMipBzd6BC81hsHzQs6r5G',1,'P',NULL,NULL),(186,'David','Hsu','hsu00018@dm.duke.edu','919-684-1739','2016-06-28 12:07:50','2016-06-28 12:07:50','swdhsu','$2a$04$7dBDRO5.lOhQzKrSygOPWuBTzgmMJG8aM6U8ughwvQov2SkcjnHIy',44,'P',NULL,NULL),(188,'Joshua','Uronis','ju12@duke.edu','+1 919 684 1591','2016-06-28 12:07:50','2016-06-28 12:07:50','hsulab','$2a$04$.Wj2kFlo0BqrFZ9KLO1ZQOtFDLbdz88tOBTx4/pnGFsHwiJX5pUfy',44,'P',NULL,NULL),(215,'Xuesong','Zhao','xuesong_zhao@dfci.harvard.edu','617 632 6174','2016-06-28 12:07:50','2016-06-28 12:07:50','snowpine','$2a$04$IV4lC7bm/CJGOPdC08qMneCPJZ0vVN3tptW1lMmhnq7KLjwfm7Fka',1,'P',NULL,NULL),(216,'YF','Wong','yfwong@partners.org','6172780196','2016-06-28 12:07:50','2016-06-28 12:07:50','yfwong','$2a$04$gIg7BdlQL09fQgzQvgfZeesjn10fsa..ixHBoTK5nX3VRzwdxqWzG',16,'P',NULL,NULL),(217,'Aymen','Elfiky','Aymen_Elfiky@dfci.harvard.edu','617-632-5456','2016-06-28 12:07:50','2016-06-28 12:07:50','ae955','$2a$04$5y6PGuuKehhLUA4ILDnj6ec/UUp8Ow./UPI4uY7fr8MrGzT.XhEl.',1,'P',NULL,NULL),(218,'Simone','Hettmer','simone_hettmer@dfci.harvard.edu','617 632-4550','2016-06-28 12:07:50','2016-06-28 12:07:50','Wagerslab','$2a$04$szdyETrUVCIAo7S35UbZNe8YviSj9RQRvBqTPFrPDghj5jb./KqdK',1,'P',NULL,NULL),(219,'Constantine','Mitsiades','constantine_mitsiades@dfci.harvard.edu','617-632-1962','2016-06-28 12:07:50','2016-06-28 12:07:50','cmitsiades','$2a$04$t9rIUbLsvIqms9lk7Pflou/5gplWgLubETBD1YyPBYrAS9/3H6AOy',1,'P',NULL,NULL),(220,'Louise','Koopman','louise_koopman@dfci.harvard.edu','617-632-6922','2016-06-28 12:07:50','2016-06-28 12:07:50','lkoopman','$2a$04$kUp03FAYB4.g6JETlkFi6ehTFNoq6cNSN6KmarXTbcelhLix.9ZtG',48,'P',NULL,NULL),(221,'David','Weinstock','dweinstock@partners.org','24245','2016-06-28 12:07:50','2016-06-28 12:07:50','weinstod','$2a$04$zFdeutLKzebhA0xLPLdBMeN0Ydky5gjGOdSX3L7L6JxA.Dp0ZuxTu',1,'P',NULL,NULL),(224,'Heidi','Greulich','heidig@broadinstitute.org','617-714-7475','2016-06-28 12:07:50','2016-06-28 12:07:50','heidigreulic','$2a$04$Fy13fmxGY9o8YGtF5gd1CuefL9hAFZGS4hbiiUS6lF/pzW5QNzgzS',1,'P',NULL,NULL),(225,'Catriona','Hayes','catrionaa_hayes@dfci.harvard.edu','6175829895','2016-06-28 12:07:50','2016-06-28 12:07:50','cathayes','$2a$04$ov06f.HWn4Kwz0fcMy23TelUKlUEqmmEMSt7A1V7xgVkWxLtU1L2m',1,'P',NULL,NULL),(226,'Gerburg','Wulf','gwulf@bidmc.harvard.edu','617 331 7772','2016-06-28 12:07:50','2016-06-28 12:07:50','gwulf','$2a$04$/TNdJ1QlvnjXt3xacvy.buIGGv7r2P339PEyIqMZsoPs93mal9ErO',14,'P',NULL,NULL),(227,'Carmelo','Nucera','carmnuce@libero.it','617-599-0515','2016-06-28 12:07:50','2016-06-28 12:07:50','carmnuce','$2a$04$IiTV1ipno4rDgBPovP8sz.pLg5VeJdoNvbYtJY0xnTjEDkLRGcZ.C',51,'P',NULL,NULL),(228,'Claudius','Conrad','cconrad@partners.org','617-726-2000 pager 1','2016-06-28 12:07:50','2016-06-28 12:07:50','cconrad','$2a$04$2jhgaNzTI/UvV.LULAhRJOr1cFW7LBFgtyglG2Ny4Ev8urbZR4UMq',24,'P',NULL,NULL),(229,'Larissa','Lee','llee@lroc.harvard.edu','617 331-9665','2016-06-28 12:07:50','2016-06-28 12:07:50','ljl14','$2a$04$E7Zv3oGJe7.YOj1d83Jta.v2IoyALTTttkm771Ooz1xhLQU9M6amy',16,'P',NULL,NULL),(230,'Megan','Lampron','Megan_Lampron@dfci.harvard.edu','617-632-5914','2016-06-28 12:07:50','2016-06-28 12:07:50','mel89','$2a$04$J93ZNpEkpKvvVlKC7RjqDOJ1Yx8taV7D2bjVn51OZQCTDLYroWZri',1,'P',NULL,NULL),(231,'David','Kozono','dkozono@lroc.harvard.edu','617-582-8237','2016-06-28 12:07:50','2016-06-28 12:07:50','dkozono','$2a$04$n1Ik.X83aYecfZpVPoulxOXtkRS3ir7MMZFK3oX32A3p4ZDhxtGGS',52,'P',NULL,NULL),(232,'Sushma','Gurumurthy','sguru0@gmail.com','617-582-6598','2016-06-28 12:07:50','2016-06-28 12:07:50','sushguru','$2a$04$ww6mZFl5kq.gqSYtPhLIPuXzBTLUHSjZ12MJPRuEQDUbrkU3AIR1m',53,'P',NULL,NULL),(233,'Laura','Schubert','laura_schubert@dfci.harvard.edu','6176326688','2016-06-28 12:07:50','2016-06-28 12:07:50','ls298','$2a$04$U.KjV1FqlQjuQ.itgEbtD.K3n8zePzilIsMgnvCo6fWz6V21m3XI.',52,'P',NULL,NULL),(234,'franklin','huang','fwhuang@partners.org','6175555555','2016-06-28 12:07:50','2016-06-28 12:07:50','fhuang','$2a$04$5HL3bSjBhhRqjJ6iz1cLeeDzr3knYLwfbqDhuux0iG/XZ4h8oGR/y',52,'P',NULL,NULL),(235,'himabindu','ramachandrareddy','himabindu_ramachandrareddy@dfci.harvard.edu','617-632-4749','2016-06-28 12:07:50','2016-06-28 12:07:50','bindubcl6','$2a$04$.C/CQG3hdF7BZIQvPIf12e9bytTmQkF.KBWdR2uqJplW5L3aLh9G.',1,'P',NULL,NULL),(237,'Yuji','Mishima','yuji_mishima@dfci.harvard.edu','617-582-8535','2016-06-28 12:07:50','2016-06-28 12:07:50','yuji_mishima','$2a$04$85fUcHlMPcJ8uxE/KORt2OdGzd8Zd/pPk.z1KcnZHMIYbNgrU64l2',53,'P',NULL,NULL),(238,'Shakti','Ramkissoon','sramkissoon@partners.org','617-582-8767','2016-06-28 12:07:50','2016-06-28 12:07:50','Shak2012','$2a$04$HE6dsFC/pT/Wql8unThmD.c811NY7igZ00E5RIKVr55znJoy4BFk2',52,'P',NULL,NULL),(239,'Kevin','Elias','kelias1@partners.org','6154280480','2016-06-28 12:07:50','2016-06-28 12:07:50','kevinelias','$2a$04$b.VhvKHchlroEnByP39XKuORSC5C7BsjRAqfQyrYAECoi31eT5gei',54,'P',NULL,NULL),(240,'David','Barbie','dbarbie@partners.org','617-632-3614','2016-06-28 12:07:50','2016-06-28 12:07:50','dbarbie','$2a$04$g90KYg018KWX4gGSmJz05uCsBcH7410ItgnzgC/UWOfM18EOYWspG',1,'P',NULL,NULL),(242,'Michael','DiGiovanni','mjdigiovanni@beckman.com','978-204-3110','2016-06-28 12:07:50','2016-06-28 12:07:50','Michael','$2a$04$Bv/L4Yrie38WGep/9Dmp0ut8zl.ElSQoo7ndfxtIaUuy8zAcZ2W0e',55,'P',NULL,NULL),(243,'Eva','Goetz','evam_goetz@dfci.harvard.edu','214-478-9836','2016-06-28 12:07:50','2016-06-28 12:07:50','evagoetz','$2a$04$Hzgy3uKAaJ23Sob070QNuObwomZ08v4JN2FxsMa06BNuPzyivFbiW',52,'P',NULL,NULL),(244,'Jonathan','Wasserman','jonathan.wasserman@sickkids.ca','4168137654x28949','2016-06-28 12:07:50','2016-06-28 12:07:50','jdwass','$2a$04$X5JFa3taD02TPipCouUbIO5YocpWfgmS.kOzUSAifb2CftTblKxAO',56,'P',NULL,NULL),(245,'Adam','Bass','adam_bass@dfci.harvard.edu','617-407-9275','2016-06-28 12:07:50','2016-06-28 12:07:50','ajb12','$2a$04$57UPIQLs7y4J6zqvEzo5c.fTKxQMFBLR8Bw4fhpL/gkUDYDcvLVM2',52,'P',NULL,NULL),(246,'Anna','Cooley','AnnaC_Cooley@DFCI.HARVARD.EDU','617 58-28643','2016-06-28 12:07:50','2016-06-28 12:07:50','cooleya','$2a$04$71o9NcVTtktvDDkJhxopg.mN7vmmz3IZqpkQ7ncLt.aE5k8TxUJV6',52,'P',NULL,NULL),(247,'Rhamy','Zeid','rhamyzeid@fas.harvard.edu','617-632-4658','2016-06-28 12:07:50','2016-06-28 12:07:50','rz042','$2a$04$VU9MFoYUiBzBSAm8jXlcFOMNdLBGArYzd8qmDk5DElYIa7jL.DEBK',57,'P',NULL,NULL),(249,'Brenton','Paolella','brenton_paolella@dfci.harvard.edu','(617) 582-7948','2016-06-28 12:07:50','2016-06-28 12:07:50','snomiester','$2a$04$p7gPc3rrgIV9uTG9/qcx9eNFuYNeeyCv2dFm8kCuxtqimdHLnur4e',52,'P',NULL,NULL),(250,'Aaron','Thorner','Aaron_Thorner@dfci.harvard.edu','27253','2016-06-28 12:07:50','2016-06-28 12:07:50','athorner','$2a$04$fGatJ4EkRAHuFB.JyTKzeuyDPiUZiwaLHMMcASENF1oCCvGWumkR.',52,'P',NULL,NULL),(251,'Geoffrey','Oxnard','goxnard@partners.org','617-632-6049','2016-06-28 12:07:50','2016-06-28 12:07:50','gro4','$2a$04$1xLhZjr07.Bj.tPoCY0KPenZsGC13VJSluXXW2OrpEK8o8UocQL16',1,'P',NULL,NULL),(252,'Joyce','Liu','joyce_liu@dfci.harvard.edu','617-632-5269','2016-06-28 12:07:50','2016-06-28 12:07:50','joyceliu','$2a$04$z/DwOUdQOr73kNDxFdHrruaG3Udi6o2VKLJnJfKLxcM2qtcASbO8i',1,'P',NULL,NULL),(253,'Rachel','Liao','rienstra@broadinstitute.org','6177147557','2016-06-28 12:07:50','2016-06-28 12:07:50','rliao','$2a$04$nqvNlj8yaBGneeJtR35EAO.Dny0tvkxHnnqbeBLG/MFnUflPcN8j2',58,'P',NULL,NULL),(254,'Adri','Mills','aamills@gmail.com','123-456-7890','2016-06-28 12:07:50','2016-06-28 12:07:50','am20b','$2a$04$wsKFnX0pmRsOKuNjFpVTle2YwI.hQsShjBB1zmtn/ajBXGdcJYC7y',52,'P',NULL,NULL),(255,'Hauke','Cornils','hauke_cornils@dfci.harvard.edu','617-632-4343','2016-06-28 12:07:50','2016-06-28 12:07:50','hauke_cornil','$2a$04$Ei.s4OrVUsh.enEpnOLOvuGEaHyqpKsGe6pTa9uJvZMyDZmOtMkue',53,'P',NULL,NULL),(256,'Emanuele','Palescandolo','epalesca@its.jnj.com','3214604741','2016-06-28 12:07:50','2016-06-28 12:07:50','epalesca','$2a$04$QlskFt25NZtR2pvy/0pXVO450dBH7SmOOwVPB/xF3GSxsO631u6Ie',59,'P',NULL,NULL),(257,'Kathleen','Yates','kathleen_yates@dfci.harvard.edu','617-582-8874','2016-06-28 12:07:50','2016-06-28 12:07:50','kb686','$2a$04$Sx8G.HGuVJ.JhBalM0qLUOCnSbkViBwYKiKVkUVtrIHwEMpJno13e',1,'P',NULL,NULL),(258,'Ami','Bhatt','asbhatt@broadinstitute.org','617-714-7559','2016-06-28 12:07:51','2016-06-28 12:07:51','asbhatt','$2a$04$d.6cjcge.ExY1ExbkLa2zu85t8PZnJC64AlIxEjkdyFE9LlqThDB.',52,'P',NULL,NULL),(259,'Alejandro','Gutierrez','alejandro.gutierrez@childrens.harvard.edu','617-919-3660','2016-06-28 12:07:51','2016-06-28 12:07:51','alejandro.gu','$2a$04$YX40SmfoOV2nU4WyjRCWGOUzNs5wpn6wMyDWmqOQ7MONmiVXgFt96',60,'P',NULL,NULL),(260,'Prakash','Rao','prakash_rao@dfci.harvard.edu','617 582 9813','2016-06-28 12:07:51','2016-06-28 12:07:51','prakashrao','$2a$04$csLW9vtBkxhhRlkhxMnCZuQ/f5FwaoPfHTRc/.XrOqSrXrKazq./i',53,'P',NULL,NULL),(261,'Jeffrey','Sorrell','jeffrey_sorrell@dfci.harvard.edu','617-632-1952','2016-06-28 12:07:51','2016-06-28 12:07:51','jds53','$2a$04$VF7Flt6WX9EtddChE/HlKOaOP6HtfIu17jj4Z/4bmTrhmn89Cvrta',53,'P',NULL,NULL),(262,'Nathan','Moerke','nathanmoerke@gmail.com','8572252576','2016-06-28 12:07:51','2016-06-28 12:07:51','nmoerke','$2a$04$yTvxdim9VwgCfHgyR8TpE.BafEeETvI5ovWgHURU6yB/reDSxYWoO',61,'P',NULL,NULL),(263,'Charles','Roberts','charles_roberts@dfci.harvard.edu','617-632-6497','2016-06-28 12:07:51','2016-06-28 12:07:51','kim','$2a$04$V9bbO2iYUHcBZ8Vli15kg.hL.S1Dj12ZJlkdl8gRs/201OAk2xM8W',1,'P',NULL,NULL),(264,'Kimberly','Stegmaier','kimberly_stegmaier@dfci.harvard.edu','617-632-4985','2016-06-28 12:07:51','2016-06-28 12:07:51','charles','$2a$04$FUoFzZy77b/cEIzyQr/wi.EvwtYsmjdHhVRiopHJUQfktkNGS/F4q',1,'P',NULL,NULL),(265,'Cecile','Maire','cecile_maire@dfci.harvard.edu','617 582 8765','2016-06-28 12:07:51','2016-06-28 12:07:51','cecilemaire','$2a$04$pXbGbIrr6WOROhr3qQT58O/AeFrZPEVdHjRIxvR2np/b8lNNj.YXe',52,'P',NULL,NULL),(266,'Ryan','Abo','ryanp_abo@dfci.harvard.edu','','2016-06-28 12:07:51','2016-06-28 12:07:51','rpa4','$2a$04$gHIKpEAC2nTKnt4hA4cWzOUQfbo996mejRhLegRRt1iMz/W3FfR5C',53,'P',NULL,NULL),(267,'Jack','Lepine','jackr_lepine@dfci.harvard.edu','617-582-8643','2016-06-28 12:07:51','2016-06-28 12:07:51','lepinej','$2a$04$GOUaBqwM0pNDB/u81bs4.O2v1CEf.qlnyCU1n2UK9mtI7RQomYqTu',1,'P',NULL,NULL),(268,'Abhishek','Chakraborty','abhishek_chakraborty@dfci.harvard.edu','6176324745','2016-06-28 12:07:51','2016-06-28 12:07:51','achakraborty','$2a$04$mYEsBoSE93u086iHSd1s1OYyctNK2wCgkehvoCxtORUD0gZbPz8zu',52,'P',NULL,NULL),(269,'Ling','Lin','ling_lin@dfci.harvard.edu','617-582-8893','2016-06-28 12:07:51','2016-06-28 12:07:51','ll620','$2a$04$vcISt1JcwYMPViRxGb9bBuxJqbCvpoFJb67/d3FCwee9/FAz7nlXa',53,'P',NULL,NULL),(270,'Akinyemi','Ojesina','ojesina@broadinstitute.org','617-714-7570','2016-06-28 12:07:51','2016-06-28 12:07:51','ojesina','$2a$04$4qhVsbMg5vIcdF1HwItnY.sRsIvhB0Ev5mSaFqiuqcEdidUJyzmk2',1,'P',NULL,NULL),(271,'Michael','Rosu-Myles','michael.rosu-myles@hc-sc.gc.ca','613-954-8742','2016-06-28 12:07:51','2016-06-28 12:07:51','mrosumyl','$2a$04$HZY2M.c5edhVrDrpyO30meUXmiT6V1G0QQADuuuIQp/x3uxfex13K',62,'P',NULL,NULL),(272,'Andrew','Hong','andrew.hong@childrens.harvard.edu','6176323270','2016-06-28 12:07:51','2016-06-28 12:07:51','ah90','$2a$04$rqNxuT9QL24WL3WgEQTIh.h/PTVpMn5MBpV5YqX6Cf3IX9vgsye3G',63,'P',NULL,NULL),(273,'Giovanni','Roti','Giovanni_Roti@dfci.harvard.edu','6175827631','2016-06-28 12:07:51','2016-06-28 12:07:51','rotigiova','$2a$04$yEG7wJK0V6xW.04zZSLF4uRsgCuL3Oy3N2VkUvsiPhVv9s8BWyZoO',1,'P',NULL,NULL),(274,'Andre','Fay','Andre_Fay@DFCI.HARVARD.EDU','6175139895','2016-06-28 12:07:51','2016-06-28 12:07:51','af638','$2a$04$vjGBro58JDr2.TyC9xwIE.Z3ztJqw/HBGWQYZp5xn/tGVZn0pgSgK',1,'P',NULL,NULL),(275,'Michalina','Janiszewska','michalina_janiszewska@dfci.harvard.edu','618-582-8755','2016-06-28 12:07:51','2016-06-28 12:07:51','mjanisze','$2a$04$tSS2VA8aoQhQTo7Dd0waYOlOXa0uq2OZCIgZm7aHjY13BFYT2v1kK',52,'P',NULL,NULL),(276,'Robert','Barnitz','robert_barnitz@dfci.harvard.edu','6175827625','2016-06-28 12:07:51','2016-06-28 12:07:51','rab72','$2a$04$OV4v8.WqkhgFmNQaWIjr2eec3oBYk4966lgldVB2eJkjAZ6iTHN.K',1,'P',NULL,NULL),(277,'Shiliang','Cao','Shiliang_Cao@dfci.harvard.edu','7044514511','2016-06-28 12:07:51','2016-06-28 12:07:51','sc20','$2a$04$LEu.7sHBAnUit9pE4lrnB.3tyr0XBpgv3OXAnUhuIYBn5dQ2lVkQe',53,'P',NULL,NULL),(278,'Susan','Moody','semoody@partners.org','267-980-8978','2016-06-28 12:07:51','2016-06-28 12:07:51','sem42','$2a$04$2AF/aDGA/0TnYbXNWa2n4.M.etR24JYlBwUVwHMTfItCjujtH5gPS',1,'P',NULL,NULL),(279,'Salomon','Manier','salomon_manier@dfci.harvard.edu','8573996947','2016-06-28 12:07:51','2016-06-28 12:07:51','Salomonmanie','$2a$04$mCXJnBebIPY8Qd9E73HPx.ggrNVU5jMip6qrCZsq8dEgYkvGWpGzG',52,'P',NULL,NULL),(280,'Srunphut','Pukma','pukmas@emmanuel.edu','6178510303','2016-06-28 12:07:51','2016-06-28 12:07:51','pukmas1991','$2a$04$n1vo2ojQPM90mo/3X8IMZeJBmSO8s3c5jGcvkNd0DY7ugVTrzMDoG',64,'P',NULL,NULL),(281,'Atsush','Nonami','Atsushi_Nonami@dfci.harvard.edu','8572419779','2016-06-28 12:07:51','2016-06-28 12:07:51','an892','$2a$04$nUOEAYYS2.ruy8ky2VUOBu7j25K18i/slEJOiDq9Xb/P1HvLXWTna',52,'P',NULL,NULL),(282,'ASLI','MUVAFFAK','asli_muvaffak@dfci.harvard.edu','617-582-8789','2016-06-28 12:07:51','2016-06-28 12:07:51','aslim','$2a$04$xIIFo0PliOYbgrr4dVUlv.ByzvsWjNHJTUxX67dedgHizzyRWaYha',52,'P',NULL,NULL),(283,'Melanie','Prasol','Melanie_Prasol@dfci.harvard.edu','','2016-06-28 12:07:51','2016-06-28 12:07:51','mp197','$2a$04$LbT4ApmkuTLUivki0/pkVe3kwEMxsEs6pugzDT10l8am/eoLJEJum',53,'P',NULL,NULL),(284,'Stephanie','Mullane','stephanie_mullane@dfci.harvard.edu','617-632-2397','2016-06-28 12:07:51','2016-06-28 12:07:51','smullane','$2a$04$poeaAgfad7hP.hiswd7XqODOz0g16EmFFVOu1/4Pq6bjUrhRL0bHK',52,'P',NULL,NULL),(285,'Ganesh','Shankar','gshankar@partners.org','805-796-0878','2016-06-28 12:07:51','2016-06-28 12:07:51','gshankar','$2a$04$3GugGVdn/sY9oVrijPUVZ./yHkn9fQscrjIIU8JTle/K19A2y5zZe',2,'P',NULL,NULL),(286,'James','Amatruda','james.amatruda@utsouthwestern.edu','214-648-1645','2016-06-28 12:07:51','2016-06-28 12:07:51','amatrudalab','$2a$04$dGsZpeWHJpG7IEO/NJ0t6.SykiuXB4wqcGkuGEMj63fQnbhngl2G6',65,'P',NULL,NULL),(287,'Ho-Chou','Tu','hochoutu@gmail.com','3145181002','2016-06-28 12:07:51','2016-06-28 12:07:51','Daleylab','$2a$04$xzv2Sucw1SF8jtwwh9yJNuOW4JDyDsty/OtX1BpdjklozQB0YRbb6',32,'P',NULL,NULL),(288,'Oliver','Weigert','olver.weigert@helmholtz-muenchen.de','+49.89.3187.1402','2016-06-28 12:07:51','2016-06-28 12:07:51','oliver.weige','$2a$04$IEDY9hDz1Tlkrr2AZ4pyi.tXDZLN6Xgetpb2L4tr8L6oiMfMc4pVK',66,'P',NULL,NULL),(289,'Atish','Choudhury','achoudhury@partners.org','6176324524','2016-06-28 12:07:51','2016-06-28 12:07:51','achoudhury','$2a$04$yTejBgyS3.6PExGI6r8a5OqQWxjaIchyU3sFMu2hQ6ClTdyGVfLM.',1,'P',NULL,NULL),(290,'Johann','Hoeftberger','johann_hoeftberger@dfci.harvard.edu','','2016-06-28 12:07:51','2016-06-28 12:07:51','JHoeftberger','$2a$04$SGeRflvgVcYKec6TfB7k8.OlVOQYSBynpLXg4A6xOkIObcPV33ivW',53,'P',NULL,NULL),(291,'Peter','Choi','peter_choi@dfci.harvard.edu','6176322930','2016-06-28 12:07:51','2016-06-28 12:07:51','pchoi','$2a$04$qNrTtXf.BCC1TcmLeiAovuteVBuPVhYlSUGA3poLlmHXP2wEFcUpu',1,'P',NULL,NULL),(292,'Coleman','Lindsley','coleman_lindsley@dfci.harvard.edu','617-997-3715','2016-06-28 12:07:51','2016-06-28 12:07:51','clindsley','$2a$04$w7ueL9W3pmbB5Y95VnEAlOl4y6yu2kWIq6nj.MoGcAkhzc3ZQNWPa',52,'P',NULL,NULL),(293,'Julide','Celebi','julide.celebi@mountsinai.org','347-247-1576','2016-06-28 12:07:51','2016-06-28 12:07:51','julidecelebi','$2a$04$gW/gAPJMG54u61Tc0RHwn.Ns61OrH8F5oPDFaSNIQsdwQxP/LtbmW',67,'P',NULL,NULL),(294,'Michael','Nehil','michael_nehil@dfci.harvard.edu','8312477018','2016-06-28 12:07:51','2016-06-28 12:07:51','mnehil','$2a$04$hXi/EUWZ6pDn.SH3irWDM.ZTwLSwJRSr8wOMJ6z/ubxjKi0D5hKWe',52,'P',NULL,NULL),(295,'Abner','Louissaint','alouissaint@partners.org','(617) 943-2890','2016-06-28 12:07:51','2016-06-28 12:07:51','alouissa','$2a$04$dezvyCAqrIUKZAlhBTr9eebie5KDYlSXv5BHnA1c3NlN1pOp.0vUC',52,'P',NULL,NULL),(296,'Leena','Gandhi','Leena_Gandhi@dfci.harvard.edu','617-632-6049','2016-06-28 12:07:51','2016-06-28 12:07:51','lgandhi','$2a$04$jEFPAbS1syhFdQiyc0Cxb.bFyV.EO0BCySnldiHJnE/APvLzdVcDW',52,'P',NULL,NULL),(297,'Rebecca','Chin','rchin1@bidmc.harvard.edu','6177352484','2016-06-28 12:07:51','2016-06-28 12:07:51','chinlab','$2a$04$ZkdMz0LtgT9xD933tEl3Eu49651ORqosc0bU8oxhU437nt8F17bsi',68,'P',NULL,NULL),(298,'Florian','Heitz','florian.heitz@gmx.net','4.92012E+12','2016-06-28 12:07:51','2016-06-28 12:07:51','Fheitz','$2a$04$9qpPco2.xPniaCN2rtmNb.Cgrbnf.lxAdR5RYBqZ2kTcfnwL8oLIW',69,'P',NULL,NULL),(299,'Linda','Bi','lbi@partners.org','203-645-9485','2016-06-28 12:07:51','2016-06-28 12:07:51','wbi','$2a$04$CSBzBxRMEUTMOb10lQdh4OMKL8/lVAUTTydKFHkqkX/sAhzFZBavm',70,'P',NULL,NULL),(300,'Andrew','Lane','andrew_lane@dfci.harvard.edu','617-632-4589','2016-06-28 12:07:51','2016-06-28 12:07:51','aal17','$2a$04$jChqiAcNYQNWZjbF1vgQTOL7X7kezvMqjeCCUjYe/HX3ws97DXXoC',52,'P',NULL,NULL),(301,'Pankaj','Agarwalla','agarwalla@gmail.com','617-726-2000','2016-06-28 12:07:51','2016-06-28 12:07:51','agarwalla','$2a$04$bbcX9WMWwQ0DKxqKKQxtCeTBTGdVSrjwuQgvjVfst4sSp9F6YpkKG',52,'P',NULL,NULL),(302,'Kent','Mouw','kmouw@partners.org','617-632-5145','2016-06-28 12:07:51','2016-06-28 12:07:51','kmouw','$2a$04$wxog1owqq586In3KlobzI.AFqqJxrbW.aQVnWzGxFcimfYwLN2T62',1,'P',NULL,NULL),(303,'Mark','Murakami','Mark_Murakami@DFCI.harvard.edu','617-582-9171','2016-06-28 12:07:51','2016-06-28 12:07:51','mym97','$2a$04$Nx7DmFRJKzyz7j2nB19XeO20MO8nGFeGnRy.y9/RArPo6kcf1kSbu',53,'P',NULL,NULL),(304,'Thomas','Melchardt','t.melchardt@salk.at','0043-662-4482','2016-06-28 12:07:51','2016-06-28 12:07:51','t.melchardt@','$2a$04$gWZs3khTBc5JyPrmwsj31upigvmJp9LMw/GRyeDSudxuwdudMGfnC',71,'P',NULL,NULL),(305,'Sam','Hunter','samuels_hunter@dfci.harvard.edu','208-546-9229','2016-06-28 12:07:51','2016-06-28 12:07:51','shunter','$2a$04$xsFIICjI9yhpkosrs6/leOMh7ybgoKYyyyFGCwXYS7GrZv8TiZ5XG',53,'P',NULL,NULL),(306,'Melissa','Burns','melissa.burns@childrens.harvard.edu','617-919-7011','2016-06-28 12:07:51','2016-06-28 12:07:51','melissa.burn','$2a$04$8Z.WZrzacwBawOJVNqXaEe6mgU2Sel6FOa8eUe3FSR5GbbQNeBWlO',60,'P',NULL,NULL),(307,'Sima','Zacharek','sima_zacharek@dfci.harvard.edu','617-582-8026','2016-06-28 12:07:51','2016-06-28 12:07:51','simazac','$2a$04$Uh2XR2/iplAefzgg66Jh..wuFTleZjoKyGKLnhZUWc77bz/Wh3jaK',52,'P',NULL,NULL),(308,'Harshabad','Singh','hsingh3@partners.org','617-620-3201','2016-06-28 12:07:51','2016-06-28 12:07:51','harshabadsin','$2a$04$G2sCW9hmItIehPcsQ.W1yuWzyh1wEzB1b3ZkDPZzpkx7I5w3bEUG.',53,'P',NULL,NULL),(309,'Raphael','Koch','raphael_koch@dfci.harvard.edu','6174879588','2016-06-28 12:07:51','2016-06-28 12:07:51','rkoch','$2a$04$ZsbDBHHmstwjtrjKmHyj6e8z/nqGSjYqWCSqvdu6SW2KNWC2XbxQq',53,'P',NULL,NULL),(310,'Volker','Blank','volker.blank@mcgill.ca','5145 340 8260','2016-06-28 12:07:51','2016-06-28 12:07:51','Volker','$2a$04$x0xxm6acIwdLFC93YA7nQu6TJ5P0cXrvwRHks.i/MRTpJeEvJr/cy',72,'P',NULL,NULL),(311,'Elizabeth','Townsend','elizabethc_townsend@dfci.harvard.edu','617 582-8868','2016-06-28 12:07:51','2016-06-28 12:07:51','Townsend','$2a$04$AjFtAk1ot05WJq0z0yiC/uJ66CFCgbJMvXcBlCne9jZg6v3/gdMiO',64,'P',NULL,NULL),(312,'Brooke','Howitt','bhowitt@partners.org','6175257295','2016-06-28 12:07:51','2016-06-28 12:07:51','brookehowitt','$2a$04$Ooo1kHG/FKNLkBG8jXmSS.UVybCuTMHXdzv2FYQVxIYelvHniI9lS',73,'P',NULL,NULL),(313,'Christopher','Gibson','christopher_gibson@dfci.harvard.edu','617-510-9454','2016-06-28 12:07:51','2016-06-28 12:07:51','christopher_','$2a$04$/CxCSjBoKFfRY9impr34WuYhH9wItlvHRZ344sC.Dz30rZbYTzdsa',74,'P',NULL,NULL),(314,'Lori','Ramkissoon','lori_ramkissoon@dfci.harvard.edu','617-582-8768','2016-06-28 12:07:51','2016-06-28 12:07:51','ramkissl','$2a$04$.YrsO2pq7U8Brl3ZXLjq0ukoYEOweg9Q/uwOcJis4eDv8NEhdBxse',52,'P',NULL,NULL),(315,'Amanda','Balboni','amandal_balboni@dfci.harvard.edu','3397881634','2016-06-28 12:07:51','2016-06-28 12:07:51','balbonia','$2a$04$dpmu1rLIQSZJlu5PYJDRw.pxC1YELshaPaUmiwOq6hHinoTUjQEAu',52,'P',NULL,NULL),(316,'Monica','Manam','monicad_manam@dfci.harvard.edu','7036597016','2016-06-28 12:07:51','2016-06-28 12:07:51','mdm68','$2a$04$mPDR58F4gTy2CCjwcU0OGuYEaLWLECvpV3YAzsDdVwEq6h.vixlk2',52,'P',NULL,NULL),(317,'Catherine','Coleman','Catherine_Coleman@DFCI.HARVARD.EDU','617-632-5078','2016-06-28 12:07:51','2016-06-28 12:07:51','ccoleman','$2a$04$gjHKTjTEPieBlloAdyst2..PRAcouq48Pd6qDwNtkKtR0XF/pgUeO',52,'P',NULL,NULL),(318,'HENRY','LONG','henry_long@dfci.harvard.edu','8576543824','2016-06-28 12:07:51','2016-06-28 12:07:51','henry_long@d','$2a$04$oRV6jblscaSM.Vy7cNgnsOoOvGo4Vyn/cbCKqrcXtqaQR71IrjAUG',75,'P',NULL,NULL),(319,'Dave','Rothfarb','dave.rothfarb@daverothfarb.com','555-555-5555','2016-06-28 12:07:51','2016-06-28 12:07:51','rothfarb-test','$2a$04$TKF7oLvltwiTERE7J7ftfOkBP8QsQKYNZnzrUDusUVXMGJVoOXluu',52,'P',NULL,NULL);
/*!40000 ALTER TABLE `users` ENABLE KEYS */;
UNLOCK TABLES;

--
-- Table structure for table `votes`
--

DROP TABLE IF EXISTS `votes`;
/*!40101 SET @saved_cs_client     = @@character_set_client */;
/*!40101 SET character_set_client = utf8 */;
CREATE TABLE `votes` (
  `id` int(11) NOT NULL AUTO_INCREMENT,
  `name` varchar(255) COLLATE utf8_unicode_ci DEFAULT NULL,
  `created_at` datetime NOT NULL,
  `updated_at` datetime NOT NULL,
  PRIMARY KEY (`id`)
) ENGINE=InnoDB AUTO_INCREMENT=4 DEFAULT CHARSET=utf8 COLLATE=utf8_unicode_ci;
/*!40101 SET character_set_client = @saved_cs_client */;

--
-- Dumping data for table `votes`
--

LOCK TABLES `votes` WRITE;
/*!40000 ALTER TABLE `votes` DISABLE KEYS */;
INSERT INTO `votes` VALUES (1,'Approve','2016-06-28 12:07:53','2016-06-28 12:07:53'),(2,'Reject','2016-06-28 12:07:53','2016-06-28 12:07:53'),(3,'Request revisions','2016-06-28 12:07:53','2016-06-28 12:07:53');
/*!40000 ALTER TABLE `votes` ENABLE KEYS */;
UNLOCK TABLES;
/*!40103 SET TIME_ZONE=@OLD_TIME_ZONE */;

/*!40101 SET SQL_MODE=@OLD_SQL_MODE */;
/*!40014 SET FOREIGN_KEY_CHECKS=@OLD_FOREIGN_KEY_CHECKS */;
/*!40014 SET UNIQUE_CHECKS=@OLD_UNIQUE_CHECKS */;
/*!40101 SET CHARACTER_SET_CLIENT=@OLD_CHARACTER_SET_CLIENT */;
/*!40101 SET CHARACTER_SET_RESULTS=@OLD_CHARACTER_SET_RESULTS */;
/*!40101 SET COLLATION_CONNECTION=@OLD_COLLATION_CONNECTION */;
/*!40111 SET SQL_NOTES=@OLD_SQL_NOTES */;

-- Dump completed on 2016-06-28 12:28:57
