-- MySQL dump 10.13  Distrib 5.1.73, for redhat-linux-gnu (x86_64)
--
-- Host: localhost    Database: ccgd_test
-- ------------------------------------------------------
-- Server version	5.1.73

/*!40101 SET @OLD_CHARACTER_SET_CLIENT=@@CHARACTER_SET_CLIENT */;
/*!40101 SET @OLD_CHARACTER_SET_RESULTS=@@CHARACTER_SET_RESULTS */;
/*!40101 SET @OLD_COLLATION_CONNECTION=@@COLLATION_CONNECTION */;
/*!40101 SET NAMES utf8 */;
/*!40103 SET @OLD_TIME_ZONE=@@TIME_ZONE */;
/*!40103 SET TIME_ZONE='+00:00' */;
/*!40014 SET @OLD_UNIQUE_CHECKS=@@UNIQUE_CHECKS, UNIQUE_CHECKS=0 */;
/*!40014 SET @OLD_FOREIGN_KEY_CHECKS=@@FOREIGN_KEY_CHECKS, FOREIGN_KEY_CHECKS=0 */;
/*!40101 SET @OLD_SQL_MODE=@@SQL_MODE, SQL_MODE='NO_AUTO_VALUE_ON_ZERO' */;
/*!40111 SET @OLD_SQL_NOTES=@@SQL_NOTES, SQL_NOTES=0 */;

--
-- Table structure for table `addresses`
--

DROP TABLE IF EXISTS `addresses`;
/*!40101 SET @saved_cs_client     = @@character_set_client */;
/*!40101 SET character_set_client = utf8 */;
CREATE TABLE `addresses` (
  `id` int(11) NOT NULL AUTO_INCREMENT,
  `street` varchar(255) COLLATE utf8_unicode_ci DEFAULT NULL,
  `city` varchar(255) COLLATE utf8_unicode_ci DEFAULT NULL,
  `country` varchar(255) COLLATE utf8_unicode_ci DEFAULT NULL,
  `created_at` datetime NOT NULL,
  `updated_at` datetime NOT NULL,
  `state_id` int(11) DEFAULT NULL,
  PRIMARY KEY (`id`)
) ENGINE=InnoDB AUTO_INCREMENT=91 DEFAULT CHARSET=utf8 COLLATE=utf8_unicode_ci;
/*!40101 SET character_set_client = @saved_cs_client */;

--
-- Dumping data for table `addresses`
--

LOCK TABLES `addresses` WRITE;
/*!40000 ALTER TABLE `addresses` DISABLE KEYS */;
INSERT INTO `addresses` VALUES (1,'44 Binney Street','Boston','NULL','2016-05-06 17:42:04','2016-05-06 17:42:04',21),(2,'7 Cambridge Center','Cambridge','NULL','2016-05-06 17:42:04','2016-05-06 17:42:04',21),(3,'75 Francis Street','Boston','NULL','2016-05-06 17:42:04','2016-05-06 17:42:04',21),(4,'21-27 Burlington Ave.','Boston','NULL','2016-05-06 17:42:04','2016-05-06 17:42:04',21),(5,'55 Fruit Street','Boston','NULL','2016-05-06 17:42:04','2016-05-06 17:42:04',21),(6,'243 Charles St','Boston','NULL','2016-05-06 17:42:04','2016-05-06 17:42:04',21),(7,'1 Blackfan Circle','Boston','NULL','2016-05-06 17:42:04','2016-05-06 17:42:04',21),(8,'20 Shattuck St','Boston','NULL','2016-05-06 17:42:04','2016-05-06 17:42:04',21),(9,'600 Beaver St','Waltham ','NULL','2016-05-06 17:42:04','2016-05-06 17:42:04',21),(10,'221 Longwood Ave','Boston','NULL','2016-05-06 17:42:04','2016-05-06 17:42:04',21),(11,'11-934 Factor Bldg','Los Angeles','NULL','2016-05-06 17:42:04','2016-05-06 17:42:04',5),(12,'3 Blackfan Circle','Boston','NULL','2016-05-06 17:42:04','2016-05-06 17:42:04',21),(13,'250 Mass Ave','Cambridge','NULL','2016-05-06 17:42:04','2016-05-06 17:42:04',21),(14,'50 Blossom Street','Boston','NULL','2016-05-06 17:42:04','2016-05-06 17:42:04',21),(15,'Ireland Cancer Center / University Hospitals 2103 Cornell Road ','Cleveland','NULL','2016-05-06 17:42:04','2016-05-06 17:42:04',35),(16,'78 Memorial Dr.','Cambridge','NULL','2016-05-06 17:42:04','2016-05-06 17:42:04',21),(17,'375 Longwood','Boston','NULL','2016-05-06 17:42:04','2016-05-06 17:42:04',21),(18,'St Andrews Place','Melbourne','Victoria','2016-05-06 17:42:04','2016-05-06 17:42:04',0),(19,'15 Parkman Street',' Wang 460','Boston','2016-05-06 17:42:04','2016-05-06 17:42:04',0),(20,'Irwondong 50',' Kangnamgu','Seoul','2016-05-06 17:42:04','2016-05-06 17:42:04',0),(21,'Box 91006',' B232 LSRC','Durham','2016-05-06 17:42:04','2016-05-06 17:42:04',0),(22,'149 13th Street','Charlestown','NULL','2016-05-06 17:42:04','2016-05-06 17:42:04',21),(23,'65 Landsdowne Street','Cambridge','NULL','2016-05-06 17:42:04','2016-05-06 17:42:04',21),(24,'550 First Avenue','New York','NULL','2016-05-06 17:42:04','2016-05-06 17:42:04',32),(25,'61 Binney Street','Boston','NULL','2016-05-06 17:42:04','2016-05-06 17:42:04',21),(26,'88',' Stuart Street',' Queen\'s University','2016-05-06 17:42:04','2016-05-06 17:42:04',0),(27,'50 Irwon-dong Gangnam-gu','Seoul','Korea','2016-05-06 17:42:04','2016-05-06 17:42:04',0),(28,'650 Charles E Young Dr. South','Los Angeles','NULL','2016-05-06 17:42:04','2016-05-06 17:42:04',5),(29,'780 Memorial Drive','Cambridge','NULL','2016-05-06 17:42:04','2016-05-06 17:42:04',21),(30,'70 Francis Street','Boston','NULL','2016-05-06 17:42:04','2016-05-06 17:42:04',21),(31,'301 Binney Street','Cambridge','NULL','2016-05-06 17:42:04','2016-05-06 17:42:04',21),(32,'270 Albany Street','Cambridge','NULL','2016-05-06 17:42:04','2016-05-06 17:42:04',21),(33,'450 Brookline Avenue','Boston','NULL','2016-05-06 17:42:04','2016-05-06 17:42:04',21),(34,'123-34',' GIL','SEOUL','2016-05-06 17:42:04','2016-05-06 17:42:04',0),(35,'101 Science Drive','Durham','NULL','2016-05-06 17:42:04','2016-05-06 17:42:04',33),(36,'1 joslin Place','Boston','NULL','2016-05-06 17:42:04','2016-05-06 17:42:04',21),(37,'27 Drydock Avenue','Boston','NULL','2016-05-06 17:42:04','2016-05-06 17:42:04',21),(38,'77 Avenue Louis Pasteur','Boston','NULL','2016-05-06 17:42:04','2016-05-06 17:42:04',21),(39,'330 Brookline Ave','Boston','NULL','2016-05-06 17:42:04','2016-05-06 17:42:04',21),(40,'99 Brookline Avenue','Boston','NULL','2016-05-06 17:42:04','2016-05-06 17:42:04',21),(41,'450 Brookline Ave','Boston','NULL','2016-05-06 17:42:04','2016-05-06 17:42:04',21),(42,'4 Blackfan street','Boston','NULL','2016-05-06 17:42:04','2016-05-06 17:42:04',21),(43,'Dana 15',' 450 Brookline Avenue','Boston','2016-05-06 17:42:04','2016-05-06 17:42:04',0),(44,'450 Brookline Ave',' JF208B','Boston','2016-05-06 17:42:04','2016-05-06 17:42:04',0),(45,'5 Blackfan Circle','Boston','NULL','2016-05-06 17:42:04','2016-05-06 17:42:04',21),(46,'221 Longwood Avenue','Boston','NULL','2016-05-06 17:42:04','2016-05-06 17:42:04',21),(47,'nowhere','boston','NULL','2016-05-06 17:42:04','2016-05-06 17:42:04',21),(48,'94 heritage dr','lowell','NULL','2016-05-06 17:42:04','2016-05-06 17:42:04',21),(49,'450 Brookline Ave.','Boston','NULL','2016-05-06 17:42:04','2016-05-06 17:42:04',21),(50,'555 University Avenue','Toronto','Ontario','2016-05-06 17:42:04','2016-05-06 17:42:04',0),(51,'450 Brookline Ave. SM1010','Boston','NULL','2016-05-06 17:42:04','2016-05-06 17:42:04',21),(52,'Dana Farber','Boston','NULL','2016-05-06 17:42:04','2016-05-06 17:42:04',21),(53,'450 Brookline Av','Boston','NULL','2016-05-06 17:42:04','2016-05-06 17:42:04',21),(54,'Turnhoutseweg 30','Beerse','Belgium','2016-05-06 17:42:04','2016-05-06 17:42:04',0),(55,'300 Longwood Avenue','Boston','NULL','2016-05-06 17:42:04','2016-05-06 17:42:04',21),(56,'250 Longwood Avenue','Boston','NULL','2016-05-06 17:42:04','2016-05-06 17:42:04',21),(57,'251 Sir Frederick Banting Driveway','Ottawa','Ontario','2016-05-06 17:42:04','2016-05-06 17:42:04',0),(58,'450 Brookline Avenue',' Dana 1514','Boston','2016-05-06 17:42:04','2016-05-06 17:42:04',0),(59,'1450 Brookline  Avenue','Boston','NULL','2016-05-06 17:42:04','2016-05-06 17:42:04',21),(60,'44 Binney St','Boston','NULL','2016-05-06 17:42:04','2016-05-06 17:42:04',21),(61,'Dana-Farber Cancer Institute',' 44 Binney St.','Boston','2016-05-06 17:42:04','2016-05-06 17:42:04',0),(62,'77 Ave Louis Pasteur','Boston','NULL','2016-05-06 17:42:04','2016-05-06 17:42:04',21),(63,'440 Brookline Ave.','Boston','NULL','2016-05-06 17:42:05','2016-05-06 17:42:05',21),(64,'450 Brookline Ave M534','Boston','NULL','2016-05-06 17:42:05','2016-05-06 17:42:05',21),(65,'301 Binney Street','Boston','NULL','2016-05-06 17:42:05','2016-05-06 17:42:05',21),(66,'5323 Harry Hines Blvd.','Dallas','NULL','2016-05-06 17:42:05','2016-05-06 17:42:05',43),(67,'Karp 7',' One Blackfan Circle','Boston','2016-05-06 17:42:05','2016-05-06 17:42:05',0),(68,'Marchioninistr. 25','Munich','Germany','2016-05-06 17:42:05','2016-05-06 17:42:05',0),(69,'1470 Madison Avenue','New York','NULL','2016-05-06 17:42:05','2016-05-06 17:42:05',32),(70,'Henricistrasse 92','Essen','Germany','2016-05-06 17:42:05','2016-05-06 17:42:05',0),(71,'1 Jimmy Fund Way',' Sm-1022','Boston','2016-05-06 17:42:05','2016-05-06 17:42:05',0),(72,'1 Jimmy Fund Way','Boston','NULL','2016-05-06 17:42:05','2016-05-06 17:42:05',21),(73,'Muellner Hauptstraße 48','Salzburg','Salzburg Austria','2016-05-06 17:42:05','2016-05-06 17:42:05',0),(74,'4 Blackfan St','Boston','NULL','2016-05-06 17:42:05','2016-05-06 17:42:05',21),(75,'tbd','tbd','tbd','2016-05-06 17:42:05','2016-05-06 17:42:05',0),(76,'3755 Cote Sainte-Catherine Road','Montreal','Canada','2016-05-06 17:42:05','2016-05-06 17:42:05',0),(77,'75 Francis St',' Dept of Pathology',' Amory 3','2016-05-06 17:42:05','2016-05-06 17:42:05',0),(78,'1 Blackfan Cir','Boston','NULL','2016-05-06 17:42:05','2016-05-06 17:42:05',21);
/*!40000 ALTER TABLE `addresses` ENABLE KEYS */;
UNLOCK TABLES;

--
-- Table structure for table `lab_groups`
--

DROP TABLE IF EXISTS `lab_groups`;
/*!40101 SET @saved_cs_client     = @@character_set_client */;
/*!40101 SET character_set_client = utf8 */;
CREATE TABLE `lab_groups` (
  `id` int(11) NOT NULL AUTO_INCREMENT,
  `name` varchar(255) COLLATE utf8_unicode_ci DEFAULT NULL,
  `code` varchar(255) COLLATE utf8_unicode_ci DEFAULT NULL,
  `created_at` datetime NOT NULL,
  `updated_at` datetime NOT NULL,
  `location_id` int(11) DEFAULT NULL,
  PRIMARY KEY (`id`)
) ENGINE=InnoDB AUTO_INCREMENT=207 DEFAULT CHARSET=utf8 COLLATE=utf8_unicode_ci;
/*!40101 SET character_set_client = @saved_cs_client */;

--
-- Dumping data for table `lab_groups`
--

LOCK TABLES `lab_groups` WRITE;
/*!40000 ALTER TABLE `lab_groups` DISABLE KEYS */;
INSERT INTO `lab_groups` VALUES (1,'CCGD Administration','CCGD','2016-05-06 17:42:05','2016-05-06 17:42:05',1),(2,'CCGD Genotyping','CCGD','2016-05-06 17:42:05','2016-05-06 17:42:05',1),(3,'Freedman Lab','FRDMAN','2016-05-06 17:42:05','2016-05-06 17:42:05',3),(4,'Garraway Lab','GARRWY','2016-05-06 17:42:05','2016-05-06 17:42:05',2),(5,'Golub Broad Lab','GOLBBI','2016-05-06 17:42:05','2016-05-06 17:42:05',4),(6,'Golub DFCI Lab','GOLUB','2016-05-06 17:42:05','2016-05-06 17:42:05',2),(7,'Hahn Lab','HAHN','2016-05-06 17:42:05','2016-05-06 17:42:05',2),(8,'Loda Lab','LODA','2016-05-06 17:42:05','2016-05-06 17:42:05',2),(9,'Kinome','MRSNBI','2016-05-06 17:42:05','2016-05-06 17:42:05',4),(10,'Meyerson DFCI Lab','MYRSON','2016-05-06 17:42:05','2016-05-06 17:42:05',2),(11,'Polyak Lab','POLYAK','2016-05-06 17:42:05','2016-05-06 17:42:05',2),(12,'ramesh shivdasani','SHIV','2016-05-06 17:42:05','2016-05-06 17:42:05',3),(13,'Janne Lab','JANNE','2016-05-06 17:42:05','2016-05-06 17:42:05',5),(14,'Rani George','GEORGE','2016-05-06 17:42:05','2016-05-06 17:42:05',6),(15,'Thomas Roberts','RBERTS','2016-05-06 17:42:05','2016-05-06 17:42:05',7),(16,'Thomas Look','LOOK','2016-05-06 17:42:05','2016-05-06 17:42:05',8),(17,'Jerome Ritz','RITZ','2016-05-06 17:42:05','2016-05-06 17:42:05',10),(18,'Matthew Kulke','KULKE','2016-05-06 17:42:05','2016-05-06 17:42:05',11),(19,'Margaret Shipp','SHIPP','2016-05-06 17:42:05','2016-05-06 17:42:05',12),(20,'Philip Kantoff','KNTOFF','2016-05-06 17:42:05','2016-05-06 17:42:05',13),(21,'Robert Ross','ROSS','2016-05-06 17:42:05','2016-05-06 17:42:05',13),(22,'Myles Brown','BROWN','2016-05-06 17:42:05','2016-05-06 17:42:05',14),(23,'Jennifer R. Brown','JRBRWN','2016-05-06 17:42:05','2016-05-06 17:42:05',15),(24,'Rollins','ROLLNS','2016-05-06 17:42:05','2016-05-06 17:42:05',16),(25,'Stiles Lab','STILES','2016-05-06 17:42:05','2016-05-06 17:42:05',21),(26,'Chirieac','CHIRI','2016-05-06 17:42:05','2016-05-06 17:42:05',22),(27,'CCGD Pilot','CCGD','2016-05-06 17:42:05','2016-05-06 17:42:05',1),(28,'Microarray Core','CHPLAB','2016-05-06 17:42:05','2016-05-06 17:42:05',23),(29,'Sarcoma Lab','DUAN','2016-05-06 17:42:05','2016-05-06 17:42:05',24),(30,'Ebert Lab','EBERT','2016-05-06 17:42:05','2016-05-06 17:42:05',22),(31,'Gilliland','GLLLND','2016-05-06 17:42:05','2016-05-06 17:42:05',22),(32,'Hezel','HEZEL','2016-05-06 17:42:05','2016-05-06 17:42:05',24),(33,'Kim','KIM','2016-05-06 17:42:05','2016-05-06 17:42:05',25),(34,'Henske','HENSKE','2016-05-06 17:42:05','2016-05-06 17:42:05',22),(35,'Chin Lab','CHIN','2016-05-06 17:42:05','2016-05-06 17:42:05',26),(36,'Hornicek','HRNCEK','2016-05-06 17:42:05','2016-05-06 17:42:05',27),(37,'Fletcher lab','FLTCHR','2016-05-06 17:42:05','2016-05-06 17:42:05',28),(38,'Ng','NG','2016-05-06 17:42:05','2016-05-06 17:42:05',30),(39,'Ribas','RIBAS','2016-05-06 17:42:05','2016-05-06 17:42:05',31),(40,'Christopher Walsh','WALSH','2016-05-06 17:42:05','2016-05-06 17:42:05',32),(41,'BIACS','BIACS','2016-05-06 17:42:05','2016-05-06 17:42:05',33),(42,'Ligon Lab','LIGON','2016-05-06 17:42:05','2016-05-06 17:42:05',35),(43,'Monahan','MONHAN','2016-05-06 17:42:05','2016-05-06 17:42:05',36),(44,'Chung Lab','CHUNG','2016-05-06 17:42:05','2016-05-06 17:42:05',40),(45,'Koon lab','KOON','2016-05-06 17:42:05','2016-05-06 17:42:05',42),(46,'Infinity','INFI','2016-05-06 17:42:05','2016-05-06 17:42:05',43),(47,'Infinity','INFI','2016-05-06 17:42:05','2016-05-06 17:42:05',43),(48,'Ovarian Cancer Genomics','LEVEL3','2016-05-06 17:42:06','2016-05-06 17:42:06',45),(49,'Rosenberg','RSNBRG','2016-05-06 17:42:06','2016-05-06 17:42:06',13),(50,'Tenen Lab','TENEN','2016-05-06 17:42:06','2016-05-06 17:42:06',46),(51,'Segal lab','Segallab','2016-05-06 17:42:06','2016-05-06 17:42:06',47),(52,'4th floor','Kinome','2016-05-06 17:42:06','2016-05-06 17:42:06',48),(53,'Cancer Program','GOLUB','2016-05-06 17:42:06','2016-05-06 17:42:06',2),(54,'BJ Rollins','BJR grou','2016-05-06 17:42:06','2016-05-06 17:42:06',50),(55,'Armstrong Lab','SAA','2016-05-06 17:42:06','2016-05-06 17:42:06',51),(56,'HIV Therapeutics','kuritzke','2016-05-06 17:42:06','2016-05-06 17:42:06',52),(57,'Garraway Lab','Garraway','2016-05-06 17:42:06','2016-05-06 17:42:06',53),(58,'genetics','Kwiatkow','2016-05-06 17:42:06','2016-05-06 17:42:06',54),(59,'Thyroid Cancer','214741','2016-05-06 17:42:06','2016-05-06 17:42:06',55),(60,'Panc Adeno Project',' Ferrone Lab','2016-05-06 17:42:06','2016-05-06 17:42:06',0),(61,'Fredenburgh Lab','FREDEN','2016-05-06 17:42:06','2016-05-06 17:42:06',57),(62,'Kwiatkowski Lab','RB06005A','2016-05-06 17:42:06','2016-05-06 17:42:06',58),(63,'15th floor','Meyerson','2016-05-06 17:42:06','2016-05-06 17:42:06',59),(64,'Medical Oncology - 8th floor',' Ghobrial lab','2016-05-06 17:42:06','2016-05-06 17:42:06',123456),(65,'Ghobrial lab','1234567','2016-05-06 17:42:06','2016-05-06 17:42:06',60),(66,'Oncology','ONC','2016-05-06 17:42:06','2016-05-06 17:42:06',62),(67,'CAMD','CAMD','2016-05-06 17:42:06','2016-05-06 17:42:06',22),(68,'Thyroid Surgery Lab Thier 603 Parangi Lab','1151983','2016-05-06 17:42:06','2016-05-06 17:42:06',63),(69,'ORF and RNAi work','HahnLab','2016-05-06 17:42:06','2016-05-06 17:42:06',64),(70,'Kirsch Lab',' ','2016-05-06 17:42:06','2016-05-06 17:42:06',65),(71,'Dana 15','Garraway','2016-05-06 17:42:06','2016-05-06 17:42:06',53),(72,'Bowtell Lab','LEVEL3','2016-05-06 17:42:06','2016-05-06 17:42:06',45),(73,'Cancer','zonlab','2016-05-06 17:42:06','2016-05-06 17:42:06',67),(74,'Dyson Lab','NDYSON','2016-05-06 17:42:06','2016-05-06 17:42:06',68),(75,'DePinho lab','depinho1','2016-05-06 17:42:06','2016-05-06 17:42:06',69),(76,'Mayer 4','DeCaprio','2016-05-06 17:42:06','2016-05-06 17:42:06',70),(77,'Kuritzkes Lab','87654321','2016-05-06 17:42:06','2016-05-06 17:42:06',71),(78,'Lab of Benjamin L. Ebert','ebert201','2016-05-06 17:42:06','2016-05-06 17:42:06',72),(79,'Pathology Dpt.','EHL305','2016-05-06 17:42:06','2016-05-06 17:42:06',73),(80,'Ribas Lab','31262','2016-05-06 17:42:06','2016-05-06 17:42:06',74),(81,'Translational Research','Fleming','2016-05-06 17:42:06','2016-05-06 17:42:06',75),(82,'Chin-Lee Wu','Wu Lab','2016-05-06 17:42:06','2016-05-06 17:42:06',76),(83,'Pediatric Oncology','KSteg','2016-05-06 17:42:06','2016-05-06 17:42:06',77),(84,'Cancer cytogenetics','JSOVCA','2016-05-06 17:42:06','2016-05-06 17:42:06',78),(85,'Nanomed','Nanomed','2016-05-06 17:42:06','2016-05-06 17:42:06',79),(86,'Antoni Ribas','RIBAS','2016-05-06 17:42:06','2016-05-06 17:42:06',31),(87,'Mark Kieran','Kieran','2016-05-06 17:42:06','2016-05-06 17:42:06',6),(88,'Ligon Lab','Ligon208','2016-05-06 17:42:06','2016-05-06 17:42:06',83),(89,'Leiomyosarcoma','EHL305','2016-05-06 17:42:06','2016-05-06 17:42:06',73),(90,'15th floor','prostate','2016-05-06 17:42:06','2016-05-06 17:42:06',84),(91,'Infinity','Infinity','2016-05-06 17:42:06','2016-05-06 17:42:06',85),(92,'Heme Malignancies','BrownCLL','2016-05-06 17:42:06','2016-05-06 17:42:06',86),(93,'Cancer Program','BSP','2016-05-06 17:42:06','2016-05-06 17:42:06',90),(94,'CCCB','CCCB','2016-05-06 17:42:06','2016-05-06 17:42:06',91),(95,'DeCaprio','DcCaprio','2016-05-06 17:42:06','2016-05-06 17:42:06',70),(96,'Gastroenterology','Kokkotou','2016-05-06 17:42:06','2016-05-06 17:42:06',92),(97,'Meyerson Lab','Meyerson','2016-05-06 17:42:06','2016-05-06 17:42:06',59),(98,'Cancer Bio','YUG310J','2016-05-06 17:42:06','2016-05-06 17:42:06',94),(99,'CMOP','CMOP','2016-05-06 17:42:06','2016-05-06 17:42:06',35),(100,'Choueiri-Signoretti','Choueiri','2016-05-06 17:42:06','2016-05-06 17:42:06',22),(101,'Swanson Research','Swanson','2016-05-06 17:42:06','2016-05-06 17:42:06',95),(102,'Cancer Biology','unknown','2016-05-06 17:42:06','2016-05-06 17:42:06',96),(103,'Saurin Lab','1234','2016-05-06 17:42:06','2016-05-06 17:42:06',22),(104,'Wong','7644','2016-05-06 17:42:06','2016-05-06 17:42:06',97),(105,'Pedi Onc','unknown','2016-05-06 17:42:06','2016-05-06 17:42:06',96),(106,'Beroukhim Lab','rameen','2016-05-06 17:42:06','2016-05-06 17:42:06',100),(107,'Pedatric Oncology','snf5','2016-05-06 17:42:06','2016-05-06 17:42:06',101),(108,'Cantley Lab','NA','2016-05-06 17:42:06','2016-05-06 17:42:06',102),(109,'Makrigiorgos','coldpcr','2016-05-06 17:42:06','2016-05-06 17:42:06',103),(110,'AML','1','2016-05-06 17:42:06','2016-05-06 17:42:06',8),(111,'Jeff Krane',' Head and Neck Pathology','2016-05-06 17:42:06','2016-05-06 17:42:06',11911),(112,'Breast Oncology','none','2016-05-06 17:42:06','2016-05-06 17:42:06',107),(113,'Shipp Lab','Shipp La','2016-05-06 17:42:06','2016-05-06 17:42:06',108),(114,'Santagata Lab','103964','2016-05-06 17:42:06','2016-05-06 17:42:06',110),(115,'Hematologic Neoplasia','D512WEIN','2016-05-06 17:42:06','2016-05-06 17:42:06',111),(116,'GI Genomics','Hsu_lab','2016-05-06 17:42:06','2016-05-06 17:42:06',112),(117,'Hsu lab','hsu','2016-05-06 17:42:06','2016-05-06 17:42:06',113),(118,'medulloblastoma','Segallab','2016-05-06 17:42:06','2016-05-06 17:42:06',47),(119,'OBSGYN','GYNONCOL','2016-05-06 17:42:06','2016-05-06 17:42:06',123),(120,'Choueiri-Signoretti','12345','2016-05-06 17:42:06','2016-05-06 17:42:06',124),(121,'Wagers Lab','Jos630 ','2016-05-06 17:42:06','2016-05-06 17:42:06',125),(122,'HIM346','MITSIAD','2016-05-06 17:42:06','2016-05-06 17:42:06',126),(123,'C-NExT','Ligonext','2016-05-06 17:42:06','2016-05-06 17:42:06',127),(124,'Weinstock lab','weinstoc','2016-05-06 17:42:06','2016-05-06 17:42:06',128),(125,'Meyerson','??','2016-05-06 17:42:06','2016-05-06 17:42:06',131),(126,'Mitsiades lab','Mitsiade','2016-05-06 17:42:06','2016-05-06 17:42:06',132),(127,'BIDMC Cancer Center Cantley','none','2016-05-06 17:42:06','2016-05-06 17:42:06',107),(128,'Thyroid Cancer Translational','212354','2016-05-06 17:42:06','2016-05-06 17:42:06',134),(129,'Conrad','WRN-4-40','2016-05-06 17:42:06','2016-05-06 17:42:06',135),(130,'Human Thyroid Cancers Translational Research','CNUCERA','2016-05-06 17:42:06','2016-05-06 17:42:06',136),(131,'Gyn Rad Onc','GynRO','2016-05-06 17:42:06','2016-05-06 17:42:06',137),(132,'Choueiri-Signoretti','522','2016-05-06 17:42:06','2016-05-06 17:42:06',138),(133,'JF5','DANDREA','2016-05-06 17:42:06','2016-05-06 17:42:06',139),(134,'Belfer','Belfer','2016-05-06 17:42:06','2016-05-06 17:42:06',140),(135,'Bass Laboratory','Bass','2016-05-06 17:42:06','2016-05-06 17:42:06',66),(136,'Shipp lab','lymphoma','2016-05-06 17:42:06','2016-05-06 17:42:06',142),(137,'Keith Ligon Lab @ DFCI','1234567','2016-05-06 17:42:06','2016-05-06 17:42:06',60),(138,'Ghobrial Lab','HUM237','2016-05-06 17:42:06','2016-05-06 17:42:06',144),(139,'Keith Ligon\'s Lab','1234567','2016-05-06 17:42:06','2016-05-06 17:42:06',60),(140,'Division of Gynecologic Oncology','RSBLAB','2016-05-06 17:42:06','2016-05-06 17:42:06',146),(141,'Barbie Lab','dana819','2016-05-06 17:42:06','2016-05-06 17:42:06',147),(142,'none','123','2016-05-06 17:42:06','2016-05-06 17:42:06',148),(143,'Beckman','Beckman','2016-05-06 17:42:06','2016-05-06 17:42:06',149),(144,'Garraway Lab','LAG','2016-05-06 17:42:06','2016-05-06 17:42:06',150),(145,'Thyroid','WASS','2016-05-06 17:42:06','2016-05-06 17:42:06',151),(146,'Bass Lab DFCI/MCO Dana 8','Bass','2016-05-06 17:42:06','2016-05-06 17:42:06',66),(147,'Bradner Lab','BRADNER','2016-05-06 17:42:06','2016-05-06 17:42:06',153),(148,'Beroukhim Lab','Berouk','2016-05-06 17:42:06','2016-05-06 17:42:06',154),(149,'Genomics','9617589','2016-05-06 17:42:06','2016-05-06 17:42:06',155),(150,'Gyn Oncology','LIU','2016-05-06 17:42:06','2016-05-06 17:42:06',156),(151,'Meyerson Cancer Program Lab','1111','2016-05-06 17:42:06','2016-05-06 17:42:06',157),(152,'Bioinformatics','000','2016-05-06 17:42:06','2016-05-06 17:42:06',158),(153,'PedOnc','PellmanM','2016-05-06 17:42:06','2016-05-06 17:42:06',159),(154,'MPS','BTP','2016-05-06 17:42:06','2016-05-06 17:42:06',160),(155,'Haining Lab','Haining','2016-05-06 17:42:06','2016-05-06 17:42:06',161),(156,'Cancer Program',' Broad','2016-05-06 17:42:06','2016-05-06 17:42:06',0),(157,'T-ALL','aglab','2016-05-06 17:42:06','2016-05-06 17:42:06',163),(158,'Long Lab Group','CFCE','2016-05-06 17:42:06','2016-05-06 17:42:06',164),(159,'Sorger Lab Group','plx4032','2016-05-06 17:42:06','2016-05-06 17:42:06',165),(160,'CMOP','JF208','2016-05-06 17:42:06','2016-05-06 17:42:06',166),(161,'Kaelin','Kaelin','2016-05-06 17:42:06','2016-05-06 17:42:06',167),(162,'Medical Oncology','........','2016-05-06 17:42:06','2016-05-06 17:42:06',2),(163,'Stem Cell Group','BGTDSCL','2016-05-06 17:42:06','2016-05-06 17:42:06',168),(164,'Hahn Lab','HahnLab','2016-05-06 17:42:06','2016-05-06 17:42:06',64),(165,'Stegmaier 6th Floor Group','STEGLAB','2016-05-06 17:42:06','2016-05-06 17:42:06',170),(166,'Kidney Cancer','GU Oncol','2016-05-06 17:42:06','2016-05-06 17:42:06',171),(167,'Biostatistics and Computational Biology DFCI Group','BCB','2016-05-06 17:42:06','2016-05-06 17:42:06',91),(168,'Polyak Lab Group','POLYAK','2016-05-06 17:42:06','2016-05-06 17:42:06',2),(169,'Brown PDX Group','BROWN','2016-05-06 17:42:06','2016-05-06 17:42:06',14),(170,'15th floor','HAHN','2016-05-06 17:42:06','2016-05-06 17:42:06',2),(171,'Medical Oncology','Ghobrial','2016-05-06 17:42:06','2016-05-06 17:42:06',177),(172,'Pediatric Oncology','76325281','2016-05-06 17:42:06','2016-05-06 17:42:06',178),(173,'Griffin',' J','2016-05-06 17:42:06','2016-05-06 17:42:06',0),(174,'Bladder Cancer Center','40888','2016-05-06 17:42:06','2016-05-06 17:42:06',180),(175,'Meyerson Lab Group','Meyerson','2016-05-06 17:42:06','2016-05-06 17:42:06',59),(176,'Joaquim Bellmunt','40888','2016-05-06 17:42:06','2016-05-06 17:42:06',180),(177,'Amatruda lab group','UTAMAT','2016-05-06 17:42:06','2016-05-06 17:42:06',182),(178,'Daley','Daley','2016-05-06 17:42:06','2016-05-06 17:42:06',183),(179,'Collaboration with Weinstock Lab','002a','2016-05-06 17:42:06','2016-05-06 17:42:06',184),(180,'Dana15','HahnLab','2016-05-06 17:42:06','2016-05-06 17:42:06',64),(181,'Med Onc - Hematologic Malignancies','TBD','2016-05-06 17:42:06','2016-05-06 17:42:06',186),(182,'Celebi','Celebi','2016-05-06 17:42:06','2016-05-06 17:42:06',187),(183,'GlenDranoff','524','2016-05-06 17:42:06','2016-05-06 17:42:06',188),(184,'Weinstock lab','510B','2016-05-06 17:42:06','2016-05-06 17:42:06',128),(185,'Medical Oncology','HER2','2016-05-06 17:42:06','2016-05-06 17:42:06',189),(186,'Chin Lab Group','Chinlab1','2016-05-06 17:42:06','2016-05-06 17:42:06',190),(187,'Department for Gynecologic Oncology','\"\"GynOnc_','2016-05-06 17:42:06','2016-05-06 17:42:06',191),(188,'Beroukhim Lab Group ','N/A','2016-05-06 17:42:06','2016-05-06 17:42:06',192),(189,'Lane Lab Group','Lane','2016-05-06 17:42:06','2016-05-06 17:42:06',97),(190,'Cancer Biology','N/A','2016-05-06 17:42:06','2016-05-06 17:42:06',192),(191,'D\'Andrea Lab Genomics','D\'Andrea','2016-05-06 17:42:06','2016-05-06 17:42:06',195),(192,'Egles Group','LIMCR','2016-05-06 17:42:06','2016-05-06 17:42:06',196),(193,'Gutierrez Lab','aglab','2016-05-06 17:42:06','2016-05-06 17:42:06',163),(194,'Target Discovery','Belfer','2016-05-06 17:42:06','2016-05-06 17:42:06',140),(195,'tbd','TBD','2016-05-06 17:42:06','2016-05-06 17:42:06',186),(196,'PTCL','D512','2016-05-06 17:42:06','2016-05-06 17:42:06',200),(197,'Blank Lab Group','cncmaf','2016-05-06 17:42:06','2016-05-06 17:42:06',201),(198,'GYN mesenchymal tumors group','BHMNBQ','2016-05-06 17:42:06','2016-05-06 17:42:06',203),(199,'BWH Hematology','EbertLab','2016-05-06 17:42:06','2016-05-06 17:42:06',204),(200,'CMOP','LIGON','2016-05-06 17:42:06','2016-05-06 17:42:06',35),(201,'Ped Onc 6th floor','PedOnc','2016-05-06 17:42:06','2016-05-06 17:42:06',206),(202,'CFCE','CFCE','2016-05-06 17:42:06','2016-05-06 17:42:06',164);
/*!40000 ALTER TABLE `lab_groups` ENABLE KEYS */;
UNLOCK TABLES;

--
-- Table structure for table `locations`
--

DROP TABLE IF EXISTS `locations`;
/*!40101 SET @saved_cs_client     = @@character_set_client */;
/*!40101 SET character_set_client = utf8 */;
CREATE TABLE `locations` (
  `id` int(11) NOT NULL AUTO_INCREMENT,
  `building` varchar(255) COLLATE utf8_unicode_ci DEFAULT NULL,
  `room` varchar(255) COLLATE utf8_unicode_ci DEFAULT NULL,
  `created_at` datetime NOT NULL,
  `updated_at` datetime NOT NULL,
  `address_id` int(11) DEFAULT NULL,
  PRIMARY KEY (`id`)
) ENGINE=InnoDB AUTO_INCREMENT=214 DEFAULT CHARSET=utf8 COLLATE=utf8_unicode_ci;
/*!40101 SET character_set_client = @saved_cs_client */;

--
-- Dumping data for table `locations`
--

LOCK TABLES `locations` WRITE;
/*!40000 ALTER TABLE `locations` DISABLE KEYS */;
INSERT INTO `locations` VALUES (1,'Dana','1539','2016-05-06 17:42:05','2016-05-06 17:42:05',1),(2,'Dana','15th Floor','2016-05-06 17:42:05','2016-05-06 17:42:05',1),(3,'Dana','7th Floor','2016-05-06 17:42:05','2016-05-06 17:42:05',1),(4,'7CC','4th Floor','2016-05-06 17:42:05','2016-05-06 17:42:05',2),(5,'Dana','820','2016-05-06 17:42:05','2016-05-06 17:42:05',1),(6,'Dana','D3-JFC','2016-05-06 17:42:05','2016-05-06 17:42:05',1),(7,'Smith','970','2016-05-06 17:42:05','2016-05-06 17:42:05',1),(8,'Mayer','630','2016-05-06 17:42:05','2016-05-06 17:42:05',1),(10,'Mayer','530','2016-05-06 17:42:05','2016-05-06 17:42:05',1),(11,'Dana','1220','2016-05-06 17:42:05','2016-05-06 17:42:05',1),(12,'Mayer','513','2016-05-06 17:42:05','2016-05-06 17:42:05',1),(13,'Dana','1230','2016-05-06 17:42:05','2016-05-06 17:42:05',1),(14,'Dana','730','2016-05-06 17:42:05','2016-05-06 17:42:05',1),(15,'Dana','1B30','2016-05-06 17:42:05','2016-05-06 17:42:05',1),(16,'Mayer','430','2016-05-06 17:42:05','2016-05-06 17:42:05',1),(21,'Smith','1070','2016-05-06 17:42:05','2016-05-06 17:42:05',1),(22,'BWH','','2016-05-06 17:42:05','2016-05-06 17:42:05',3),(23,'21-27 Burlington Ave.','464','2016-05-06 17:42:05','2016-05-06 17:42:05',4),(24,'MGH','','2016-05-06 17:42:05','2016-05-06 17:42:05',5),(25,'Ophthalmology-Retina Service','','2016-05-06 17:42:05','2016-05-06 17:42:05',6),(26,'Mayer','448','2016-05-06 17:42:05','2016-05-06 17:42:05',1),(27,'MGH','Yawkey 3700','2016-05-06 17:42:05','2016-05-06 17:42:05',5),(28,'Thorn ','528','2016-05-06 17:42:05','2016-05-06 17:42:05',8),(29,'N-Of-One','','2016-05-06 17:42:05','2016-05-06 17:42:05',9),(30,'BWH','BLI-449A','2016-05-06 17:42:05','2016-05-06 17:42:05',10),(31,'Factor','','2016-05-06 17:42:05','2016-05-06 17:42:05',11),(32,'Neurology','','2016-05-06 17:42:05','2016-05-06 17:42:05',12),(33,'21-27 Burlington Ave.','B452A','2016-05-06 17:42:05','2016-05-06 17:42:05',4),(35,'Jimmy Fund','JF215','2016-05-06 17:42:05','2016-05-06 17:42:05',1),(36,'NIBR','','2016-05-06 17:42:05','2016-05-06 17:42:05',13),(40,'50 Blossom Street','GRJ 825','2016-05-06 17:42:05','2016-05-06 17:42:05',17),(42,'WRB','2-143','2016-05-06 17:42:05','2016-05-06 17:42:05',18),(43,'Infinity Pharmaceuticals','','2016-05-06 17:42:05','2016-05-06 17:42:05',19),(44,'375 Longwood','226','2016-05-06 17:42:05','2016-05-06 17:42:05',20),(45,'Peter Mac Research','3539','2016-05-06 17:42:05','2016-05-06 17:42:05',21),(46,'CLS','428','2016-05-06 17:42:05','2016-05-06 17:42:05',74),(47,'Smith','1054','2016-05-06 17:42:05','2016-05-06 17:42:05',1),(48,'Main building','4175-B','2016-05-06 17:42:05','2016-05-06 17:42:05',2),(49,'7CC','4175-X','2016-05-06 17:42:05','2016-05-06 17:42:05',2),(50,'Smith','742','2016-05-06 17:42:05','2016-05-06 17:42:05',1),(51,'Karp','08211','2016-05-06 17:42:05','2016-05-06 17:42:05',7),(52,'65 Landsdowne','435','2016-05-06 17:42:05','2016-05-06 17:42:05',34),(53,'Dana','D1541','2016-05-06 17:42:05','2016-05-06 17:42:05',1),(54,'Karp','6-216','2016-05-06 17:42:05','2016-05-06 17:42:05',7),(55,'Thier','6 floor','2016-05-06 17:42:05','2016-05-06 17:42:05',5),(56,'WANG','460','2016-05-06 17:42:05','2016-05-06 17:42:05',26),(57,'Thorn','932','2016-05-06 17:42:05','2016-05-06 17:42:05',3),(58,'Karp','RB06005A','2016-05-06 17:42:05','2016-05-06 17:42:05',7),(59,'Dana','1526','2016-05-06 17:42:05','2016-05-06 17:42:05',1),(60,'Dana','802','2016-05-06 17:42:05','2016-05-06 17:42:05',1),(61,'Karp','Rm 08006A','2016-05-06 17:42:05','2016-05-06 17:42:05',7),(62,'Samsung Cancer Center','11th floor','2016-05-06 17:42:05','2016-05-06 17:42:05',29),(63,'Thier','603','2016-05-06 17:42:05','2016-05-06 17:42:05',5),(64,'7CC','4034','2016-05-06 17:42:05','2016-05-06 17:42:05',2),(65,'LSRC','232','2016-05-06 17:42:05','2016-05-06 17:42:05',31),(66,'Dana','Lab','2016-05-06 17:42:05','2016-05-06 17:42:05',1),(67,'Karp','RB-07005A','2016-05-06 17:42:05','2016-05-06 17:42:05',7),(68,'149','7330','2016-05-06 17:42:05','2016-05-06 17:42:05',33),(69,'Mayer','415','2016-05-06 17:42:05','2016-05-06 17:42:05',1),(70,'Mayer','440','2016-05-06 17:42:05','2016-05-06 17:42:05',1),(71,'Partners Research bldg','441','2016-05-06 17:42:05','2016-05-06 17:42:05',34),(72,'Karp','5.210','2016-05-06 17:42:05','2016-05-06 17:42:05',7),(73,'Smilow','305','2016-05-06 17:42:05','2016-05-06 17:42:05',36),(74,'Factor','14-635','2016-05-06 17:42:05','2016-05-06 17:42:05',42),(75,'Enders','1174','2016-05-06 17:42:05','2016-05-06 17:42:05',38),(76,'WRN','3-324','2016-05-06 17:42:05','2016-05-06 17:42:05',5),(77,'Dana','640A','2016-05-06 17:42:05','2016-05-06 17:42:05',1),(78,'Richardson Laboratory','401','2016-05-06 17:42:05','2016-05-06 17:42:05',39),(79,'Samsung Cancer Center','188 B4','2016-05-06 17:42:05','2016-05-06 17:42:05',41),(81,'Factor','14-638','2016-05-06 17:42:05','2016-05-06 17:42:05',42),(83,'JF','208','2016-05-06 17:42:05','2016-05-06 17:42:05',1),(84,'Dana','1516','2016-05-06 17:42:05','2016-05-06 17:42:05',1),(85,'780 Memorial Drive','780 Memorial Drive','2016-05-06 17:42:05','2016-05-06 17:42:05',44),(86,'Mayer','1B29','2016-05-06 17:42:05','2016-05-06 17:42:05',1),(87,'Dana','1210','2016-05-06 17:42:05','2016-05-06 17:42:05',1),(88,'Dana','740','2016-05-06 17:42:05','2016-05-06 17:42:05',1),(90,'B301','5019','2016-05-06 17:42:05','2016-05-06 17:42:05',46),(91,'Smith','824','2016-05-06 17:42:05','2016-05-06 17:42:05',1),(92,'BIDMC Dana','536','2016-05-06 17:42:05','2016-05-06 17:42:05',74),(93,'Dana','15th floor','2016-05-06 17:42:05','2016-05-06 17:42:05',1),(94,'270 Albany','G310J','2016-05-06 17:42:05','2016-05-06 17:42:05',49),(95,'Peter Bent Brigham','CA 355','2016-05-06 17:42:05','2016-05-06 17:42:05',3),(96,'270 Albany','G310I','2016-05-06 17:42:05','2016-05-06 17:42:05',49),(97,'Mayer','413','2016-05-06 17:42:05','2016-05-06 17:42:05',50),(98,'Dana','630F','2016-05-06 17:42:05','2016-05-06 17:42:05',50),(99,'Smith','708','2016-05-06 17:42:05','2016-05-06 17:42:05',50),(100,'Smith','1022C','2016-05-06 17:42:05','2016-05-06 17:42:05',50),(101,'Mayer','654','2016-05-06 17:42:05','2016-05-06 17:42:05',50),(102,'CLS ','417','2016-05-06 17:42:05','2016-05-06 17:42:05',12),(103,'Jimmy Fund','614','2016-05-06 17:42:05','2016-05-06 17:42:05',50),(104,'Dana','1526','2016-05-06 17:42:05','2016-05-06 17:42:05',1),(105,'Mayer','457','2016-05-06 17:42:05','2016-05-06 17:42:05',50),(107,'Yawkey','1257','2016-05-06 17:42:05','2016-05-06 17:42:05',50),(108,'Mayer','563','2016-05-06 17:42:05','2016-05-06 17:42:05',1),(110,'Amory','360U','2016-05-06 17:42:05','2016-05-06 17:42:05',3),(111,'Dana','D512','2016-05-06 17:42:05','2016-05-06 17:42:05',1),(112,'CIEMAS','2323','2016-05-06 17:42:05','2016-05-06 17:42:05',57),(113,'CIEMAS','2323','2016-05-06 17:42:05','2016-05-06 17:42:05',57),(122,'Smith','1052','2016-05-06 17:42:05','2016-05-06 17:42:05',50),(123,'BLI','449B','2016-05-06 17:42:05','2016-05-06 17:42:05',10),(124,'Dana','1230','2016-05-06 17:42:05','2016-05-06 17:42:05',1),(125,'Joslin','630','2016-05-06 17:42:05','2016-05-06 17:42:05',68),(126,'Harvard Institutes of Medicine Building (4 Blackfan Circle)','HIM346','2016-05-06 17:42:05','2016-05-06 17:42:05',50),(127,'27 Drydock','DD466S','2016-05-06 17:42:05','2016-05-06 17:42:05',70),(128,'Dana','510B','2016-05-06 17:42:05','2016-05-06 17:42:05',50),(131,'7CC','4027','2016-05-06 17:42:05','2016-05-06 17:42:05',2),(132,'HIM','309','2016-05-06 17:42:05','2016-05-06 17:42:05',74),(133,'Center for Life Sciences','CLS441','2016-05-06 17:42:05','2016-05-06 17:42:05',75),(134,'Research North','2 floor','2016-05-06 17:42:05','2016-05-06 17:42:05',76),(135,'Warren','WRN-4-408C','2016-05-06 17:42:05','2016-05-06 17:42:05',5),(136,'BIDMC Pathology','','2016-05-06 17:42:05','2016-05-06 17:42:05',76),(137,'CWN-L2','Brachy','2016-05-06 17:42:05','2016-05-06 17:42:05',3),(138,'Dana','1230','2016-05-06 17:42:05','2016-05-06 17:42:05',50),(139,'Jimmy Fund','521','2016-05-06 17:42:05','2016-05-06 17:42:05',77),(140,'HIM ','344','2016-05-06 17:42:05','2016-05-06 17:42:05',78),(141,'Dana','15','2016-05-06 17:42:05','2016-05-06 17:42:05',79),(142,'mayer','515','2016-05-06 17:42:05','2016-05-06 17:42:05',77),(143,'Jimmy Fund','208B','2016-05-06 17:42:05','2016-05-06 17:42:05',80),(144,'HIM','240','2016-05-06 17:42:05','2016-05-06 17:42:05',81),(145,'Jimmy Fund','208B','2016-05-06 17:42:05','2016-05-06 17:42:05',77),(146,'Boston Lying-In','429A','2016-05-06 17:42:05','2016-05-06 17:42:05',82),(147,'Dana','819','2016-05-06 17:42:05','2016-05-06 17:42:05',77),(148,'bldg','rm','2016-05-06 17:42:05','2016-05-06 17:42:05',83),(149,'Smith','1234','2016-05-06 17:42:05','2016-05-06 17:42:05',84),(150,'Dana','1524','2016-05-06 17:42:05','2016-05-06 17:42:05',85),(151,'HSC','5445','2016-05-06 17:42:05','2016-05-06 17:42:05',86),(152,'Dana','8th Floor','2016-05-06 17:42:05','2016-05-06 17:42:05',1),(153,'Dana','510','2016-05-06 17:42:05','2016-05-06 17:42:05',1),(154,'Smith','1010','2016-05-06 17:42:05','2016-05-06 17:42:05',87),(155,'Dana','1234','2016-05-06 17:42:05','2016-05-06 17:42:05',85),(156,'Yawkey','1425','2016-05-06 17:42:05','2016-05-06 17:42:05',50),(157,'7CC','4175-J','2016-05-06 17:42:05','2016-05-06 17:42:05',2),(158,'DA','8','2016-05-06 17:42:05','2016-05-06 17:42:05',88),(159,'Mayer','620','2016-05-06 17:42:05','2016-05-06 17:42:05',89),(160,'020','0G4','2016-05-06 17:42:05','2016-05-06 17:42:05',90),(161,'Dana','D644','2016-05-06 17:42:05','2016-05-06 17:42:05',50),(162,'7CC','4th floor','2016-05-06 17:42:05','2016-05-06 17:42:05',50),(163,'Karp','08-212','2016-05-06 17:42:05','2016-05-06 17:42:05',91),(164,'Dana','757','2016-05-06 17:42:05','2016-05-06 17:42:05',50),(165,'WAB','444','2016-05-06 17:42:05','2016-05-06 17:42:05',92),(166,'Jimmy Fund','208C','2016-05-06 17:42:05','2016-05-06 17:42:05',1),(167,'Mayer','457','2016-05-06 17:42:05','2016-05-06 17:42:05',77),(168,'Banting Building','E110','2016-05-06 17:42:05','2016-05-06 17:42:05',93),(169,'Dana','1514','2016-05-06 17:42:05','2016-05-06 17:42:05',94),(170,'Dana','D628','2016-05-06 17:42:05','2016-05-06 17:42:05',95),(171,'Dana Building','1230','2016-05-06 17:42:05','2016-05-06 17:42:05',77),(172,'Smith','822C','2016-05-06 17:42:05','2016-05-06 17:42:05',77),(173,'Dana','D740B','2016-05-06 17:42:05','2016-05-06 17:42:05',50),(174,'Dana','D614','2016-05-06 17:42:05','2016-05-06 17:42:05',96),(175,'Dana','728','2016-05-06 17:42:05','2016-05-06 17:42:05',96),(176,'Dana','1514','2016-05-06 17:42:05','2016-05-06 17:42:05',97),(177,'HIM','237','2016-05-06 17:42:05','2016-05-06 17:42:05',98),(178,'Dana','640A','2016-05-06 17:42:05','2016-05-06 17:42:05',99),(179,'Mayer ','534','2016-05-06 17:42:05','2016-05-06 17:42:05',100),(180,'Dana ','1230','2016-05-06 17:42:05','2016-05-06 17:42:05',77),(181,'Broad','5064D','2016-05-06 17:42:05','2016-05-06 17:42:05',101),(182,'ND3','136','2016-05-06 17:42:05','2016-05-06 17:42:05',102),(183,'Karp','7004','2016-05-06 17:42:05','2016-05-06 17:42:05',103),(184,'Haematologicum','007','2016-05-06 17:42:05','2016-05-06 17:42:05',104),(185,'Dana','1514','2016-05-06 17:42:05','2016-05-06 17:42:05',77),(186,'Karp','5th floor','2016-05-06 17:42:05','2016-05-06 17:42:05',50),(187,'Hess','5-108','2016-05-06 17:42:05','2016-05-06 17:42:05',105),(188,'Dana','524','2016-05-06 17:42:05','2016-05-06 17:42:05',96),(189,'Dana','1240F','2016-05-06 17:42:05','2016-05-06 17:42:05',77),(190,'CLS','628C','2016-05-06 17:42:05','2016-05-06 17:42:05',75),(191,'Haupthaus','E.408','2016-05-06 17:42:05','2016-05-06 17:42:05',106),(192,'Smith','1022','2016-05-06 17:42:05','2016-05-06 17:42:05',107),(193,'Smith','1010','2016-05-06 17:42:05','2016-05-06 17:42:05',108),(194,'Dana Building','630D','2016-05-06 17:42:05','2016-05-06 17:42:05',1),(195,'Mayer','640','2016-05-06 17:42:05','2016-05-06 17:42:05',85),(196,'C','1.1','2016-05-06 17:42:05','2016-05-06 17:42:05',109),(197,'Karp','08006C','2016-05-06 17:42:05','2016-05-06 17:42:05',7),(198,'HIM','343','2016-05-06 17:42:05','2016-05-06 17:42:05',110),(199,'tbd','tbd','2016-05-06 17:42:05','2016-05-06 17:42:05',111),(200,'Dana','512','2016-05-06 17:42:05','2016-05-06 17:42:05',1),(201,'Pavillon F','623','2016-05-06 17:42:05','2016-05-06 17:42:05',112),(202,'Dana','512','2016-05-06 17:42:05','2016-05-06 17:42:05',77),(203,'Medical Research Building','7th floor','2016-05-06 17:42:05','2016-05-06 17:42:05',113),(204,'Karp','520','2016-05-06 17:42:05','2016-05-06 17:42:05',114),(205,'Jimmy Fund','208','2016-05-06 17:42:05','2016-05-06 17:42:05',77),(206,'Dana','628','2016-05-06 17:42:05','2016-05-06 17:42:05',77),(207,'Dana','730B','2016-05-06 17:42:05','2016-05-06 17:42:05',77);
/*!40000 ALTER TABLE `locations` ENABLE KEYS */;
UNLOCK TABLES;

--
-- Table structure for table `memberships`
--

DROP TABLE IF EXISTS `memberships`;
/*!40101 SET @saved_cs_client     = @@character_set_client */;
/*!40101 SET character_set_client = utf8 */;
CREATE TABLE `memberships` (
  `id` int(11) NOT NULL AUTO_INCREMENT,
  `user_id` int(11) DEFAULT NULL,
  `lab_group_id` int(11) DEFAULT NULL,
  `created_at` datetime NOT NULL,
  `updated_at` datetime NOT NULL,
  PRIMARY KEY (`id`)
) ENGINE=InnoDB AUTO_INCREMENT=272 DEFAULT CHARSET=utf8 COLLATE=utf8_unicode_ci;
/*!40101 SET character_set_client = @saved_cs_client */;

--
-- Dumping data for table `memberships`
--

LOCK TABLES `memberships` WRITE;
/*!40000 ALTER TABLE `memberships` DISABLE KEYS */;
INSERT INTO `memberships` VALUES (1,2,1,'2016-05-06 17:42:07','2016-05-06 17:42:07'),(2,3,1,'2016-05-06 17:42:07','2016-05-06 17:42:07'),(3,4,1,'2016-05-06 17:42:07','2016-05-06 17:42:07'),(4,50,1,'2016-05-06 17:42:07','2016-05-06 17:42:07'),(5,58,1,'2016-05-06 17:42:07','2016-05-06 17:42:07'),(6,61,1,'2016-05-06 17:42:07','2016-05-06 17:42:07'),(7,65,1,'2016-05-06 17:42:07','2016-05-06 17:42:07'),(8,73,1,'2016-05-06 17:42:07','2016-05-06 17:42:07'),(9,78,1,'2016-05-06 17:42:07','2016-05-06 17:42:07'),(10,81,1,'2016-05-06 17:42:07','2016-05-06 17:42:07'),(11,93,1,'2016-05-06 17:42:07','2016-05-06 17:42:07'),(12,108,1,'2016-05-06 17:42:07','2016-05-06 17:42:07'),(13,126,1,'2016-05-06 17:42:07','2016-05-06 17:42:07'),(14,137,1,'2016-05-06 17:42:07','2016-05-06 17:42:07'),(15,160,1,'2016-05-06 17:42:07','2016-05-06 17:42:07'),(16,171,1,'2016-05-06 17:42:07','2016-05-06 17:42:07'),(17,246,1,'2016-05-06 17:42:07','2016-05-06 17:42:07'),(18,250,1,'2016-05-06 17:42:07','2016-05-06 17:42:07'),(19,267,1,'2016-05-06 17:42:07','2016-05-06 17:42:07'),(20,317,1,'2016-05-06 17:42:07','2016-05-06 17:42:07'),(21,5,1,'2016-05-06 17:42:07','2016-05-06 17:42:07'),(22,6,1,'2016-05-06 17:42:07','2016-05-06 17:42:07'),(23,7,1,'2016-05-06 17:42:07','2016-05-06 17:42:07'),(24,40,1,'2016-05-06 17:42:07','2016-05-06 17:42:07'),(25,72,1,'2016-05-06 17:42:07','2016-05-06 17:42:07'),(26,154,1,'2016-05-06 17:42:08','2016-05-06 17:42:08'),(27,173,1,'2016-05-06 17:42:08','2016-05-06 17:42:08'),(28,175,1,'2016-05-06 17:42:08','2016-05-06 17:42:08'),(29,233,1,'2016-05-06 17:42:08','2016-05-06 17:42:08'),(30,266,1,'2016-05-06 17:42:08','2016-05-06 17:42:08'),(31,269,1,'2016-05-06 17:42:08','2016-05-06 17:42:08'),(32,38,1,'2016-05-06 17:42:08','2016-05-06 17:42:08'),(33,8,2,'2016-05-06 17:42:08','2016-05-06 17:42:08'),(34,27,2,'2016-05-06 17:42:08','2016-05-06 17:42:08'),(35,31,2,'2016-05-06 17:42:08','2016-05-06 17:42:08'),(36,36,2,'2016-05-06 17:42:08','2016-05-06 17:42:08'),(37,39,2,'2016-05-06 17:42:08','2016-05-06 17:42:08'),(38,43,2,'2016-05-06 17:42:08','2016-05-06 17:42:08'),(39,44,2,'2016-05-06 17:42:08','2016-05-06 17:42:08'),(40,45,2,'2016-05-06 17:42:08','2016-05-06 17:42:08'),(41,79,2,'2016-05-06 17:42:08','2016-05-06 17:42:08'),(42,80,2,'2016-05-06 17:42:08','2016-05-06 17:42:08'),(43,146,2,'2016-05-06 17:42:08','2016-05-06 17:42:08'),(44,9,3,'2016-05-06 17:42:08','2016-05-06 17:42:08'),(45,28,3,'2016-05-06 17:42:08','2016-05-06 17:42:08'),(46,10,4,'2016-05-06 17:42:08','2016-05-06 17:42:08'),(47,47,4,'2016-05-06 17:42:08','2016-05-06 17:42:08'),(48,10,5,'2016-05-06 17:42:08','2016-05-06 17:42:08'),(49,85,5,'2016-05-06 17:42:08','2016-05-06 17:42:08'),(50,11,6,'2016-05-06 17:42:08','2016-05-06 17:42:08'),(51,62,6,'2016-05-06 17:42:08','2016-05-06 17:42:08'),(52,122,6,'2016-05-06 17:42:08','2016-05-06 17:42:08'),(53,157,6,'2016-05-06 17:42:08','2016-05-06 17:42:08'),(54,161,6,'2016-05-06 17:42:08','2016-05-06 17:42:08'),(55,278,6,'2016-05-06 17:42:08','2016-05-06 17:42:08'),(56,12,7,'2016-05-06 17:42:08','2016-05-06 17:42:08'),(57,33,7,'2016-05-06 17:42:08','2016-05-06 17:42:08'),(58,113,7,'2016-05-06 17:42:08','2016-05-06 17:42:08'),(59,13,8,'2016-05-06 17:42:08','2016-05-06 17:42:08'),(60,49,8,'2016-05-06 17:42:08','2016-05-06 17:42:08'),(61,51,8,'2016-05-06 17:42:08','2016-05-06 17:42:08'),(62,13,9,'2016-05-06 17:42:08','2016-05-06 17:42:08'),(63,46,9,'2016-05-06 17:42:08','2016-05-06 17:42:08'),(64,97,9,'2016-05-06 17:42:08','2016-05-06 17:42:08'),(65,14,10,'2016-05-06 17:42:08','2016-05-06 17:42:08'),(66,141,10,'2016-05-06 17:42:08','2016-05-06 17:42:08'),(67,275,10,'2016-05-06 17:42:08','2016-05-06 17:42:08'),(68,15,11,'2016-05-06 17:42:08','2016-05-06 17:42:08'),(69,16,12,'2016-05-06 17:42:08','2016-05-06 17:42:08'),(70,17,13,'2016-05-06 17:42:08','2016-05-06 17:42:08'),(71,18,14,'2016-05-06 17:42:08','2016-05-06 17:42:08'),(72,19,15,'2016-05-06 17:42:08','2016-05-06 17:42:08'),(73,30,15,'2016-05-06 17:42:08','2016-05-06 17:42:08'),(74,20,16,'2016-05-06 17:42:08','2016-05-06 17:42:08'),(75,21,17,'2016-05-06 17:42:08','2016-05-06 17:42:08'),(76,22,18,'2016-05-06 17:42:08','2016-05-06 17:42:08'),(77,23,19,'2016-05-06 17:42:08','2016-05-06 17:42:08'),(78,24,20,'2016-05-06 17:42:08','2016-05-06 17:42:08'),(79,25,21,'2016-05-06 17:42:08','2016-05-06 17:42:08'),(80,277,21,'2016-05-06 17:42:08','2016-05-06 17:42:08'),(81,26,22,'2016-05-06 17:42:08','2016-05-06 17:42:08'),(82,34,24,'2016-05-06 17:42:08','2016-05-06 17:42:08'),(83,35,24,'2016-05-06 17:42:08','2016-05-06 17:42:08'),(84,37,25,'2016-05-06 17:42:08','2016-05-06 17:42:08'),(85,41,26,'2016-05-06 17:42:08','2016-05-06 17:42:08'),(86,42,27,'2016-05-06 17:42:08','2016-05-06 17:42:08'),(87,48,28,'2016-05-06 17:42:08','2016-05-06 17:42:08'),(88,52,30,'2016-05-06 17:42:08','2016-05-06 17:42:08'),(89,63,30,'2016-05-06 17:42:08','2016-05-06 17:42:08'),(90,53,31,'2016-05-06 17:42:08','2016-05-06 17:42:08'),(91,54,32,'2016-05-06 17:42:08','2016-05-06 17:42:08'),(92,55,33,'2016-05-06 17:42:08','2016-05-06 17:42:08'),(93,142,33,'2016-05-06 17:42:08','2016-05-06 17:42:08'),(94,143,33,'2016-05-06 17:42:08','2016-05-06 17:42:08'),(95,56,34,'2016-05-06 17:42:08','2016-05-06 17:42:08'),(96,57,35,'2016-05-06 17:42:08','2016-05-06 17:42:08'),(97,59,36,'2016-05-06 17:42:08','2016-05-06 17:42:08'),(98,60,37,'2016-05-06 17:42:08','2016-05-06 17:42:08'),(99,132,37,'2016-05-06 17:42:08','2016-05-06 17:42:08'),(100,64,39,'2016-05-06 17:42:08','2016-05-06 17:42:08'),(101,88,39,'2016-05-06 17:42:08','2016-05-06 17:42:08'),(102,282,39,'2016-05-06 17:42:08','2016-05-06 17:42:08'),(103,66,40,'2016-05-06 17:42:08','2016-05-06 17:42:08'),(104,92,40,'2016-05-06 17:42:08','2016-05-06 17:42:08'),(105,314,40,'2016-05-06 17:42:08','2016-05-06 17:42:08'),(106,70,42,'2016-05-06 17:42:08','2016-05-06 17:42:08'),(107,71,43,'2016-05-06 17:42:08','2016-05-06 17:42:08'),(108,74,45,'2016-05-06 17:42:08','2016-05-06 17:42:08'),(109,76,46,'2016-05-06 17:42:08','2016-05-06 17:42:08'),(110,130,46,'2016-05-06 17:42:08','2016-05-06 17:42:08'),(111,77,47,'2016-05-06 17:42:08','2016-05-06 17:42:08'),(112,82,48,'2016-05-06 17:42:08','2016-05-06 17:42:08'),(113,101,48,'2016-05-06 17:42:08','2016-05-06 17:42:08'),(114,215,48,'2016-05-06 17:42:08','2016-05-06 17:42:08'),(115,83,49,'2016-05-06 17:42:08','2016-05-06 17:42:08'),(116,176,49,'2016-05-06 17:42:08','2016-05-06 17:42:08'),(117,86,50,'2016-05-06 17:42:08','2016-05-06 17:42:08'),(118,87,51,'2016-05-06 17:42:08','2016-05-06 17:42:08'),(119,89,52,'2016-05-06 17:42:08','2016-05-06 17:42:08'),(120,90,53,'2016-05-06 17:42:08','2016-05-06 17:42:08'),(121,234,53,'2016-05-06 17:42:08','2016-05-06 17:42:08'),(122,107,53,'2016-05-06 17:42:08','2016-05-06 17:42:08'),(123,91,54,'2016-05-06 17:42:08','2016-05-06 17:42:08'),(124,94,55,'2016-05-06 17:42:08','2016-05-06 17:42:08'),(125,95,56,'2016-05-06 17:42:08','2016-05-06 17:42:08'),(126,96,57,'2016-05-06 17:42:08','2016-05-06 17:42:08'),(127,98,58,'2016-05-06 17:42:08','2016-05-06 17:42:08'),(128,99,59,'2016-05-06 17:42:08','2016-05-06 17:42:08'),(129,123,59,'2016-05-06 17:42:08','2016-05-06 17:42:08'),(130,291,59,'2016-05-06 17:42:08','2016-05-06 17:42:08'),(131,152,59,'2016-05-06 17:42:08','2016-05-06 17:42:08'),(132,174,59,'2016-05-06 17:42:08','2016-05-06 17:42:08'),(133,285,59,'2016-05-06 17:42:08','2016-05-06 17:42:08'),(134,100,60,'2016-05-06 17:42:08','2016-05-06 17:42:08'),(135,238,61,'2016-05-06 17:42:08','2016-05-06 17:42:08'),(136,102,63,'2016-05-06 17:42:08','2016-05-06 17:42:08'),(137,140,63,'2016-05-06 17:42:08','2016-05-06 17:42:08'),(138,103,64,'2016-05-06 17:42:08','2016-05-06 17:42:08'),(139,145,64,'2016-05-06 17:42:08','2016-05-06 17:42:08'),(140,159,64,'2016-05-06 17:42:08','2016-05-06 17:42:08'),(141,104,65,'2016-05-06 17:42:08','2016-05-06 17:42:08'),(142,105,66,'2016-05-06 17:42:08','2016-05-06 17:42:08'),(143,272,66,'2016-05-06 17:42:08','2016-05-06 17:42:08'),(144,289,66,'2016-05-06 17:42:08','2016-05-06 17:42:08'),(145,106,67,'2016-05-06 17:42:08','2016-05-06 17:42:08'),(146,109,68,'2016-05-06 17:42:08','2016-05-06 17:42:08'),(147,110,69,'2016-05-06 17:42:08','2016-05-06 17:42:08'),(148,111,70,'2016-05-06 17:42:08','2016-05-06 17:42:08'),(149,112,71,'2016-05-06 17:42:08','2016-05-06 17:42:08'),(150,133,71,'2016-05-06 17:42:08','2016-05-06 17:42:08'),(151,114,72,'2016-05-06 17:42:08','2016-05-06 17:42:08'),(152,116,73,'2016-05-06 17:42:08','2016-05-06 17:42:08'),(153,117,74,'2016-05-06 17:42:08','2016-05-06 17:42:08'),(154,119,75,'2016-05-06 17:42:08','2016-05-06 17:42:08'),(155,120,76,'2016-05-06 17:42:08','2016-05-06 17:42:08'),(156,121,77,'2016-05-06 17:42:08','2016-05-06 17:42:08'),(157,125,77,'2016-05-06 17:42:08','2016-05-06 17:42:08'),(158,124,78,'2016-05-06 17:42:08','2016-05-06 17:42:08'),(159,127,79,'2016-05-06 17:42:08','2016-05-06 17:42:08'),(160,128,80,'2016-05-06 17:42:08','2016-05-06 17:42:08'),(161,129,80,'2016-05-06 17:42:08','2016-05-06 17:42:08'),(162,134,81,'2016-05-06 17:42:08','2016-05-06 17:42:08'),(163,135,82,'2016-05-06 17:42:08','2016-05-06 17:42:08'),(164,136,83,'2016-05-06 17:42:08','2016-05-06 17:42:08'),(165,138,84,'2016-05-06 17:42:08','2016-05-06 17:42:08'),(166,139,85,'2016-05-06 17:42:08','2016-05-06 17:42:08'),(167,144,86,'2016-05-06 17:42:08','2016-05-06 17:42:08'),(168,147,87,'2016-05-06 17:42:08','2016-05-06 17:42:08'),(169,148,88,'2016-05-06 17:42:08','2016-05-06 17:42:08'),(170,150,89,'2016-05-06 17:42:08','2016-05-06 17:42:08'),(171,153,90,'2016-05-06 17:42:08','2016-05-06 17:42:08'),(172,155,91,'2016-05-06 17:42:08','2016-05-06 17:42:08'),(173,283,91,'2016-05-06 17:42:08','2016-05-06 17:42:08'),(174,156,93,'2016-05-06 17:42:08','2016-05-06 17:42:08'),(175,183,93,'2016-05-06 17:42:08','2016-05-06 17:42:08'),(176,158,94,'2016-05-06 17:42:08','2016-05-06 17:42:08'),(177,165,94,'2016-05-06 17:42:08','2016-05-06 17:42:08'),(178,258,94,'2016-05-06 17:42:08','2016-05-06 17:42:08'),(179,164,96,'2016-05-06 17:42:08','2016-05-06 17:42:08'),(180,167,97,'2016-05-06 17:42:08','2016-05-06 17:42:08'),(181,182,97,'2016-05-06 17:42:08','2016-05-06 17:42:08'),(182,168,98,'2016-05-06 17:42:08','2016-05-06 17:42:08'),(183,169,99,'2016-05-06 17:42:08','2016-05-06 17:42:08'),(184,172,100,'2016-05-06 17:42:08','2016-05-06 17:42:08'),(185,177,101,'2016-05-06 17:42:08','2016-05-06 17:42:08'),(186,178,102,'2016-05-06 17:42:08','2016-05-06 17:42:08'),(187,179,103,'2016-05-06 17:42:08','2016-05-06 17:42:08'),(188,226,103,'2016-05-06 17:42:08','2016-05-06 17:42:08'),(189,180,104,'2016-05-06 17:42:08','2016-05-06 17:42:08'),(190,184,106,'2016-05-06 17:42:08','2016-05-06 17:42:08'),(191,185,107,'2016-05-06 17:42:08','2016-05-06 17:42:08'),(192,186,108,'2016-05-06 17:42:08','2016-05-06 17:42:08'),(193,188,109,'2016-05-06 17:42:08','2016-05-06 17:42:08'),(194,216,112,'2016-05-06 17:42:08','2016-05-06 17:42:08'),(195,217,113,'2016-05-06 17:42:08','2016-05-06 17:42:08'),(196,218,114,'2016-05-06 17:42:08','2016-05-06 17:42:08'),(197,219,115,'2016-05-06 17:42:08','2016-05-06 17:42:08'),(198,220,116,'2016-05-06 17:42:08','2016-05-06 17:42:08'),(199,221,117,'2016-05-06 17:42:08','2016-05-06 17:42:08'),(200,309,117,'2016-05-06 17:42:08','2016-05-06 17:42:08'),(201,311,117,'2016-05-06 17:42:08','2016-05-06 17:42:08'),(202,224,118,'2016-05-06 17:42:08','2016-05-06 17:42:08'),(203,225,119,'2016-05-06 17:42:08','2016-05-06 17:42:08'),(204,261,119,'2016-05-06 17:42:08','2016-05-06 17:42:08'),(205,227,120,'2016-05-06 17:42:08','2016-05-06 17:42:08'),(206,228,121,'2016-05-06 17:42:08','2016-05-06 17:42:08'),(207,229,123,'2016-05-06 17:42:08','2016-05-06 17:42:08'),(208,230,124,'2016-05-06 17:42:08','2016-05-06 17:42:08'),(209,231,125,'2016-05-06 17:42:08','2016-05-06 17:42:08'),(210,232,126,'2016-05-06 17:42:08','2016-05-06 17:42:08'),(211,307,126,'2016-05-06 17:42:08','2016-05-06 17:42:08'),(212,245,127,'2016-05-06 17:42:08','2016-05-06 17:42:08'),(213,235,128,'2016-05-06 17:42:08','2016-05-06 17:42:08'),(214,237,129,'2016-05-06 17:42:08','2016-05-06 17:42:08'),(215,239,130,'2016-05-06 17:42:08','2016-05-06 17:42:08'),(216,240,131,'2016-05-06 17:42:08','2016-05-06 17:42:08'),(217,242,133,'2016-05-06 17:42:08','2016-05-06 17:42:08'),(218,243,134,'2016-05-06 17:42:08','2016-05-06 17:42:08'),(219,244,135,'2016-05-06 17:42:08','2016-05-06 17:42:08'),(220,247,136,'2016-05-06 17:42:08','2016-05-06 17:42:08'),(221,251,138,'2016-05-06 17:42:08','2016-05-06 17:42:08'),(222,252,139,'2016-05-06 17:42:08','2016-05-06 17:42:08'),(223,253,140,'2016-05-06 17:42:08','2016-05-06 17:42:08'),(224,254,141,'2016-05-06 17:42:08','2016-05-06 17:42:08'),(225,290,141,'2016-05-06 17:42:08','2016-05-06 17:42:08'),(226,305,141,'2016-05-06 17:42:08','2016-05-06 17:42:08'),(227,316,141,'2016-05-06 17:42:08','2016-05-06 17:42:08'),(228,255,142,'2016-05-06 17:42:08','2016-05-06 17:42:08'),(229,256,143,'2016-05-06 17:42:08','2016-05-06 17:42:08'),(230,257,144,'2016-05-06 17:42:08','2016-05-06 17:42:08'),(231,276,144,'2016-05-06 17:42:08','2016-05-06 17:42:08'),(232,259,145,'2016-05-06 17:42:08','2016-05-06 17:42:08'),(233,306,145,'2016-05-06 17:42:08','2016-05-06 17:42:08'),(234,260,146,'2016-05-06 17:42:08','2016-05-06 17:42:08'),(235,318,146,'2016-05-06 17:42:08','2016-05-06 17:42:08'),(236,262,147,'2016-05-06 17:42:08','2016-05-06 17:42:08'),(237,265,148,'2016-05-06 17:42:08','2016-05-06 17:42:08'),(238,268,149,'2016-05-06 17:42:08','2016-05-06 17:42:08'),(239,270,150,'2016-05-06 17:42:08','2016-05-06 17:42:08'),(240,271,151,'2016-05-06 17:42:08','2016-05-06 17:42:08'),(241,273,152,'2016-05-06 17:42:08','2016-05-06 17:42:08'),(242,274,153,'2016-05-06 17:42:08','2016-05-06 17:42:08'),(243,279,155,'2016-05-06 17:42:08','2016-05-06 17:42:08'),(244,280,156,'2016-05-06 17:42:08','2016-05-06 17:42:08'),(245,281,157,'2016-05-06 17:42:08','2016-05-06 17:42:08'),(246,284,158,'2016-05-06 17:42:08','2016-05-06 17:42:08'),(247,286,159,'2016-05-06 17:42:08','2016-05-06 17:42:08'),(248,287,160,'2016-05-06 17:42:08','2016-05-06 17:42:08'),(249,288,161,'2016-05-06 17:42:08','2016-05-06 17:42:08'),(250,292,162,'2016-05-06 17:42:08','2016-05-06 17:42:08'),(251,308,162,'2016-05-06 17:42:08','2016-05-06 17:42:08'),(252,293,163,'2016-05-06 17:42:08','2016-05-06 17:42:08'),(253,294,164,'2016-05-06 17:42:08','2016-05-06 17:42:08'),(254,295,165,'2016-05-06 17:42:08','2016-05-06 17:42:08'),(255,303,165,'2016-05-06 17:42:08','2016-05-06 17:42:08'),(256,296,166,'2016-05-06 17:42:08','2016-05-06 17:42:08'),(257,297,167,'2016-05-06 17:42:08','2016-05-06 17:42:08'),(258,298,168,'2016-05-06 17:42:08','2016-05-06 17:42:08'),(259,299,169,'2016-05-06 17:42:08','2016-05-06 17:42:08'),(260,301,169,'2016-05-06 17:42:08','2016-05-06 17:42:08'),(261,300,170,'2016-05-06 17:42:08','2016-05-06 17:42:08'),(262,302,171,'2016-05-06 17:42:08','2016-05-06 17:42:08'),(263,304,172,'2016-05-06 17:42:08','2016-05-06 17:42:08'),(264,310,174,'2016-05-06 17:42:08','2016-05-06 17:42:08'),(265,312,175,'2016-05-06 17:42:08','2016-05-06 17:42:08'),(266,313,176,'2016-05-06 17:42:08','2016-05-06 17:42:08'),(267,315,177,'2016-05-06 17:42:08','2016-05-06 17:42:08'),(268,319,141,'2016-05-06 17:42:08','2016-05-06 17:42:08');
/*!40000 ALTER TABLE `memberships` ENABLE KEYS */;
UNLOCK TABLES;

--
-- Table structure for table `organizations`
--

DROP TABLE IF EXISTS `organizations`;
/*!40101 SET @saved_cs_client     = @@character_set_client */;
/*!40101 SET character_set_client = utf8 */;
CREATE TABLE `organizations` (
  `id` int(11) NOT NULL AUTO_INCREMENT,
  `name` varchar(255) COLLATE utf8_unicode_ci DEFAULT NULL,
  `phone` varchar(255) COLLATE utf8_unicode_ci DEFAULT NULL,
  `email` varchar(255) COLLATE utf8_unicode_ci DEFAULT NULL,
  `created_at` datetime NOT NULL,
  `updated_at` datetime NOT NULL,
  `address_id` int(11) DEFAULT NULL,
  PRIMARY KEY (`id`)
) ENGINE=InnoDB AUTO_INCREMENT=82 DEFAULT CHARSET=utf8 COLLATE=utf8_unicode_ci;
/*!40101 SET character_set_client = @saved_cs_client */;

--
-- Dumping data for table `organizations`
--

LOCK TABLES `organizations` WRITE;
/*!40000 ALTER TABLE `organizations` DISABLE KEYS */;
INSERT INTO `organizations` VALUES (1,'Dana-Farber Cancer Institute','','','2016-05-06 17:42:05','2016-05-06 17:42:05',1),(2,'Broad Institute','','','2016-05-06 17:42:05','2016-05-06 17:42:05',2),(5,'Massachusetts Eye and Ear Infirmary','617 573 3367','inetwebmaster@meei.harvard.edu','2016-05-06 17:42:05','2016-05-06 17:42:05',6),(6,'N-Of-One','617 669 1706','jkinoshita@n-of-one.com','2016-05-06 17:42:05','2016-05-06 17:42:05',9),(7,'UCLA','3108259111','somwebmaster@mednet.ucla.edu','2016-05-06 17:42:05','2016-05-06 17:42:05',11),(11,'Novartis NIBR','6178718000','nibr@novartis.com','2016-05-06 17:42:05','2016-05-06 17:42:05',13),(12,'Case Western Reserve University','','Henry.Koon@UHhospitals.org','2016-05-06 17:42:05','2016-05-06 17:42:05',18),(13,'Peter MacCallum Cancer Centre','NULL','NULL','2016-05-06 17:42:05','2016-05-06 17:42:05',21),(14,'BIDMC','NULL','NULL','2016-05-06 17:42:05','2016-05-06 17:42:05',75),(16,'Brigham and Women\'s Hospital','NULL','NULL','2016-05-06 17:42:05','2016-05-06 17:42:05',34),(23,'Samsung Medical Center','NULL','NULL','2016-05-06 17:42:05','2016-05-06 17:42:05',29),(24,'Massachusetts General Hospital','NULL','NULL','2016-05-06 17:42:05','2016-05-06 17:42:05',5),(26,'Duke University Medical Center','NULL','NULL','2016-05-06 17:42:05','2016-05-06 17:42:05',31),(30,'Partners Healthcare-Virology','NULL','NULL','2016-05-06 17:42:05','2016-05-06 17:42:05',34),(31,'NYU School of Medicine','NULL','NULL','2016-05-06 17:42:05','2016-05-06 17:42:05',36),(32,'Children\'s Hospital Boston','NULL','NULL','2016-05-06 17:42:05','2016-05-06 17:42:05',38),(33,'Queen\'s University','NULL','NULL','2016-05-06 17:42:05','2016-05-06 17:42:05',39),(35,'Infinity Pharmaceuticals','NULL','NULL','2016-05-06 17:42:05','2016-05-06 17:42:05',44),(36,'Harvard University','NULL','NULL','2016-05-06 17:42:05','2016-05-06 17:42:05',75),(38,'Sanofi-Aventis','NULL','NULL','2016-05-06 17:42:05','2016-05-06 17:42:05',49),(40,'DFCI /HCC','NULL','NULL','2016-05-06 17:42:05','2016-05-06 17:42:05',12),(44,'Duke University','NULL','NULL','2016-05-06 17:42:05','2016-05-06 17:42:05',57),(48,'Center for Novel Exp Therapeutics','NULL','NULL','2016-05-06 17:42:05','2016-05-06 17:42:05',70),(51,'Beth Israel Deaconess Medical Center Harvard Medical School','NULL','NULL','2016-05-06 17:42:05','2016-05-06 17:42:05',76),(52,'DFCI','NULL','NULL','2016-05-06 17:42:05','2016-05-06 17:42:05',77),(53,'Dana Farber Cancer Institute','NULL','NULL','2016-05-06 17:42:05','2016-05-06 17:42:05',78),(54,'BWH','NULL','NULL','2016-05-06 17:42:05','2016-05-06 17:42:05',82),(55,'Beckman Coulter','NULL','NULL','2016-05-06 17:42:05','2016-05-06 17:42:05',84),(56,'Hospital For Sick CHildren','NULL','NULL','2016-05-06 17:42:05','2016-05-06 17:42:05',86),(57,'DFCI/Harvard','NULL','NULL','2016-05-06 17:42:05','2016-05-06 17:42:05',1),(58,'The Broad Institute of Harvard and MIT','NULL','NULL','2016-05-06 17:42:05','2016-05-06 17:42:05',2),(59,'Janssen Pharmaceutica','NULL','NULL','2016-05-06 17:42:05','2016-05-06 17:42:05',90),(60,'Boston Children\'s Hospital','NULL','NULL','2016-05-06 17:42:05','2016-05-06 17:42:05',91),(61,'Harvard Medical School','NULL','NULL','2016-05-06 17:42:05','2016-05-06 17:42:05',92),(62,'Health Canada','NULL','NULL','2016-05-06 17:42:05','2016-05-06 17:42:05',93),(63,'DFCI/Broad/BCH','NULL','NULL','2016-05-06 17:42:05','2016-05-06 17:42:05',94),(64,'Dana Farber','NULL','NULL','2016-05-06 17:42:05','2016-05-06 17:42:05',99),(65,'University of Texas Southwestern Medical Center','NULL','NULL','2016-05-06 17:42:05','2016-05-06 17:42:05',102),(66,'University of Munich','NULL','NULL','2016-05-06 17:42:05','2016-05-06 17:42:05',104),(67,'Mount Sinai','NULL','NULL','2016-05-06 17:42:05','2016-05-06 17:42:05',105),(68,'BIDMC',' Harvard Medical School','NULL','2016-05-06 17:42:05','2016-05-06 17:42:05',0),(69,'Kliniken Essen-Mitte','NULL','NULL','2016-05-06 17:42:05','2016-05-06 17:42:05',106),(70,'DFCI / BWH','NULL','NULL','2016-05-06 17:42:05','2016-05-06 17:42:05',107),(71,'Salzburg Cancer Research Institute','NULL','NULL','2016-05-06 17:42:05','2016-05-06 17:42:05',109),(72,'Lady Davis Institute','NULL','NULL','2016-05-06 17:42:05','2016-05-06 17:42:05',112),(73,'BWH Pathology','NULL','NULL','2016-05-06 17:42:05','2016-05-06 17:42:05',113),(74,'DFCI/BWH','NULL','NULL','2016-05-06 17:42:05','2016-05-06 17:42:05',114),(75,'DFCI-MO','NULL','NULL','2016-05-06 17:42:05','2016-05-06 17:42:05',77);
/*!40000 ALTER TABLE `organizations` ENABLE KEYS */;
UNLOCK TABLES;

--
-- Table structure for table `privileges`
--

DROP TABLE IF EXISTS `privileges`;
/*!40101 SET @saved_cs_client     = @@character_set_client */;
/*!40101 SET character_set_client = utf8 */;
CREATE TABLE `privileges` (
  `id` int(11) NOT NULL AUTO_INCREMENT,
  `created_at` datetime NOT NULL,
  `updated_at` datetime NOT NULL,
  `user_id` int(11) NOT NULL,
  `role_id` int(11) NOT NULL,
  PRIMARY KEY (`id`),
  KEY `index_privileges_on_role_id` (`role_id`) USING BTREE,
  KEY `index_privileges_on_user_id` (`user_id`) USING BTREE
) ENGINE=InnoDB AUTO_INCREMENT=433 DEFAULT CHARSET=utf8 COLLATE=utf8_unicode_ci;
/*!40101 SET character_set_client = @saved_cs_client */;

--
-- Dumping data for table `privileges`
--

LOCK TABLES `privileges` WRITE;
/*!40000 ALTER TABLE `privileges` DISABLE KEYS */;
INSERT INTO `privileges` VALUES (1,'2016-05-06 17:42:08','2016-05-06 17:42:08',2,1),(2,'2016-05-06 17:42:08','2016-05-06 17:42:08',3,1),(3,'2016-05-06 17:42:08','2016-05-06 17:42:08',73,1),(4,'2016-05-06 17:42:08','2016-05-06 17:42:08',108,1),(5,'2016-05-06 17:42:08','2016-05-06 17:42:08',123,1),(6,'2016-05-06 17:42:08','2016-05-06 17:42:08',137,1),(7,'2016-05-06 17:42:08','2016-05-06 17:42:08',154,1),(8,'2016-05-06 17:42:08','2016-05-06 17:42:08',160,1),(9,'2016-05-06 17:42:08','2016-05-06 17:42:08',171,1),(10,'2016-05-06 17:42:08','2016-05-06 17:42:08',233,1),(11,'2016-05-06 17:42:08','2016-05-06 17:42:08',246,1),(12,'2016-05-06 17:42:08','2016-05-06 17:42:08',250,1),(13,'2016-05-06 17:42:08','2016-05-06 17:42:08',267,1),(14,'2016-05-06 17:42:08','2016-05-06 17:42:08',316,1),(15,'2016-05-06 17:42:08','2016-05-06 17:42:08',317,1),(16,'2016-05-06 17:42:08','2016-05-06 17:42:08',8,2),(17,'2016-05-06 17:42:08','2016-05-06 17:42:08',9,2),(18,'2016-05-06 17:42:08','2016-05-06 17:42:08',10,2),(19,'2016-05-06 17:42:08','2016-05-06 17:42:08',11,2),(20,'2016-05-06 17:42:08','2016-05-06 17:42:08',12,2),(21,'2016-05-06 17:42:08','2016-05-06 17:42:08',13,2),(22,'2016-05-06 17:42:08','2016-05-06 17:42:08',14,2),(23,'2016-05-06 17:42:08','2016-05-06 17:42:08',46,2),(24,'2016-05-06 17:42:08','2016-05-06 17:42:08',167,2),(25,'2016-05-06 17:42:08','2016-05-06 17:42:08',263,2),(26,'2016-05-06 17:42:08','2016-05-06 17:42:08',264,2),(27,'2016-05-06 17:42:08','2016-05-06 17:42:08',2,3),(28,'2016-05-06 17:42:08','2016-05-06 17:42:08',3,3),(29,'2016-05-06 17:42:08','2016-05-06 17:42:08',4,3),(30,'2016-05-06 17:42:08','2016-05-06 17:42:08',5,3),(31,'2016-05-06 17:42:08','2016-05-06 17:42:08',7,3),(32,'2016-05-06 17:42:08','2016-05-06 17:42:08',27,3),(33,'2016-05-06 17:42:08','2016-05-06 17:42:08',40,3),(34,'2016-05-06 17:42:08','2016-05-06 17:42:08',61,3),(35,'2016-05-06 17:42:08','2016-05-06 17:42:08',65,3),(36,'2016-05-06 17:42:08','2016-05-06 17:42:08',81,3),(37,'2016-05-06 17:42:08','2016-05-06 17:42:08',108,3),(38,'2016-05-06 17:42:08','2016-05-06 17:42:08',123,3),(39,'2016-05-06 17:42:08','2016-05-06 17:42:08',126,3),(40,'2016-05-06 17:42:08','2016-05-06 17:42:08',137,3),(41,'2016-05-06 17:42:08','2016-05-06 17:42:08',145,3),(42,'2016-05-06 17:42:08','2016-05-06 17:42:08',154,3),(43,'2016-05-06 17:42:08','2016-05-06 17:42:08',160,3),(44,'2016-05-06 17:42:08','2016-05-06 17:42:08',171,3),(45,'2016-05-06 17:42:08','2016-05-06 17:42:08',173,3),(46,'2016-05-06 17:42:08','2016-05-06 17:42:08',233,3),(47,'2016-05-06 17:42:08','2016-05-06 17:42:08',246,3),(48,'2016-05-06 17:42:08','2016-05-06 17:42:08',250,3),(49,'2016-05-06 17:42:08','2016-05-06 17:42:08',266,3),(50,'2016-05-06 17:42:08','2016-05-06 17:42:08',267,3),(51,'2016-05-06 17:42:08','2016-05-06 17:42:08',269,3),(52,'2016-05-06 17:42:08','2016-05-06 17:42:08',290,3),(53,'2016-05-06 17:42:08','2016-05-06 17:42:08',305,3),(54,'2016-05-06 17:42:08','2016-05-06 17:42:08',2,5),(55,'2016-05-06 17:42:08','2016-05-06 17:42:08',3,5),(56,'2016-05-06 17:42:08','2016-05-06 17:42:08',4,5),(57,'2016-05-06 17:42:08','2016-05-06 17:42:08',5,5),(58,'2016-05-06 17:42:08','2016-05-06 17:42:08',8,5),(59,'2016-05-06 17:42:08','2016-05-06 17:42:08',9,5),(60,'2016-05-06 17:42:08','2016-05-06 17:42:08',10,5),(61,'2016-05-06 17:42:08','2016-05-06 17:42:08',11,5),(62,'2016-05-06 17:42:08','2016-05-06 17:42:08',12,5),(63,'2016-05-06 17:42:08','2016-05-06 17:42:08',13,5),(64,'2016-05-06 17:42:08','2016-05-06 17:42:08',14,5),(65,'2016-05-06 17:42:08','2016-05-06 17:42:08',15,5),(66,'2016-05-06 17:42:08','2016-05-06 17:42:08',16,5),(67,'2016-05-06 17:42:08','2016-05-06 17:42:08',17,5),(68,'2016-05-06 17:42:08','2016-05-06 17:42:08',18,5),(69,'2016-05-06 17:42:08','2016-05-06 17:42:08',19,5),(70,'2016-05-06 17:42:08','2016-05-06 17:42:08',20,5),(71,'2016-05-06 17:42:08','2016-05-06 17:42:08',21,5),(72,'2016-05-06 17:42:08','2016-05-06 17:42:08',22,5),(73,'2016-05-06 17:42:08','2016-05-06 17:42:08',23,5),(74,'2016-05-06 17:42:08','2016-05-06 17:42:08',24,5),(75,'2016-05-06 17:42:08','2016-05-06 17:42:08',25,5),(76,'2016-05-06 17:42:08','2016-05-06 17:42:08',26,5),(77,'2016-05-06 17:42:08','2016-05-06 17:42:08',34,5),(78,'2016-05-06 17:42:08','2016-05-06 17:42:08',37,5),(79,'2016-05-06 17:42:08','2016-05-06 17:42:08',38,5),(80,'2016-05-06 17:42:08','2016-05-06 17:42:08',39,5),(81,'2016-05-06 17:42:08','2016-05-06 17:42:08',41,5),(82,'2016-05-06 17:42:08','2016-05-06 17:42:08',42,5),(83,'2016-05-06 17:42:08','2016-05-06 17:42:08',50,5),(84,'2016-05-06 17:42:08','2016-05-06 17:42:08',51,5),(85,'2016-05-06 17:42:08','2016-05-06 17:42:08',52,5),(86,'2016-05-06 17:42:08','2016-05-06 17:42:08',53,5),(87,'2016-05-06 17:42:08','2016-05-06 17:42:08',56,5),(88,'2016-05-06 17:42:08','2016-05-06 17:42:08',57,5),(89,'2016-05-06 17:42:08','2016-05-06 17:42:08',58,5),(90,'2016-05-06 17:42:08','2016-05-06 17:42:08',59,5),(91,'2016-05-06 17:42:09','2016-05-06 17:42:09',60,5),(92,'2016-05-06 17:42:09','2016-05-06 17:42:09',63,5),(93,'2016-05-06 17:42:09','2016-05-06 17:42:09',66,5),(94,'2016-05-06 17:42:09','2016-05-06 17:42:09',70,5),(95,'2016-05-06 17:42:09','2016-05-06 17:42:09',71,5),(96,'2016-05-06 17:42:09','2016-05-06 17:42:09',72,5),(97,'2016-05-06 17:42:09','2016-05-06 17:42:09',76,5),(98,'2016-05-06 17:42:09','2016-05-06 17:42:09',77,5),(99,'2016-05-06 17:42:09','2016-05-06 17:42:09',79,5),(100,'2016-05-06 17:42:09','2016-05-06 17:42:09',87,5),(101,'2016-05-06 17:42:09','2016-05-06 17:42:09',91,5),(102,'2016-05-06 17:42:09','2016-05-06 17:42:09',95,5),(103,'2016-05-06 17:42:09','2016-05-06 17:42:09',96,5),(104,'2016-05-06 17:42:09','2016-05-06 17:42:09',99,5),(105,'2016-05-06 17:42:09','2016-05-06 17:42:09',102,5),(106,'2016-05-06 17:42:09','2016-05-06 17:42:09',103,5),(107,'2016-05-06 17:42:09','2016-05-06 17:42:09',112,5),(108,'2016-05-06 17:42:09','2016-05-06 17:42:09',114,5),(109,'2016-05-06 17:42:09','2016-05-06 17:42:09',117,5),(110,'2016-05-06 17:42:09','2016-05-06 17:42:09',125,5),(111,'2016-05-06 17:42:09','2016-05-06 17:42:09',134,5),(112,'2016-05-06 17:42:09','2016-05-06 17:42:09',137,5),(113,'2016-05-06 17:42:09','2016-05-06 17:42:09',138,5),(114,'2016-05-06 17:42:09','2016-05-06 17:42:09',139,5),(115,'2016-05-06 17:42:09','2016-05-06 17:42:09',140,5),(116,'2016-05-06 17:42:09','2016-05-06 17:42:09',145,5),(117,'2016-05-06 17:42:09','2016-05-06 17:42:09',153,5),(118,'2016-05-06 17:42:09','2016-05-06 17:42:09',154,5),(119,'2016-05-06 17:42:09','2016-05-06 17:42:09',155,5),(120,'2016-05-06 17:42:09','2016-05-06 17:42:09',156,5),(121,'2016-05-06 17:42:09','2016-05-06 17:42:09',158,5),(122,'2016-05-06 17:42:09','2016-05-06 17:42:09',161,5),(123,'2016-05-06 17:42:09','2016-05-06 17:42:09',164,5),(124,'2016-05-06 17:42:09','2016-05-06 17:42:09',167,5),(125,'2016-05-06 17:42:09','2016-05-06 17:42:09',168,5),(126,'2016-05-06 17:42:09','2016-05-06 17:42:09',169,5),(127,'2016-05-06 17:42:09','2016-05-06 17:42:09',177,5),(128,'2016-05-06 17:42:09','2016-05-06 17:42:09',178,5),(129,'2016-05-06 17:42:09','2016-05-06 17:42:09',179,5),(130,'2016-05-06 17:42:09','2016-05-06 17:42:09',184,5),(131,'2016-05-06 17:42:09','2016-05-06 17:42:09',186,5),(132,'2016-05-06 17:42:09','2016-05-06 17:42:09',216,5),(133,'2016-05-06 17:42:09','2016-05-06 17:42:09',217,5),(134,'2016-05-06 17:42:09','2016-05-06 17:42:09',219,5),(135,'2016-05-06 17:42:09','2016-05-06 17:42:09',221,5),(136,'2016-05-06 17:42:09','2016-05-06 17:42:09',226,5),(137,'2016-05-06 17:42:09','2016-05-06 17:42:09',227,5),(138,'2016-05-06 17:42:09','2016-05-06 17:42:09',228,5),(139,'2016-05-06 17:42:09','2016-05-06 17:42:09',229,5),(140,'2016-05-06 17:42:09','2016-05-06 17:42:09',231,5),(141,'2016-05-06 17:42:09','2016-05-06 17:42:09',234,5),(142,'2016-05-06 17:42:09','2016-05-06 17:42:09',239,5),(143,'2016-05-06 17:42:09','2016-05-06 17:42:09',240,5),(144,'2016-05-06 17:42:09','2016-05-06 17:42:09',243,5),(145,'2016-05-06 17:42:09','2016-05-06 17:42:09',244,5),(146,'2016-05-06 17:42:09','2016-05-06 17:42:09',245,5),(147,'2016-05-06 17:42:09','2016-05-06 17:42:09',246,5),(148,'2016-05-06 17:42:09','2016-05-06 17:42:09',250,5),(149,'2016-05-06 17:42:09','2016-05-06 17:42:09',251,5),(150,'2016-05-06 17:42:09','2016-05-06 17:42:09',252,5),(151,'2016-05-06 17:42:09','2016-05-06 17:42:09',256,5),(152,'2016-05-06 17:42:09','2016-05-06 17:42:09',259,5),(153,'2016-05-06 17:42:09','2016-05-06 17:42:09',269,5),(154,'2016-05-06 17:42:09','2016-05-06 17:42:09',270,5),(155,'2016-05-06 17:42:09','2016-05-06 17:42:09',271,5),(156,'2016-05-06 17:42:09','2016-05-06 17:42:09',286,5),(157,'2016-05-06 17:42:09','2016-05-06 17:42:09',288,5),(158,'2016-05-06 17:42:09','2016-05-06 17:42:09',292,5),(159,'2016-05-06 17:42:09','2016-05-06 17:42:09',293,5),(160,'2016-05-06 17:42:09','2016-05-06 17:42:09',295,5),(161,'2016-05-06 17:42:09','2016-05-06 17:42:09',296,5),(162,'2016-05-06 17:42:09','2016-05-06 17:42:09',297,5),(163,'2016-05-06 17:42:09','2016-05-06 17:42:09',298,5),(164,'2016-05-06 17:42:09','2016-05-06 17:42:09',300,5),(165,'2016-05-06 17:42:09','2016-05-06 17:42:09',310,5),(166,'2016-05-06 17:42:09','2016-05-06 17:42:09',312,5),(167,'2016-05-06 17:42:09','2016-05-06 17:42:09',318,5),(168,'2016-05-06 17:42:09','2016-05-06 17:42:09',5,5),(169,'2016-05-06 17:42:09','2016-05-06 17:42:09',6,5),(170,'2016-05-06 17:42:09','2016-05-06 17:42:09',27,5),(171,'2016-05-06 17:42:09','2016-05-06 17:42:09',28,5),(172,'2016-05-06 17:42:09','2016-05-06 17:42:09',30,5),(173,'2016-05-06 17:42:09','2016-05-06 17:42:09',31,5),(174,'2016-05-06 17:42:09','2016-05-06 17:42:09',33,5),(175,'2016-05-06 17:42:09','2016-05-06 17:42:09',35,5),(176,'2016-05-06 17:42:09','2016-05-06 17:42:09',36,5),(177,'2016-05-06 17:42:09','2016-05-06 17:42:09',39,5),(178,'2016-05-06 17:42:09','2016-05-06 17:42:09',40,5),(179,'2016-05-06 17:42:09','2016-05-06 17:42:09',43,5),(180,'2016-05-06 17:42:09','2016-05-06 17:42:09',44,5),(181,'2016-05-06 17:42:09','2016-05-06 17:42:09',45,5),(182,'2016-05-06 17:42:09','2016-05-06 17:42:09',46,5),(183,'2016-05-06 17:42:09','2016-05-06 17:42:09',47,5),(184,'2016-05-06 17:42:09','2016-05-06 17:42:09',48,5),(185,'2016-05-06 17:42:09','2016-05-06 17:42:09',49,5),(186,'2016-05-06 17:42:09','2016-05-06 17:42:09',50,5),(187,'2016-05-06 17:42:09','2016-05-06 17:42:09',54,5),(188,'2016-05-06 17:42:09','2016-05-06 17:42:09',55,5),(189,'2016-05-06 17:42:09','2016-05-06 17:42:09',61,5),(190,'2016-05-06 17:42:09','2016-05-06 17:42:09',62,5),(191,'2016-05-06 17:42:09','2016-05-06 17:42:09',64,5),(192,'2016-05-06 17:42:09','2016-05-06 17:42:09',65,5),(193,'2016-05-06 17:42:09','2016-05-06 17:42:09',74,5),(194,'2016-05-06 17:42:09','2016-05-06 17:42:09',78,5),(195,'2016-05-06 17:42:09','2016-05-06 17:42:09',80,5),(196,'2016-05-06 17:42:09','2016-05-06 17:42:09',81,5),(197,'2016-05-06 17:42:09','2016-05-06 17:42:09',82,5),(198,'2016-05-06 17:42:09','2016-05-06 17:42:09',83,5),(199,'2016-05-06 17:42:09','2016-05-06 17:42:09',85,5),(200,'2016-05-06 17:42:09','2016-05-06 17:42:09',86,5),(201,'2016-05-06 17:42:09','2016-05-06 17:42:09',88,5),(202,'2016-05-06 17:42:09','2016-05-06 17:42:09',89,5),(203,'2016-05-06 17:42:09','2016-05-06 17:42:09',90,5),(204,'2016-05-06 17:42:09','2016-05-06 17:42:09',92,5),(205,'2016-05-06 17:42:09','2016-05-06 17:42:09',93,5),(206,'2016-05-06 17:42:09','2016-05-06 17:42:09',94,5),(207,'2016-05-06 17:42:09','2016-05-06 17:42:09',97,5),(208,'2016-05-06 17:42:09','2016-05-06 17:42:09',98,5),(209,'2016-05-06 17:42:09','2016-05-06 17:42:09',99,5),(210,'2016-05-06 17:42:09','2016-05-06 17:42:09',100,5),(211,'2016-05-06 17:42:09','2016-05-06 17:42:09',101,5),(212,'2016-05-06 17:42:09','2016-05-06 17:42:09',104,5),(213,'2016-05-06 17:42:09','2016-05-06 17:42:09',105,5),(214,'2016-05-06 17:42:09','2016-05-06 17:42:09',106,5),(215,'2016-05-06 17:42:09','2016-05-06 17:42:09',107,5),(216,'2016-05-06 17:42:09','2016-05-06 17:42:09',108,5),(217,'2016-05-06 17:42:09','2016-05-06 17:42:09',109,5),(218,'2016-05-06 17:42:09','2016-05-06 17:42:09',110,5),(219,'2016-05-06 17:42:09','2016-05-06 17:42:09',111,5),(220,'2016-05-06 17:42:09','2016-05-06 17:42:09',113,5),(221,'2016-05-06 17:42:09','2016-05-06 17:42:09',116,5),(222,'2016-05-06 17:42:09','2016-05-06 17:42:09',119,5),(223,'2016-05-06 17:42:09','2016-05-06 17:42:09',120,5),(224,'2016-05-06 17:42:09','2016-05-06 17:42:09',121,5),(225,'2016-05-06 17:42:09','2016-05-06 17:42:09',122,5),(226,'2016-05-06 17:42:09','2016-05-06 17:42:09',124,5),(227,'2016-05-06 17:42:09','2016-05-06 17:42:09',127,5),(228,'2016-05-06 17:42:09','2016-05-06 17:42:09',128,5),(229,'2016-05-06 17:42:09','2016-05-06 17:42:09',129,5),(230,'2016-05-06 17:42:09','2016-05-06 17:42:09',130,5),(231,'2016-05-06 17:42:09','2016-05-06 17:42:09',132,5),(232,'2016-05-06 17:42:09','2016-05-06 17:42:09',133,5),(233,'2016-05-06 17:42:09','2016-05-06 17:42:09',136,5),(234,'2016-05-06 17:42:09','2016-05-06 17:42:09',137,5),(235,'2016-05-06 17:42:09','2016-05-06 17:42:09',141,5),(236,'2016-05-06 17:42:09','2016-05-06 17:42:09',144,5),(237,'2016-05-06 17:42:09','2016-05-06 17:42:09',145,5),(238,'2016-05-06 17:42:09','2016-05-06 17:42:09',146,5),(239,'2016-05-06 17:42:09','2016-05-06 17:42:09',148,5),(240,'2016-05-06 17:42:09','2016-05-06 17:42:09',150,5),(241,'2016-05-06 17:42:09','2016-05-06 17:42:09',152,5),(242,'2016-05-06 17:42:09','2016-05-06 17:42:09',157,5),(243,'2016-05-06 17:42:09','2016-05-06 17:42:09',159,5),(244,'2016-05-06 17:42:09','2016-05-06 17:42:09',160,5),(245,'2016-05-06 17:42:09','2016-05-06 17:42:09',161,5),(246,'2016-05-06 17:42:09','2016-05-06 17:42:09',164,5),(247,'2016-05-06 17:42:09','2016-05-06 17:42:09',165,5),(248,'2016-05-06 17:42:09','2016-05-06 17:42:09',168,5),(249,'2016-05-06 17:42:09','2016-05-06 17:42:09',171,5),(250,'2016-05-06 17:42:09','2016-05-06 17:42:09',172,5),(251,'2016-05-06 17:42:09','2016-05-06 17:42:09',173,5),(252,'2016-05-06 17:42:09','2016-05-06 17:42:09',174,5),(253,'2016-05-06 17:42:09','2016-05-06 17:42:09',175,5),(254,'2016-05-06 17:42:09','2016-05-06 17:42:09',176,5),(255,'2016-05-06 17:42:09','2016-05-06 17:42:09',177,5),(256,'2016-05-06 17:42:09','2016-05-06 17:42:09',180,5),(257,'2016-05-06 17:42:09','2016-05-06 17:42:09',182,5),(258,'2016-05-06 17:42:09','2016-05-06 17:42:09',183,5),(259,'2016-05-06 17:42:09','2016-05-06 17:42:09',185,5),(260,'2016-05-06 17:42:09','2016-05-06 17:42:09',188,5),(261,'2016-05-06 17:42:09','2016-05-06 17:42:09',215,5),(262,'2016-05-06 17:42:09','2016-05-06 17:42:09',217,5),(263,'2016-05-06 17:42:09','2016-05-06 17:42:09',218,5),(264,'2016-05-06 17:42:09','2016-05-06 17:42:09',220,5),(265,'2016-05-06 17:42:09','2016-05-06 17:42:09',224,5),(266,'2016-05-06 17:42:09','2016-05-06 17:42:09',225,5),(267,'2016-05-06 17:42:09','2016-05-06 17:42:09',230,5),(268,'2016-05-06 17:42:09','2016-05-06 17:42:09',231,5),(269,'2016-05-06 17:42:09','2016-05-06 17:42:09',232,5),(270,'2016-05-06 17:42:09','2016-05-06 17:42:09',233,5),(271,'2016-05-06 17:42:09','2016-05-06 17:42:09',235,5),(272,'2016-05-06 17:42:09','2016-05-06 17:42:09',237,5),(273,'2016-05-06 17:42:09','2016-05-06 17:42:09',238,5),(274,'2016-05-06 17:42:09','2016-05-06 17:42:09',242,5),(275,'2016-05-06 17:42:09','2016-05-06 17:42:09',243,5),(276,'2016-05-06 17:42:09','2016-05-06 17:42:09',246,5),(277,'2016-05-06 17:42:09','2016-05-06 17:42:09',247,5),(278,'2016-05-06 17:42:09','2016-05-06 17:42:09',250,5),(279,'2016-05-06 17:42:09','2016-05-06 17:42:09',253,5),(280,'2016-05-06 17:42:09','2016-05-06 17:42:09',255,5),(281,'2016-05-06 17:42:09','2016-05-06 17:42:09',257,5),(282,'2016-05-06 17:42:09','2016-05-06 17:42:09',258,5),(283,'2016-05-06 17:42:09','2016-05-06 17:42:09',260,5),(284,'2016-05-06 17:42:09','2016-05-06 17:42:09',261,5),(285,'2016-05-06 17:42:09','2016-05-06 17:42:09',262,5),(286,'2016-05-06 17:42:09','2016-05-06 17:42:09',265,5),(287,'2016-05-06 17:42:09','2016-05-06 17:42:09',267,5),(288,'2016-05-06 17:42:09','2016-05-06 17:42:09',268,5),(289,'2016-05-06 17:42:09','2016-05-06 17:42:09',269,5),(290,'2016-05-06 17:42:09','2016-05-06 17:42:09',270,5),(291,'2016-05-06 17:42:09','2016-05-06 17:42:09',272,5),(292,'2016-05-06 17:42:09','2016-05-06 17:42:09',273,5),(293,'2016-05-06 17:42:09','2016-05-06 17:42:09',274,5),(294,'2016-05-06 17:42:09','2016-05-06 17:42:09',275,5),(295,'2016-05-06 17:42:09','2016-05-06 17:42:09',276,5),(296,'2016-05-06 17:42:09','2016-05-06 17:42:09',277,5),(297,'2016-05-06 17:42:09','2016-05-06 17:42:09',278,5),(298,'2016-05-06 17:42:09','2016-05-06 17:42:09',279,5),(299,'2016-05-06 17:42:09','2016-05-06 17:42:09',280,5),(300,'2016-05-06 17:42:09','2016-05-06 17:42:09',281,5),(301,'2016-05-06 17:42:09','2016-05-06 17:42:09',282,5),(302,'2016-05-06 17:42:09','2016-05-06 17:42:09',283,5),(303,'2016-05-06 17:42:09','2016-05-06 17:42:09',284,5),(304,'2016-05-06 17:42:09','2016-05-06 17:42:09',285,5),(305,'2016-05-06 17:42:09','2016-05-06 17:42:09',287,5),(306,'2016-05-06 17:42:09','2016-05-06 17:42:09',289,5),(307,'2016-05-06 17:42:09','2016-05-06 17:42:09',290,5),(308,'2016-05-06 17:42:09','2016-05-06 17:42:09',291,5),(309,'2016-05-06 17:42:09','2016-05-06 17:42:09',294,5),(310,'2016-05-06 17:42:09','2016-05-06 17:42:09',299,5),(311,'2016-05-06 17:42:09','2016-05-06 17:42:09',301,5),(312,'2016-05-06 17:42:09','2016-05-06 17:42:09',302,5),(313,'2016-05-06 17:42:09','2016-05-06 17:42:09',303,5),(314,'2016-05-06 17:42:09','2016-05-06 17:42:09',304,5),(315,'2016-05-06 17:42:09','2016-05-06 17:42:09',306,5),(316,'2016-05-06 17:42:09','2016-05-06 17:42:09',307,5),(317,'2016-05-06 17:42:09','2016-05-06 17:42:09',308,5),(318,'2016-05-06 17:42:09','2016-05-06 17:42:09',309,5),(319,'2016-05-06 17:42:09','2016-05-06 17:42:09',311,5),(320,'2016-05-06 17:42:09','2016-05-06 17:42:09',313,5),(321,'2016-05-06 17:42:09','2016-05-06 17:42:09',314,5),(322,'2016-05-06 17:42:09','2016-05-06 17:42:09',315,5),(323,'2016-05-06 17:42:09','2016-05-06 17:42:09',5,5),(324,'2016-05-06 17:42:09','2016-05-06 17:42:09',27,5),(325,'2016-05-06 17:42:09','2016-05-06 17:42:09',30,5),(326,'2016-05-06 17:42:09','2016-05-06 17:42:09',31,5),(327,'2016-05-06 17:42:09','2016-05-06 17:42:09',36,5),(328,'2016-05-06 17:42:09','2016-05-06 17:42:09',39,5),(329,'2016-05-06 17:42:09','2016-05-06 17:42:09',40,5),(330,'2016-05-06 17:42:09','2016-05-06 17:42:09',44,5),(331,'2016-05-06 17:42:09','2016-05-06 17:42:09',50,5),(332,'2016-05-06 17:42:09','2016-05-06 17:42:09',61,5),(333,'2016-05-06 17:42:09','2016-05-06 17:42:09',65,5),(334,'2016-05-06 17:42:09','2016-05-06 17:42:09',81,5),(335,'2016-05-06 17:42:09','2016-05-06 17:42:09',90,5),(336,'2016-05-06 17:42:09','2016-05-06 17:42:09',108,5),(337,'2016-05-06 17:42:09','2016-05-06 17:42:09',123,5),(338,'2016-05-06 17:42:09','2016-05-06 17:42:09',126,5),(339,'2016-05-06 17:42:09','2016-05-06 17:42:09',135,5),(340,'2016-05-06 17:42:09','2016-05-06 17:42:09',142,5),(341,'2016-05-06 17:42:09','2016-05-06 17:42:09',143,5),(342,'2016-05-06 17:42:09','2016-05-06 17:42:09',147,5),(343,'2016-05-06 17:42:09','2016-05-06 17:42:09',154,5),(344,'2016-05-06 17:42:09','2016-05-06 17:42:09',160,5),(345,'2016-05-06 17:42:09','2016-05-06 17:42:09',164,5),(346,'2016-05-06 17:42:09','2016-05-06 17:42:09',165,5),(347,'2016-05-06 17:42:09','2016-05-06 17:42:09',168,5),(348,'2016-05-06 17:42:09','2016-05-06 17:42:09',173,5),(349,'2016-05-06 17:42:09','2016-05-06 17:42:09',175,5),(350,'2016-05-06 17:42:09','2016-05-06 17:42:09',180,5),(351,'2016-05-06 17:42:09','2016-05-06 17:42:09',182,5),(352,'2016-05-06 17:42:09','2016-05-06 17:42:09',183,5),(353,'2016-05-06 17:42:09','2016-05-06 17:42:09',233,5),(354,'2016-05-06 17:42:09','2016-05-06 17:42:09',237,5),(355,'2016-05-06 17:42:09','2016-05-06 17:42:09',250,5),(356,'2016-05-06 17:42:09','2016-05-06 17:42:09',254,5),(357,'2016-05-06 17:42:09','2016-05-06 17:42:09',266,5),(358,'2016-05-06 17:42:09','2016-05-06 17:42:09',269,5),(359,'2016-05-06 17:42:09','2016-05-06 17:42:09',290,5),(360,'2016-05-06 17:42:09','2016-05-06 17:42:09',305,5),(361,'2016-05-06 17:42:09','2016-05-06 17:42:09',316,5),(362,'2016-05-06 17:42:09','2016-05-06 17:42:09',317,5),(363,'2016-05-06 17:42:09','2016-05-06 17:42:09',2,4),(364,'2016-05-06 17:42:09','2016-05-06 17:42:09',3,4),(365,'2016-05-06 17:42:09','2016-05-06 17:42:09',5,4),(366,'2016-05-06 17:42:09','2016-05-06 17:42:09',8,4),(367,'2016-05-06 17:42:09','2016-05-06 17:42:09',9,4),(368,'2016-05-06 17:42:09','2016-05-06 17:42:09',10,4),(369,'2016-05-06 17:42:09','2016-05-06 17:42:09',12,4),(370,'2016-05-06 17:42:09','2016-05-06 17:42:09',13,4),(371,'2016-05-06 17:42:09','2016-05-06 17:42:09',14,4),(372,'2016-05-06 17:42:09','2016-05-06 17:42:09',15,4),(373,'2016-05-06 17:42:09','2016-05-06 17:42:09',16,4),(374,'2016-05-06 17:42:09','2016-05-06 17:42:09',17,4),(375,'2016-05-06 17:42:09','2016-05-06 17:42:09',18,4),(376,'2016-05-06 17:42:09','2016-05-06 17:42:09',19,4),(377,'2016-05-06 17:42:09','2016-05-06 17:42:09',20,4),(378,'2016-05-06 17:42:09','2016-05-06 17:42:09',21,4),(379,'2016-05-06 17:42:09','2016-05-06 17:42:09',22,4),(380,'2016-05-06 17:42:09','2016-05-06 17:42:09',23,4),(381,'2016-05-06 17:42:09','2016-05-06 17:42:09',46,4),(382,'2016-05-06 17:42:09','2016-05-06 17:42:09',123,4),(383,'2016-05-06 17:42:09','2016-05-06 17:42:09',137,4),(384,'2016-05-06 17:42:09','2016-05-06 17:42:09',145,4),(385,'2016-05-06 17:42:09','2016-05-06 17:42:09',167,4),(386,'2016-05-06 17:42:09','2016-05-06 17:42:09',246,4),(387,'2016-05-06 17:42:09','2016-05-06 17:42:09',250,4),(388,'2016-05-06 17:42:09','2016-05-06 17:42:09',266,4),(389,'2016-05-06 17:42:09','2016-05-06 17:42:09',269,4),(390,'2016-05-06 17:42:09','2016-05-06 17:42:09',305,4),(391,'2016-05-06 17:42:09','2016-05-06 17:42:09',316,4),(392,'2016-05-06 17:42:09','2016-05-06 17:42:09',318,1),(393,'2016-05-06 17:42:09','2016-05-06 17:42:09',319,1),(394,'2016-05-06 17:42:09','2016-05-06 17:42:09',319,5);
/*!40000 ALTER TABLE `privileges` ENABLE KEYS */;
UNLOCK TABLES;

--
-- Table structure for table `roles`
--

DROP TABLE IF EXISTS `roles`;
/*!40101 SET @saved_cs_client     = @@character_set_client */;
/*!40101 SET character_set_client = utf8 */;
CREATE TABLE `roles` (
  `id` int(11) NOT NULL AUTO_INCREMENT,
  `name` varchar(255) COLLATE utf8_unicode_ci DEFAULT NULL,
  `description` varchar(255) COLLATE utf8_unicode_ci DEFAULT NULL,
  `created_at` datetime NOT NULL,
  `updated_at` datetime NOT NULL,
  PRIMARY KEY (`id`)
) ENGINE=InnoDB AUTO_INCREMENT=6 DEFAULT CHARSET=utf8 COLLATE=utf8_unicode_ci;
/*!40101 SET character_set_client = @saved_cs_client */;

--
-- Dumping data for table `roles`
--

LOCK TABLES `roles` WRITE;
/*!40000 ALTER TABLE `roles` DISABLE KEYS */;
INSERT INTO `roles` VALUES (1,'CCGD Administrator','admin','2016-05-06 17:42:08','2016-05-06 17:42:08'),(2,'CCGD Faculty','faculty','2016-05-06 17:42:08','2016-05-06 17:42:08'),(3,'CCGD Lab Staff','staff','2016-05-06 17:42:08','2016-05-06 17:42:08'),(4,'CCGD Scientific Advisor','advisor','2016-05-06 17:42:08','2016-05-06 17:42:08'),(5,'CCGD Submitter','submitter','2016-05-06 17:42:08','2016-05-06 17:42:08');
/*!40000 ALTER TABLE `roles` ENABLE KEYS */;
UNLOCK TABLES;

--
-- Table structure for table `schema_migrations`
--

DROP TABLE IF EXISTS `schema_migrations`;
/*!40101 SET @saved_cs_client     = @@character_set_client */;
/*!40101 SET character_set_client = utf8 */;
CREATE TABLE `schema_migrations` (
  `version` varchar(255) COLLATE utf8_unicode_ci NOT NULL,
  UNIQUE KEY `unique_schema_migrations` (`version`)
) ENGINE=InnoDB DEFAULT CHARSET=utf8 COLLATE=utf8_unicode_ci;
/*!40101 SET character_set_client = @saved_cs_client */;

--
-- Dumping data for table `schema_migrations`
--

LOCK TABLES `schema_migrations` WRITE;
/*!40000 ALTER TABLE `schema_migrations` DISABLE KEYS */;
INSERT INTO `schema_migrations` VALUES ('20160315193611'),('20160315194655'),('20160317142741'),('20160317193242'),('20160317194419'),('20160317202841'),('20160317202953'),('20160317204633'),('20160317205018'),('20160317211647'),('20160317211754'),('20160320233537'),('20160321220211'),('20160323145314'),('20160323150814'),('20160323193542'),('20160323193614'),('20160324175341'),('20160418170856'),('20160425171716'),('20160502160730'),('20160502160753'),('20160502162508');
/*!40000 ALTER TABLE `schema_migrations` ENABLE KEYS */;
UNLOCK TABLES;

--
-- Table structure for table `states`
--

DROP TABLE IF EXISTS `states`;
/*!40101 SET @saved_cs_client     = @@character_set_client */;
/*!40101 SET character_set_client = utf8 */;
CREATE TABLE `states` (
  `id` int(11) NOT NULL AUTO_INCREMENT,
  `name` varchar(255) COLLATE utf8_unicode_ci DEFAULT NULL,
  `code` varchar(255) COLLATE utf8_unicode_ci DEFAULT NULL,
  `created_at` datetime NOT NULL,
  `updated_at` datetime NOT NULL,
  PRIMARY KEY (`id`)
) ENGINE=InnoDB AUTO_INCREMENT=52 DEFAULT CHARSET=utf8 COLLATE=utf8_unicode_ci;
/*!40101 SET character_set_client = @saved_cs_client */;

--
-- Dumping data for table `states`
--

LOCK TABLES `states` WRITE;
/*!40000 ALTER TABLE `states` DISABLE KEYS */;
INSERT INTO `states` VALUES (1,'Alabama','AL','2016-05-06 17:42:04','2016-05-06 17:42:04'),(2,'Alaska','AK','2016-05-06 17:42:04','2016-05-06 17:42:04'),(3,'Arizona','AZ','2016-05-06 17:42:04','2016-05-06 17:42:04'),(4,'Arkansas','AR','2016-05-06 17:42:04','2016-05-06 17:42:04'),(5,'California','CA','2016-05-06 17:42:04','2016-05-06 17:42:04'),(6,'Colorado','CO','2016-05-06 17:42:04','2016-05-06 17:42:04'),(7,'Connecticut','CT','2016-05-06 17:42:04','2016-05-06 17:42:04'),(8,'Delaware','DE','2016-05-06 17:42:04','2016-05-06 17:42:04'),(9,'Florida','FL','2016-05-06 17:42:04','2016-05-06 17:42:04'),(10,'Georgia','GA','2016-05-06 17:42:04','2016-05-06 17:42:04'),(11,'Hawaii','HI','2016-05-06 17:42:04','2016-05-06 17:42:04'),(12,'Idaho','ID','2016-05-06 17:42:04','2016-05-06 17:42:04'),(13,'Illinois','IL','2016-05-06 17:42:04','2016-05-06 17:42:04'),(14,'Indiana','IN','2016-05-06 17:42:04','2016-05-06 17:42:04'),(15,'Iowa','IA','2016-05-06 17:42:04','2016-05-06 17:42:04'),(16,'Kansas','KS','2016-05-06 17:42:04','2016-05-06 17:42:04'),(17,'Kentucky','KY','2016-05-06 17:42:04','2016-05-06 17:42:04'),(18,'Louisiana','LA','2016-05-06 17:42:04','2016-05-06 17:42:04'),(19,'Maine','ME','2016-05-06 17:42:04','2016-05-06 17:42:04'),(20,'Maryland','MD','2016-05-06 17:42:04','2016-05-06 17:42:04'),(21,'Massachusetts','MA','2016-05-06 17:42:04','2016-05-06 17:42:04'),(22,'Michigan','MI','2016-05-06 17:42:04','2016-05-06 17:42:04'),(23,'Minnesota','MN','2016-05-06 17:42:04','2016-05-06 17:42:04'),(24,'Mississippi','MS','2016-05-06 17:42:04','2016-05-06 17:42:04'),(25,'Missouri','MO','2016-05-06 17:42:04','2016-05-06 17:42:04'),(26,'Montana','MT','2016-05-06 17:42:04','2016-05-06 17:42:04'),(27,'Nebraska','NE','2016-05-06 17:42:04','2016-05-06 17:42:04'),(28,'Nevada','NV','2016-05-06 17:42:04','2016-05-06 17:42:04'),(29,'New Hampshire','NH','2016-05-06 17:42:04','2016-05-06 17:42:04'),(30,'New Jersey','NJ','2016-05-06 17:42:04','2016-05-06 17:42:04'),(31,'New Mexico','NM','2016-05-06 17:42:04','2016-05-06 17:42:04'),(32,'New York','NY','2016-05-06 17:42:04','2016-05-06 17:42:04'),(33,'North Carolina','NC','2016-05-06 17:42:04','2016-05-06 17:42:04'),(34,'North Dakota','ND','2016-05-06 17:42:04','2016-05-06 17:42:04'),(35,'Ohio','OH','2016-05-06 17:42:04','2016-05-06 17:42:04'),(36,'Oklahoma','OK','2016-05-06 17:42:04','2016-05-06 17:42:04'),(37,'Oregon','OR','2016-05-06 17:42:04','2016-05-06 17:42:04'),(38,'Pennsylvania','PA','2016-05-06 17:42:04','2016-05-06 17:42:04'),(39,'Rhode Island','RI','2016-05-06 17:42:04','2016-05-06 17:42:04'),(40,'South Carolina','SC','2016-05-06 17:42:04','2016-05-06 17:42:04'),(41,'South Dakota','SD','2016-05-06 17:42:04','2016-05-06 17:42:04'),(42,'Tennessee','TN','2016-05-06 17:42:04','2016-05-06 17:42:04'),(43,'Texas','TX','2016-05-06 17:42:04','2016-05-06 17:42:04'),(44,'Utah','UT','2016-05-06 17:42:04','2016-05-06 17:42:04'),(45,'Vermont','VT','2016-05-06 17:42:04','2016-05-06 17:42:04'),(46,'Virginia','VA','2016-05-06 17:42:04','2016-05-06 17:42:04'),(47,'Washington','WA','2016-05-06 17:42:04','2016-05-06 17:42:04'),(48,'West Virginia','WV','2016-05-06 17:42:04','2016-05-06 17:42:04'),(49,'Wisconsin','WI','2016-05-06 17:42:04','2016-05-06 17:42:04'),(50,'Wyoming','WY','2016-05-06 17:42:04','2016-05-06 17:42:04'),(51,'District of Columbia','DC','2016-05-06 17:42:04','2016-05-06 17:42:04');
/*!40000 ALTER TABLE `states` ENABLE KEYS */;
UNLOCK TABLES;

--
-- Table structure for table `user_custom_labgroups`
--

DROP TABLE IF EXISTS `user_custom_labgroups`;
/*!40101 SET @saved_cs_client     = @@character_set_client */;
/*!40101 SET character_set_client = utf8 */;
CREATE TABLE `user_custom_labgroups` (
  `id` int(11) NOT NULL AUTO_INCREMENT,
  `custom_labgroup_name` varchar(255) COLLATE utf8_unicode_ci DEFAULT NULL,
  `custom_labgroup_code` varchar(255) COLLATE utf8_unicode_ci DEFAULT NULL,
  `custom_labgroup_building` varchar(255) COLLATE utf8_unicode_ci DEFAULT NULL,
  `custom_labgroup_room` varchar(255) COLLATE utf8_unicode_ci DEFAULT NULL,
  `custom_street` varchar(255) COLLATE utf8_unicode_ci DEFAULT NULL,
  `custom_city` varchar(255) COLLATE utf8_unicode_ci DEFAULT NULL,
  `custom_country` varchar(255) COLLATE utf8_unicode_ci DEFAULT NULL,
  `state_id` int(11) DEFAULT NULL,
  `user_id` int(11) DEFAULT NULL,
  `created_at` datetime NOT NULL,
  `updated_at` datetime NOT NULL,
  PRIMARY KEY (`id`)
) ENGINE=InnoDB AUTO_INCREMENT=15 DEFAULT CHARSET=utf8 COLLATE=utf8_unicode_ci;
/*!40101 SET character_set_client = @saved_cs_client */;

--
-- Dumping data for table `user_custom_labgroups`
--

LOCK TABLES `user_custom_labgroups` WRITE;
/*!40000 ALTER TABLE `user_custom_labgroups` DISABLE KEYS */;
/*!40000 ALTER TABLE `user_custom_labgroups` ENABLE KEYS */;
UNLOCK TABLES;

--
-- Table structure for table `user_custom_organizations`
--

DROP TABLE IF EXISTS `user_custom_organizations`;
/*!40101 SET @saved_cs_client     = @@character_set_client */;
/*!40101 SET character_set_client = utf8 */;
CREATE TABLE `user_custom_organizations` (
  `id` int(11) NOT NULL AUTO_INCREMENT,
  `custom_org_name` varchar(255) COLLATE utf8_unicode_ci DEFAULT NULL,
  `custom_org_phone` varchar(255) COLLATE utf8_unicode_ci DEFAULT NULL,
  `custom_org_email` varchar(255) COLLATE utf8_unicode_ci DEFAULT NULL,
  `custom_street` varchar(255) COLLATE utf8_unicode_ci DEFAULT NULL,
  `custom_city` varchar(255) COLLATE utf8_unicode_ci DEFAULT NULL,
  `custom_country` varchar(255) COLLATE utf8_unicode_ci DEFAULT NULL,
  `state_id` int(11) DEFAULT NULL,
  `user_id` int(11) DEFAULT NULL,
  `created_at` datetime NOT NULL,
  `updated_at` datetime NOT NULL,
  PRIMARY KEY (`id`)
) ENGINE=InnoDB AUTO_INCREMENT=15 DEFAULT CHARSET=utf8 COLLATE=utf8_unicode_ci;
/*!40101 SET character_set_client = @saved_cs_client */;

--
-- Dumping data for table `user_custom_organizations`
--

LOCK TABLES `user_custom_organizations` WRITE;
/*!40000 ALTER TABLE `user_custom_organizations` DISABLE KEYS */;
/*!40000 ALTER TABLE `user_custom_organizations` ENABLE KEYS */;
UNLOCK TABLES;

--
-- Table structure for table `users`
--

DROP TABLE IF EXISTS `users`;
/*!40101 SET @saved_cs_client     = @@character_set_client */;
/*!40101 SET character_set_client = utf8 */;
CREATE TABLE `users` (
  `id` int(11) NOT NULL AUTO_INCREMENT,
  `firstname` varchar(255) COLLATE utf8_unicode_ci DEFAULT NULL,
  `lastname` varchar(255) COLLATE utf8_unicode_ci DEFAULT NULL,
  `email` varchar(255) COLLATE utf8_unicode_ci DEFAULT NULL,
  `phone` varchar(255) COLLATE utf8_unicode_ci DEFAULT NULL,
  `created_at` datetime NOT NULL,
  `updated_at` datetime NOT NULL,
  `username` varchar(255) COLLATE utf8_unicode_ci DEFAULT NULL,
  `password_digest` varchar(255) COLLATE utf8_unicode_ci DEFAULT NULL,
  `organization_id` int(11) DEFAULT NULL,
  `status` varchar(2) COLLATE utf8_unicode_ci DEFAULT NULL,
  `password_reset_token` varchar(255) COLLATE utf8_unicode_ci DEFAULT NULL,
  `password_reset_sent_at` datetime DEFAULT NULL,
  PRIMARY KEY (`id`)
) ENGINE=InnoDB AUTO_INCREMENT=346 DEFAULT CHARSET=utf8 COLLATE=utf8_unicode_ci;
/*!40101 SET character_set_client = @saved_cs_client */;

--
-- Dumping data for table `users`
--

LOCK TABLES `users` WRITE;
/*!40000 ALTER TABLE `users` DISABLE KEYS */;
INSERT INTO `users` VALUES (2,'Laura','Macconaill','laura_macconaill@dfci.harvard.edu','617-582-7754','2016-05-06 17:42:06','2016-05-06 17:42:06','laura','$2a$04$vpNcVq//US8SYfW58VutbeJ.J2Qlns1kmuHOxPCP/sAyJRMEacQ0i',1,'A',NULL,NULL),(3,'Megan','Hanna','mhanna@broad.mit.edu','617-324-4824','2016-05-06 17:42:06','2016-05-06 17:42:06','megan','$2a$04$s3.hV.SPNgCHbFbkia36uuE.gjU21uu9xX0g7CySC5XgUkxMxjVs2',1,'A',NULL,NULL),(4,'Karen','Coughlan','karen_coughlan@dfci.harvard.edu','617-582-8736','2016-05-06 17:42:06','2016-05-06 17:42:06','karen','$2a$04$zdbrAi7.dwazgEPMKcvKR.233ewvCH9/J3Nr1s.RHMQDpWBD9t0ke',1,'I',NULL,NULL),(5,'Katie','Campbell','catarina_campbell@dfci.harvard.edu','617-632-2930','2016-05-06 17:42:06','2016-05-06 17:42:06','katie','$2a$04$PJCXz8IqcZlbkKP0B6GhmeVf6gQ6zwvkpaHD0vnCd8p45DK4xWSRu',1,'I',NULL,NULL),(6,'Nick','Wyhs','nwyhs@broad.mit.edu','617 582 8731','2016-05-06 17:42:06','2016-05-06 17:42:06','nick','$2a$04$5KloTuxvYUkhw6iV7Huv4uSqcTldouB2UOeLqboT62cgWX2IUNYBS',1,'I',NULL,NULL),(7,'Su','Huang','suhuang@dfci.harvard.edu','','2016-05-06 17:42:06','2016-05-06 17:42:06','su','$2a$04$7eO3x3ociR8oyeC1LL0JbuDuQSgKlD.51rg4IpIKqoDVjnP3WLST.',1,'I',NULL,NULL),(8,'Matt','Freedman','matthew_freedman@dfci.harvard.edu','617-582-8598','2016-05-06 17:42:06','2016-05-06 17:42:06','matt','$2a$04$IFqAHMAsyrf3sWtlMJU/t.X7tnRNDOk8JqA6P/QUiZgSFZwaLrU2e',1,'A',NULL,NULL),(9,'Levi','Garraway','levi_garraway@dfci.harvard.edu','617-632-6689','2016-05-06 17:42:06','2016-05-06 17:42:06','levi','$2a$04$7I4uXz5R0oCzyPhZPS1qtOlxqXQF0Hgpp4IBj9C0VMBjFTs3.TtYO',1,'A',NULL,NULL),(10,'Todd','Golub','golub@broad.mit.edu','617-632-4903','2016-05-06 17:42:06','2016-05-06 17:42:06','todd','$2a$04$GAmb0YqL0QAQd3uIdXx5YOKlxOM6h6ad5U3qcE/1XfkKiA0jixj2i',1,'A',NULL,NULL),(11,'William','Hahn','william_hahn@dfci.harvard.edu','617-632-2641','2016-05-06 17:42:06','2016-05-06 17:42:06','wchahn','$2a$04$M3Joq.cC756uf/JR//BhquruhDRkmh92U.7ADB49M7BCj6HzODTLG',1,'A',NULL,NULL),(12,'Max','Loda','massimo_loda@dfci.harvard.edu','617-632-4001','2016-05-06 17:42:06','2016-05-06 17:42:06','max','$2a$04$1VQtuvg0H2zNStBjLYsRUOi0JynBfgHQBAbNEP9wLRe7qbGX4Ozgy',1,'A',NULL,NULL),(13,'Matthew','Meyerson','matthew_meyerson@dfci.harvard.edu','617-632-4768','2016-05-06 17:42:06','2016-05-06 17:42:06','matthew','$2a$04$84S17/VahviZkei6dLRSde1m8Q7klnkX2IU48T6eCB7jEntWk4pOK',1,'A',NULL,NULL),(14,'Nelly','Polyak','kornelia_polyak@dfci.harvard.edu','617-632-5746','2016-05-06 17:42:06','2016-05-06 17:42:06','nelly','$2a$04$EeH21J20392OVqStN1ymAuA23hqvkST8TI/VqorLdAsedmL13Odqi',1,'A',NULL,NULL),(15,'Ramesh','Shivdasani','ramesh_shivdasani@dfci.harvard.edu','617-632-5746','2016-05-06 17:42:06','2016-05-06 17:42:06','Ramesh','$2a$04$qMEoB8dMvowdQ96/8rfGWu72cjuAr71dMAozNtWnt.YwVJdQQx31q',1,'A',NULL,NULL),(16,'Pasi','Janne','pasi_janne@dfci.harvard.edu','617-632-6036','2016-05-06 17:42:06','2016-05-06 17:42:06','Pasi','$2a$04$6Wqy8RZ6daxy4Bh4AUBmbuanIcLBZL2B9duHa0WKdGtO8K8k5C5Pe',1,'A',NULL,NULL),(17,'Rani','George','rani_george@dfci.harvard.edu','617-632-5281','2016-05-06 17:42:06','2016-05-06 17:42:06','rani','$2a$04$iR5WwSgaD99agUfXf6CX6O1MTNid6CJAHWHmCpq6A4ARgU2.hT22.',1,'A',NULL,NULL),(18,'Thomas','Roberts','thomas_roberts@dfci.harvard.edu','617-632-3049','2016-05-06 17:42:06','2016-05-06 17:42:06','Thomas','$2a$04$q6wpdBVWyplz/emNN0hBEesHJV8DrBFlQ0aZAymDTLEAi1FnIt7ey',1,'A',NULL,NULL),(19,'Thomas','Look','thomas_look@dfci.harvard.edu','617-632-5826','2016-05-06 17:42:06','2016-05-06 17:42:06','Thomaslook','$2a$04$lb2rzFYtJgvTvV3vzvcMqu/PH2vqH4wzJyYja8epYpIr7Db3oThti',1,'A',NULL,NULL),(20,'Jerome','Ritz','jerome_ritz@dfci.harvard.edu','617-632-3465','2016-05-06 17:42:06','2016-05-06 17:42:06','JRitz','$2a$04$dYBU2tgrwjRVHDRZJUlnyepLhVikFjl1W7hzbU8tSZhfuE3POEcyO',1,'A',NULL,NULL),(21,'Matthew','Kulke','matthew_kulke@dfci.harvard.edu','617-632-5136','2016-05-06 17:42:06','2016-05-06 17:42:06','MatthewK','$2a$04$FPCZt8/cgHEK.lb3uItIwePxz.nncg6oy6QRD8h6dRG.FFWn6yEfa',1,'A',NULL,NULL),(22,'Margaret','Shipp','margaret_shipp@dfci.harvard.edu','617-632-3874','2016-05-06 17:42:06','2016-05-06 17:42:06','Margaret','$2a$04$wmgo1ObVKiBOVTzIm5u0S.Gjrp1nRtZhVK91568YUWohH2cm59fUS',1,'A',NULL,NULL),(23,'Philip','Kantoff','philip_kantoff@dfci.harvard.edu','617-632-1914','2016-05-06 17:42:06','2016-05-06 17:42:06','Philip','$2a$04$q7FLr6RXGQeeOo0Wc11/v.Afe03.Ly8rb5l3jymwvSpvSU/C7mMEm',1,'A',NULL,NULL),(24,'Robert','Ross','robert_ross@dfci.harvard.edu','617-632-3237','2016-05-06 17:42:06','2016-05-06 17:42:06','RobertRoss','$2a$04$hfzV6xAgHStH1gTOKzZG1eS8vJwMtxmrjbOicoANLK4714G3wBz62',1,'A',NULL,NULL),(25,'Myles','Brown','myles_brown@dfci.harvard.edu','617-632-3948','2016-05-06 17:42:06','2016-05-06 17:42:06','mbrown','$2a$04$6GtuL5bbEqogSoQnhMwRH.4A37beCOY4XooR5sIO/m1Ykre8.XkFC',1,'A',NULL,NULL),(26,'Jennifer','Brown','jennifer_brown@dfci.harvard.edu','617-632-6692','2016-05-06 17:42:06','2016-05-06 17:42:06','JRBrown','$2a$04$UUynJTdofo3wWqDGQ0Sl2epZtNtzS8XLtn9Qw7jYRsdAWRgsUnkgy',1,'A',NULL,NULL),(27,'Nasim','Ahmadiyeh','nahmadiyeh@partners.org','617-582-8682','2016-05-06 17:42:06','2016-05-06 17:42:06','nah495','$2a$04$alZDQYCxILeH1K2bqODo0.XfI44uYV2TOmFWJhgzyMD4qvnoumZV6',1,'A',NULL,NULL),(28,'Carrie','Emery','CarolineM_Emery@dfci.harvard.edu','617 632 1923','2016-05-06 17:42:06','2016-05-06 17:42:06','carrie','$2a$04$krdN1nVCrlaeyl5OmjRzuOkG.tm7VzqI9VdYgIjdHwSSnD8qsLdR.',1,'A',NULL,NULL),(30,'Alejandro','Gutierrez','alejandro_gutierrez@dfci.harvard.edu','617-632-2079','2016-05-06 17:42:06','2016-05-06 17:42:06','ag832','$2a$04$XJQcUjKuBeE17qa04j2UCerf1yzP6iiDWsLqp4BxatjVJgpU4UFg2',1,'A',NULL,NULL),(31,'Kathryn','Penney','kpenney@hsph.harvard.edu','','2016-05-06 17:42:06','2016-05-06 17:42:06','kpenney','$2a$04$gRFhzOeNFO4692.ay99jH.Dl5L5NUJZydAZFwL0PXSfCltD5SB8gW',1,'A',NULL,NULL),(33,'elisa','benedettini','elisa_benedettini@dfci.harvard.edu','6176322148','2016-05-06 17:42:06','2016-05-06 17:42:06','eb802','$2a$04$L4psQasGD8jt0TtgeSiPD.uXxbVv7K7AoPsMYyxr1366t7EWo3ueC',1,'A',NULL,NULL),(34,'charles','stiles','charles_stiles@dfci.harvard.edu','617 632-3512','2016-05-06 17:42:06','2016-05-06 17:42:06','cds10','$2a$04$wLyfh4/bR6zHP5u7sTh5vua87ZHFsFwxbHov8kWjE3ssU40WnaSsS',1,'A',NULL,NULL),(35,'Deborah','Goff','deborah_goff@dfci.harvard.edu','Feb-16','2016-05-06 17:42:06','2016-05-06 17:42:06','djg19','$2a$04$CiHEKALsh748HQ6Ch2iC.uNPZ5txdTyNhNJbkdEV3oKbtO0wHfC7e',1,'A',NULL,NULL),(36,'Christine','Beckwith','christine_beckwith@dfci.harvard.edu','6033876921','2016-05-06 17:42:06','2016-05-06 17:42:06','cb960','$2a$04$6exqCpaXFMhBfyiJ/NWBXOd.iCHONApHK6YuFeur61GVNB9Hqnvsq',1,'A',NULL,NULL),(37,'Lucian','Chirieac','LCHIRIEAC@PARTNERS.ORG','617 732 8126','2016-05-06 17:42:06','2016-05-06 17:42:06','lchirieac','$2a$04$naYlPnKEE8j2yea5VYYWsO.VI4z8wJydifsXtPbLnMe.i22fm1MV2',1,'A',NULL,NULL),(38,'Pat','Collaborator','ccgd@dfci.harvard.edu','27515','2016-05-06 17:42:06','2016-05-06 17:42:06','dfci_user','$2a$04$qsFQdEezMHZ2JAx15C5Q2OG2lb38qaYbev1fM8eWf8u23nT1e9TVS',1,'I',NULL,NULL),(39,'mark','pomerantz','mpomerantz@partners.org','617-632-2312','2016-05-06 17:42:06','2016-05-06 17:42:06','mp91','$2a$04$cvjAUuOjoVc4QILceO1I4OhJX1lS4jbB8DCJS4El1sb0B93uzob9S',1,'A',NULL,NULL),(40,'Keluo','Yao','keluo_yao@dfci.harvard.edu','617-582-8731','2016-05-06 17:42:06','2016-05-06 17:42:06','ky058','$2a$04$dXg1BiVZzDke25KlK87CKeFnfYVMco/hY.HaCXsnl6xlhBE1qw/ue',1,'I',NULL,NULL),(41,'Edward','Fox','edward_fox@dfci.harvard.edu','617-632-2116','2016-05-06 17:42:06','2016-05-06 17:42:06','foxedward','$2a$04$R3i1nIwcX8K/umn/3EZlPOzn3oamUfMMK0Sblai/qvniCjYxjkIHq',1,'A',NULL,NULL),(42,'Edwin','Choy','echoy@partners.org','617-459-6804','2016-05-06 17:42:06','2016-05-06 17:42:06','ec952','$2a$04$KBJvMzVlE4tGlALBpD1pnO./aZW8nsZRYN6jzNtc5zRrHe4i29VEW',24,'A',NULL,NULL),(43,'Mark','Pomerantz','mark_pomerantz@dfci.harvard.edu','617-632-1914','2016-05-06 17:42:06','2016-05-06 17:42:06','mp37','$2a$04$UnGysOoEVcJwestUVl8mcOQ0VksMgVH499OMn82uTkUkxs4as5S7G',1,'A',NULL,NULL),(44,'HIROKI','YAMADA','yamada_hiroki@dfci.harvard.edu','617.935.6863','2016-05-06 17:42:06','2016-05-06 17:42:06','YH058','$2a$04$9p4O5qAlejF4TOFz9BmiTO3aj0LjnwGz8MfSjztxmdpeaLI2YrE9i',1,'A',NULL,NULL),(45,'Mark','Pomerantz','nosman@partners.org','617-632-1914','2016-05-06 17:42:06','2016-05-06 17:42:06','mpomerantz','$2a$04$axKu3ba.q9MQgwz2nGuxpuicego3B4Y4.6eigF6JHgs0K69dH3ncy',1,'I',NULL,NULL),(46,'Adam','Bass','ajbass@partners.org','617-407-9275','2016-05-06 17:42:06','2016-05-06 17:42:06','ajbass','$2a$04$L4KcCsPin1XqVHtspiEi2.jck9k79aDjk8EnWc23OY14qsGET95vC',1,'A',NULL,NULL),(47,'Hao','Zhang','zhangh@broad.mit.edu','919-423-5077','2016-05-06 17:42:06','2016-05-06 17:42:06','haozhang','$2a$04$rWf926GAcb1LFG4qRfoiJuobNtpuoB1cTnmfWhy6RAwPiFuBkZekS',2,'A',NULL,NULL),(48,'Rafael','Bejar','rbejar@partners.org','617-732-6510','2016-05-06 17:42:06','2016-05-06 17:42:06','rb850','$2a$04$fqcmmtkwTxOe0iNdaNdF0eCA6QXFvd/mPInCybGeHGPmCk8AjtLoq',16,'A',NULL,NULL),(49,'Derek','Chiang','dchiang@broad.mit.edu','(617) 324-2239','2016-05-06 17:42:06','2016-05-06 17:42:06','dychiang','$2a$04$lmP534/vxINM2WGdjc.1KOCv69UMteLxSSfVs6HaXTCLnjrnGS.rC',1,'A',NULL,NULL),(50,'Sarah','Kehoe','sarahm_kehoe@dfci.harvard.edu','617-632-5783','2016-05-06 17:42:06','2016-05-06 17:42:06','sk580','$2a$04$BwC2WMTmeoS0DO4i9KngwuGAQly85qtSlZqBNmEa2zpeUgxy2JWIK',1,'I',NULL,NULL),(51,'Amit','Dutt','amitdutt@broad.mit.edu','8578911975','2016-05-06 17:42:06','2016-05-06 17:42:06','amitdutt','$2a$04$.XpGwZdTrlTSwDLVgEqt5OZxArCY1wm63JOfM6SzUTE1tYMTjn6iy',1,'A',NULL,NULL),(52,'Aram','Hezel','ahezel@partners.org','617 643 3813','2016-05-06 17:42:06','2016-05-06 17:42:06','ahezel','$2a$04$3Ioq.RJ9x5r.3TxywbfLeOLRjj.6f0dr0B7zaCkiQngGgMQkG8XTy',24,'A',NULL,NULL),(53,'Ivana','Kim','ivana_kim@meei.harvard.edu','617 573 3367','2016-05-06 17:42:06','2016-05-06 17:42:06','ivana','$2a$04$Ae6z.d7LYj.K6bqtVCbNW.P0kMIy3jxyuwumEKZi9gT4ByGuYZPTi',5,'A',NULL,NULL),(54,'Douglas','Medvetz','dmedvetz@partners.org','617-355-9103','2016-05-06 17:42:06','2016-05-06 17:42:06','dam90','$2a$04$ww0i1RhMwiwxQvMXexkadOJGKKZHlQe4Frq6scDYdVoorjPdjf2/.',16,'A',NULL,NULL),(55,'Ryan','Bender','rpbender@partners.org','582-8614','2016-05-06 17:42:06','2016-05-06 17:42:06','ChinLab2008','$2a$04$CxFMh/Eej/sIvZoa9rUQ1eqIvYDRQvy6ZaCFP03t01CTVEoGDyh/K',1,'A',NULL,NULL),(56,'Fran','Hornicek','fhornicek@partners.org','617 724 6802','2016-05-06 17:42:06','2016-05-06 17:42:06','hornicek','$2a$04$mmUWofLVTGAhwMyztZ5GdeAXp0Y.JA4dXXT0Md3tqtvycStVS.8U6',24,'A',NULL,NULL),(57,'Jonathan','Fletcher','jfletcher@partners.org','617 732 7883','2016-05-06 17:42:06','2016-05-06 17:42:06','fletcher','$2a$04$zExOKIFHN0j3ntmYvkPqUeGjAQNNdiHqJdNS06ah7J6OmoXOv/RuS',16,'A',NULL,NULL),(58,'June','Kinoshita','jkinoshita@n-of-one.com','617 669 1706','2016-05-06 17:42:06','2016-05-06 17:42:06','kinoshita','$2a$04$zF/s5wF3GCy2X/Q5NqWR8.DJwutoPDK7IOY7pYgTS4KupApsmGWPK',6,'I',NULL,NULL),(59,'Alex','Ng','sng@rics.bwh.harvard.edu','617-278-0072','2016-05-06 17:42:06','2016-05-06 17:42:06','Alexng','$2a$04$hAaC9DiUiQpyTaFXie.HXehQl59n5uPgzG6j1LPUbO55ELJFRaL42',16,'A',NULL,NULL),(60,'Antoni','Ribas','aribas@mednet.ucla.edu','3102063928','2016-05-06 17:42:06','2016-05-06 17:42:06','ribas','$2a$04$ZTcneQmr7PIudk9EEE8FnuYZOZXKV4lxA/UTg7fnRFFaWOYN1W7t.',7,'A',NULL,NULL),(61,'Chandrani','Mondal','Chandrani_Mondal@dfci.harvard.edu','6175826688','2016-05-06 17:42:06','2016-05-06 17:42:06','cm315','$2a$04$cb65lBh7jZu6RefDFmX7Xelk9Eh1ywgitZrIp2rZ8lQvGOd0SEDIG',1,'I',NULL,NULL),(62,'Anna','Schinzel','anna_schinzel@dfci.harvard.edu','617 632 2376','2016-05-06 17:42:06','2016-05-06 17:42:06','Schinzel','$2a$04$BfWuY0lAwqBQriVXa8TaCeq9N.3IjC1KN34aiC99c/xlg9TRllaZe',1,'A',NULL,NULL),(63,'vikram','Deshpande','vdeshpande@partners.org','6177247741','2016-05-06 17:42:06','2016-05-06 17:42:06','vd019','$2a$04$G.nHMV00g6/7sC5UV6YGoOU72/BFqomdVJUZEdvGecPFpHRsPZLx.',24,'A',NULL,NULL),(64,'John','McGrath','johnp_mcgrath@dfci.harvard.edu','6175828668','2016-05-06 17:42:06','2016-05-06 17:42:06','jpmcgrath','$2a$04$76fyz7UalsMaYrPmIWgPSea3gSuanq6iHnQqNG8om3dfG5L00097W',1,'A',NULL,NULL),(65,'Lauren','Luongo','LaurenA_Luongo@DFCI.HARVARD.EDU','6176325950','2016-05-06 17:42:06','2016-05-06 17:42:06','lal62','$2a$04$xEUxl3ohW9SSjJSQXpRk6ONrbl2hxPR0L72GvOLssZVIE7EPV6.uG',1,'I',NULL,NULL),(66,'Keith','Ligon','keith_ligon@dfci.harvard.edu','617-632-2357','2016-05-06 17:42:06','2016-05-06 17:42:06','ligonlab','$2a$04$suGZOcyER4igGSsk4ZkAie.izwNngeR0GVIjt7NNOE16WLYQgQdRG',1,'A',NULL,NULL),(70,'Daniel','Chung','dchung@partners.org','617-726-8687','2016-05-06 17:42:06','2016-05-06 17:42:06','dchung','$2a$04$l/Ij1zzZ0cvLYrqcI9QO3u3g5ooWbnEBsZa9U9Krn237/yDE8yhXO',24,'A',NULL,NULL),(71,'Henry','Koon','Henry.Koon@UHhospitals.org','(216) 368-1175','2016-05-06 17:42:06','2016-05-06 17:42:06','henrykoon','$2a$04$Ckf40t0abUhghuN8GHGPketf5aBe7qV0d.9fVIJEKABf797ugsXB.',12,'A',NULL,NULL),(72,'Irene','Ghobrial','irene_ghobrial@dfci.harvard.edu','2.4198','2016-05-06 17:42:06','2016-05-06 17:42:06','ghobrial','$2a$04$hAP7QHC8vyzH9zUD8SQWKOudJDM1nLgd8uff91gninZWHo5rf8aqm',1,'A',NULL,NULL),(73,'Ashley','Fairbank','ashley_fairbank@dfci.harvard.edu','617-632-4606','2016-05-06 17:42:06','2016-05-06 17:42:06','afairbank','$2a$04$sx/6IMD7vBH.gAArgE/Lu.zLhFNaSFkGV7awNDSRRRthRhzctfAy6',1,'A',NULL,NULL),(74,'Michael','Anglesio','michael.anglesio@petermac.org','+61 3 9656 1287','2016-05-06 17:42:06','2016-05-06 17:42:06','michael.angl','$2a$04$D9Z3rZlMXss2jJaGRBGLm.YGWYGljOutQjjSE7.sZ69uGU79pi2d2',13,'A',NULL,NULL),(76,'Jonathan','Rosenberg','jonathan_rosenberg@dfci.harvard.edu','617 632 5456','2016-05-06 17:42:06','2016-05-06 17:42:06','rosenberg','$2a$04$OpABJoRLwk8gEutZVuaoc.cNRftPHs4E3/.2qymnxo54Yjq7PjiGi',1,'A',NULL,NULL),(77,'Daniel','Costa','dbcosta@bidmc.harvard.edu','617-667-9236','2016-05-06 17:42:06','2016-05-06 17:42:06','dbcosta@bidm','$2a$04$SjTklpoeYRuAI.9zibcnMO7G.NpMa8oqVSo8SYYiwSEO5RSOZbn9O',14,'A',NULL,NULL),(78,'Peter','Guillen','pguillen06@gmail.com','617-956-2004','2016-05-06 17:42:06','2016-05-06 17:42:06','pguillen','$2a$04$7IwxxljCBctybXX38yPqgOG2m7z1D9cWkDdyvAdFzPTXvR9LGEcBm',1,'I',NULL,NULL),(79,'Toni','Choueiri','toni_choueiri@dfci.harvard.edu','617-632-5456','2016-05-06 17:42:06','2016-05-06 17:42:06','tc46','$2a$04$vw4sodgdt0iLDh2enoLzKes9TXDSOlAKJ0Tfy49uS8qEoH3fGgYjq',1,'A',NULL,NULL),(80,'Fabio','Schutz','FabioA_Schutz@DFCI.harvard.edu','617-632-4622','2016-05-06 17:42:06','2016-05-06 17:42:06','fs975','$2a$04$hUAHnKRQVsVx4ctmAWSwjeZ3v4Cfyje52YQoa3lG0SIcC1G6B3haO',1,'A',NULL,NULL),(81,'Aimee','Pike','AimeeM_Pike@dfci.harvard.edu','','2016-05-06 17:42:06','2016-05-06 17:42:06','AP595','$2a$04$LAoVBkFcllXaPUD9Xy4YaOt5QBruw/n4Dvp7KCarevhDBmZcRcNt6',1,'I',NULL,NULL),(82,'Mariella','Gruber-Olipitz','mariella_gruber-olipitz@dfci.harvard.edu','6177550949','2016-05-06 17:42:06','2016-05-06 17:42:06','mgo6','$2a$04$oIa9jnYErMW156aIvxAA2u.eNMSeD3DY2oQ48wYkgb8x9V6JH7TkG',1,'A',NULL,NULL),(83,'Patrick','Oberholzer','oberholz@broadinstitute.org','617-714-7552','2016-05-06 17:42:06','2016-05-06 17:42:06','oberholz','$2a$04$z3Wungbtdr7D/t9ZPUL7hexYlO6qKPBTgDsbc8WaUn1w2/iU3Z7pe',2,'A',NULL,NULL),(85,'Mike','Chapman','mchapman@broadinstitute.org','617 714 7572','2016-05-06 17:42:06','2016-05-06 17:42:06','mchapman','$2a$04$OIhplaWD6lqDOwXfW9EgXeM4QXmf4tW/NHSjTesMQWFair9gqz5Lq',2,'A',NULL,NULL),(86,'Gayane','Badalian','gayane_badalianvery@dfci.harvard.edu','857-488-9804','2016-05-06 17:42:06','2016-05-06 17:42:06','GBadalian','$2a$04$x.RSQflJTClMCordG.WqU.XIDAPPdlNEdhYrgOeGz0YwYwZitT1Gm',1,'A',NULL,NULL),(87,'Scott','Armstrong','scott.armstrong@childrens.harvard.edu','617-919-2507','2016-05-06 17:42:06','2016-05-06 17:42:06','sa30','$2a$04$88mP9nhUJgW7AlXUiiasuumDIG7Tz.zjzOIiMX.q7ArhLEVBOMiUy',32,'A',NULL,NULL),(88,'Tim','Heffernan','theffernan@partners.org','582-8338','2016-05-06 17:42:06','2016-05-06 17:42:06','theff','$2a$04$gHJMEE3VWG9DapNkRIs5VOcQi8khwD.6YZ.Cg2CQTM5tbbq1xSJNu',1,'A',NULL,NULL),(89,'Athe','Tsibris','atsibris@partners.org','(617)417-1162','2016-05-06 17:42:06','2016-05-06 17:42:06','stethant','$2a$04$0gPYY2ovy1fFPOyGdvDQ5.44FM.CPq8k4okCFD9N3rhmd3Kzg9N22',16,'A',NULL,NULL),(90,'Michael','Berger','berger@broadinstitute.org','617-714-7553','2016-05-06 17:42:06','2016-05-06 17:42:06','mfberger','$2a$04$224yCREuyeJJrHfC4mh6t.oEQRXwx3g95lp2pfVBpTTWFI9HYsWT2',2,'A',NULL,NULL),(91,'David','Kwiatkowski','dk@rics.bwh.harvard.edu','617-355-9005','2016-05-06 17:42:06','2016-05-06 17:42:06','dk','$2a$04$dlD5OnqvrROHjRCQx6sLNOq0csyXRZKXsS15B0WttRK1vyAAQKOiS',16,'A',NULL,NULL),(92,'Benjamin','Rich','brich@partners.org','','2016-05-06 17:42:06','2016-05-06 17:42:06','brich','$2a$04$8I1/wYWgDHGvBBIp/Vv2FOOz0x4iATic1wn2bqOZSORpRAV8XGqMa',1,'A',NULL,NULL),(93,'Christine','Obierika','christine_obierika@dfci.harvard.edu','6172596490','2016-05-06 17:42:06','2016-05-06 17:42:06','co932','$2a$04$OnX0HRJD5l1BjUVQDtA35uOQqdUrkrdCVcLsbeQwUDURQzX2k1rdK',1,'I',NULL,NULL),(94,'Carmelo','Nucera','cnucera@bidmc.harvard.edu','617-5990515','2016-05-06 17:42:06','2016-05-06 17:42:06','cnucera','$2a$04$TRdWEHi.pR1HLWEI3G9KNeQnChvOFz7RMDIPhbhq1kglq5KZCxzh.',24,'I',NULL,NULL),(95,'Cristina','Ferrone','cferrone@partners.org','617 643 6819','2016-05-06 17:42:06','2016-05-06 17:42:06','cferrone','$2a$04$1DGImn7sUjpyn.Iv7IEdXOuGXIpxyusTRoiQBHNYE1zqKnp8kp/Zi',24,'A',NULL,NULL),(96,'Laura','Fredenburgh','lfredenburgh@rics.bwh.harvard.edu','617 525-9563','2016-05-06 17:42:06','2016-05-06 17:42:06','lf063','$2a$04$onlGEOgwpLpaxI7smrblPu0bJc/ylYotcwEIPQcigqfVRgPjXx1ye',16,'A',NULL,NULL),(97,'Hideo','Watanabe','hideo_watanabe@dfci.harvard.edu','617-632-4777','2016-05-06 17:42:06','2016-05-06 17:42:06','hw022','$2a$04$2Iino3.GNXoTOlwNy9R6cOkj13aPu6E.5PQm4rhasDKKfLkRy6y/C',1,'A',NULL,NULL),(98,'Yanan','Guo','yguo5@rics.bwh.harvard.edu','617-355-9039','2016-05-06 17:42:06','2016-05-06 17:42:06','yg067','$2a$04$C7.j.31u08AMpawBNGLoIutJbHxfSWb/ycbnbBAoKv3v0U90gqiiy',16,'A',NULL,NULL),(99,'Peter','Hammerman','phammerman@partners.org','617-852-6224','2016-05-06 17:42:06','2016-05-06 17:42:06','phammerman','$2a$04$j9.8yyo87WE.us1vnrPuJ.fL3Vb4UevZ0pO3SQvJoFVzIXLzk.RAe',1,'A',NULL,NULL),(100,'Yang','Liu','Yang_Liu2@DFCI.HARVARD.EDU','617-582-8535','2016-05-06 17:42:06','2016-05-06 17:42:06','tiger','$2a$04$BM7NIQVLIJpwIr9bDFOlNOtQPAC5mNzaVUZzAXrAEtbBtMHMhBz56',1,'A',NULL,NULL),(101,'Lars','Bullinger','lars.bullinger@childrens.harvard.edu','617-919-2510','2016-05-06 17:42:06','2016-05-06 17:42:06','lars.bulling','$2a$04$hYMwaGp.Xi3Z6hPnQ1AnQuk7d2zoLbJPjZ1SM0xR5D9Z4RUWcLrei',32,'A',NULL,NULL),(102,'Jeeyun','Lee','jyunlee@skku.edu','-4367','2016-05-06 17:42:06','2016-05-06 17:42:06','taro111','$2a$04$Mz04Jo5JpIuQJLPlFxVEN.UeJdNep7sJA/hzwC1tbhbqUjsC2Kr.e',23,'A',NULL,NULL),(103,'Frank','Kuo','fkuo@partners.org','1-857-307-1534','2016-05-06 17:42:06','2016-05-06 17:42:06','fkuo','$2a$04$jHvqhm5FuFyhcW0ABHXTPOMaEgiV0L7M7Kh7N/8jln30jFJlts4hG',16,'A',NULL,NULL),(104,'Sushruta','Nagarkatti','snagarkatti@partners.org','6177266192','2016-05-06 17:42:06','2016-05-06 17:42:06','sn881','$2a$04$CDmc.wKo/XzGDNhxijBKE.l44TS1feyy/a0XWcd7zg4k2yCSsPIKS',24,'A',NULL,NULL),(105,'Jesse','Boehm','boehm@broadinstitute.org','617-714-7494','2016-05-06 17:42:06','2016-05-06 17:42:06','jboehm','$2a$04$KNGAfBm3socQab3Phq5DIezuz8XvLE.4T4fiq2jOalkMRuIZrr8Xu',2,'A',NULL,NULL),(106,'Jeffrey','Mito','jeffrey.mito@duke.edu','919-681-8683','2016-05-06 17:42:06','2016-05-06 17:42:06','jmito','$2a$04$y817LQxkryZUCdQIlcGcm.aZkslLiXywU9c8dhiR5H6EjZH2cwzlG',26,'A',NULL,NULL),(107,'Nikhil','Wagle','nwagle@partners.org','617 596-3957','2016-05-06 17:42:06','2016-05-06 17:42:06','nwagle','$2a$04$PKnro5h50ML3FZCkwaYzH.ujv9FdihjVS8OKat5E/uzfi3FGWw9pe',1,'A',NULL,NULL),(108,'Robert','Jones','RobertT_Jones@dfci.harvard.edu','6176325950','2016-05-06 17:42:06','2016-05-06 17:42:06','rj956','$2a$04$BFU.87PDJvz59/.oxFurhOOLnIrGQTooTAaTZy8BS3jYuVpG3ZLcu',1,'A',NULL,NULL),(109,'Yariv','Houvras','yhouvras@enders.tch.harvard.edu','(617) 919-2074','2016-05-06 17:42:06','2016-05-06 17:42:06','yhouvras','$2a$04$tvd33BkwAeI62FprER6fjeNBL1oi5XudNM54vjN9E5NvzQfAcqfCW',32,'A',NULL,NULL),(110,'Amity','Manning','almanning@partners.org','857-526-1728','2016-05-06 17:42:06','2016-05-06 17:42:06','almanning','$2a$04$he4trZ93woWVsQqr2RJNs.fkxAtd9VP5XcjOSluCO23.Ke./I3B8C',24,'A',NULL,NULL),(111,'Katherine','Dunn','katherine_dunn@dfci.harvard.edu','617-955-3417','2016-05-06 17:42:06','2016-05-06 17:42:06','kdunn','$2a$04$H.asx4Ax7kCGTNzFv5zSCe1KjFoExnBNAM.TBtZzVL2aiDTYUTWla',1,'A',NULL,NULL),(112,'James','DeCaprio','james_decaprio@dfci.harvard.edu','617 632-3825','2016-05-06 17:42:06','2016-05-06 17:42:06','jd017','$2a$04$Wx7Eiee8lT41XtEPm8eJSOlN9ihxqqLGDFG9N.TZBYo3jvmS20l6S',1,'A',NULL,NULL),(113,'Shamini','Selvarajah','Shamini_Selvarajah@dfci.harvard.edu','6174558513','2016-05-06 17:42:06','2016-05-06 17:42:06','shamini','$2a$04$dJYrIBqfeu5iiY0/7edJ6Ov.TGL/Qia68LRO98udvibn/mrz51CE6',1,'A',NULL,NULL),(114,'Nina','Lin','nhlin@partners.org','617-768-8479','2016-05-06 17:42:06','2016-05-06 17:42:06','ninalin','$2a$04$FnWWD2ZIboXwl4qANdf2XOi61nS2GmByKriKHsf0IkF41baob306q',30,'A',NULL,NULL),(116,'Ann','Mullally','amullally@partners.org','6173559091','2016-05-06 17:42:07','2016-05-06 17:42:07','amullal','$2a$04$A5gLZusiXmeaGzULjg7pSehoJLiGCTbJDZ1ddl/qrsUr7KHLwMcVy',16,'A',NULL,NULL),(117,'Eva','Hernando','eva.hernando@med.nyu.edu','1-212-263 9054','2016-05-06 17:42:07','2016-05-06 17:42:07','hernandoeva','$2a$04$EcRWC.Dy6wFh8UW66goRMe/xqWpwfG451y9cPUNQfUMuQT2E4ayL2',31,'A',NULL,NULL),(119,'Antoni','Ribas','evoneuw@mednet.ucla.edu','310-983-1262','2016-05-06 17:42:07','2016-05-06 17:42:07','oncomap3','$2a$04$dijlNS6beybiThWB.x1vIe8I/YqW/aWHN7eHbDlFKjWZAVM6NnIOO',7,'A',NULL,NULL),(120,'Monica','Calicchio','monica.calicchio@childrens.harvard.edu','617.919.2495','2016-05-06 17:42:07','2016-05-06 17:42:07','mlcalicchio','$2a$04$BlWAQnIQlfKaKARSrGdcl.Pg5kycn0LJHlvjr1ea/k8BQdmkqvOES',32,'A',NULL,NULL),(121,'Sandra','Kirley','skirley@partners.org','617-726-8480','2016-05-06 17:42:07','2016-05-06 17:42:07','sdk3','$2a$04$wzvFUiyWfcC9V4BOrqk9N.zORLErWFTtkdTKk22zanaSR/CAC8V3i',24,'A',NULL,NULL),(122,'Eejung','Kim','eejung_kim@dfci.harvard.edu','22383','2016-05-06 17:42:07','2016-05-06 17:42:07','ek831','$2a$04$AH7x2SfovbKMZMUlfv/BGukS/onejFFgYhP9xwE/H/pskh0FPJhqC',1,'A',NULL,NULL),(123,'Matt','Ducar','MatthewD_Ducar@DFCI.HARVARD.EDU','','2016-05-06 17:42:07','2016-05-06 17:42:07','mducar','$2a$04$JxX9nU1iT1x3SHE31uMqu.0vwCPb4XchrZL0/TSbOt8qc9ljKy41y',1,'A',NULL,NULL),(124,'Brian','Crompton','brian.crompton@childrens.harvard.edu','617-582-8553','2016-05-06 17:42:07','2016-05-06 17:42:07','bcrompton','$2a$04$AmgBU7JgrETNOi40uxjYwuZG9azbBkX38mYetyW7knLAPKn8m9bIO',1,'A',NULL,NULL),(125,'Chin-Lee','Wu','CWU2@PARTNERS.ORG','617-726-8454','2016-05-06 17:42:07','2016-05-06 17:42:07','ChinLee','$2a$04$HvzNsp2PtdZxWcNV1pB4fe6YH7KpBWwPPbIlTiYErt4c/YXP2R6mu',24,'A',NULL,NULL),(126,'Meghan','Comeau','comeau.meghan@dfci.harvard.edu','9785058544','2016-05-06 17:42:07','2016-05-06 17:42:07','nc869','$2a$04$55uG/Xog6ttKFJRmAl5G7OyCRnjWmjrN65wY0sLdzwHgzZP9opb.S',1,'I',NULL,NULL),(127,'Madhuri','Koti','madhurikoti@gmail.com','613-5332000 x 79055','2016-05-06 17:42:07','2016-05-06 17:42:07','jeremysquire','$2a$04$9U4.4sE2rmDUO6TWAWlgauV4f09MmdkbZW8L/9J3tFnevEvAdGc0q',33,'A',NULL,NULL),(128,'Youngwook','Kim','young_w_.kim@sbri.co.kr','82-2-2148-7349','2016-05-06 17:42:07','2016-05-06 17:42:07','Youngwook.Ki','$2a$04$qn1cAWgh2w1aDwiFbrvP.uspC9GKRaGi1bNpauRk30sW7vYuw5tEK',23,'A',NULL,NULL),(129,'Youngwook','Kim','qedos@hotmail.com','82-2-2148-7349','2016-05-06 17:42:07','2016-05-06 17:42:07','Youngwook.Ki','$2a$04$XqRTBG4tv3S5R2gu9DMWWuK/8WAubR5K69iuM3RHkqV/Q2iCjaueG',23,'A',NULL,NULL),(130,'shamini','selvarajah','sselvarajah@partners.org','6174558513','2016-05-06 17:42:07','2016-05-06 17:42:07','shamrose','$2a$04$ayj0MLsrkVSPtpITWehtB.6l1Jl31jqY92FRfyoAjgDSh5hDfBWSi',16,'A',NULL,NULL),(132,'Stephen','Mok','smok@mednet.ucla.edu','3108252676','2016-05-06 17:42:07','2016-05-06 17:42:07','ribaslab','$2a$04$opwbRt/PWG0.suUNN6SZS.N7ElhT9tUTUiXbX.Y2pTUxJhxvLy3ky',7,'A',NULL,NULL),(133,'Jingwei','Cheng','jingwei_cheng@dfci.harvard.edu','617-632-4797','2016-05-06 17:42:07','2016-05-06 17:42:07','JC221','$2a$04$UufrZCCHq1.xMwHuYzaJ1ONCRFvh46iUvSB57CL8U6m3PPKBXi5E.',1,'A',NULL,NULL),(134,'Mark','Kieran','mark_kieran@dfci.harvard.edu','(617) 632-4907','2016-05-06 17:42:07','2016-05-06 17:42:07','mwk0','$2a$04$q7Ffskyx1p6rlvPLLzqqLeZXLFvzhAbS5etdcrNntolLvcni1JQoG',1,'A',NULL,NULL),(135,'Matt','Theisen','matthewa_theisen@dfci.harvard.edu','6175828767','2016-05-06 17:42:07','2016-05-06 17:42:07','matheisen','$2a$04$1IRPIAIl6geRnXzUo1SF7.yeTXvv.kG9kQA/syFtFSbh5MuzQVW96',1,'A',NULL,NULL),(136,'Carmen','Priolo','carmen__priolo@dfci.harvard.edu','6176326461','2016-05-06 17:42:07','2016-05-06 17:42:07','CPriolo','$2a$04$10yWO66BokuTfOar3OJNQ.VJLFYQIqEEqX1YL1BXOgt1vZQansVSS',1,'A',NULL,NULL),(137,'Paul','VanHummelen','paul_vanhummelen@dfci.harvard.edu','','2016-05-06 17:42:07','2016-05-06 17:42:07','paulvan','$2a$04$msBs./pUjHt2P5EkW6I4n.fnZZD3LIFiri6BKEboVxQLMtWk789su',1,'A',NULL,NULL),(138,'John','Keilty','john.keilty@infi.com','617-453-1000','2016-05-06 17:42:07','2016-05-06 17:42:07','jkeilty','$2a$04$uxY6gthJJq6PeABbYcdU4e7Qp4mfVsDv/0VZk9p1cVkioOo1.gD5O',35,'A',NULL,NULL),(139,'Jennifer','Brown','jbrown2@partners.org','617-632-4894','2016-05-06 17:42:07','2016-05-06 17:42:07','jb916','$2a$04$tz1Yb5YAR1OW55r9idknsepAnGTJ9lHttKp020.G6aG9QwIGxnvqO',1,'A',NULL,NULL),(140,'Alexi','Wright','alexi_wright@dfci.harvard.edu','617-632-3547','2016-05-06 17:42:07','2016-05-06 17:42:07','alexiwright','$2a$04$Ksa4krWp1QjJp/d/FdNxKubUSQHnHyA087mwFasR4BMj5Fy0yz0uC',1,'A',NULL,NULL),(141,'Filipe','Martins','filipe_martins@dfci.harvard.edu','6175828073','2016-05-06 17:42:07','2016-05-06 17:42:07','filipecorrei','$2a$04$5WcTPS8cMQRqGA.vJtoVn.tkfKpw7HCfbP/BMO53uoI4UPebFO0ee',1,'A',NULL,NULL),(142,'Xiangqing','Yang','xiangqing_yang@dfci.harvard.edu','(617)582-8803','2016-05-06 17:42:07','2016-05-06 17:42:07','xyang','$2a$04$uyydVjCXdvN/W4CUhr/SQuk8xxvQnIRWfw9uPfQat3yVevlFM/nN.',1,'A',NULL,NULL),(143,'Xiangqing','Yang','xiangqingy@gmail.com','(617)582-8803','2016-05-06 17:42:07','2016-05-06 17:42:07','xyang126','$2a$04$juWP.aSvezr/3kPbHqSZsOwCnDOnSWHtIE9DU0TKpQaJB9hvsiNRy',1,'A',NULL,NULL),(144,'Daniel','Auclair','dauclair@broadinstitute.org','617-714-8644','2016-05-06 17:42:07','2016-05-06 17:42:07','auclaird','$2a$04$pMAO8vKckEUOjDOMBUhosuX/kieJmkliKtv1.Fxa6FoNQJFP3h47a',2,'A',NULL,NULL),(145,'Elizabeth','Garcia','egarcia7@partners.org','','2016-05-06 17:42:07','2016-05-06 17:42:07','eg804','$2a$04$T.YPTN1kn9.Ec5nS2r1Vle.AIl0/mSgngbExATpoYft1JyO62ex8q',16,'A',NULL,NULL),(146,'Victoria','Brown','vebrown@partners.org','617 525 3168','2016-05-06 17:42:07','2016-05-06 17:42:07','vbrown88','$2a$04$DgAprN4OzZTDkFbRVzcVyeSFdhpsy1ZTn798wg3QN8/Argd.cIKZe',16,'A',NULL,NULL),(147,'Lan','Hu','lanhu@jimmy.harvard.edu','','2016-05-06 17:42:07','2016-05-06 17:42:07','hulan','$2a$04$G.1kV5Plgtt1sxLi5EpZV.2W4ogJ.kcw9QFkBG374EPI6y0IMxrg.',1,'A',NULL,NULL),(148,'Jacek','Wardzala','jacek_wardzala@gmail.com','617 632 2204','2016-05-06 17:42:07','2016-05-06 17:42:07','jw500','$2a$04$8sirzN4B7l1u/obLgTKiAuLBvPxorC.UVtljTalGgmq7yadp0BmEW',1,'A',NULL,NULL),(150,'Efi','Kokkotou','kthall@bidmc.harvard.edu','617 818 2111','2016-05-06 17:42:07','2016-05-06 17:42:07','kthall','$2a$04$l6oCpKoFbrfORwmEkE6unO2jXTKt6GFk1i68mzZk/TGovrgxXz6t2',36,'A',NULL,NULL),(152,'Joonil','Jung','joonilj@broadinstitute.org','617-714-7579','2016-05-06 17:42:07','2016-05-06 17:42:07','joonilj','$2a$04$J2DNKXjjwlJRV/8twjy.IusyPATj0Kioh2hGQ/j6K5V5N5n4kalXO',2,'A',NULL,NULL),(153,'Kin','Yu','kin.yu@sanofi-aventis.com','6176654222','2016-05-06 17:42:07','2016-05-06 17:42:07','ktysaoncobu','$2a$04$bpI6IubPFlyr/DCXnnPu/ODSWHsomEdGtT5gHwoNjwTBO.Lxd7oQy',38,'A',NULL,NULL),(154,'Ravali','Adusumilli','ravali_adusumilli@dfci.harvard.edu','','2016-05-06 17:42:07','2016-05-06 17:42:07','ravali','$2a$04$/XA.zukCade2..9BhN0NGu6GPF5ZsiKK1Z4wllutIESkX0zInBj4K',1,'A',NULL,NULL),(155,'Edward','Stack','edward_stack@dfci.harvard.edu','7818373367','2016-05-06 17:42:07','2016-05-06 17:42:07','ecstack','$2a$04$eJ20QMvYHr5syFTnuBZLtutdg.G/bvo1eEcWoKIDwAc0bdn3uUf0q',1,'A',NULL,NULL),(156,'Scott','Swanson','sjswanson@partners.org','6175257532','2016-05-06 17:42:07','2016-05-06 17:42:07','SJS','$2a$04$0JLlbraHKb6nfByNTmBQLuhmvIuenS/9LSx32j0S6Nnn9ka89WjTa',16,'A',NULL,NULL),(157,'Jeff','DeFrank','jeff_defrank@dfci.harvard.edu','Feb-64','2016-05-06 17:42:07','2016-05-06 17:42:07','JSD1','$2a$04$3pBoSrNgwnj.uV5brAXtWOEvGWRro3CkxwaAk/xWMHY3vYYEEwQxG',1,'A',NULL,NULL),(158,'Alex','Huang','alex.huang@sanofi-aventis.com','617-665-4221','2016-05-06 17:42:07','2016-05-06 17:42:07','i0138401','$2a$04$bqJeCYle35ov6eTqjSCz3e4i5xowtKme/.rX95UzIdQ.t3/7gFK2.',38,'A',NULL,NULL),(159,'ruchi','joshi','rjoshi1@partners.org','','2016-05-06 17:42:07','2016-05-06 17:42:07','rjoshi','$2a$04$G7fpLbn9N0Lfq4vWp1xfsOz1Z9k3AjAejVhOOJcHKL3EnXU7peLCq',16,'A',NULL,NULL),(160,'Adri','Mills','adri_mills@dfci.harvard.edu','607-229-9054','2016-05-06 17:42:07','2016-05-06 17:42:07','am20','$2a$04$ru9NUePZSYTbacLEXp8l8OKQIIVH7zBCDOhoT1EOiSW1zozzmhEO2',1,'I',NULL,NULL),(161,'Priscilla','Brastianos','pbrastianos@partners.org','617-632-2199','2016-05-06 17:42:07','2016-05-06 17:42:07','brastianos','$2a$04$bU0r1.Em8kq.MDtKZ/15suM0PAVLhwuE4z0pXW205YmI71Yw/MR26',1,'A',NULL,NULL),(164,'Takeshi','Shimamura','takeshi_shimamura@dfci.harvard.edu','617-582-7644','2016-05-06 17:42:07','2016-05-06 17:42:07','tshimamura','$2a$04$r9zVOZ49wJ8uUiqInfNXU.FrAgglLoGmDLTt.4YXNjx2F3Cl93RYy',1,'A',NULL,NULL),(165,'Brenton','Mar','brenton.mar@childrens.harvard.edu','617-632-4689','2016-05-06 17:42:07','2016-05-06 17:42:07','brentonmar','$2a$04$s/j..xsBnu9FKel4zyg69OX.z8fqDwFF2fSo9bIKNzJlmRtqoDOe6',1,'A',NULL,NULL),(167,'Rameen','Beroukhim','rameen@broadinstitute.org','617-582-7941','2016-05-06 17:42:07','2016-05-06 17:42:07','rameen','$2a$04$lmtqvdUjvp4GAVu1nO9DSuqFASIJRUvGRtow7XM/C/MSlukIz37bu',1,'A',NULL,NULL),(168,'Youngha','Kim','youngha_kim@dfci.harvard.edu','617-582-4132','2016-05-06 17:42:07','2016-05-06 17:42:07','CMR','$2a$04$QH9PSMmS.3MvwpUrl/58su75C3zWwNvfFIAMqwuoE831K7tLABwmC',1,'A',NULL,NULL),(169,'Andrea','Myers','apmyers@partners.org','650-714-5706','2016-05-06 17:42:07','2016-05-06 17:42:07','apmyers','$2a$04$B4ywBYFOzSmsJJvr73kFBOs8nX8UVW21/qPdz5JsISHPPdlNS59te',40,'A',NULL,NULL),(171,'Ashwini','Sunkavalli','ashwini_sunkavalli@dfci.harvard.edu','6176326439','2016-05-06 17:42:07','2016-05-06 17:42:07','az975','$2a$04$R9n1ot4l0F2THBKVhB05TOml2O.26eeGHe4dt5erNO2VToYnreEae',1,'A',NULL,NULL),(172,'Coren','Milbury','coren_milbury@dfci.harvard.edu','617-632-4120','2016-05-06 17:42:07','2016-05-06 17:42:07','cmilbury','$2a$04$Wu7cvgaC.7TEDcjA6qPjHeYY5FYB5kwEABjrimRqeMDOrI14bLOd6',1,'A',NULL,NULL),(173,'Sung-Min','Chun','alsl1000@hanmail.net','8.21034E+11','2016-05-06 17:42:07','2016-05-06 17:42:07','tez','$2a$04$rjC6JUGZMKgjI4cJFjwS4eLKMymVkqDWJvCqrbuIO7guBZIDla2lS',1,'A',NULL,NULL),(174,'Josh','Francis','joshua_francis@dfci.harvard.edu','617-714-7586','2016-05-06 17:42:07','2016-05-06 17:42:07','jmf83','$2a$04$mLd6uaiN2WhPV313UIL0BuUg2Uf2HYv8Ej837IB181wIYXkvtJkTa',1,'A',NULL,NULL),(175,'Sung-Min','Chun','smchun@amc.seoul.kr','82230105999','2016-05-06 17:42:07','2016-05-06 17:42:07','alsl1000','$2a$04$ABbgNSbJNKy3AfPbP8EL5uJhtqPIRkBRTVQCRWmmx/RPx9j/4WWom',1,'A',NULL,NULL),(176,'Steven','Bair','stevenm_bair@dfci.harvard.edu','6176324610','2016-05-06 17:42:07','2016-05-06 17:42:07','sb670','$2a$04$uXm4UpEExuJFwFYpnI01y.Bgg3exvB3GYy8rzuzHO8X59Zini0zcm',1,'A',NULL,NULL),(177,'Alex','Kentsis','alex.kentsis@childrens.harvard.edu','6176324130','2016-05-06 17:42:07','2016-05-06 17:42:07','kentsis','$2a$04$jotbdoWGYP/7FzOAqNDjE.PzutrS6SVTjwOuVDKhLKIMgzX.WG8Ba',32,'A',NULL,NULL),(178,'Sewanti','Limaye','slimaye@partners.org','617-632-3090','2016-05-06 17:42:07','2016-05-06 17:42:07','sl113','$2a$04$dvVR/BZvkMsJXKwC6jodRuyymi2zrLW0nOaMRCkG0nNTBWxcyBrDu',16,'A',NULL,NULL),(179,'SARA','TOLANEY','stolaney@partners.org','617-632-5743','2016-05-06 17:42:07','2016-05-06 17:42:07','stolaney','$2a$04$eLFOHWlz0/4RGQQx0M.pIuV0hxtjAhnSjvl/N2rTLNisSfiSf1ILa',1,'A',NULL,NULL),(180,'Bjoern','Chapuy','Bjoern_Chapuy@dfci.harvard.edu','1(617)6323881','2016-05-06 17:42:07','2016-05-06 17:42:07','bchapuy','$2a$04$dsJoeEHTMmWDwh0NEp3tmO13eJfKp8SYataOFDJEbornM.4ceuVWK',1,'A',NULL,NULL),(182,'Peleg','Horowitz','phorowitz@partners.org','773-480-5987','2016-05-06 17:42:07','2016-05-06 17:42:07','horowitz','$2a$04$JHtqO68euQACblH6A6iqTO76mUUHQ.TATWV4LjP6Cs114w8wAH1Vm',2,'A',NULL,NULL),(183,'Brian','Goodman','bmgoodman@partners.org','617-525-6784','2016-05-06 17:42:07','2016-05-06 17:42:07','bmgoodman','$2a$04$2IFjWPW5m.y3.HJgaoFDfevLcRYymo1RzLhOj5RJSLKiI/WWNWMfS',16,'A',NULL,NULL),(184,'Sandro','Santagata','ssantagata@partners.org','617-732-7532','2016-05-06 17:42:07','2016-05-06 17:42:07','santas01','$2a$04$qlryHiAPRXwVndLSlTg54OgztMDeYBm3LS65oxy2FPJIWcU73f./e',16,'A',NULL,NULL),(185,'Oliver','Weigert','oliver_weigert@dfci.harvard.edu','617-582-8868','2016-05-06 17:42:07','2016-05-06 17:42:07','oweigert','$2a$04$2v0/Q57yvCB6MlZ3/G6peeHzGZNHmkmW./MOZM53AWUyxRjH88/YO',1,'A',NULL,NULL),(186,'David','Hsu','hsu00018@dm.duke.edu','919-684-1739','2016-05-06 17:42:07','2016-05-06 17:42:07','swdhsu','$2a$04$I9bT.jtQ7D06Mhlu3BZvtO2BNk3yvq3M8dhrcTMhZa6JkhS6r8An6',44,'A',NULL,NULL),(188,'Joshua','Uronis','ju12@duke.edu','+1 919 684 1591','2016-05-06 17:42:07','2016-05-06 17:42:07','hsulab','$2a$04$VJZX7vlVr927CTLPjp1VW.0rtu1GZYz6si9dy0BZqaBiM.UzUtOtW',44,'A',NULL,NULL),(215,'Xuesong','Zhao','xuesong_zhao@dfci.harvard.edu','617 632 6174','2016-05-06 17:42:07','2016-05-06 17:42:07','snowpine','$2a$04$X45VplHPcbv481pdfTIMnuc0pWSiFcrdzooF4K38GLtWZruVxiJyy',1,'A',NULL,NULL),(216,'YF','Wong','yfwong@partners.org','6172780196','2016-05-06 17:42:07','2016-05-06 17:42:07','yfwong','$2a$04$AesNCtjUvwDz5N4eQLeZrODuljhKBTQUIJUSVZoTRgPUHmB30EwgC',16,'A',NULL,NULL),(217,'Aymen','Elfiky','Aymen_Elfiky@dfci.harvard.edu','617-632-5456','2016-05-06 17:42:07','2016-05-06 17:42:07','ae955','$2a$04$Jj5LzKS3pfiMn6QiRYVWduN0udHNfx5.NQ850QmvJBi0.NF78gb0G',1,'A',NULL,NULL),(218,'Simone','Hettmer','simone_hettmer@dfci.harvard.edu','617 632-4550','2016-05-06 17:42:07','2016-05-06 17:42:07','Wagerslab','$2a$04$96VXWsSJTYFADnFEfAT9QuVXWSHGLqc1nYzwtsiQUNXbSggDkyUJy',1,'A',NULL,NULL),(219,'Constantine','Mitsiades','constantine_mitsiades@dfci.harvard.edu','617-632-1962','2016-05-06 17:42:07','2016-05-06 17:42:07','cmitsiades','$2a$04$p0PgSjMj90ZqZznC8.rueufL6nujI5RImKwh0RPn.ElSkXhi1gsLy',1,'A',NULL,NULL),(220,'Louise','Koopman','louise_koopman@dfci.harvard.edu','617-632-6922','2016-05-06 17:42:07','2016-05-06 17:42:07','lkoopman','$2a$04$U7hgtA9OwPuy6akePvOsKeGB.eyv7fQcpcH4cHNaU.RiqLzDnCrXi',48,'A',NULL,NULL),(221,'David','Weinstock','dweinstock@partners.org','24245','2016-05-06 17:42:07','2016-05-06 17:42:07','weinstod','$2a$04$E8LRawK9GRFE8d0inXUIE.jdq08wEXhII.gSVhs9iencRYcQTza3y',1,'A',NULL,NULL),(224,'Heidi','Greulich','heidig@broadinstitute.org','617-714-7475','2016-05-06 17:42:07','2016-05-06 17:42:07','heidigreulic','$2a$04$AhRlxPaZTaBZhbr.RaXeqebYnSdIUJQijzuOdmtZWAmS4ISzsFKei',1,'A',NULL,NULL),(225,'Catriona','Hayes','catrionaa_hayes@dfci.harvard.edu','6175829895','2016-05-06 17:42:07','2016-05-06 17:42:07','cathayes','$2a$04$4b./2wWJzYK598G9p90csOY8UAYERB1ofjuERhowl0Colc0oAI6wW',1,'A',NULL,NULL),(226,'Gerburg','Wulf','gwulf@bidmc.harvard.edu','617 331 7772','2016-05-06 17:42:07','2016-05-06 17:42:07','gwulf','$2a$04$FtLijVJfXG..IbfjtoGzYOHqU4UMaq4Xfr0Ix6NzP3EXql2gRkaIi',14,'A',NULL,NULL),(227,'Carmelo','Nucera','carmnuce@libero.it','617-599-0515','2016-05-06 17:42:07','2016-05-06 17:42:07','carmnuce','$2a$04$AZ6zonNmCAO8vtAlUh9UsOS/eg/Dinc/mUQ3dIvN6a78SNxf7GGyy',51,'A',NULL,NULL),(228,'Claudius','Conrad','cconrad@partners.org','617-726-2000 pager 1','2016-05-06 17:42:07','2016-05-06 17:42:07','cconrad','$2a$04$vu9CBxXOyhRgJp12zmaJ0ugDAL/QTCgZBzjD5yxyhMDASvtQYEZ/a',24,'A',NULL,NULL),(229,'Larissa','Lee','llee@lroc.harvard.edu','617 331-9665','2016-05-06 17:42:07','2016-05-06 17:42:07','ljl14','$2a$04$.sjRCMRX9BBhgPZBDJyFdeGrO/mjieUo.e1IMFp03NR2WSsy77ja2',16,'A',NULL,NULL),(230,'Megan','Lampron','Megan_Lampron@dfci.harvard.edu','617-632-5914','2016-05-06 17:42:07','2016-05-06 17:42:07','mel89','$2a$04$RAwweV1mhwF60arx52pvpOhor.rhWwba3SpTzabtwaBVxRnKDqtNq',1,'A',NULL,NULL),(231,'David','Kozono','dkozono@lroc.harvard.edu','617-582-8237','2016-05-06 17:42:07','2016-05-06 17:42:07','dkozono','$2a$04$pMbH1nQM6XJ9.t1qG.r0e.g8AnjOMyvMjFw8pusilQVbsu5CXEhRS',52,'A',NULL,NULL),(232,'Sushma','Gurumurthy','sguru0@gmail.com','617-582-6598','2016-05-06 17:42:07','2016-05-06 17:42:07','sushguru','$2a$04$QhNY65cEroaGzHsIkBVTl.CgyK602a3veXxTWBc0Z87sMo0Lc.ugW',53,'A',NULL,NULL),(233,'Laura','Schubert','laura_schubert@dfci.harvard.edu','6176326688','2016-05-06 17:42:07','2016-05-06 17:42:07','ls298','$2a$04$IRlL4F.WrMp/wKEm5gasyugB.DxciqQ8ncOGRuIwuMp8rsj58KG1q',52,'A',NULL,NULL),(234,'franklin','huang','fwhuang@partners.org','6175555555','2016-05-06 17:42:07','2016-05-06 17:42:07','fhuang','$2a$04$lWB7PyLP7I.YZnvQ7Z5rMum/gZ6gKJWYEAFk0mdpwW9zDavqpmIzy',52,'A',NULL,NULL),(235,'himabindu','ramachandrareddy','himabindu_ramachandrareddy@dfci.harvard.edu','617-632-4749','2016-05-06 17:42:07','2016-05-06 17:42:07','bindubcl6','$2a$04$MQyuyC/1LvAfF9hV2DX5H.9bTRcn2movjWxx0ab3PhS.fP8G.ibRa',1,'A',NULL,NULL),(237,'Yuji','Mishima','yuji_mishima@dfci.harvard.edu','617-582-8535','2016-05-06 17:42:07','2016-05-06 17:42:07','yuji_mishima','$2a$04$xEH4j0qDh9RIR538d4jG2eylojK8oXFnT.ECfmsP/LNXlSgJ9YLNy',53,'A',NULL,NULL),(238,'Shakti','Ramkissoon','sramkissoon@partners.org','617-582-8767','2016-05-06 17:42:07','2016-05-06 17:42:07','Shak2012','$2a$04$cVSO2nvJ3XDFEVEuNtiJ1./h9B7GpyC.2mTW6SqKSn.czMdeZwo72',52,'A',NULL,NULL),(239,'Kevin','Elias','kelias1@partners.org','6154280480','2016-05-06 17:42:07','2016-05-06 17:42:07','kevinelias','$2a$04$7yAM5fctQRSF6M3WuJ8ihOO2B2l95i9tsKEwvJQcl78OYnOA8DCC2',54,'A',NULL,NULL),(240,'David','Barbie','dbarbie@partners.org','617-632-3614','2016-05-06 17:42:07','2016-05-06 17:42:07','dbarbie','$2a$04$V4nPduhceHwmkC0/0QCOU..RJthsm.93X4b2LS845v46N0OLpIIBm',1,'A',NULL,NULL),(242,'Michael','DiGiovanni','mjdigiovanni@beckman.com','978-204-3110','2016-05-06 17:42:07','2016-05-06 17:42:07','Michael','$2a$04$sbVN6iMSLWnGREOi8jsxNeg3MAzjaM2jZrVvygdtvEMubp/v6Kxdi',55,'A',NULL,NULL),(243,'Eva','Goetz','evam_goetz@dfci.harvard.edu','214-478-9836','2016-05-06 17:42:07','2016-05-06 17:42:07','evagoetz','$2a$04$fQHsG0geAMmKwnjVuno.o.uoiH8UTmp8bz0X.pW/x39sKDcp..MvS',52,'A',NULL,NULL),(244,'Jonathan','Wasserman','jonathan.wasserman@sickkids.ca','4168137654x28949','2016-05-06 17:42:07','2016-05-06 17:42:07','jdwass','$2a$04$TOCPpTah9ErWIVt9TdnI1OdnQacAyX2UnOimQk.VjmDyoyVurlCVu',56,'A',NULL,NULL),(245,'Adam','Bass','adam_bass@dfci.harvard.edu','617-407-9275','2016-05-06 17:42:07','2016-05-06 17:42:07','ajb12','$2a$04$jfakMZbDPzDETz95OolDoOEGryBgmdnCYeHgGckU6oddi0kD6WUz6',52,'A',NULL,NULL),(246,'Anna','Cooley','AnnaC_Cooley@DFCI.HARVARD.EDU','617 58-28643','2016-05-06 17:42:07','2016-05-06 17:42:07','cooleya','$2a$04$sywP7CwIIFL8wVHKw.hO4u9KAo2lQc2KcPK4NobcFNjxAzDZsWOmG',52,'A',NULL,NULL),(247,'Rhamy','Zeid','rhamyzeid@fas.harvard.edu','617-632-4658','2016-05-06 17:42:07','2016-05-06 17:42:07','rz042','$2a$04$20L5Os.BYYzqVde8FWNUDOGYNr2k/1UXw0yk6AqFB3pGp0rtY/EDS',57,'P',NULL,NULL),(249,'Brenton','Paolella','brenton_paolella@dfci.harvard.edu','(617) 582-7948','2016-05-06 17:42:07','2016-05-06 17:42:07','snomiester','$2a$04$q5TrRygAFW5ludjuANUHEeMtuu5TF9nrssjHDWYGbx4nyOSvtJyA2',52,'P',NULL,NULL),(250,'Aaron','Thorner','Aaron_Thorner@dfci.harvard.edu','27253','2016-05-06 17:42:07','2016-05-06 17:42:07','athorner','$2a$04$Xcz.RifTPYdAzatefKzVuufqnmDj6CFgbRDYOOEo9nK4NrEPa1gWW',52,'A',NULL,NULL),(251,'Geoffrey','Oxnard','goxnard@partners.org','617-632-6049','2016-05-06 17:42:07','2016-05-06 17:42:07','gro4','$2a$04$uTwfhBltBodF4coGnPflLeh4zJ0.8q9SM0PjesDkHU/nrZHOA5HI.',1,'A',NULL,NULL),(252,'Joyce','Liu','joyce_liu@dfci.harvard.edu','617-632-5269','2016-05-06 17:42:07','2016-05-06 17:42:07','joyceliu','$2a$04$z6UGrlZ7xj.rAqDsBs6OLe53kRH8xh2OtH.Ka69g3YkJBHa.mQd/C',1,'A',NULL,NULL),(253,'Rachel','Liao','rienstra@broadinstitute.org','6177147557','2016-05-06 17:42:07','2016-05-06 17:42:07','rliao','$2a$04$y64xwDZw8XZcLflZiKgaQu5Bugq6Q/F9tQIfDPXGA/iRj1MgyjGjy',58,'A',NULL,NULL),(254,'Adri','Mills','aamills@gmail.com','123-456-7890','2016-05-06 17:42:07','2016-05-06 17:42:07','am20b','$2a$04$XinaIc9QFkGGB/XNJnaU.eFMRlq.VBlUpNrDYc9Xdx0QTK.daMnGu',52,'I',NULL,NULL),(255,'Hauke','Cornils','hauke_cornils@dfci.harvard.edu','617-632-4343','2016-05-06 17:42:07','2016-05-06 17:42:07','hauke_cornil','$2a$04$CmSR17l7dsJM5uEa/bSu/eP.nJPv4LKofUpcxPRQG./eiybHJlIJC',53,'A',NULL,NULL),(256,'Emanuele','Palescandolo','epalesca@its.jnj.com','3214604741','2016-05-06 17:42:07','2016-05-06 17:42:07','epalesca','$2a$04$vNP9ng.csc2PNYAR4zqWue0AIe91iT7fJx7yfB/ga0am16KlPCEUS',59,'A',NULL,NULL),(257,'Kathleen','Yates','kathleen_yates@dfci.harvard.edu','617-582-8874','2016-05-06 17:42:07','2016-05-06 17:42:07','kb686','$2a$04$mMAD2R146tvjS9JqUo933OCsbq7fkEZvhh6jYP9Axy4nTn0.fYkBq',1,'A',NULL,NULL),(258,'Ami','Bhatt','asbhatt@broadinstitute.org','617-714-7559','2016-05-06 17:42:07','2016-05-06 17:42:07','asbhatt','$2a$04$UifrxNA/AfOUkE0/1iPxv.6k38.FPYMCdfJs3yBbTDnlFiBOEqfy2',52,'A',NULL,NULL),(259,'Alejandro','Gutierrez','alejandro.gutierrez@childrens.harvard.edu','617-919-3660','2016-05-06 17:42:07','2016-05-06 17:42:07','alejandro.gu','$2a$04$NIOrHhLpZG/v664tpDDCOOIDGG0kdEItZUfVT5UwGsXyfpZsuRUU2',60,'A',NULL,NULL),(260,'Prakash','Rao','prakash_rao@dfci.harvard.edu','617 582 9813','2016-05-06 17:42:07','2016-05-06 17:42:07','prakashrao','$2a$04$GBbxkQ31ER27dqLIp5t6zury4z2GO9ocx.0UwGEcKjw5OJCxuv3qm',53,'A',NULL,NULL),(261,'Jeffrey','Sorrell','jeffrey_sorrell@dfci.harvard.edu','617-632-1952','2016-05-06 17:42:07','2016-05-06 17:42:07','jds53','$2a$04$scVYAkkTvTAD24PfFG15ouFbHVCph80tnc2/M.lAF62/SbbH1zJia',53,'A',NULL,NULL),(262,'Nathan','Moerke','nathanmoerke@gmail.com','8572252576','2016-05-06 17:42:07','2016-05-06 17:42:07','nmoerke','$2a$04$BuG26KL2KFwZOS5/rQ2tVulRe5vnhDewBzgQax/Ef/bm16gfk9onW',61,'A',NULL,NULL),(263,'Charles','Roberts','charles_roberts@dfci.harvard.edu','617-632-6497','2016-05-06 17:42:07','2016-05-06 17:42:07','kim','$2a$04$kw2N6C6merJ6LwkULYg0L.auJWCR97.G0BEO2kvbxjGJdzC6zVDWa',1,'A',NULL,NULL),(264,'Kimberly','Stegmaier','kimberly_stegmaier@dfci.harvard.edu','617-632-4985','2016-05-06 17:42:07','2016-05-06 17:42:07','charles','$2a$04$NF0mzTY9aDrch9hiweE8wegf/DkqSfWxFNd20SYtm0vVx0fhSjU2y',1,'A',NULL,NULL),(265,'Cecile','Maire','cecile_maire@dfci.harvard.edu','617 582 8765','2016-05-06 17:42:07','2016-05-06 17:42:07','cecilemaire','$2a$04$6HJc57gqHwHEWPArBv.LM.hf03dbfWdMISrz2jRyAXr8uQNp3QSpK',52,'A',NULL,NULL),(266,'Ryan','Abo','ryanp_abo@dfci.harvard.edu','','2016-05-06 17:42:07','2016-05-06 17:42:07','rpa4','$2a$04$xeu/SxqMDL5nJ3UjQrkTfu704O9crEcEeAfyjsl7TTchWPK57ABtq',53,'A',NULL,NULL),(267,'Jack','Lepine','jackr_lepine@dfci.harvard.edu','617-582-8643','2016-05-06 17:42:07','2016-05-06 17:42:07','lepinej','$2a$04$SyzI30PYQfGbWldMIkNGj.Sjhc7/MiJ2kGxsR2ZJD4MVZOcbvJu/y',1,'A',NULL,NULL),(268,'Abhishek','Chakraborty','abhishek_chakraborty@dfci.harvard.edu','6176324745','2016-05-06 17:42:07','2016-05-06 17:42:07','achakraborty','$2a$04$4.vUmpqL0YqspY9FMLdDWekisL12eD1RQlplQ.OBWiGbQ14UExFpe',52,'A',NULL,NULL),(269,'Ling','Lin','ling_lin@dfci.harvard.edu','617-582-8893','2016-05-06 17:42:07','2016-05-06 17:42:07','ll620','$2a$04$VXxkYaKfBuzCvlKx4lczRuqFSOF6/sMW9S3kirPlDAuaYqZwFMqcW',53,'A',NULL,NULL),(270,'Akinyemi','Ojesina','ojesina@broadinstitute.org','617-714-7570','2016-05-06 17:42:07','2016-05-06 17:42:07','ojesina','$2a$04$lCNtNaq.Ioon9fbmn/4jLe01IT.jBKVva8idsIYZBfKGy9S6rtZGi',1,'A',NULL,NULL),(271,'Michael','Rosu-Myles','michael.rosu-myles@hc-sc.gc.ca','613-954-8742','2016-05-06 17:42:07','2016-05-06 17:42:07','mrosumyl','$2a$04$rwAXzIPzDUQ4lXxpVAv9wOpWCgKx60ydGvY1z2LNlmGuHQpzmk4TS',62,'A',NULL,NULL),(272,'Andrew','Hong','andrew.hong@childrens.harvard.edu','6176323270','2016-05-06 17:42:07','2016-05-06 17:42:07','ah90','$2a$04$GdSf438oQBhnWee/mgJkKOOq1eGwxLywyW5trBcvWoZJJikDKwa5a',63,'A',NULL,NULL),(273,'Giovanni','Roti','Giovanni_Roti@dfci.harvard.edu','6175827631','2016-05-06 17:42:07','2016-05-06 17:42:07','rotigiova','$2a$04$xhDmh8QuN9OZX1ondvWKZejApLwnRaj4MBJ9Ht9Qloo0XwpId1fyG',1,'A',NULL,NULL),(274,'Andre','Fay','Andre_Fay@DFCI.HARVARD.EDU','6175139895','2016-05-06 17:42:07','2016-05-06 17:42:07','af638','$2a$04$b/iAot8YY5ne2sFl/56cVO1Ofur2UHEtT0ESYbIqxDz.g7j/LEevq',1,'A',NULL,NULL),(275,'Michalina','Janiszewska','michalina_janiszewska@dfci.harvard.edu','618-582-8755','2016-05-06 17:42:07','2016-05-06 17:42:07','mjanisze','$2a$04$IP.VvfqE64EA1kWSW4i/B.KWEmy4WeuQwKBbd6ZIATe1teXqv/BIy',52,'A',NULL,NULL),(276,'Robert','Barnitz','robert_barnitz@dfci.harvard.edu','6175827625','2016-05-06 17:42:07','2016-05-06 17:42:07','rab72','$2a$04$RB7yKpTO/ylOJNVI.ohSEu/EIYnK6gCYFXcFZS5d5QKh03ZExrwxi',1,'A',NULL,NULL),(277,'Shiliang','Cao','Shiliang_Cao@dfci.harvard.edu','7044514511','2016-05-06 17:42:07','2016-05-06 17:42:07','sc20','$2a$04$Nwu0GL6cb.fcW50uK23qoeTNkgx1vWNLsD1E14Mx4mzAZjBtS7vZC',53,'A',NULL,NULL),(278,'Susan','Moody','semoody@partners.org','267-980-8978','2016-05-06 17:42:07','2016-05-06 17:42:07','sem42','$2a$04$kjC8WbcNG4HkVF6d2O99eOrhawyNPFiZGY8RgpVVPhSIEa1du4uNa',1,'A',NULL,NULL),(279,'Salomon','Manier','salomon_manier@dfci.harvard.edu','8573996947','2016-05-06 17:42:07','2016-05-06 17:42:07','Salomonmanie','$2a$04$TmX8y5TVZboeseQgJmHvNuDPG4/NU6cRewfaFH21/flzyN7qpsyL6',52,'A',NULL,NULL),(280,'Srunphut','Pukma','pukmas@emmanuel.edu','6178510303','2016-05-06 17:42:07','2016-05-06 17:42:07','pukmas1991','$2a$04$yN4U5e1AOrZeVKmjAURT2.j71ewlg83BIZzKz.uHcTt4e2qrDX9Xa',64,'P',NULL,NULL),(281,'Atsush','Nonami','Atsushi_Nonami@dfci.harvard.edu','8572419779','2016-05-06 17:42:07','2016-05-06 17:42:07','an892','$2a$04$KAphh/urJYN7dyOj1uiE1.hm/P5GPJXVEFWKfy8diFG.ljhWhQ13S',52,'A',NULL,NULL),(282,'ASLI','MUVAFFAK','asli_muvaffak@dfci.harvard.edu','617-582-8789','2016-05-06 17:42:07','2016-05-06 17:42:07','aslim','$2a$04$dWZIC/C3eYzdiI6XuJMPVOxL4e4Zs1HjJvxS2QHuKBf18fcvgCqSS',52,'A',NULL,NULL),(283,'Melanie','Prasol','Melanie_Prasol@dfci.harvard.edu','','2016-05-06 17:42:07','2016-05-06 17:42:07','mp197','$2a$04$crAzoCdodp04lMQIzkY.dOQCqlNyHEliN7P1unxjlUGARVJb8SQo.',53,'P',NULL,NULL),(284,'Stephanie','Mullane','stephanie_mullane@dfci.harvard.edu','617-632-2397','2016-05-06 17:42:07','2016-05-06 17:42:07','smullane','$2a$04$TKFwXoJthaxbFsVmf2ZJcuDSR6uhYyv43Y2deuslYyZjfvUcnII/.',52,'A',NULL,NULL),(285,'Ganesh','Shankar','gshankar@partners.org','805-796-0878','2016-05-06 17:42:07','2016-05-06 17:42:07','gshankar','$2a$04$fpaTNoFPBHiccJ4sh/KU/eHbOmyrXpsiq5SzjulFAa1dkhdnbhtz6',2,'A',NULL,NULL),(286,'James','Amatruda','james.amatruda@utsouthwestern.edu','214-648-1645','2016-05-06 17:42:07','2016-05-06 17:42:07','amatrudalab','$2a$04$TXjeLQDgYJsL181WQkz84e34Ui7BeS/hHCloFtd09/7QLiyRDeHV.',65,'A',NULL,NULL),(287,'Ho-Chou','Tu','hochoutu@gmail.com','3145181002','2016-05-06 17:42:07','2016-05-06 17:42:07','Daleylab','$2a$04$61ZfZvkSj.UWXCCkm2h4vOJNucq1ujbEdnqsfIk5sjZvSNN.Yvh3i',32,'A',NULL,NULL),(288,'Oliver','Weigert','olver.weigert@helmholtz-muenchen.de','+49.89.3187.1402','2016-05-06 17:42:07','2016-05-06 17:42:07','oliver.weige','$2a$04$MaZvsBIvm6d/Xp2ck1X/DOCrBkqCjCJvBdj2vfuzc2eFcgi1ngLPa',66,'A',NULL,NULL),(289,'Atish','Choudhury','achoudhury@partners.org','6176324524','2016-05-06 17:42:07','2016-05-06 17:42:07','achoudhury','$2a$04$4AXnhFZKQ3d1E0kJFz7lveUP61Cealp2aJXDiTqKqTV5akReDbOC6',1,'A',NULL,NULL),(290,'Johann','Hoeftberger','johann_hoeftberger@dfci.harvard.edu','','2016-05-06 17:42:07','2016-05-06 17:42:07','JHoeftberger','$2a$04$g2q0n.9A6w0y/28W.w3aeeKN303KnattugXRczAwM71pKF62h6S.m',53,'A',NULL,NULL),(291,'Peter','Choi','peter_choi@dfci.harvard.edu','6176322930','2016-05-06 17:42:07','2016-05-06 17:42:07','pchoi','$2a$04$QtTOaqYTfXugUysnrRaAxOW0JnTx29lxwNcyc0ILe8XJ.49JNoezu',1,'A',NULL,NULL),(292,'Coleman','Lindsley','coleman_lindsley@dfci.harvard.edu','617-997-3715','2016-05-06 17:42:07','2016-05-06 17:42:07','clindsley','$2a$04$gq2cpWv1SFHsQLeg6iMYi.F3QCegrHX3a5OeyQacp7HQeEhIJZcPW',52,'A',NULL,NULL),(293,'Julide','Celebi','julide.celebi@mountsinai.org','347-247-1576','2016-05-06 17:42:07','2016-05-06 17:42:07','julidecelebi','$2a$04$vdi7.jeosb3wK1m8xpwdYuXSibwWMIT/qkHPrRlGxI36q2zTATaCa',67,'A',NULL,NULL),(294,'Michael','Nehil','michael_nehil@dfci.harvard.edu','8312477018','2016-05-06 17:42:07','2016-05-06 17:42:07','mnehil','$2a$04$7rk4YEzLAnTW7n.55N39guTBK2jBVLMyRqOgYGkD18xt8ggo/rjaa',52,'A',NULL,NULL),(295,'Abner','Louissaint','alouissaint@partners.org','(617) 943-2890','2016-05-06 17:42:07','2016-05-06 17:42:07','alouissa','$2a$04$4.kSO1HhUVuHIEOKJuwbw.XMCSt.XpT07B.P4NgSyitg0ABg295hi',52,'A',NULL,NULL),(296,'Leena','Gandhi','Leena_Gandhi@dfci.harvard.edu','617-632-6049','2016-05-06 17:42:07','2016-05-06 17:42:07','lgandhi','$2a$04$vu0LxmemGpoNjk.xo4Q9j.aDSPyhkSN.z3qx602dqP696e7hmT68S',52,'A',NULL,NULL),(297,'Rebecca','Chin','rchin1@bidmc.harvard.edu','6177352484','2016-05-06 17:42:07','2016-05-06 17:42:07','chinlab','$2a$04$LW2.vh/tiP1YtqTBWoVNuuMo6GyQFnaXtKPY.GqG7B.SeY6UfcDn6',68,'A',NULL,NULL),(298,'Florian','Heitz','florian.heitz@gmx.net','4.92012E+12','2016-05-06 17:42:07','2016-05-06 17:42:07','Fheitz','$2a$04$JPRkmRBOHpYwjT6kvwEHUuc5DDeUPEhZbH3UlyQdsYuX4syahtXju',69,'A',NULL,NULL),(299,'Linda','Bi','lbi@partners.org','203-645-9485','2016-05-06 17:42:07','2016-05-06 17:42:07','wbi','$2a$04$xz9cNjuOfF2nyDuOp5q8duqO4dQDaf8uESb/12Zk066eb4TWoCLaK',70,'A',NULL,NULL),(300,'Andrew','Lane','andrew_lane@dfci.harvard.edu','617-632-4589','2016-05-06 17:42:07','2016-05-06 17:42:07','aal17','$2a$04$AaXkHWErNSdW4mJF1.Mkg.Y18thSqwedf7sAjwA.JjDtKUCz43hsy',52,'A',NULL,NULL),(301,'Pankaj','Agarwalla','agarwalla@gmail.com','617-726-2000','2016-05-06 17:42:07','2016-05-06 17:42:07','agarwalla','$2a$04$jx4kFKQ.rj0MDMfPAwi6geS9NpiaKwR2ydy76Xq/LGQZ8SRVepWru',52,'A',NULL,NULL),(302,'Kent','Mouw','kmouw@partners.org','617-632-5145','2016-05-06 17:42:07','2016-05-06 17:42:07','kmouw','$2a$04$wEiwggrlu3MJpNWxsANrmuOtZI1Fw6R6O/7v0JAoFn.Q9E9Sj.WoK',1,'A',NULL,NULL),(303,'Mark','Murakami','Mark_Murakami@DFCI.harvard.edu','617-582-9171','2016-05-06 17:42:07','2016-05-06 17:42:07','mym97','$2a$04$Gfma8A7ZAbAfb5xYm8.moeuo.9BB14TjTI8m3xrX/jaYbiVY7Rdoy',53,'A',NULL,NULL),(304,'Thomas','Melchardt','t.melchardt@salk.at','0043-662-4482','2016-05-06 17:42:07','2016-05-06 17:42:07','t.melchardt@','$2a$04$i/GLRdpdrulIgwGTJs2aEOHcGhY.vNA9JrDytaokc9c.qeLxhc21W',71,'A',NULL,NULL),(305,'Sam','Hunter','samuels_hunter@dfci.harvard.edu','208-546-9229','2016-05-06 17:42:07','2016-05-06 17:42:07','shunter','$2a$04$ZhfTDE5yN4Ch.OsVeyVj2.aLWcl2YpJb/cUK6bzxJMA4ril37BbFq',53,'A',NULL,NULL),(306,'Melissa','Burns','melissa.burns@childrens.harvard.edu','617-919-7011','2016-05-06 17:42:07','2016-05-06 17:42:07','melissa.burn','$2a$04$a5UPlY06rFs.hNO2TyYGeuySwmE3Q3qJ2cYZmkYeDv.691BGictKy',60,'A',NULL,NULL),(307,'Sima','Zacharek','sima_zacharek@dfci.harvard.edu','617-582-8026','2016-05-06 17:42:07','2016-05-06 17:42:07','simazac','$2a$04$UmIamIQWTcMCypJkHsOHvuWan8hTAEmEX2hopaesKkcLDfIcCKD8G',52,'A',NULL,NULL),(308,'Harshabad','Singh','hsingh3@partners.org','617-620-3201','2016-05-06 17:42:07','2016-05-06 17:42:07','harshabadsin','$2a$04$zoaU7u8SuKLuZZCNQTl71.6/AT9Skffx9cWeMK1H1rtddrDExwpgu',53,'A',NULL,NULL),(309,'Raphael','Koch','raphael_koch@dfci.harvard.edu','6174879588','2016-05-06 17:42:07','2016-05-06 17:42:07','rkoch','$2a$04$MuL5r7jEU15h.0iIgGt9Z.cofl9hh31xw.sU3W5HQSDuQLEZILFSi',53,'A',NULL,NULL),(310,'Volker','Blank','volker.blank@mcgill.ca','5145 340 8260','2016-05-06 17:42:07','2016-05-06 17:42:07','Volker','$2a$04$kefQQSJXwU8WzHuHIuMfr.fLRNQg2aPWe6iKx8fIemRMxC4SDmHre',72,'P',NULL,NULL),(311,'Elizabeth','Townsend','elizabethc_townsend@dfci.harvard.edu','617 582-8868','2016-05-06 17:42:07','2016-05-06 17:42:07','Townsend','$2a$04$5u9B3TiPE/LVnfUKpxw.GOZzHqKu2JvFa9sy40E.b1lCqdaN6LJS2',64,'A',NULL,NULL),(312,'Brooke','Howitt','bhowitt@partners.org','6175257295','2016-05-06 17:42:07','2016-05-06 17:42:07','brookehowitt','$2a$04$q.XHQ3u6rlFtd0mn22d9KeJtlqZ355Re5rv5xTL95oatnJJK0dJXO',73,'A',NULL,NULL),(313,'Christopher','Gibson','christopher_gibson@dfci.harvard.edu','617-510-9454','2016-05-06 17:42:07','2016-05-06 17:42:07','christopher_','$2a$04$bgslRd1jvpu0L3kjCh9QDu8mgzpncng4vrO1OFiu5m1SpyrPt/3Wi',74,'A',NULL,NULL),(314,'Lori','Ramkissoon','lori_ramkissoon@dfci.harvard.edu','617-582-8768','2016-05-06 17:42:07','2016-05-06 17:42:07','ramkissl','$2a$04$a1F0Z857bK3S.A4zTNW4gO0ArXjcncfKumXQYFNTBx1y9tRzakVCC',52,'A',NULL,NULL),(315,'Amanda','Balboni','amandal_balboni@dfci.harvard.edu','3397881634','2016-05-06 17:42:07','2016-05-06 17:42:07','balbonia','$2a$04$uCjEY.7.Y7KpEaflJ/DmweQ0umeBB4A4gLZyic7Nvy058n2OKARUi',52,'P',NULL,NULL),(316,'Monica','Manam','monicad_manam@dfci.harvard.edu','7036597016','2016-05-06 17:42:07','2016-05-06 17:42:07','mdm68','$2a$04$sfBjyMEayl580zHKsuTOdudYwH3pQWjZ.pKj/lc/8xJnUvgUike8a',52,'A',NULL,NULL),(317,'Catherine','Coleman','Catherine_Coleman@DFCI.HARVARD.EDU','617-632-5078','2016-05-06 17:42:07','2016-05-06 17:42:07','ccoleman','$2a$04$O6nk609sv0BXa40J50Hn4.t9pIkwqrXBHWYqjtjbERiIVR7i9JndG',52,'A',NULL,NULL),(318,'HENRY','LONG','henry_long@dfci.harvard.edu','8576543824','2016-05-06 17:42:07','2016-05-06 17:42:07','henry_long@d','$2a$04$MTYSiWpy29fAogwodnHMBeaH85IlMxtfdVB6CKUS/RK.LOVlLgevu',75,'A',NULL,NULL),(319,'Dave','Rothfarb','dave.rothfarb@daverothfarb.com','555-555-5555','2016-05-06 17:42:07','2016-05-06 17:42:07','rothfarb-test','$2a$04$KgYgWn25qXphu819iN0xX.jTN4J2D9wM34y2m66JdKws85iEpGcY2',52,'A',NULL,NULL);
/*!40000 ALTER TABLE `users` ENABLE KEYS */;
UNLOCK TABLES;
/*!40103 SET TIME_ZONE=@OLD_TIME_ZONE */;

/*!40101 SET SQL_MODE=@OLD_SQL_MODE */;
/*!40014 SET FOREIGN_KEY_CHECKS=@OLD_FOREIGN_KEY_CHECKS */;
/*!40014 SET UNIQUE_CHECKS=@OLD_UNIQUE_CHECKS */;
/*!40101 SET CHARACTER_SET_CLIENT=@OLD_CHARACTER_SET_CLIENT */;
/*!40101 SET CHARACTER_SET_RESULTS=@OLD_CHARACTER_SET_RESULTS */;
/*!40101 SET COLLATION_CONNECTION=@OLD_COLLATION_CONNECTION */;
/*!40111 SET SQL_NOTES=@OLD_SQL_NOTES */;

-- Dump completed on 2016-05-10 12:00:58
