-- MySQL dump 10.13  Distrib 5.1.73, for redhat-linux-gnu (x86_64)
--
-- Host: localhost    Database: ccgd_test
-- ------------------------------------------------------
-- Server version	5.1.73

/*!40101 SET @OLD_CHARACTER_SET_CLIENT=@@CHARACTER_SET_CLIENT */;
/*!40101 SET @OLD_CHARACTER_SET_RESULTS=@@CHARACTER_SET_RESULTS */;
/*!40101 SET @OLD_COLLATION_CONNECTION=@@COLLATION_CONNECTION */;
/*!40101 SET NAMES utf8 */;
/*!40103 SET @OLD_TIME_ZONE=@@TIME_ZONE */;
/*!40103 SET TIME_ZONE='+00:00' */;
/*!40014 SET @OLD_UNIQUE_CHECKS=@@UNIQUE_CHECKS, UNIQUE_CHECKS=0 */;
/*!40014 SET @OLD_FOREIGN_KEY_CHECKS=@@FOREIGN_KEY_CHECKS, FOREIGN_KEY_CHECKS=0 */;
/*!40101 SET @OLD_SQL_MODE=@@SQL_MODE, SQL_MODE='NO_AUTO_VALUE_ON_ZERO' */;
/*!40111 SET @OLD_SQL_NOTES=@@SQL_NOTES, SQL_NOTES=0 */;

--
-- Table structure for table `addresses`
--

DROP TABLE IF EXISTS `addresses`;
/*!40101 SET @saved_cs_client     = @@character_set_client */;
/*!40101 SET character_set_client = utf8 */;
CREATE TABLE `addresses` (
  `id` int(11) NOT NULL AUTO_INCREMENT,
  `street` varchar(255) COLLATE utf8_unicode_ci DEFAULT NULL,
  `city` varchar(255) COLLATE utf8_unicode_ci DEFAULT NULL,
  `country` varchar(255) COLLATE utf8_unicode_ci DEFAULT NULL,
  `created_at` datetime NOT NULL,
  `updated_at` datetime NOT NULL,
  `state_id` int(11) DEFAULT NULL,
  PRIMARY KEY (`id`)
) ENGINE=InnoDB AUTO_INCREMENT=79 DEFAULT CHARSET=utf8 COLLATE=utf8_unicode_ci;
/*!40101 SET character_set_client = @saved_cs_client */;

--
-- Dumping data for table `addresses`
--

LOCK TABLES `addresses` WRITE;
/*!40000 ALTER TABLE `addresses` DISABLE KEYS */;
INSERT INTO `addresses` VALUES (1,'44 Binney Street','Boston','NULL','2016-06-20 17:35:13','2016-06-20 17:35:13',21),(2,'7 Cambridge Center','Cambridge','NULL','2016-06-20 17:35:13','2016-06-20 17:35:13',21),(3,'75 Francis Street','Boston','NULL','2016-06-20 17:35:13','2016-06-20 17:35:13',21),(4,'21-27 Burlington Ave.','Boston','NULL','2016-06-20 17:35:13','2016-06-20 17:35:13',21),(5,'55 Fruit Street','Boston','NULL','2016-06-20 17:35:13','2016-06-20 17:35:13',21),(6,'243 Charles St','Boston','NULL','2016-06-20 17:35:13','2016-06-20 17:35:13',21),(7,'1 Blackfan Circle','Boston','NULL','2016-06-20 17:35:13','2016-06-20 17:35:13',21),(8,'20 Shattuck St','Boston','NULL','2016-06-20 17:35:13','2016-06-20 17:35:13',21),(9,'600 Beaver St','Waltham ','NULL','2016-06-20 17:35:13','2016-06-20 17:35:13',21),(10,'221 Longwood Ave','Boston','NULL','2016-06-20 17:35:13','2016-06-20 17:35:13',21),(11,'11-934 Factor Bldg','Los Angeles','NULL','2016-06-20 17:35:13','2016-06-20 17:35:13',5),(12,'3 Blackfan Circle','Boston','NULL','2016-06-20 17:35:13','2016-06-20 17:35:13',21),(13,'250 Mass Ave','Cambridge','NULL','2016-06-20 17:35:13','2016-06-20 17:35:13',21),(14,'50 Blossom Street','Boston','NULL','2016-06-20 17:35:13','2016-06-20 17:35:13',21),(15,'Ireland Cancer Center / University Hospitals 2103 Cornell Road ','Cleveland','NULL','2016-06-20 17:35:13','2016-06-20 17:35:13',35),(16,'78 Memorial Dr.','Cambridge','NULL','2016-06-20 17:35:13','2016-06-20 17:35:13',21),(17,'375 Longwood','Boston','NULL','2016-06-20 17:35:13','2016-06-20 17:35:13',21),(18,'St Andrews Place','Melbourne','Victoria','2016-06-20 17:35:13','2016-06-20 17:35:13',0),(19,'15 Parkman Street',' Wang 460','Boston','2016-06-20 17:35:13','2016-06-20 17:35:13',0),(20,'Irwondong 50',' Kangnamgu','Seoul','2016-06-20 17:35:13','2016-06-20 17:35:13',0),(21,'Box 91006',' B232 LSRC','Durham','2016-06-20 17:35:13','2016-06-20 17:35:13',0),(22,'149 13th Street','Charlestown','NULL','2016-06-20 17:35:13','2016-06-20 17:35:13',21),(23,'65 Landsdowne Street','Cambridge','NULL','2016-06-20 17:35:13','2016-06-20 17:35:13',21),(24,'550 First Avenue','New York','NULL','2016-06-20 17:35:13','2016-06-20 17:35:13',32),(25,'61 Binney Street','Boston','NULL','2016-06-20 17:35:13','2016-06-20 17:35:13',21),(26,'88',' Stuart Street',' Queen\'s University','2016-06-20 17:35:13','2016-06-20 17:35:13',0),(27,'50 Irwon-dong Gangnam-gu','Seoul','Korea','2016-06-20 17:35:13','2016-06-20 17:35:13',0),(28,'650 Charles E Young Dr. South','Los Angeles','NULL','2016-06-20 17:35:13','2016-06-20 17:35:13',5),(29,'780 Memorial Drive','Cambridge','NULL','2016-06-20 17:35:13','2016-06-20 17:35:13',21),(30,'70 Francis Street','Boston','NULL','2016-06-20 17:35:13','2016-06-20 17:35:13',21),(31,'301 Binney Street','Cambridge','NULL','2016-06-20 17:35:13','2016-06-20 17:35:13',21),(32,'270 Albany Street','Cambridge','NULL','2016-06-20 17:35:13','2016-06-20 17:35:13',21),(33,'450 Brookline Avenue','Boston','NULL','2016-06-20 17:35:13','2016-06-20 17:35:13',21),(34,'123-34',' GIL','SEOUL','2016-06-20 17:35:13','2016-06-20 17:35:13',0),(35,'101 Science Drive','Durham','NULL','2016-06-20 17:35:13','2016-06-20 17:35:13',33),(36,'1 joslin Place','Boston','NULL','2016-06-20 17:35:13','2016-06-20 17:35:13',21),(37,'27 Drydock Avenue','Boston','NULL','2016-06-20 17:35:13','2016-06-20 17:35:13',21),(38,'77 Avenue Louis Pasteur','Boston','NULL','2016-06-20 17:35:13','2016-06-20 17:35:13',21),(39,'330 Brookline Ave','Boston','NULL','2016-06-20 17:35:13','2016-06-20 17:35:13',21),(40,'99 Brookline Avenue','Boston','NULL','2016-06-20 17:35:13','2016-06-20 17:35:13',21),(41,'450 Brookline Ave','Boston','NULL','2016-06-20 17:35:13','2016-06-20 17:35:13',21),(42,'4 Blackfan street','Boston','NULL','2016-06-20 17:35:13','2016-06-20 17:35:13',21),(43,'Dana 15',' 450 Brookline Avenue','Boston','2016-06-20 17:35:13','2016-06-20 17:35:13',0),(44,'450 Brookline Ave',' JF208B','Boston','2016-06-20 17:35:13','2016-06-20 17:35:13',0),(45,'5 Blackfan Circle','Boston','NULL','2016-06-20 17:35:13','2016-06-20 17:35:13',21),(46,'221 Longwood Avenue','Boston','NULL','2016-06-20 17:35:13','2016-06-20 17:35:13',21),(47,'nowhere','boston','NULL','2016-06-20 17:35:13','2016-06-20 17:35:13',21),(48,'94 heritage dr','lowell','NULL','2016-06-20 17:35:13','2016-06-20 17:35:13',21),(49,'450 Brookline Ave.','Boston','NULL','2016-06-20 17:35:13','2016-06-20 17:35:13',21),(50,'555 University Avenue','Toronto','Ontario','2016-06-20 17:35:13','2016-06-20 17:35:13',0),(51,'450 Brookline Ave. SM1010','Boston','NULL','2016-06-20 17:35:13','2016-06-20 17:35:13',21),(52,'Dana Farber','Boston','NULL','2016-06-20 17:35:13','2016-06-20 17:35:13',21),(53,'450 Brookline Av','Boston','NULL','2016-06-20 17:35:13','2016-06-20 17:35:13',21),(54,'Turnhoutseweg 30','Beerse','Belgium','2016-06-20 17:35:13','2016-06-20 17:35:13',0),(55,'300 Longwood Avenue','Boston','NULL','2016-06-20 17:35:13','2016-06-20 17:35:13',21),(56,'250 Longwood Avenue','Boston','NULL','2016-06-20 17:35:13','2016-06-20 17:35:13',21),(57,'251 Sir Frederick Banting Driveway','Ottawa','Ontario','2016-06-20 17:35:13','2016-06-20 17:35:13',0),(58,'450 Brookline Avenue',' Dana 1514','Boston','2016-06-20 17:35:13','2016-06-20 17:35:13',0),(59,'1450 Brookline  Avenue','Boston','NULL','2016-06-20 17:35:13','2016-06-20 17:35:13',21),(60,'44 Binney St','Boston','NULL','2016-06-20 17:35:13','2016-06-20 17:35:13',21),(61,'Dana-Farber Cancer Institute',' 44 Binney St.','Boston','2016-06-20 17:35:13','2016-06-20 17:35:13',0),(62,'77 Ave Louis Pasteur','Boston','NULL','2016-06-20 17:35:13','2016-06-20 17:35:13',21),(63,'440 Brookline Ave.','Boston','NULL','2016-06-20 17:35:13','2016-06-20 17:35:13',21),(64,'450 Brookline Ave M534','Boston','NULL','2016-06-20 17:35:13','2016-06-20 17:35:13',21),(65,'301 Binney Street','Boston','NULL','2016-06-20 17:35:13','2016-06-20 17:35:13',21),(66,'5323 Harry Hines Blvd.','Dallas','NULL','2016-06-20 17:35:13','2016-06-20 17:35:13',43),(67,'Karp 7',' One Blackfan Circle','Boston','2016-06-20 17:35:13','2016-06-20 17:35:13',0),(68,'Marchioninistr. 25','Munich','Germany','2016-06-20 17:35:13','2016-06-20 17:35:13',0),(69,'1470 Madison Avenue','New York','NULL','2016-06-20 17:35:13','2016-06-20 17:35:13',32),(70,'Henricistrasse 92','Essen','Germany','2016-06-20 17:35:13','2016-06-20 17:35:13',0),(71,'1 Jimmy Fund Way',' Sm-1022','Boston','2016-06-20 17:35:13','2016-06-20 17:35:13',0),(72,'1 Jimmy Fund Way','Boston','NULL','2016-06-20 17:35:13','2016-06-20 17:35:13',21),(73,'Muellner Hauptstraße 48','Salzburg','Salzburg Austria','2016-06-20 17:35:13','2016-06-20 17:35:13',0),(74,'4 Blackfan St','Boston','NULL','2016-06-20 17:35:13','2016-06-20 17:35:13',21),(75,'tbd','tbd','tbd','2016-06-20 17:35:13','2016-06-20 17:35:13',0),(76,'3755 Cote Sainte-Catherine Road','Montreal','Canada','2016-06-20 17:35:13','2016-06-20 17:35:13',0),(77,'75 Francis St',' Dept of Pathology',' Amory 3','2016-06-20 17:35:13','2016-06-20 17:35:13',0),(78,'1 Blackfan Cir','Boston','NULL','2016-06-20 17:35:13','2016-06-20 17:35:13',21);
/*!40000 ALTER TABLE `addresses` ENABLE KEYS */;
UNLOCK TABLES;

--
-- Table structure for table `committee_members`
--

DROP TABLE IF EXISTS `committee_members`;
/*!40101 SET @saved_cs_client     = @@character_set_client */;
/*!40101 SET character_set_client = utf8 */;
CREATE TABLE `committee_members` (
  `id` int(11) NOT NULL AUTO_INCREMENT,
  `committee_id` int(11) DEFAULT NULL,
  `user_id` int(11) DEFAULT NULL,
  `vote_id` int(11) DEFAULT NULL,
  `comment` text COLLATE utf8_unicode_ci,
  `created_at` datetime NOT NULL,
  `updated_at` datetime NOT NULL,
  PRIMARY KEY (`id`),
  KEY `index_committee_members_on_user_id` (`user_id`) USING BTREE,
  KEY `index_committee_members_on_vote_id` (`vote_id`) USING BTREE
) ENGINE=InnoDB DEFAULT CHARSET=utf8 COLLATE=utf8_unicode_ci;
/*!40101 SET character_set_client = @saved_cs_client */;

--
-- Dumping data for table `committee_members`
--

LOCK TABLES `committee_members` WRITE;
/*!40000 ALTER TABLE `committee_members` DISABLE KEYS */;
/*!40000 ALTER TABLE `committee_members` ENABLE KEYS */;
UNLOCK TABLES;

--
-- Table structure for table `committees`
--

DROP TABLE IF EXISTS `committees`;
/*!40101 SET @saved_cs_client     = @@character_set_client */;
/*!40101 SET character_set_client = utf8 */;
CREATE TABLE `committees` (
  `id` int(11) NOT NULL AUTO_INCREMENT,
  `proposal_id` int(11) DEFAULT NULL,
  `deadline` datetime DEFAULT NULL,
  `created_at` datetime NOT NULL,
  `updated_at` datetime NOT NULL,
  PRIMARY KEY (`id`),
  KEY `index_committees_on_proposal_id` (`proposal_id`) USING BTREE
) ENGINE=InnoDB DEFAULT CHARSET=utf8 COLLATE=utf8_unicode_ci;
/*!40101 SET character_set_client = @saved_cs_client */;

--
-- Dumping data for table `committees`
--

LOCK TABLES `committees` WRITE;
/*!40000 ALTER TABLE `committees` DISABLE KEYS */;
/*!40000 ALTER TABLE `committees` ENABLE KEYS */;
UNLOCK TABLES;

--
-- Table structure for table `lab_groups`
--

DROP TABLE IF EXISTS `lab_groups`;
/*!40101 SET @saved_cs_client     = @@character_set_client */;
/*!40101 SET character_set_client = utf8 */;
CREATE TABLE `lab_groups` (
  `id` int(11) NOT NULL AUTO_INCREMENT,
  `name` varchar(255) COLLATE utf8_unicode_ci DEFAULT NULL,
  `code` varchar(255) COLLATE utf8_unicode_ci DEFAULT NULL,
  `created_at` datetime NOT NULL,
  `updated_at` datetime NOT NULL,
  `location_id` int(11) DEFAULT NULL,
  PRIMARY KEY (`id`)
) ENGINE=InnoDB AUTO_INCREMENT=203 DEFAULT CHARSET=utf8 COLLATE=utf8_unicode_ci;
/*!40101 SET character_set_client = @saved_cs_client */;

--
-- Dumping data for table `lab_groups`
--

LOCK TABLES `lab_groups` WRITE;
/*!40000 ALTER TABLE `lab_groups` DISABLE KEYS */;
INSERT INTO `lab_groups` VALUES (1,'CCGD Administration','CCGD','2016-06-20 17:35:15','2016-06-20 17:35:15',1),(2,'CCGD Genotyping','CCGD','2016-06-20 17:35:15','2016-06-20 17:35:15',1),(3,'Freedman Lab','FRDMAN','2016-06-20 17:35:15','2016-06-20 17:35:15',3),(4,'Garraway Lab','GARRWY','2016-06-20 17:35:15','2016-06-20 17:35:15',2),(5,'Golub Broad Lab','GOLBBI','2016-06-20 17:35:15','2016-06-20 17:35:15',4),(6,'Golub DFCI Lab','GOLUB','2016-06-20 17:35:15','2016-06-20 17:35:15',2),(7,'Hahn Lab','HAHN','2016-06-20 17:35:15','2016-06-20 17:35:15',2),(8,'Loda Lab','LODA','2016-06-20 17:35:15','2016-06-20 17:35:15',2),(9,'Kinome','MRSNBI','2016-06-20 17:35:15','2016-06-20 17:35:15',4),(10,'Meyerson DFCI Lab','MYRSON','2016-06-20 17:35:15','2016-06-20 17:35:15',2),(11,'Polyak Lab','POLYAK','2016-06-20 17:35:15','2016-06-20 17:35:15',2),(12,'ramesh shivdasani','SHIV','2016-06-20 17:35:15','2016-06-20 17:35:15',3),(13,'Janne Lab','JANNE','2016-06-20 17:35:15','2016-06-20 17:35:15',5),(14,'Rani George','GEORGE','2016-06-20 17:35:15','2016-06-20 17:35:15',6),(15,'Thomas Roberts','RBERTS','2016-06-20 17:35:15','2016-06-20 17:35:15',7),(16,'Thomas Look','LOOK','2016-06-20 17:35:15','2016-06-20 17:35:15',8),(17,'Jerome Ritz','RITZ','2016-06-20 17:35:15','2016-06-20 17:35:15',10),(18,'Matthew Kulke','KULKE','2016-06-20 17:35:15','2016-06-20 17:35:15',11),(19,'Margaret Shipp','SHIPP','2016-06-20 17:35:15','2016-06-20 17:35:15',12),(20,'Philip Kantoff','KNTOFF','2016-06-20 17:35:15','2016-06-20 17:35:15',13),(21,'Robert Ross','ROSS','2016-06-20 17:35:15','2016-06-20 17:35:15',13),(22,'Myles Brown','BROWN','2016-06-20 17:35:15','2016-06-20 17:35:15',14),(23,'Jennifer R. Brown','JRBRWN','2016-06-20 17:35:15','2016-06-20 17:35:15',15),(24,'Rollins','ROLLNS','2016-06-20 17:35:15','2016-06-20 17:35:15',16),(25,'Stiles Lab','STILES','2016-06-20 17:35:15','2016-06-20 17:35:15',21),(26,'Chirieac','CHIRI','2016-06-20 17:35:15','2016-06-20 17:35:15',22),(27,'CCGD Pilot','CCGD','2016-06-20 17:35:15','2016-06-20 17:35:15',1),(28,'Microarray Core','CHPLAB','2016-06-20 17:35:15','2016-06-20 17:35:15',23),(29,'Sarcoma Lab','DUAN','2016-06-20 17:35:15','2016-06-20 17:35:15',24),(30,'Ebert Lab','EBERT','2016-06-20 17:35:15','2016-06-20 17:35:15',22),(31,'Gilliland','GLLLND','2016-06-20 17:35:15','2016-06-20 17:35:15',22),(32,'Hezel','HEZEL','2016-06-20 17:35:15','2016-06-20 17:35:15',24),(33,'Kim','KIM','2016-06-20 17:35:15','2016-06-20 17:35:15',25),(34,'Henske','HENSKE','2016-06-20 17:35:15','2016-06-20 17:35:15',22),(35,'Chin Lab','CHIN','2016-06-20 17:35:15','2016-06-20 17:35:15',26),(36,'Hornicek','HRNCEK','2016-06-20 17:35:15','2016-06-20 17:35:15',27),(37,'Fletcher lab','FLTCHR','2016-06-20 17:35:15','2016-06-20 17:35:15',28),(38,'Ng','NG','2016-06-20 17:35:15','2016-06-20 17:35:15',30),(39,'Ribas','RIBAS','2016-06-20 17:35:15','2016-06-20 17:35:15',31),(40,'Christopher Walsh','WALSH','2016-06-20 17:35:15','2016-06-20 17:35:15',32),(41,'BIACS','BIACS','2016-06-20 17:35:15','2016-06-20 17:35:15',33),(42,'Ligon Lab','LIGON','2016-06-20 17:35:15','2016-06-20 17:35:15',35),(43,'Monahan','MONHAN','2016-06-20 17:35:15','2016-06-20 17:35:15',36),(44,'Chung Lab','CHUNG','2016-06-20 17:35:16','2016-06-20 17:35:16',40),(45,'Koon lab','KOON','2016-06-20 17:35:16','2016-06-20 17:35:16',42),(46,'Infinity','INFI','2016-06-20 17:35:16','2016-06-20 17:35:16',43),(47,'Infinity','INFI','2016-06-20 17:35:16','2016-06-20 17:35:16',43),(48,'Ovarian Cancer Genomics','LEVEL3','2016-06-20 17:35:16','2016-06-20 17:35:16',45),(49,'Rosenberg','RSNBRG','2016-06-20 17:35:16','2016-06-20 17:35:16',13),(50,'Tenen Lab','TENEN','2016-06-20 17:35:16','2016-06-20 17:35:16',46),(51,'Segal lab','Segallab','2016-06-20 17:35:16','2016-06-20 17:35:16',47),(52,'4th floor','Kinome','2016-06-20 17:35:16','2016-06-20 17:35:16',48),(53,'Cancer Program','GOLUB','2016-06-20 17:35:16','2016-06-20 17:35:16',2),(54,'BJ Rollins','BJR grou','2016-06-20 17:35:16','2016-06-20 17:35:16',50),(55,'Armstrong Lab','SAA','2016-06-20 17:35:16','2016-06-20 17:35:16',51),(56,'HIV Therapeutics','kuritzke','2016-06-20 17:35:16','2016-06-20 17:35:16',52),(57,'Garraway Lab','Garraway','2016-06-20 17:35:16','2016-06-20 17:35:16',53),(58,'genetics','Kwiatkow','2016-06-20 17:35:16','2016-06-20 17:35:16',54),(59,'Thyroid Cancer','214741','2016-06-20 17:35:16','2016-06-20 17:35:16',55),(60,'Panc Adeno Project',' Ferrone Lab','2016-06-20 17:35:16','2016-06-20 17:35:16',0),(61,'Fredenburgh Lab','FREDEN','2016-06-20 17:35:16','2016-06-20 17:35:16',57),(62,'Kwiatkowski Lab','RB06005A','2016-06-20 17:35:16','2016-06-20 17:35:16',58),(63,'15th floor','Meyerson','2016-06-20 17:35:16','2016-06-20 17:35:16',59),(64,'Medical Oncology - 8th floor',' Ghobrial lab','2016-06-20 17:35:16','2016-06-20 17:35:16',123456),(65,'Ghobrial lab','1234567','2016-06-20 17:35:16','2016-06-20 17:35:16',60),(66,'Oncology','ONC','2016-06-20 17:35:16','2016-06-20 17:35:16',62),(67,'CAMD','CAMD','2016-06-20 17:35:16','2016-06-20 17:35:16',22),(68,'Thyroid Surgery Lab Thier 603 Parangi Lab','1151983','2016-06-20 17:35:16','2016-06-20 17:35:16',63),(69,'ORF and RNAi work','HahnLab','2016-06-20 17:35:16','2016-06-20 17:35:16',64),(70,'Kirsch Lab',' ','2016-06-20 17:35:16','2016-06-20 17:35:16',65),(71,'Dana 15','Garraway','2016-06-20 17:35:16','2016-06-20 17:35:16',53),(72,'Bowtell Lab','LEVEL3','2016-06-20 17:35:16','2016-06-20 17:35:16',45),(73,'Cancer','zonlab','2016-06-20 17:35:16','2016-06-20 17:35:16',67),(74,'Dyson Lab','NDYSON','2016-06-20 17:35:16','2016-06-20 17:35:16',68),(75,'DePinho lab','depinho1','2016-06-20 17:35:16','2016-06-20 17:35:16',69),(76,'Mayer 4','DeCaprio','2016-06-20 17:35:16','2016-06-20 17:35:16',70),(77,'Kuritzkes Lab','87654321','2016-06-20 17:35:16','2016-06-20 17:35:16',71),(78,'Lab of Benjamin L. Ebert','ebert201','2016-06-20 17:35:16','2016-06-20 17:35:16',72),(79,'Pathology Dpt.','EHL305','2016-06-20 17:35:16','2016-06-20 17:35:16',73),(80,'Ribas Lab','31262','2016-06-20 17:35:16','2016-06-20 17:35:16',74),(81,'Translational Research','Fleming','2016-06-20 17:35:16','2016-06-20 17:35:16',75),(82,'Chin-Lee Wu','Wu Lab','2016-06-20 17:35:16','2016-06-20 17:35:16',76),(83,'Pediatric Oncology','KSteg','2016-06-20 17:35:16','2016-06-20 17:35:16',77),(84,'Cancer cytogenetics','JSOVCA','2016-06-20 17:35:16','2016-06-20 17:35:16',78),(85,'Nanomed','Nanomed','2016-06-20 17:35:16','2016-06-20 17:35:16',79),(86,'Antoni Ribas','RIBAS','2016-06-20 17:35:16','2016-06-20 17:35:16',31),(87,'Mark Kieran','Kieran','2016-06-20 17:35:16','2016-06-20 17:35:16',6),(88,'Ligon Lab','Ligon208','2016-06-20 17:35:16','2016-06-20 17:35:16',83),(89,'Leiomyosarcoma','EHL305','2016-06-20 17:35:16','2016-06-20 17:35:16',73),(90,'15th floor','prostate','2016-06-20 17:35:16','2016-06-20 17:35:16',84),(91,'Infinity','Infinity','2016-06-20 17:35:16','2016-06-20 17:35:16',85),(92,'Heme Malignancies','BrownCLL','2016-06-20 17:35:16','2016-06-20 17:35:16',86),(93,'Cancer Program','BSP','2016-06-20 17:35:16','2016-06-20 17:35:16',90),(94,'CCCB','CCCB','2016-06-20 17:35:16','2016-06-20 17:35:16',91),(95,'DeCaprio','DcCaprio','2016-06-20 17:35:16','2016-06-20 17:35:16',70),(96,'Gastroenterology','Kokkotou','2016-06-20 17:35:16','2016-06-20 17:35:16',92),(97,'Meyerson Lab','Meyerson','2016-06-20 17:35:16','2016-06-20 17:35:16',59),(98,'Cancer Bio','YUG310J','2016-06-20 17:35:16','2016-06-20 17:35:16',94),(99,'CMOP','CMOP','2016-06-20 17:35:16','2016-06-20 17:35:16',35),(100,'Choueiri-Signoretti','Choueiri','2016-06-20 17:35:16','2016-06-20 17:35:16',22),(101,'Swanson Research','Swanson','2016-06-20 17:35:16','2016-06-20 17:35:16',95),(102,'Cancer Biology','unknown','2016-06-20 17:35:16','2016-06-20 17:35:16',96),(103,'Saurin Lab','1234','2016-06-20 17:35:16','2016-06-20 17:35:16',22),(104,'Wong','7644','2016-06-20 17:35:16','2016-06-20 17:35:16',97),(105,'Pedi Onc','unknown','2016-06-20 17:35:16','2016-06-20 17:35:16',96),(106,'Beroukhim Lab','rameen','2016-06-20 17:35:16','2016-06-20 17:35:16',100),(107,'Pedatric Oncology','snf5','2016-06-20 17:35:16','2016-06-20 17:35:16',101),(108,'Cantley Lab','NA','2016-06-20 17:35:16','2016-06-20 17:35:16',102),(109,'Makrigiorgos','coldpcr','2016-06-20 17:35:16','2016-06-20 17:35:16',103),(110,'AML','1','2016-06-20 17:35:16','2016-06-20 17:35:16',8),(111,'Jeff Krane',' Head and Neck Pathology','2016-06-20 17:35:16','2016-06-20 17:35:16',11911),(112,'Breast Oncology','none','2016-06-20 17:35:16','2016-06-20 17:35:16',107),(113,'Shipp Lab','Shipp La','2016-06-20 17:35:16','2016-06-20 17:35:16',108),(114,'Santagata Lab','103964','2016-06-20 17:35:16','2016-06-20 17:35:16',110),(115,'Hematologic Neoplasia','D512WEIN','2016-06-20 17:35:16','2016-06-20 17:35:16',111),(116,'GI Genomics','Hsu_lab','2016-06-20 17:35:16','2016-06-20 17:35:16',112),(117,'Hsu lab','hsu','2016-06-20 17:35:16','2016-06-20 17:35:16',113),(118,'medulloblastoma','Segallab','2016-06-20 17:35:16','2016-06-20 17:35:16',47),(119,'OBSGYN','GYNONCOL','2016-06-20 17:35:16','2016-06-20 17:35:16',123),(120,'Choueiri-Signoretti','12345','2016-06-20 17:35:16','2016-06-20 17:35:16',124),(121,'Wagers Lab','Jos630 ','2016-06-20 17:35:16','2016-06-20 17:35:16',125),(122,'HIM346','MITSIAD','2016-06-20 17:35:16','2016-06-20 17:35:16',126),(123,'C-NExT','Ligonext','2016-06-20 17:35:16','2016-06-20 17:35:16',127),(124,'Weinstock lab','weinstoc','2016-06-20 17:35:16','2016-06-20 17:35:16',128),(125,'Meyerson','??','2016-06-20 17:35:16','2016-06-20 17:35:16',131),(126,'Mitsiades lab','Mitsiade','2016-06-20 17:35:16','2016-06-20 17:35:16',132),(127,'BIDMC Cancer Center Cantley','none','2016-06-20 17:35:16','2016-06-20 17:35:16',107),(128,'Thyroid Cancer Translational','212354','2016-06-20 17:35:16','2016-06-20 17:35:16',134),(129,'Conrad','WRN-4-40','2016-06-20 17:35:16','2016-06-20 17:35:16',135),(130,'Human Thyroid Cancers Translational Research','CNUCERA','2016-06-20 17:35:16','2016-06-20 17:35:16',136),(131,'Gyn Rad Onc','GynRO','2016-06-20 17:35:16','2016-06-20 17:35:16',137),(132,'Choueiri-Signoretti','522','2016-06-20 17:35:16','2016-06-20 17:35:16',138),(133,'JF5','DANDREA','2016-06-20 17:35:16','2016-06-20 17:35:16',139),(134,'Belfer','Belfer','2016-06-20 17:35:16','2016-06-20 17:35:16',140),(135,'Bass Laboratory','Bass','2016-06-20 17:35:16','2016-06-20 17:35:16',66),(136,'Shipp lab','lymphoma','2016-06-20 17:35:16','2016-06-20 17:35:16',142),(137,'Keith Ligon Lab @ DFCI','1234567','2016-06-20 17:35:16','2016-06-20 17:35:16',60),(138,'Ghobrial Lab','HUM237','2016-06-20 17:35:16','2016-06-20 17:35:16',144),(139,'Keith Ligon\'s Lab','1234567','2016-06-20 17:35:16','2016-06-20 17:35:16',60),(140,'Division of Gynecologic Oncology','RSBLAB','2016-06-20 17:35:16','2016-06-20 17:35:16',146),(141,'Barbie Lab','dana819','2016-06-20 17:35:16','2016-06-20 17:35:16',147),(142,'none','123','2016-06-20 17:35:16','2016-06-20 17:35:16',148),(143,'Beckman','Beckman','2016-06-20 17:35:16','2016-06-20 17:35:16',149),(144,'Garraway Lab','LAG','2016-06-20 17:35:16','2016-06-20 17:35:16',150),(145,'Thyroid','WASS','2016-06-20 17:35:16','2016-06-20 17:35:16',151),(146,'Bass Lab DFCI/MCO Dana 8','Bass','2016-06-20 17:35:16','2016-06-20 17:35:16',66),(147,'Bradner Lab','BRADNER','2016-06-20 17:35:16','2016-06-20 17:35:16',153),(148,'Beroukhim Lab','Berouk','2016-06-20 17:35:16','2016-06-20 17:35:16',154),(149,'Genomics','9617589','2016-06-20 17:35:16','2016-06-20 17:35:16',155),(150,'Gyn Oncology','LIU','2016-06-20 17:35:16','2016-06-20 17:35:16',156),(151,'Meyerson Cancer Program Lab','1111','2016-06-20 17:35:16','2016-06-20 17:35:16',157),(152,'Bioinformatics','000','2016-06-20 17:35:16','2016-06-20 17:35:16',158),(153,'PedOnc','PellmanM','2016-06-20 17:35:16','2016-06-20 17:35:16',159),(154,'MPS','BTP','2016-06-20 17:35:16','2016-06-20 17:35:16',160),(155,'Haining Lab','Haining','2016-06-20 17:35:16','2016-06-20 17:35:16',161),(156,'Cancer Program',' Broad','2016-06-20 17:35:16','2016-06-20 17:35:16',0),(157,'T-ALL','aglab','2016-06-20 17:35:16','2016-06-20 17:35:16',163),(158,'Long Lab Group','CFCE','2016-06-20 17:35:16','2016-06-20 17:35:16',164),(159,'Sorger Lab Group','plx4032','2016-06-20 17:35:16','2016-06-20 17:35:16',165),(160,'CMOP','JF208','2016-06-20 17:35:16','2016-06-20 17:35:16',166),(161,'Kaelin','Kaelin','2016-06-20 17:35:16','2016-06-20 17:35:16',167),(162,'Medical Oncology','........','2016-06-20 17:35:16','2016-06-20 17:35:16',2),(163,'Stem Cell Group','BGTDSCL','2016-06-20 17:35:16','2016-06-20 17:35:16',168),(164,'Hahn Lab','HahnLab','2016-06-20 17:35:16','2016-06-20 17:35:16',64),(165,'Stegmaier 6th Floor Group','STEGLAB','2016-06-20 17:35:16','2016-06-20 17:35:16',170),(166,'Kidney Cancer','GU Oncol','2016-06-20 17:35:16','2016-06-20 17:35:16',171),(167,'Biostatistics and Computational Biology DFCI Group','BCB','2016-06-20 17:35:16','2016-06-20 17:35:16',91),(168,'Polyak Lab Group','POLYAK','2016-06-20 17:35:16','2016-06-20 17:35:16',2),(169,'Brown PDX Group','BROWN','2016-06-20 17:35:16','2016-06-20 17:35:16',14),(170,'15th floor','HAHN','2016-06-20 17:35:16','2016-06-20 17:35:16',2),(171,'Medical Oncology','Ghobrial','2016-06-20 17:35:16','2016-06-20 17:35:16',177),(172,'Pediatric Oncology','76325281','2016-06-20 17:35:16','2016-06-20 17:35:16',178),(173,'Griffin',' J','2016-06-20 17:35:16','2016-06-20 17:35:16',0),(174,'Bladder Cancer Center','40888','2016-06-20 17:35:16','2016-06-20 17:35:16',180),(175,'Meyerson Lab Group','Meyerson','2016-06-20 17:35:16','2016-06-20 17:35:16',59),(176,'Joaquim Bellmunt','40888','2016-06-20 17:35:16','2016-06-20 17:35:16',180),(177,'Amatruda lab group','UTAMAT','2016-06-20 17:35:16','2016-06-20 17:35:16',182),(178,'Daley','Daley','2016-06-20 17:35:16','2016-06-20 17:35:16',183),(179,'Collaboration with Weinstock Lab','002a','2016-06-20 17:35:16','2016-06-20 17:35:16',184),(180,'Dana15','HahnLab','2016-06-20 17:35:16','2016-06-20 17:35:16',64),(181,'Med Onc - Hematologic Malignancies','TBD','2016-06-20 17:35:16','2016-06-20 17:35:16',186),(182,'Celebi','Celebi','2016-06-20 17:35:16','2016-06-20 17:35:16',187),(183,'GlenDranoff','524','2016-06-20 17:35:16','2016-06-20 17:35:16',188),(184,'Weinstock lab','510B','2016-06-20 17:35:16','2016-06-20 17:35:16',128),(185,'Medical Oncology','HER2','2016-06-20 17:35:16','2016-06-20 17:35:16',189),(186,'Chin Lab Group','Chinlab1','2016-06-20 17:35:16','2016-06-20 17:35:16',190),(187,'Department for Gynecologic Oncology','\"\"GynOnc_','2016-06-20 17:35:16','2016-06-20 17:35:16',191),(188,'Beroukhim Lab Group ','N/A','2016-06-20 17:35:16','2016-06-20 17:35:16',192),(189,'Lane Lab Group','Lane','2016-06-20 17:35:16','2016-06-20 17:35:16',97),(190,'Cancer Biology','N/A','2016-06-20 17:35:16','2016-06-20 17:35:16',192),(191,'D\'Andrea Lab Genomics','D\'Andrea','2016-06-20 17:35:16','2016-06-20 17:35:16',195),(192,'Egles Group','LIMCR','2016-06-20 17:35:16','2016-06-20 17:35:16',196),(193,'Gutierrez Lab','aglab','2016-06-20 17:35:16','2016-06-20 17:35:16',163),(194,'Target Discovery','Belfer','2016-06-20 17:35:16','2016-06-20 17:35:16',140),(195,'tbd','TBD','2016-06-20 17:35:16','2016-06-20 17:35:16',186),(196,'PTCL','D512','2016-06-20 17:35:16','2016-06-20 17:35:16',200),(197,'Blank Lab Group','cncmaf','2016-06-20 17:35:16','2016-06-20 17:35:16',201),(198,'GYN mesenchymal tumors group','BHMNBQ','2016-06-20 17:35:16','2016-06-20 17:35:16',203),(199,'BWH Hematology','EbertLab','2016-06-20 17:35:16','2016-06-20 17:35:16',204),(200,'CMOP','LIGON','2016-06-20 17:35:16','2016-06-20 17:35:16',35),(201,'Ped Onc 6th floor','PedOnc','2016-06-20 17:35:16','2016-06-20 17:35:16',206),(202,'CFCE','CFCE','2016-06-20 17:35:16','2016-06-20 17:35:16',164);
/*!40000 ALTER TABLE `lab_groups` ENABLE KEYS */;
UNLOCK TABLES;

--
-- Table structure for table `locations`
--

DROP TABLE IF EXISTS `locations`;
/*!40101 SET @saved_cs_client     = @@character_set_client */;
/*!40101 SET character_set_client = utf8 */;
CREATE TABLE `locations` (
  `id` int(11) NOT NULL AUTO_INCREMENT,
  `building` varchar(255) COLLATE utf8_unicode_ci DEFAULT NULL,
  `room` varchar(255) COLLATE utf8_unicode_ci DEFAULT NULL,
  `created_at` datetime NOT NULL,
  `updated_at` datetime NOT NULL,
  `address_id` int(11) DEFAULT NULL,
  PRIMARY KEY (`id`)
) ENGINE=InnoDB AUTO_INCREMENT=208 DEFAULT CHARSET=utf8 COLLATE=utf8_unicode_ci;
/*!40101 SET character_set_client = @saved_cs_client */;

--
-- Dumping data for table `locations`
--

LOCK TABLES `locations` WRITE;
/*!40000 ALTER TABLE `locations` DISABLE KEYS */;
INSERT INTO `locations` VALUES (1,'Dana','1539','2016-06-20 17:35:13','2016-06-20 17:35:13',1),(2,'Dana','15th Floor','2016-06-20 17:35:13','2016-06-20 17:35:13',1),(3,'Dana','7th Floor','2016-06-20 17:35:13','2016-06-20 17:35:13',1),(4,'7CC','4th Floor','2016-06-20 17:35:13','2016-06-20 17:35:13',2),(5,'Dana','820','2016-06-20 17:35:13','2016-06-20 17:35:13',1),(6,'Dana','D3-JFC','2016-06-20 17:35:13','2016-06-20 17:35:13',1),(7,'Smith','970','2016-06-20 17:35:13','2016-06-20 17:35:13',1),(8,'Mayer','630','2016-06-20 17:35:13','2016-06-20 17:35:13',1),(9,'foo','55','2016-06-20 17:35:13','2016-06-20 17:35:13',1),(10,'Mayer','530','2016-06-20 17:35:13','2016-06-20 17:35:13',1),(11,'Dana','1220','2016-06-20 17:35:13','2016-06-20 17:35:13',1),(12,'Mayer','513','2016-06-20 17:35:13','2016-06-20 17:35:13',1),(13,'Dana','1230','2016-06-20 17:35:13','2016-06-20 17:35:13',1),(14,'Dana','730','2016-06-20 17:35:13','2016-06-20 17:35:13',1),(15,'Dana','1B30','2016-06-20 17:35:13','2016-06-20 17:35:13',1),(16,'Mayer','430','2016-06-20 17:35:13','2016-06-20 17:35:13',1),(17,'foo','55','2016-06-20 17:35:13','2016-06-20 17:35:13',1),(18,'foo','55','2016-06-20 17:35:13','2016-06-20 17:35:13',1),(19,'foo','55','2016-06-20 17:35:13','2016-06-20 17:35:13',1),(20,'foo','55','2016-06-20 17:35:13','2016-06-20 17:35:13',1),(21,'Smith','1070','2016-06-20 17:35:13','2016-06-20 17:35:13',1),(22,'BWH','','2016-06-20 17:35:13','2016-06-20 17:35:13',3),(23,'21-27 Burlington Ave.','464','2016-06-20 17:35:13','2016-06-20 17:35:13',4),(24,'MGH','','2016-06-20 17:35:13','2016-06-20 17:35:13',5),(25,'Ophthalmology-Retina Service','','2016-06-20 17:35:13','2016-06-20 17:35:13',6),(26,'Mayer','448','2016-06-20 17:35:14','2016-06-20 17:35:14',1),(27,'MGH','Yawkey 3700','2016-06-20 17:35:14','2016-06-20 17:35:14',5),(28,'Thorn ','528','2016-06-20 17:35:14','2016-06-20 17:35:14',8),(29,'N-Of-One','','2016-06-20 17:35:14','2016-06-20 17:35:14',9),(30,'BWH','BLI-449A','2016-06-20 17:35:14','2016-06-20 17:35:14',10),(31,'Factor','','2016-06-20 17:35:14','2016-06-20 17:35:14',11),(32,'Neurology','','2016-06-20 17:35:14','2016-06-20 17:35:14',12),(33,'21-27 Burlington Ave.','B452A','2016-06-20 17:35:14','2016-06-20 17:35:14',4),(34,'foo','55','2016-06-20 17:35:14','2016-06-20 17:35:14',1),(35,'Jimmy Fund','JF215','2016-06-20 17:35:14','2016-06-20 17:35:14',1),(36,'NIBR','','2016-06-20 17:35:14','2016-06-20 17:35:14',13),(37,'foo','55','2016-06-20 17:35:14','2016-06-20 17:35:14',1),(38,'foo','55','2016-06-20 17:35:14','2016-06-20 17:35:14',1),(39,'foo','55','2016-06-20 17:35:14','2016-06-20 17:35:14',1),(40,'50 Blossom Street','GRJ 825','2016-06-20 17:35:14','2016-06-20 17:35:14',17),(41,'foo','55','2016-06-20 17:35:14','2016-06-20 17:35:14',1),(42,'WRB','2-143','2016-06-20 17:35:14','2016-06-20 17:35:14',18),(43,'Infinity Pharmaceuticals','','2016-06-20 17:35:14','2016-06-20 17:35:14',19),(44,'375 Longwood','226','2016-06-20 17:35:14','2016-06-20 17:35:14',20),(45,'Peter Mac Research','3539','2016-06-20 17:35:14','2016-06-20 17:35:14',21),(46,'CLS','428','2016-06-20 17:35:14','2016-06-20 17:35:14',74),(47,'Smith','1054','2016-06-20 17:35:14','2016-06-20 17:35:14',1),(48,'Main building','4175-B','2016-06-20 17:35:14','2016-06-20 17:35:14',2),(49,'7CC','4175-X','2016-06-20 17:35:14','2016-06-20 17:35:14',2),(50,'Smith','742','2016-06-20 17:35:14','2016-06-20 17:35:14',1),(51,'Karp','08211','2016-06-20 17:35:14','2016-06-20 17:35:14',7),(52,'65 Landsdowne','435','2016-06-20 17:35:14','2016-06-20 17:35:14',34),(53,'Dana','D1541','2016-06-20 17:35:14','2016-06-20 17:35:14',1),(54,'Karp','6-216','2016-06-20 17:35:14','2016-06-20 17:35:14',7),(55,'Thier','6 floor','2016-06-20 17:35:14','2016-06-20 17:35:14',5),(56,'WANG','460','2016-06-20 17:35:14','2016-06-20 17:35:14',26),(57,'Thorn','932','2016-06-20 17:35:14','2016-06-20 17:35:14',3),(58,'Karp','RB06005A','2016-06-20 17:35:14','2016-06-20 17:35:14',7),(59,'Dana','1526','2016-06-20 17:35:14','2016-06-20 17:35:14',1),(60,'Dana','802','2016-06-20 17:35:14','2016-06-20 17:35:14',1),(61,'Karp','Rm 08006A','2016-06-20 17:35:14','2016-06-20 17:35:14',7),(62,'Samsung Cancer Center','11th floor','2016-06-20 17:35:14','2016-06-20 17:35:14',29),(63,'Thier','603','2016-06-20 17:35:14','2016-06-20 17:35:14',5),(64,'7CC','4034','2016-06-20 17:35:14','2016-06-20 17:35:14',2),(65,'LSRC','232','2016-06-20 17:35:14','2016-06-20 17:35:14',31),(66,'Dana','Lab','2016-06-20 17:35:14','2016-06-20 17:35:14',1),(67,'Karp','RB-07005A','2016-06-20 17:35:14','2016-06-20 17:35:14',7),(68,'149','7330','2016-06-20 17:35:14','2016-06-20 17:35:14',33),(69,'Mayer','415','2016-06-20 17:35:14','2016-06-20 17:35:14',1),(70,'Mayer','440','2016-06-20 17:35:14','2016-06-20 17:35:14',1),(71,'Partners Research bldg','441','2016-06-20 17:35:14','2016-06-20 17:35:14',34),(72,'Karp','5.210','2016-06-20 17:35:14','2016-06-20 17:35:14',7),(73,'Smilow','305','2016-06-20 17:35:14','2016-06-20 17:35:14',36),(74,'Factor','14-635','2016-06-20 17:35:14','2016-06-20 17:35:14',42),(75,'Enders','1174','2016-06-20 17:35:14','2016-06-20 17:35:14',38),(76,'WRN','3-324','2016-06-20 17:35:14','2016-06-20 17:35:14',5),(77,'Dana','640A','2016-06-20 17:35:14','2016-06-20 17:35:14',1),(78,'Richardson Laboratory','401','2016-06-20 17:35:14','2016-06-20 17:35:14',39),(79,'Samsung Cancer Center','188 B4','2016-06-20 17:35:14','2016-06-20 17:35:14',41),(80,'foo','55','2016-06-20 17:35:14','2016-06-20 17:35:14',1),(81,'Factor','14-638','2016-06-20 17:35:14','2016-06-20 17:35:14',42),(82,'foo','55','2016-06-20 17:35:14','2016-06-20 17:35:14',1),(83,'JF','208','2016-06-20 17:35:14','2016-06-20 17:35:14',1),(84,'Dana','1516','2016-06-20 17:35:14','2016-06-20 17:35:14',1),(85,'780 Memorial Drive','780 Memorial Drive','2016-06-20 17:35:14','2016-06-20 17:35:14',44),(86,'Mayer','1B29','2016-06-20 17:35:14','2016-06-20 17:35:14',1),(87,'Dana','1210','2016-06-20 17:35:14','2016-06-20 17:35:14',1),(88,'Dana','740','2016-06-20 17:35:14','2016-06-20 17:35:14',1),(89,'foo','55','2016-06-20 17:35:14','2016-06-20 17:35:14',1),(90,'B301','5019','2016-06-20 17:35:14','2016-06-20 17:35:14',46),(91,'Smith','824','2016-06-20 17:35:14','2016-06-20 17:35:14',1),(92,'BIDMC Dana','536','2016-06-20 17:35:14','2016-06-20 17:35:14',74),(93,'Dana','15th floor','2016-06-20 17:35:14','2016-06-20 17:35:14',1),(94,'270 Albany','G310J','2016-06-20 17:35:14','2016-06-20 17:35:14',49),(95,'Peter Bent Brigham','CA 355','2016-06-20 17:35:14','2016-06-20 17:35:14',3),(96,'270 Albany','G310I','2016-06-20 17:35:14','2016-06-20 17:35:14',49),(97,'Mayer','413','2016-06-20 17:35:14','2016-06-20 17:35:14',50),(98,'Dana','630F','2016-06-20 17:35:14','2016-06-20 17:35:14',50),(99,'Smith','708','2016-06-20 17:35:14','2016-06-20 17:35:14',50),(100,'Smith','1022C','2016-06-20 17:35:14','2016-06-20 17:35:14',50),(101,'Mayer','654','2016-06-20 17:35:14','2016-06-20 17:35:14',50),(102,'CLS ','417','2016-06-20 17:35:14','2016-06-20 17:35:14',12),(103,'Jimmy Fund','614','2016-06-20 17:35:14','2016-06-20 17:35:14',50),(104,'Dana','1526','2016-06-20 17:35:14','2016-06-20 17:35:14',1),(105,'Mayer','457','2016-06-20 17:35:14','2016-06-20 17:35:14',50),(106,'foo','55','2016-06-20 17:35:14','2016-06-20 17:35:14',1),(107,'Yawkey','1257','2016-06-20 17:35:14','2016-06-20 17:35:14',50),(108,'Mayer','563','2016-06-20 17:35:14','2016-06-20 17:35:14',1),(109,'foo','55','2016-06-20 17:35:14','2016-06-20 17:35:14',1),(110,'Amory','360U','2016-06-20 17:35:14','2016-06-20 17:35:14',3),(111,'Dana','D512','2016-06-20 17:35:14','2016-06-20 17:35:14',1),(112,'CIEMAS','2323','2016-06-20 17:35:14','2016-06-20 17:35:14',57),(113,'CIEMAS','2323','2016-06-20 17:35:14','2016-06-20 17:35:14',57),(114,'foo','55','2016-06-20 17:35:14','2016-06-20 17:35:14',1),(115,'foo','55','2016-06-20 17:35:14','2016-06-20 17:35:14',1),(116,'foo','55','2016-06-20 17:35:14','2016-06-20 17:35:14',1),(117,'foo','55','2016-06-20 17:35:14','2016-06-20 17:35:14',1),(118,'foo','55','2016-06-20 17:35:14','2016-06-20 17:35:14',1),(119,'foo','55','2016-06-20 17:35:14','2016-06-20 17:35:14',1),(120,'foo','55','2016-06-20 17:35:14','2016-06-20 17:35:14',1),(121,'foo','55','2016-06-20 17:35:14','2016-06-20 17:35:14',1),(122,'Smith','1052','2016-06-20 17:35:14','2016-06-20 17:35:14',50),(123,'BLI','449B','2016-06-20 17:35:14','2016-06-20 17:35:14',10),(124,'Dana','1230','2016-06-20 17:35:14','2016-06-20 17:35:14',1),(125,'Joslin','630','2016-06-20 17:35:14','2016-06-20 17:35:14',68),(126,'Harvard Institutes of Medicine Building (4 Blackfan Circle)','HIM346','2016-06-20 17:35:14','2016-06-20 17:35:14',50),(127,'27 Drydock','DD466S','2016-06-20 17:35:14','2016-06-20 17:35:14',70),(128,'Dana','510B','2016-06-20 17:35:14','2016-06-20 17:35:14',50),(129,'foo','55','2016-06-20 17:35:14','2016-06-20 17:35:14',1),(130,'foo','55','2016-06-20 17:35:14','2016-06-20 17:35:14',1),(131,'7CC','4027','2016-06-20 17:35:14','2016-06-20 17:35:14',2),(132,'HIM','309','2016-06-20 17:35:14','2016-06-20 17:35:14',74),(133,'Center for Life Sciences','CLS441','2016-06-20 17:35:14','2016-06-20 17:35:14',75),(134,'Research North','2 floor','2016-06-20 17:35:14','2016-06-20 17:35:14',76),(135,'Warren','WRN-4-408C','2016-06-20 17:35:14','2016-06-20 17:35:14',5),(136,'BIDMC Pathology','','2016-06-20 17:35:14','2016-06-20 17:35:14',76),(137,'CWN-L2','Brachy','2016-06-20 17:35:14','2016-06-20 17:35:14',3),(138,'Dana','1230','2016-06-20 17:35:14','2016-06-20 17:35:14',50),(139,'Jimmy Fund','521','2016-06-20 17:35:14','2016-06-20 17:35:14',77),(140,'HIM ','344','2016-06-20 17:35:14','2016-06-20 17:35:14',78),(141,'Dana','15','2016-06-20 17:35:14','2016-06-20 17:35:14',79),(142,'mayer','515','2016-06-20 17:35:14','2016-06-20 17:35:14',77),(143,'Jimmy Fund','208B','2016-06-20 17:35:14','2016-06-20 17:35:14',80),(144,'HIM','240','2016-06-20 17:35:14','2016-06-20 17:35:14',81),(145,'Jimmy Fund','208B','2016-06-20 17:35:14','2016-06-20 17:35:14',77),(146,'Boston Lying-In','429A','2016-06-20 17:35:14','2016-06-20 17:35:14',82),(147,'Dana','819','2016-06-20 17:35:14','2016-06-20 17:35:14',77),(148,'bldg','rm','2016-06-20 17:35:14','2016-06-20 17:35:14',83),(149,'Smith','1234','2016-06-20 17:35:14','2016-06-20 17:35:14',84),(150,'Dana','1524','2016-06-20 17:35:14','2016-06-20 17:35:14',85),(151,'HSC','5445','2016-06-20 17:35:14','2016-06-20 17:35:14',86),(152,'Dana','8th Floor','2016-06-20 17:35:14','2016-06-20 17:35:14',1),(153,'Dana','510','2016-06-20 17:35:14','2016-06-20 17:35:14',1),(154,'Smith','1010','2016-06-20 17:35:14','2016-06-20 17:35:14',87),(155,'Dana','1234','2016-06-20 17:35:14','2016-06-20 17:35:14',85),(156,'Yawkey','1425','2016-06-20 17:35:14','2016-06-20 17:35:14',50),(157,'7CC','4175-J','2016-06-20 17:35:14','2016-06-20 17:35:14',2),(158,'DA','8','2016-06-20 17:35:14','2016-06-20 17:35:14',88),(159,'Mayer','620','2016-06-20 17:35:14','2016-06-20 17:35:14',89),(160,'020','0G4','2016-06-20 17:35:14','2016-06-20 17:35:14',90),(161,'Dana','D644','2016-06-20 17:35:14','2016-06-20 17:35:14',50),(162,'7CC','4th floor','2016-06-20 17:35:14','2016-06-20 17:35:14',50),(163,'Karp','08-212','2016-06-20 17:35:14','2016-06-20 17:35:14',91),(164,'Dana','757','2016-06-20 17:35:14','2016-06-20 17:35:14',50),(165,'WAB','444','2016-06-20 17:35:14','2016-06-20 17:35:14',92),(166,'Jimmy Fund','208C','2016-06-20 17:35:14','2016-06-20 17:35:14',1),(167,'Mayer','457','2016-06-20 17:35:14','2016-06-20 17:35:14',77),(168,'Banting Building','E110','2016-06-20 17:35:15','2016-06-20 17:35:15',93),(169,'Dana','1514','2016-06-20 17:35:15','2016-06-20 17:35:15',94),(170,'Dana','D628','2016-06-20 17:35:15','2016-06-20 17:35:15',95),(171,'Dana Building','1230','2016-06-20 17:35:15','2016-06-20 17:35:15',77),(172,'Smith','822C','2016-06-20 17:35:15','2016-06-20 17:35:15',77),(173,'Dana','D740B','2016-06-20 17:35:15','2016-06-20 17:35:15',50),(174,'Dana','D614','2016-06-20 17:35:15','2016-06-20 17:35:15',96),(175,'Dana','728','2016-06-20 17:35:15','2016-06-20 17:35:15',96),(176,'Dana','1514','2016-06-20 17:35:15','2016-06-20 17:35:15',97),(177,'HIM','237','2016-06-20 17:35:15','2016-06-20 17:35:15',98),(178,'Dana','640A','2016-06-20 17:35:15','2016-06-20 17:35:15',99),(179,'Mayer ','534','2016-06-20 17:35:15','2016-06-20 17:35:15',100),(180,'Dana ','1230','2016-06-20 17:35:15','2016-06-20 17:35:15',77),(181,'Broad','5064D','2016-06-20 17:35:15','2016-06-20 17:35:15',101),(182,'ND3','136','2016-06-20 17:35:15','2016-06-20 17:35:15',102),(183,'Karp','7004','2016-06-20 17:35:15','2016-06-20 17:35:15',103),(184,'Haematologicum','007','2016-06-20 17:35:15','2016-06-20 17:35:15',104),(185,'Dana','1514','2016-06-20 17:35:15','2016-06-20 17:35:15',77),(186,'Karp','5th floor','2016-06-20 17:35:15','2016-06-20 17:35:15',50),(187,'Hess','5-108','2016-06-20 17:35:15','2016-06-20 17:35:15',105),(188,'Dana','524','2016-06-20 17:35:15','2016-06-20 17:35:15',96),(189,'Dana','1240F','2016-06-20 17:35:15','2016-06-20 17:35:15',77),(190,'CLS','628C','2016-06-20 17:35:15','2016-06-20 17:35:15',75),(191,'Haupthaus','E.408','2016-06-20 17:35:15','2016-06-20 17:35:15',106),(192,'Smith','1022','2016-06-20 17:35:15','2016-06-20 17:35:15',107),(193,'Smith','1010','2016-06-20 17:35:15','2016-06-20 17:35:15',108),(194,'Dana Building','630D','2016-06-20 17:35:15','2016-06-20 17:35:15',1),(195,'Mayer','640','2016-06-20 17:35:15','2016-06-20 17:35:15',85),(196,'C','1.1','2016-06-20 17:35:15','2016-06-20 17:35:15',109),(197,'Karp','08006C','2016-06-20 17:35:15','2016-06-20 17:35:15',7),(198,'HIM','343','2016-06-20 17:35:15','2016-06-20 17:35:15',110),(199,'tbd','tbd','2016-06-20 17:35:15','2016-06-20 17:35:15',111),(200,'Dana','512','2016-06-20 17:35:15','2016-06-20 17:35:15',1),(201,'Pavillon F','623','2016-06-20 17:35:15','2016-06-20 17:35:15',112),(202,'Dana','512','2016-06-20 17:35:15','2016-06-20 17:35:15',77),(203,'Medical Research Building','7th floor','2016-06-20 17:35:15','2016-06-20 17:35:15',113),(204,'Karp','520','2016-06-20 17:35:15','2016-06-20 17:35:15',114),(205,'Jimmy Fund','208','2016-06-20 17:35:15','2016-06-20 17:35:15',77),(206,'Dana','628','2016-06-20 17:35:15','2016-06-20 17:35:15',77),(207,'Dana','730B','2016-06-20 17:35:15','2016-06-20 17:35:15',77);
/*!40000 ALTER TABLE `locations` ENABLE KEYS */;
UNLOCK TABLES;

--
-- Table structure for table `memberships`
--

DROP TABLE IF EXISTS `memberships`;
/*!40101 SET @saved_cs_client     = @@character_set_client */;
/*!40101 SET character_set_client = utf8 */;
CREATE TABLE `memberships` (
  `id` int(11) NOT NULL AUTO_INCREMENT,
  `user_id` int(11) DEFAULT NULL,
  `lab_group_id` int(11) DEFAULT NULL,
  `created_at` datetime NOT NULL,
  `updated_at` datetime NOT NULL,
  PRIMARY KEY (`id`)
) ENGINE=InnoDB AUTO_INCREMENT=269 DEFAULT CHARSET=utf8 COLLATE=utf8_unicode_ci;
/*!40101 SET character_set_client = @saved_cs_client */;

--
-- Dumping data for table `memberships`
--

LOCK TABLES `memberships` WRITE;
/*!40000 ALTER TABLE `memberships` DISABLE KEYS */;
INSERT INTO `memberships` VALUES (1,2,1,'2016-06-20 17:35:19','2016-06-20 17:35:19'),(2,3,1,'2016-06-20 17:35:19','2016-06-20 17:35:19'),(3,4,1,'2016-06-20 17:35:19','2016-06-20 17:35:19'),(4,50,1,'2016-06-20 17:35:19','2016-06-20 17:35:19'),(5,58,1,'2016-06-20 17:35:19','2016-06-20 17:35:19'),(6,61,1,'2016-06-20 17:35:19','2016-06-20 17:35:19'),(7,65,1,'2016-06-20 17:35:19','2016-06-20 17:35:19'),(8,73,1,'2016-06-20 17:35:19','2016-06-20 17:35:19'),(9,78,1,'2016-06-20 17:35:19','2016-06-20 17:35:19'),(10,81,1,'2016-06-20 17:35:19','2016-06-20 17:35:19'),(11,93,1,'2016-06-20 17:35:19','2016-06-20 17:35:19'),(12,108,1,'2016-06-20 17:35:19','2016-06-20 17:35:19'),(13,126,1,'2016-06-20 17:35:19','2016-06-20 17:35:19'),(14,137,1,'2016-06-20 17:35:19','2016-06-20 17:35:19'),(15,160,1,'2016-06-20 17:35:19','2016-06-20 17:35:19'),(16,171,1,'2016-06-20 17:35:19','2016-06-20 17:35:19'),(17,246,1,'2016-06-20 17:35:19','2016-06-20 17:35:19'),(18,250,1,'2016-06-20 17:35:19','2016-06-20 17:35:19'),(19,267,1,'2016-06-20 17:35:19','2016-06-20 17:35:19'),(20,317,1,'2016-06-20 17:35:19','2016-06-20 17:35:19'),(21,5,1,'2016-06-20 17:35:19','2016-06-20 17:35:19'),(22,6,1,'2016-06-20 17:35:19','2016-06-20 17:35:19'),(23,7,1,'2016-06-20 17:35:19','2016-06-20 17:35:19'),(24,40,1,'2016-06-20 17:35:19','2016-06-20 17:35:19'),(25,72,1,'2016-06-20 17:35:19','2016-06-20 17:35:19'),(26,154,1,'2016-06-20 17:35:19','2016-06-20 17:35:19'),(27,173,1,'2016-06-20 17:35:19','2016-06-20 17:35:19'),(28,175,1,'2016-06-20 17:35:19','2016-06-20 17:35:19'),(29,233,1,'2016-06-20 17:35:19','2016-06-20 17:35:19'),(30,266,1,'2016-06-20 17:35:19','2016-06-20 17:35:19'),(31,269,1,'2016-06-20 17:35:19','2016-06-20 17:35:19'),(32,38,1,'2016-06-20 17:35:19','2016-06-20 17:35:19'),(33,8,2,'2016-06-20 17:35:19','2016-06-20 17:35:19'),(34,27,2,'2016-06-20 17:35:19','2016-06-20 17:35:19'),(35,31,2,'2016-06-20 17:35:19','2016-06-20 17:35:19'),(36,36,2,'2016-06-20 17:35:20','2016-06-20 17:35:20'),(37,39,2,'2016-06-20 17:35:20','2016-06-20 17:35:20'),(38,43,2,'2016-06-20 17:35:20','2016-06-20 17:35:20'),(39,44,2,'2016-06-20 17:35:20','2016-06-20 17:35:20'),(40,45,2,'2016-06-20 17:35:20','2016-06-20 17:35:20'),(41,79,2,'2016-06-20 17:35:20','2016-06-20 17:35:20'),(42,80,2,'2016-06-20 17:35:20','2016-06-20 17:35:20'),(43,146,2,'2016-06-20 17:35:20','2016-06-20 17:35:20'),(44,9,3,'2016-06-20 17:35:20','2016-06-20 17:35:20'),(45,28,3,'2016-06-20 17:35:20','2016-06-20 17:35:20'),(46,10,4,'2016-06-20 17:35:20','2016-06-20 17:35:20'),(47,47,4,'2016-06-20 17:35:20','2016-06-20 17:35:20'),(48,10,5,'2016-06-20 17:35:20','2016-06-20 17:35:20'),(49,85,5,'2016-06-20 17:35:20','2016-06-20 17:35:20'),(50,11,6,'2016-06-20 17:35:20','2016-06-20 17:35:20'),(51,62,6,'2016-06-20 17:35:20','2016-06-20 17:35:20'),(52,122,6,'2016-06-20 17:35:20','2016-06-20 17:35:20'),(53,157,6,'2016-06-20 17:35:20','2016-06-20 17:35:20'),(54,161,6,'2016-06-20 17:35:20','2016-06-20 17:35:20'),(55,278,6,'2016-06-20 17:35:20','2016-06-20 17:35:20'),(56,12,7,'2016-06-20 17:35:20','2016-06-20 17:35:20'),(57,33,7,'2016-06-20 17:35:20','2016-06-20 17:35:20'),(58,113,7,'2016-06-20 17:35:20','2016-06-20 17:35:20'),(59,13,8,'2016-06-20 17:35:20','2016-06-20 17:35:20'),(60,49,8,'2016-06-20 17:35:20','2016-06-20 17:35:20'),(61,51,8,'2016-06-20 17:35:20','2016-06-20 17:35:20'),(62,13,9,'2016-06-20 17:35:20','2016-06-20 17:35:20'),(63,46,9,'2016-06-20 17:35:20','2016-06-20 17:35:20'),(64,97,9,'2016-06-20 17:35:20','2016-06-20 17:35:20'),(65,14,10,'2016-06-20 17:35:20','2016-06-20 17:35:20'),(66,141,10,'2016-06-20 17:35:20','2016-06-20 17:35:20'),(67,275,10,'2016-06-20 17:35:20','2016-06-20 17:35:20'),(68,15,11,'2016-06-20 17:35:20','2016-06-20 17:35:20'),(69,16,12,'2016-06-20 17:35:20','2016-06-20 17:35:20'),(70,17,13,'2016-06-20 17:35:20','2016-06-20 17:35:20'),(71,18,14,'2016-06-20 17:35:20','2016-06-20 17:35:20'),(72,19,15,'2016-06-20 17:35:20','2016-06-20 17:35:20'),(73,30,15,'2016-06-20 17:35:20','2016-06-20 17:35:20'),(74,20,16,'2016-06-20 17:35:20','2016-06-20 17:35:20'),(75,21,17,'2016-06-20 17:35:20','2016-06-20 17:35:20'),(76,22,18,'2016-06-20 17:35:20','2016-06-20 17:35:20'),(77,23,19,'2016-06-20 17:35:20','2016-06-20 17:35:20'),(78,24,20,'2016-06-20 17:35:20','2016-06-20 17:35:20'),(79,25,21,'2016-06-20 17:35:20','2016-06-20 17:35:20'),(80,277,21,'2016-06-20 17:35:20','2016-06-20 17:35:20'),(81,26,22,'2016-06-20 17:35:20','2016-06-20 17:35:20'),(82,34,24,'2016-06-20 17:35:20','2016-06-20 17:35:20'),(83,35,24,'2016-06-20 17:35:20','2016-06-20 17:35:20'),(84,37,25,'2016-06-20 17:35:20','2016-06-20 17:35:20'),(85,41,26,'2016-06-20 17:35:20','2016-06-20 17:35:20'),(86,42,27,'2016-06-20 17:35:20','2016-06-20 17:35:20'),(87,48,28,'2016-06-20 17:35:20','2016-06-20 17:35:20'),(88,52,30,'2016-06-20 17:35:20','2016-06-20 17:35:20'),(89,63,30,'2016-06-20 17:35:20','2016-06-20 17:35:20'),(90,53,31,'2016-06-20 17:35:20','2016-06-20 17:35:20'),(91,54,32,'2016-06-20 17:35:20','2016-06-20 17:35:20'),(92,55,33,'2016-06-20 17:35:20','2016-06-20 17:35:20'),(93,142,33,'2016-06-20 17:35:20','2016-06-20 17:35:20'),(94,143,33,'2016-06-20 17:35:20','2016-06-20 17:35:20'),(95,56,34,'2016-06-20 17:35:20','2016-06-20 17:35:20'),(96,57,35,'2016-06-20 17:35:20','2016-06-20 17:35:20'),(97,59,36,'2016-06-20 17:35:20','2016-06-20 17:35:20'),(98,60,37,'2016-06-20 17:35:20','2016-06-20 17:35:20'),(99,132,37,'2016-06-20 17:35:20','2016-06-20 17:35:20'),(100,64,39,'2016-06-20 17:35:20','2016-06-20 17:35:20'),(101,88,39,'2016-06-20 17:35:20','2016-06-20 17:35:20'),(102,282,39,'2016-06-20 17:35:20','2016-06-20 17:35:20'),(103,66,40,'2016-06-20 17:35:20','2016-06-20 17:35:20'),(104,92,40,'2016-06-20 17:35:20','2016-06-20 17:35:20'),(105,314,40,'2016-06-20 17:35:20','2016-06-20 17:35:20'),(106,70,42,'2016-06-20 17:35:20','2016-06-20 17:35:20'),(107,71,43,'2016-06-20 17:35:20','2016-06-20 17:35:20'),(108,74,45,'2016-06-20 17:35:20','2016-06-20 17:35:20'),(109,76,46,'2016-06-20 17:35:20','2016-06-20 17:35:20'),(110,130,46,'2016-06-20 17:35:20','2016-06-20 17:35:20'),(111,77,47,'2016-06-20 17:35:20','2016-06-20 17:35:20'),(112,82,48,'2016-06-20 17:35:20','2016-06-20 17:35:20'),(113,101,48,'2016-06-20 17:35:20','2016-06-20 17:35:20'),(114,215,48,'2016-06-20 17:35:20','2016-06-20 17:35:20'),(115,83,49,'2016-06-20 17:35:20','2016-06-20 17:35:20'),(116,176,49,'2016-06-20 17:35:20','2016-06-20 17:35:20'),(117,86,50,'2016-06-20 17:35:20','2016-06-20 17:35:20'),(118,87,51,'2016-06-20 17:35:20','2016-06-20 17:35:20'),(119,89,52,'2016-06-20 17:35:20','2016-06-20 17:35:20'),(120,90,53,'2016-06-20 17:35:20','2016-06-20 17:35:20'),(121,234,53,'2016-06-20 17:35:20','2016-06-20 17:35:20'),(122,107,53,'2016-06-20 17:35:20','2016-06-20 17:35:20'),(123,91,54,'2016-06-20 17:35:20','2016-06-20 17:35:20'),(124,94,55,'2016-06-20 17:35:20','2016-06-20 17:35:20'),(125,95,56,'2016-06-20 17:35:20','2016-06-20 17:35:20'),(126,96,57,'2016-06-20 17:35:20','2016-06-20 17:35:20'),(127,98,58,'2016-06-20 17:35:20','2016-06-20 17:35:20'),(128,99,59,'2016-06-20 17:35:20','2016-06-20 17:35:20'),(129,123,59,'2016-06-20 17:35:20','2016-06-20 17:35:20'),(130,291,59,'2016-06-20 17:35:20','2016-06-20 17:35:20'),(131,152,59,'2016-06-20 17:35:20','2016-06-20 17:35:20'),(132,174,59,'2016-06-20 17:35:20','2016-06-20 17:35:20'),(133,285,59,'2016-06-20 17:35:20','2016-06-20 17:35:20'),(134,100,60,'2016-06-20 17:35:20','2016-06-20 17:35:20'),(135,238,61,'2016-06-20 17:35:20','2016-06-20 17:35:20'),(136,102,63,'2016-06-20 17:35:20','2016-06-20 17:35:20'),(137,140,63,'2016-06-20 17:35:20','2016-06-20 17:35:20'),(138,103,64,'2016-06-20 17:35:20','2016-06-20 17:35:20'),(139,145,64,'2016-06-20 17:35:20','2016-06-20 17:35:20'),(140,159,64,'2016-06-20 17:35:20','2016-06-20 17:35:20'),(141,104,65,'2016-06-20 17:35:20','2016-06-20 17:35:20'),(142,105,66,'2016-06-20 17:35:20','2016-06-20 17:35:20'),(143,272,66,'2016-06-20 17:35:20','2016-06-20 17:35:20'),(144,289,66,'2016-06-20 17:35:20','2016-06-20 17:35:20'),(145,106,67,'2016-06-20 17:35:20','2016-06-20 17:35:20'),(146,109,68,'2016-06-20 17:35:20','2016-06-20 17:35:20'),(147,110,69,'2016-06-20 17:35:20','2016-06-20 17:35:20'),(148,111,70,'2016-06-20 17:35:20','2016-06-20 17:35:20'),(149,112,71,'2016-06-20 17:35:20','2016-06-20 17:35:20'),(150,133,71,'2016-06-20 17:35:20','2016-06-20 17:35:20'),(151,114,72,'2016-06-20 17:35:20','2016-06-20 17:35:20'),(152,116,73,'2016-06-20 17:35:20','2016-06-20 17:35:20'),(153,117,74,'2016-06-20 17:35:20','2016-06-20 17:35:20'),(154,119,75,'2016-06-20 17:35:20','2016-06-20 17:35:20'),(155,120,76,'2016-06-20 17:35:20','2016-06-20 17:35:20'),(156,121,77,'2016-06-20 17:35:20','2016-06-20 17:35:20'),(157,125,77,'2016-06-20 17:35:20','2016-06-20 17:35:20'),(158,124,78,'2016-06-20 17:35:20','2016-06-20 17:35:20'),(159,127,79,'2016-06-20 17:35:20','2016-06-20 17:35:20'),(160,128,80,'2016-06-20 17:35:20','2016-06-20 17:35:20'),(161,129,80,'2016-06-20 17:35:20','2016-06-20 17:35:20'),(162,134,81,'2016-06-20 17:35:20','2016-06-20 17:35:20'),(163,135,82,'2016-06-20 17:35:20','2016-06-20 17:35:20'),(164,136,83,'2016-06-20 17:35:20','2016-06-20 17:35:20'),(165,138,84,'2016-06-20 17:35:20','2016-06-20 17:35:20'),(166,139,85,'2016-06-20 17:35:20','2016-06-20 17:35:20'),(167,144,86,'2016-06-20 17:35:20','2016-06-20 17:35:20'),(168,147,87,'2016-06-20 17:35:20','2016-06-20 17:35:20'),(169,148,88,'2016-06-20 17:35:20','2016-06-20 17:35:20'),(170,150,89,'2016-06-20 17:35:20','2016-06-20 17:35:20'),(171,153,90,'2016-06-20 17:35:20','2016-06-20 17:35:20'),(172,155,91,'2016-06-20 17:35:20','2016-06-20 17:35:20'),(173,283,91,'2016-06-20 17:35:20','2016-06-20 17:35:20'),(174,156,93,'2016-06-20 17:35:20','2016-06-20 17:35:20'),(175,183,93,'2016-06-20 17:35:20','2016-06-20 17:35:20'),(176,158,94,'2016-06-20 17:35:20','2016-06-20 17:35:20'),(177,165,94,'2016-06-20 17:35:20','2016-06-20 17:35:20'),(178,258,94,'2016-06-20 17:35:20','2016-06-20 17:35:20'),(179,164,96,'2016-06-20 17:35:20','2016-06-20 17:35:20'),(180,167,97,'2016-06-20 17:35:20','2016-06-20 17:35:20'),(181,182,97,'2016-06-20 17:35:20','2016-06-20 17:35:20'),(182,168,98,'2016-06-20 17:35:20','2016-06-20 17:35:20'),(183,169,99,'2016-06-20 17:35:20','2016-06-20 17:35:20'),(184,172,100,'2016-06-20 17:35:20','2016-06-20 17:35:20'),(185,177,101,'2016-06-20 17:35:20','2016-06-20 17:35:20'),(186,178,102,'2016-06-20 17:35:20','2016-06-20 17:35:20'),(187,179,103,'2016-06-20 17:35:20','2016-06-20 17:35:20'),(188,226,103,'2016-06-20 17:35:20','2016-06-20 17:35:20'),(189,180,104,'2016-06-20 17:35:20','2016-06-20 17:35:20'),(190,184,106,'2016-06-20 17:35:20','2016-06-20 17:35:20'),(191,185,107,'2016-06-20 17:35:20','2016-06-20 17:35:20'),(192,186,108,'2016-06-20 17:35:20','2016-06-20 17:35:20'),(193,188,109,'2016-06-20 17:35:20','2016-06-20 17:35:20'),(194,216,112,'2016-06-20 17:35:20','2016-06-20 17:35:20'),(195,217,113,'2016-06-20 17:35:20','2016-06-20 17:35:20'),(196,218,114,'2016-06-20 17:35:20','2016-06-20 17:35:20'),(197,219,115,'2016-06-20 17:35:20','2016-06-20 17:35:20'),(198,220,116,'2016-06-20 17:35:20','2016-06-20 17:35:20'),(199,221,117,'2016-06-20 17:35:20','2016-06-20 17:35:20'),(200,309,117,'2016-06-20 17:35:20','2016-06-20 17:35:20'),(201,311,117,'2016-06-20 17:35:20','2016-06-20 17:35:20'),(202,224,118,'2016-06-20 17:35:20','2016-06-20 17:35:20'),(203,225,119,'2016-06-20 17:35:20','2016-06-20 17:35:20'),(204,261,119,'2016-06-20 17:35:21','2016-06-20 17:35:21'),(205,227,120,'2016-06-20 17:35:21','2016-06-20 17:35:21'),(206,228,121,'2016-06-20 17:35:21','2016-06-20 17:35:21'),(207,229,123,'2016-06-20 17:35:21','2016-06-20 17:35:21'),(208,230,124,'2016-06-20 17:35:21','2016-06-20 17:35:21'),(209,231,125,'2016-06-20 17:35:21','2016-06-20 17:35:21'),(210,232,126,'2016-06-20 17:35:21','2016-06-20 17:35:21'),(211,307,126,'2016-06-20 17:35:21','2016-06-20 17:35:21'),(212,245,127,'2016-06-20 17:35:21','2016-06-20 17:35:21'),(213,235,128,'2016-06-20 17:35:21','2016-06-20 17:35:21'),(214,237,129,'2016-06-20 17:35:21','2016-06-20 17:35:21'),(215,239,130,'2016-06-20 17:35:21','2016-06-20 17:35:21'),(216,240,131,'2016-06-20 17:35:21','2016-06-20 17:35:21'),(217,242,133,'2016-06-20 17:35:21','2016-06-20 17:35:21'),(218,243,134,'2016-06-20 17:35:21','2016-06-20 17:35:21'),(219,244,135,'2016-06-20 17:35:21','2016-06-20 17:35:21'),(220,247,136,'2016-06-20 17:35:21','2016-06-20 17:35:21'),(221,251,138,'2016-06-20 17:35:21','2016-06-20 17:35:21'),(222,252,139,'2016-06-20 17:35:21','2016-06-20 17:35:21'),(223,253,140,'2016-06-20 17:35:21','2016-06-20 17:35:21'),(224,254,141,'2016-06-20 17:35:21','2016-06-20 17:35:21'),(225,290,141,'2016-06-20 17:35:21','2016-06-20 17:35:21'),(226,305,141,'2016-06-20 17:35:21','2016-06-20 17:35:21'),(227,316,141,'2016-06-20 17:35:21','2016-06-20 17:35:21'),(228,255,142,'2016-06-20 17:35:21','2016-06-20 17:35:21'),(229,256,143,'2016-06-20 17:35:21','2016-06-20 17:35:21'),(230,257,144,'2016-06-20 17:35:21','2016-06-20 17:35:21'),(231,276,144,'2016-06-20 17:35:21','2016-06-20 17:35:21'),(232,259,145,'2016-06-20 17:35:21','2016-06-20 17:35:21'),(233,306,145,'2016-06-20 17:35:21','2016-06-20 17:35:21'),(234,260,146,'2016-06-20 17:35:21','2016-06-20 17:35:21'),(235,318,146,'2016-06-20 17:35:21','2016-06-20 17:35:21'),(236,262,147,'2016-06-20 17:35:21','2016-06-20 17:35:21'),(237,265,148,'2016-06-20 17:35:21','2016-06-20 17:35:21'),(238,268,149,'2016-06-20 17:35:21','2016-06-20 17:35:21'),(239,270,150,'2016-06-20 17:35:21','2016-06-20 17:35:21'),(240,271,151,'2016-06-20 17:35:21','2016-06-20 17:35:21'),(241,273,152,'2016-06-20 17:35:21','2016-06-20 17:35:21'),(242,274,153,'2016-06-20 17:35:21','2016-06-20 17:35:21'),(243,279,155,'2016-06-20 17:35:21','2016-06-20 17:35:21'),(244,280,156,'2016-06-20 17:35:21','2016-06-20 17:35:21'),(245,281,157,'2016-06-20 17:35:21','2016-06-20 17:35:21'),(246,284,158,'2016-06-20 17:35:21','2016-06-20 17:35:21'),(247,286,159,'2016-06-20 17:35:21','2016-06-20 17:35:21'),(248,287,160,'2016-06-20 17:35:21','2016-06-20 17:35:21'),(249,288,161,'2016-06-20 17:35:21','2016-06-20 17:35:21'),(250,292,162,'2016-06-20 17:35:21','2016-06-20 17:35:21'),(251,308,162,'2016-06-20 17:35:21','2016-06-20 17:35:21'),(252,293,163,'2016-06-20 17:35:21','2016-06-20 17:35:21'),(253,294,164,'2016-06-20 17:35:21','2016-06-20 17:35:21'),(254,295,165,'2016-06-20 17:35:21','2016-06-20 17:35:21'),(255,303,165,'2016-06-20 17:35:21','2016-06-20 17:35:21'),(256,296,166,'2016-06-20 17:35:21','2016-06-20 17:35:21'),(257,297,167,'2016-06-20 17:35:21','2016-06-20 17:35:21'),(258,298,168,'2016-06-20 17:35:21','2016-06-20 17:35:21'),(259,299,169,'2016-06-20 17:35:21','2016-06-20 17:35:21'),(260,301,169,'2016-06-20 17:35:21','2016-06-20 17:35:21'),(261,300,170,'2016-06-20 17:35:21','2016-06-20 17:35:21'),(262,302,171,'2016-06-20 17:35:21','2016-06-20 17:35:21'),(263,304,172,'2016-06-20 17:35:21','2016-06-20 17:35:21'),(264,310,174,'2016-06-20 17:35:21','2016-06-20 17:35:21'),(265,312,175,'2016-06-20 17:35:21','2016-06-20 17:35:21'),(266,313,176,'2016-06-20 17:35:21','2016-06-20 17:35:21'),(267,315,177,'2016-06-20 17:35:21','2016-06-20 17:35:21'),(268,319,141,'2016-06-20 17:35:21','2016-06-20 17:35:21');
/*!40000 ALTER TABLE `memberships` ENABLE KEYS */;
UNLOCK TABLES;

--
-- Table structure for table `organizations`
--

DROP TABLE IF EXISTS `organizations`;
/*!40101 SET @saved_cs_client     = @@character_set_client */;
/*!40101 SET character_set_client = utf8 */;
CREATE TABLE `organizations` (
  `id` int(11) NOT NULL AUTO_INCREMENT,
  `name` varchar(255) COLLATE utf8_unicode_ci DEFAULT NULL,
  `phone` varchar(255) COLLATE utf8_unicode_ci DEFAULT NULL,
  `email` varchar(255) COLLATE utf8_unicode_ci DEFAULT NULL,
  `created_at` datetime NOT NULL,
  `updated_at` datetime NOT NULL,
  `address_id` int(11) DEFAULT NULL,
  PRIMARY KEY (`id`)
) ENGINE=InnoDB AUTO_INCREMENT=76 DEFAULT CHARSET=utf8 COLLATE=utf8_unicode_ci;
/*!40101 SET character_set_client = @saved_cs_client */;

--
-- Dumping data for table `organizations`
--

LOCK TABLES `organizations` WRITE;
/*!40000 ALTER TABLE `organizations` DISABLE KEYS */;
INSERT INTO `organizations` VALUES (1,'Dana-Farber Cancer Institute','','','2016-06-20 17:35:15','2016-06-20 17:35:15',1),(2,'Broad Institute','','','2016-06-20 17:35:15','2016-06-20 17:35:15',2),(3,'foo','5','email','2016-06-20 17:35:15','2016-06-20 17:35:15',1),(4,'foo','5','email','2016-06-20 17:35:15','2016-06-20 17:35:15',1),(5,'Massachusetts Eye and Ear Infirmary','617 573 3367','inetwebmaster@meei.harvard.edu','2016-06-20 17:35:15','2016-06-20 17:35:15',6),(6,'N-Of-One','617 669 1706','jkinoshita@n-of-one.com','2016-06-20 17:35:15','2016-06-20 17:35:15',9),(7,'UCLA','3108259111','somwebmaster@mednet.ucla.edu','2016-06-20 17:35:15','2016-06-20 17:35:15',11),(8,'foo','5','email','2016-06-20 17:35:15','2016-06-20 17:35:15',1),(9,'foo','5','email','2016-06-20 17:35:15','2016-06-20 17:35:15',1),(10,'foo','5','email','2016-06-20 17:35:15','2016-06-20 17:35:15',1),(11,'Novartis NIBR','6178718000','nibr@novartis.com','2016-06-20 17:35:15','2016-06-20 17:35:15',13),(12,'Case Western Reserve University','','Henry.Koon@UHhospitals.org','2016-06-20 17:35:15','2016-06-20 17:35:15',18),(13,'Peter MacCallum Cancer Centre','NULL','NULL','2016-06-20 17:35:15','2016-06-20 17:35:15',21),(14,'BIDMC','NULL','NULL','2016-06-20 17:35:15','2016-06-20 17:35:15',75),(15,'foo','5','email','2016-06-20 17:35:15','2016-06-20 17:35:15',1),(16,'Brigham and Women\'s Hospital','NULL','NULL','2016-06-20 17:35:15','2016-06-20 17:35:15',34),(17,'foo','5','email','2016-06-20 17:35:15','2016-06-20 17:35:15',1),(18,'foo','5','email','2016-06-20 17:35:15','2016-06-20 17:35:15',1),(19,'foo','5','email','2016-06-20 17:35:15','2016-06-20 17:35:15',1),(20,'foo','5','email','2016-06-20 17:35:15','2016-06-20 17:35:15',1),(21,'foo','5','email','2016-06-20 17:35:15','2016-06-20 17:35:15',1),(22,'foo','5','email','2016-06-20 17:35:15','2016-06-20 17:35:15',1),(23,'Samsung Medical Center','NULL','NULL','2016-06-20 17:35:15','2016-06-20 17:35:15',29),(24,'Massachusetts General Hospital','NULL','NULL','2016-06-20 17:35:15','2016-06-20 17:35:15',5),(25,'foo','5','email','2016-06-20 17:35:15','2016-06-20 17:35:15',1),(26,'Duke University Medical Center','NULL','NULL','2016-06-20 17:35:15','2016-06-20 17:35:15',31),(27,'foo','5','email','2016-06-20 17:35:15','2016-06-20 17:35:15',1),(28,'foo','5','email','2016-06-20 17:35:15','2016-06-20 17:35:15',1),(29,'foo','5','email','2016-06-20 17:35:15','2016-06-20 17:35:15',1),(30,'Partners Healthcare-Virology','NULL','NULL','2016-06-20 17:35:15','2016-06-20 17:35:15',34),(31,'NYU School of Medicine','NULL','NULL','2016-06-20 17:35:15','2016-06-20 17:35:15',36),(32,'Children\'s Hospital Boston','NULL','NULL','2016-06-20 17:35:15','2016-06-20 17:35:15',38),(33,'Queen\'s University','NULL','NULL','2016-06-20 17:35:15','2016-06-20 17:35:15',39),(34,'foo','5','email','2016-06-20 17:35:15','2016-06-20 17:35:15',1),(35,'Infinity Pharmaceuticals','NULL','NULL','2016-06-20 17:35:15','2016-06-20 17:35:15',44),(36,'Harvard University','NULL','NULL','2016-06-20 17:35:15','2016-06-20 17:35:15',75),(37,'foo','5','email','2016-06-20 17:35:15','2016-06-20 17:35:15',1),(38,'Sanofi-Aventis','NULL','NULL','2016-06-20 17:35:15','2016-06-20 17:35:15',49),(39,'foo','5','email','2016-06-20 17:35:15','2016-06-20 17:35:15',1),(40,'DFCI /HCC','NULL','NULL','2016-06-20 17:35:15','2016-06-20 17:35:15',12),(41,'foo','5','email','2016-06-20 17:35:15','2016-06-20 17:35:15',1),(42,'foo','5','email','2016-06-20 17:35:15','2016-06-20 17:35:15',1),(43,'foo','5','email','2016-06-20 17:35:15','2016-06-20 17:35:15',1),(44,'Duke University','NULL','NULL','2016-06-20 17:35:15','2016-06-20 17:35:15',57),(45,'foo','5','email','2016-06-20 17:35:15','2016-06-20 17:35:15',1),(46,'foo','5','email','2016-06-20 17:35:15','2016-06-20 17:35:15',1),(47,'foo','5','email','2016-06-20 17:35:15','2016-06-20 17:35:15',1),(48,'Center for Novel Exp Therapeutics','NULL','NULL','2016-06-20 17:35:15','2016-06-20 17:35:15',70),(49,'foo','5','email','2016-06-20 17:35:15','2016-06-20 17:35:15',1),(50,'foo','5','email','2016-06-20 17:35:15','2016-06-20 17:35:15',1),(51,'Beth Israel Deaconess Medical Center Harvard Medical School','NULL','NULL','2016-06-20 17:35:15','2016-06-20 17:35:15',76),(52,'DFCI','NULL','NULL','2016-06-20 17:35:15','2016-06-20 17:35:15',77),(53,'Dana Farber Cancer Institute','NULL','NULL','2016-06-20 17:35:15','2016-06-20 17:35:15',78),(54,'BWH','NULL','NULL','2016-06-20 17:35:15','2016-06-20 17:35:15',82),(55,'Beckman Coulter','NULL','NULL','2016-06-20 17:35:15','2016-06-20 17:35:15',84),(56,'Hospital For Sick CHildren','NULL','NULL','2016-06-20 17:35:15','2016-06-20 17:35:15',86),(57,'DFCI/Harvard','NULL','NULL','2016-06-20 17:35:15','2016-06-20 17:35:15',1),(58,'The Broad Institute of Harvard and MIT','NULL','NULL','2016-06-20 17:35:15','2016-06-20 17:35:15',2),(59,'Janssen Pharmaceutica','NULL','NULL','2016-06-20 17:35:15','2016-06-20 17:35:15',90),(60,'Boston Children\'s Hospital','NULL','NULL','2016-06-20 17:35:15','2016-06-20 17:35:15',91),(61,'Harvard Medical School','NULL','NULL','2016-06-20 17:35:15','2016-06-20 17:35:15',92),(62,'Health Canada','NULL','NULL','2016-06-20 17:35:15','2016-06-20 17:35:15',93),(63,'DFCI/Broad/BCH','NULL','NULL','2016-06-20 17:35:15','2016-06-20 17:35:15',94),(64,'Dana Farber','NULL','NULL','2016-06-20 17:35:15','2016-06-20 17:35:15',99),(65,'University of Texas Southwestern Medical Center','NULL','NULL','2016-06-20 17:35:15','2016-06-20 17:35:15',102),(66,'University of Munich','NULL','NULL','2016-06-20 17:35:15','2016-06-20 17:35:15',104),(67,'Mount Sinai','NULL','NULL','2016-06-20 17:35:15','2016-06-20 17:35:15',105),(68,'BIDMC',' Harvard Medical School','NULL','2016-06-20 17:35:15','2016-06-20 17:35:15',0),(69,'Kliniken Essen-Mitte','NULL','NULL','2016-06-20 17:35:15','2016-06-20 17:35:15',106),(70,'DFCI / BWH','NULL','NULL','2016-06-20 17:35:15','2016-06-20 17:35:15',107),(71,'Salzburg Cancer Research Institute','NULL','NULL','2016-06-20 17:35:15','2016-06-20 17:35:15',109),(72,'Lady Davis Institute','NULL','NULL','2016-06-20 17:35:15','2016-06-20 17:35:15',112),(73,'BWH Pathology','NULL','NULL','2016-06-20 17:35:15','2016-06-20 17:35:15',113),(74,'DFCI/BWH','NULL','NULL','2016-06-20 17:35:15','2016-06-20 17:35:15',114),(75,'DFCI-MO','NULL','NULL','2016-06-20 17:35:15','2016-06-20 17:35:15',77);
/*!40000 ALTER TABLE `organizations` ENABLE KEYS */;
UNLOCK TABLES;

--
-- Table structure for table `platforms`
--

DROP TABLE IF EXISTS `platforms`;
/*!40101 SET @saved_cs_client     = @@character_set_client */;
/*!40101 SET character_set_client = utf8 */;
CREATE TABLE `platforms` (
  `id` int(11) NOT NULL AUTO_INCREMENT,
  `name` varchar(255) COLLATE utf8_unicode_ci DEFAULT NULL,
  `code` varchar(4) COLLATE utf8_unicode_ci DEFAULT NULL,
  `created_at` datetime NOT NULL,
  `updated_at` datetime NOT NULL,
  PRIMARY KEY (`id`)
) ENGINE=InnoDB AUTO_INCREMENT=20 DEFAULT CHARSET=utf8 COLLATE=utf8_unicode_ci;
/*!40101 SET character_set_client = @saved_cs_client */;

--
-- Dumping data for table `platforms`
--

LOCK TABLES `platforms` WRITE;
/*!40000 ALTER TABLE `platforms` DISABLE KEYS */;
INSERT INTO `platforms` VALUES (1,'Sequenom Genotyping','GT','2016-06-20 17:35:24','2016-06-20 17:35:24'),(2,'Illumina Whole Genome Sequencing','WG','2016-06-20 17:35:24','2016-06-20 17:35:24'),(3,'Sanger Sequencing','AS','2016-06-20 17:35:24','2016-06-20 17:35:24'),(4,'Illumina Whole Exome Sequencing (v2)','WE','2016-06-20 17:35:24','2016-06-20 17:35:24'),(5,'Illumina Targeted Sequencing (Oncopanel version 2)','TS','2016-06-20 17:35:24','2016-06-20 17:35:24'),(6,'Affymetrix SNP Array','A6','2016-06-20 17:35:24','2016-06-20 17:35:24'),(7,'DNA Fingerprinting','FP','2016-06-20 17:35:24','2016-06-20 17:35:24'),(8,'Affymetrix Gene Expression','AG','2016-06-20 17:35:24','2016-06-20 17:35:24'),(9,'Illumina Sequencing of Prepared Libraries','IS','2016-06-20 17:35:24','2016-06-20 17:35:24'),(10,'Whole Transcriptome Shotgun Sequencing (RNA-Seq)','RS','2016-06-20 17:35:24','2016-06-20 17:35:24'),(11,'ChIP-Sequencing','CS','2016-06-20 17:35:24','2016-06-20 17:35:24'),(12,'Amplicon Sequencing','AS','2016-06-20 17:35:24','2016-06-20 17:35:24'),(13,'Illumina Targeted Sequencing (Custom Bait set)','CB','2016-06-20 17:35:24','2016-06-20 17:35:24'),(14,'Illumina Targeted Sequencing (Profile Oncopanel version 1)','PP','2016-06-20 17:35:24','2016-06-20 17:35:24'),(15,'Illumina Targeted Sequencing (Oncopanel version 3)','P3','2016-06-20 17:35:24','2016-06-20 17:35:24'),(16,'Illumina Targeted Sequencing (Oncopanel version 3 w/ Trl)','3T','2016-06-20 17:35:24','2016-06-20 17:35:24'),(17,'Illumina Whole Exome Sequencing (v5)','E5','2016-06-20 17:35:24','2016-06-20 17:35:24'),(18,'Illumina Whole Exome Sequencing w/ Trl (v5)','ET','2016-06-20 17:35:24','2016-06-20 17:35:24'),(19,'Illumina Whole Exome Sequencing - Mouse (v1)','ME','2016-06-20 17:35:24','2016-06-20 17:35:24');
/*!40000 ALTER TABLE `platforms` ENABLE KEYS */;
UNLOCK TABLES;

--
-- Table structure for table `privileges`
--

DROP TABLE IF EXISTS `privileges`;
/*!40101 SET @saved_cs_client     = @@character_set_client */;
/*!40101 SET character_set_client = utf8 */;
CREATE TABLE `privileges` (
  `id` int(11) NOT NULL AUTO_INCREMENT,
  `created_at` datetime NOT NULL,
  `updated_at` datetime NOT NULL,
  `user_id` int(11) NOT NULL,
  `role_id` int(11) NOT NULL,
  PRIMARY KEY (`id`),
  KEY `index_privileges_on_role_id` (`role_id`) USING BTREE,
  KEY `index_privileges_on_user_id` (`user_id`) USING BTREE
) ENGINE=InnoDB AUTO_INCREMENT=395 DEFAULT CHARSET=utf8 COLLATE=utf8_unicode_ci;
/*!40101 SET character_set_client = @saved_cs_client */;

--
-- Dumping data for table `privileges`
--

LOCK TABLES `privileges` WRITE;
/*!40000 ALTER TABLE `privileges` DISABLE KEYS */;
INSERT INTO `privileges` VALUES (1,'2016-06-20 17:35:21','2016-06-20 17:35:21',2,1),(2,'2016-06-20 17:35:21','2016-06-20 17:35:21',3,1),(3,'2016-06-20 17:35:21','2016-06-20 17:35:21',73,1),(4,'2016-06-20 17:35:21','2016-06-20 17:35:21',108,1),(5,'2016-06-20 17:35:21','2016-06-20 17:35:21',123,1),(6,'2016-06-20 17:35:21','2016-06-20 17:35:21',137,1),(7,'2016-06-20 17:35:21','2016-06-20 17:35:21',154,1),(8,'2016-06-20 17:35:21','2016-06-20 17:35:21',160,1),(9,'2016-06-20 17:35:21','2016-06-20 17:35:21',171,1),(10,'2016-06-20 17:35:21','2016-06-20 17:35:21',233,1),(11,'2016-06-20 17:35:21','2016-06-20 17:35:21',246,1),(12,'2016-06-20 17:35:21','2016-06-20 17:35:21',250,1),(13,'2016-06-20 17:35:21','2016-06-20 17:35:21',267,1),(14,'2016-06-20 17:35:21','2016-06-20 17:35:21',316,1),(15,'2016-06-20 17:35:21','2016-06-20 17:35:21',317,1),(16,'2016-06-20 17:35:21','2016-06-20 17:35:21',8,2),(17,'2016-06-20 17:35:21','2016-06-20 17:35:21',9,2),(18,'2016-06-20 17:35:21','2016-06-20 17:35:21',10,2),(19,'2016-06-20 17:35:21','2016-06-20 17:35:21',11,2),(20,'2016-06-20 17:35:21','2016-06-20 17:35:21',12,2),(21,'2016-06-20 17:35:21','2016-06-20 17:35:21',13,2),(22,'2016-06-20 17:35:21','2016-06-20 17:35:21',14,2),(23,'2016-06-20 17:35:21','2016-06-20 17:35:21',46,2),(24,'2016-06-20 17:35:21','2016-06-20 17:35:21',167,2),(25,'2016-06-20 17:35:21','2016-06-20 17:35:21',263,2),(26,'2016-06-20 17:35:21','2016-06-20 17:35:21',264,2),(27,'2016-06-20 17:35:21','2016-06-20 17:35:21',2,3),(28,'2016-06-20 17:35:21','2016-06-20 17:35:21',3,3),(29,'2016-06-20 17:35:21','2016-06-20 17:35:21',4,3),(30,'2016-06-20 17:35:21','2016-06-20 17:35:21',5,3),(31,'2016-06-20 17:35:21','2016-06-20 17:35:21',7,3),(32,'2016-06-20 17:35:21','2016-06-20 17:35:21',27,3),(33,'2016-06-20 17:35:21','2016-06-20 17:35:21',40,3),(34,'2016-06-20 17:35:21','2016-06-20 17:35:21',61,3),(35,'2016-06-20 17:35:21','2016-06-20 17:35:21',65,3),(36,'2016-06-20 17:35:21','2016-06-20 17:35:21',81,3),(37,'2016-06-20 17:35:21','2016-06-20 17:35:21',108,3),(38,'2016-06-20 17:35:21','2016-06-20 17:35:21',123,3),(39,'2016-06-20 17:35:21','2016-06-20 17:35:21',126,3),(40,'2016-06-20 17:35:21','2016-06-20 17:35:21',137,3),(41,'2016-06-20 17:35:21','2016-06-20 17:35:21',145,3),(42,'2016-06-20 17:35:21','2016-06-20 17:35:21',154,3),(43,'2016-06-20 17:35:21','2016-06-20 17:35:21',160,3),(44,'2016-06-20 17:35:21','2016-06-20 17:35:21',171,3),(45,'2016-06-20 17:35:21','2016-06-20 17:35:21',173,3),(46,'2016-06-20 17:35:21','2016-06-20 17:35:21',233,3),(47,'2016-06-20 17:35:21','2016-06-20 17:35:21',246,3),(48,'2016-06-20 17:35:21','2016-06-20 17:35:21',250,3),(49,'2016-06-20 17:35:21','2016-06-20 17:35:21',266,3),(50,'2016-06-20 17:35:21','2016-06-20 17:35:21',267,3),(51,'2016-06-20 17:35:21','2016-06-20 17:35:21',269,3),(52,'2016-06-20 17:35:21','2016-06-20 17:35:21',290,3),(53,'2016-06-20 17:35:21','2016-06-20 17:35:21',305,3),(54,'2016-06-20 17:35:21','2016-06-20 17:35:21',2,5),(55,'2016-06-20 17:35:21','2016-06-20 17:35:21',3,5),(56,'2016-06-20 17:35:21','2016-06-20 17:35:21',4,5),(57,'2016-06-20 17:35:21','2016-06-20 17:35:21',5,5),(58,'2016-06-20 17:35:21','2016-06-20 17:35:21',8,5),(59,'2016-06-20 17:35:21','2016-06-20 17:35:21',9,5),(60,'2016-06-20 17:35:21','2016-06-20 17:35:21',10,5),(61,'2016-06-20 17:35:21','2016-06-20 17:35:21',11,5),(62,'2016-06-20 17:35:21','2016-06-20 17:35:21',12,5),(63,'2016-06-20 17:35:21','2016-06-20 17:35:21',13,5),(64,'2016-06-20 17:35:21','2016-06-20 17:35:21',14,5),(65,'2016-06-20 17:35:21','2016-06-20 17:35:21',15,5),(66,'2016-06-20 17:35:21','2016-06-20 17:35:21',16,5),(67,'2016-06-20 17:35:21','2016-06-20 17:35:21',17,5),(68,'2016-06-20 17:35:21','2016-06-20 17:35:21',18,5),(69,'2016-06-20 17:35:21','2016-06-20 17:35:21',19,5),(70,'2016-06-20 17:35:21','2016-06-20 17:35:21',20,5),(71,'2016-06-20 17:35:21','2016-06-20 17:35:21',21,5),(72,'2016-06-20 17:35:21','2016-06-20 17:35:21',22,5),(73,'2016-06-20 17:35:21','2016-06-20 17:35:21',23,5),(74,'2016-06-20 17:35:21','2016-06-20 17:35:21',24,5),(75,'2016-06-20 17:35:21','2016-06-20 17:35:21',25,5),(76,'2016-06-20 17:35:21','2016-06-20 17:35:21',26,5),(77,'2016-06-20 17:35:21','2016-06-20 17:35:21',34,5),(78,'2016-06-20 17:35:21','2016-06-20 17:35:21',37,5),(79,'2016-06-20 17:35:21','2016-06-20 17:35:21',38,5),(80,'2016-06-20 17:35:21','2016-06-20 17:35:21',39,5),(81,'2016-06-20 17:35:21','2016-06-20 17:35:21',41,5),(82,'2016-06-20 17:35:21','2016-06-20 17:35:21',42,5),(83,'2016-06-20 17:35:21','2016-06-20 17:35:21',50,5),(84,'2016-06-20 17:35:21','2016-06-20 17:35:21',51,5),(85,'2016-06-20 17:35:21','2016-06-20 17:35:21',52,5),(86,'2016-06-20 17:35:21','2016-06-20 17:35:21',53,5),(87,'2016-06-20 17:35:21','2016-06-20 17:35:21',56,5),(88,'2016-06-20 17:35:21','2016-06-20 17:35:21',57,5),(89,'2016-06-20 17:35:21','2016-06-20 17:35:21',58,5),(90,'2016-06-20 17:35:21','2016-06-20 17:35:21',59,5),(91,'2016-06-20 17:35:21','2016-06-20 17:35:21',60,5),(92,'2016-06-20 17:35:21','2016-06-20 17:35:21',63,5),(93,'2016-06-20 17:35:21','2016-06-20 17:35:21',66,5),(94,'2016-06-20 17:35:21','2016-06-20 17:35:21',70,5),(95,'2016-06-20 17:35:21','2016-06-20 17:35:21',71,5),(96,'2016-06-20 17:35:21','2016-06-20 17:35:21',72,5),(97,'2016-06-20 17:35:21','2016-06-20 17:35:21',76,5),(98,'2016-06-20 17:35:21','2016-06-20 17:35:21',77,5),(99,'2016-06-20 17:35:21','2016-06-20 17:35:21',79,5),(100,'2016-06-20 17:35:22','2016-06-20 17:35:22',87,5),(101,'2016-06-20 17:35:22','2016-06-20 17:35:22',91,5),(102,'2016-06-20 17:35:22','2016-06-20 17:35:22',95,5),(103,'2016-06-20 17:35:22','2016-06-20 17:35:22',96,5),(104,'2016-06-20 17:35:22','2016-06-20 17:35:22',99,5),(105,'2016-06-20 17:35:22','2016-06-20 17:35:22',102,5),(106,'2016-06-20 17:35:22','2016-06-20 17:35:22',103,5),(107,'2016-06-20 17:35:22','2016-06-20 17:35:22',112,5),(108,'2016-06-20 17:35:22','2016-06-20 17:35:22',114,5),(109,'2016-06-20 17:35:22','2016-06-20 17:35:22',117,5),(110,'2016-06-20 17:35:22','2016-06-20 17:35:22',125,5),(111,'2016-06-20 17:35:22','2016-06-20 17:35:22',134,5),(112,'2016-06-20 17:35:22','2016-06-20 17:35:22',137,5),(113,'2016-06-20 17:35:22','2016-06-20 17:35:22',138,5),(114,'2016-06-20 17:35:22','2016-06-20 17:35:22',139,5),(115,'2016-06-20 17:35:22','2016-06-20 17:35:22',140,5),(116,'2016-06-20 17:35:22','2016-06-20 17:35:22',145,5),(117,'2016-06-20 17:35:22','2016-06-20 17:35:22',153,5),(118,'2016-06-20 17:35:22','2016-06-20 17:35:22',154,5),(119,'2016-06-20 17:35:22','2016-06-20 17:35:22',155,5),(120,'2016-06-20 17:35:22','2016-06-20 17:35:22',156,5),(121,'2016-06-20 17:35:22','2016-06-20 17:35:22',158,5),(122,'2016-06-20 17:35:22','2016-06-20 17:35:22',161,5),(123,'2016-06-20 17:35:22','2016-06-20 17:35:22',164,5),(124,'2016-06-20 17:35:22','2016-06-20 17:35:22',167,5),(125,'2016-06-20 17:35:22','2016-06-20 17:35:22',168,5),(126,'2016-06-20 17:35:22','2016-06-20 17:35:22',169,5),(127,'2016-06-20 17:35:22','2016-06-20 17:35:22',177,5),(128,'2016-06-20 17:35:22','2016-06-20 17:35:22',178,5),(129,'2016-06-20 17:35:22','2016-06-20 17:35:22',179,5),(130,'2016-06-20 17:35:22','2016-06-20 17:35:22',184,5),(131,'2016-06-20 17:35:22','2016-06-20 17:35:22',186,5),(132,'2016-06-20 17:35:22','2016-06-20 17:35:22',216,5),(133,'2016-06-20 17:35:22','2016-06-20 17:35:22',217,5),(134,'2016-06-20 17:35:22','2016-06-20 17:35:22',219,5),(135,'2016-06-20 17:35:22','2016-06-20 17:35:22',221,5),(136,'2016-06-20 17:35:22','2016-06-20 17:35:22',226,5),(137,'2016-06-20 17:35:22','2016-06-20 17:35:22',227,5),(138,'2016-06-20 17:35:22','2016-06-20 17:35:22',228,5),(139,'2016-06-20 17:35:22','2016-06-20 17:35:22',229,5),(140,'2016-06-20 17:35:22','2016-06-20 17:35:22',231,5),(141,'2016-06-20 17:35:22','2016-06-20 17:35:22',234,5),(142,'2016-06-20 17:35:22','2016-06-20 17:35:22',239,5),(143,'2016-06-20 17:35:22','2016-06-20 17:35:22',240,5),(144,'2016-06-20 17:35:22','2016-06-20 17:35:22',243,5),(145,'2016-06-20 17:35:22','2016-06-20 17:35:22',244,5),(146,'2016-06-20 17:35:22','2016-06-20 17:35:22',245,5),(147,'2016-06-20 17:35:22','2016-06-20 17:35:22',246,5),(148,'2016-06-20 17:35:22','2016-06-20 17:35:22',250,5),(149,'2016-06-20 17:35:22','2016-06-20 17:35:22',251,5),(150,'2016-06-20 17:35:22','2016-06-20 17:35:22',252,5),(151,'2016-06-20 17:35:22','2016-06-20 17:35:22',256,5),(152,'2016-06-20 17:35:22','2016-06-20 17:35:22',259,5),(153,'2016-06-20 17:35:22','2016-06-20 17:35:22',269,5),(154,'2016-06-20 17:35:22','2016-06-20 17:35:22',270,5),(155,'2016-06-20 17:35:22','2016-06-20 17:35:22',271,5),(156,'2016-06-20 17:35:22','2016-06-20 17:35:22',286,5),(157,'2016-06-20 17:35:22','2016-06-20 17:35:22',288,5),(158,'2016-06-20 17:35:22','2016-06-20 17:35:22',292,5),(159,'2016-06-20 17:35:22','2016-06-20 17:35:22',293,5),(160,'2016-06-20 17:35:22','2016-06-20 17:35:22',295,5),(161,'2016-06-20 17:35:22','2016-06-20 17:35:22',296,5),(162,'2016-06-20 17:35:22','2016-06-20 17:35:22',297,5),(163,'2016-06-20 17:35:22','2016-06-20 17:35:22',298,5),(164,'2016-06-20 17:35:22','2016-06-20 17:35:22',300,5),(165,'2016-06-20 17:35:22','2016-06-20 17:35:22',310,5),(166,'2016-06-20 17:35:22','2016-06-20 17:35:22',312,5),(167,'2016-06-20 17:35:22','2016-06-20 17:35:22',318,5),(168,'2016-06-20 17:35:22','2016-06-20 17:35:22',5,5),(169,'2016-06-20 17:35:22','2016-06-20 17:35:22',6,5),(170,'2016-06-20 17:35:22','2016-06-20 17:35:22',27,5),(171,'2016-06-20 17:35:22','2016-06-20 17:35:22',28,5),(172,'2016-06-20 17:35:22','2016-06-20 17:35:22',30,5),(173,'2016-06-20 17:35:22','2016-06-20 17:35:22',31,5),(174,'2016-06-20 17:35:22','2016-06-20 17:35:22',33,5),(175,'2016-06-20 17:35:22','2016-06-20 17:35:22',35,5),(176,'2016-06-20 17:35:22','2016-06-20 17:35:22',36,5),(177,'2016-06-20 17:35:22','2016-06-20 17:35:22',39,5),(178,'2016-06-20 17:35:22','2016-06-20 17:35:22',40,5),(179,'2016-06-20 17:35:22','2016-06-20 17:35:22',43,5),(180,'2016-06-20 17:35:22','2016-06-20 17:35:22',44,5),(181,'2016-06-20 17:35:22','2016-06-20 17:35:22',45,5),(182,'2016-06-20 17:35:22','2016-06-20 17:35:22',46,5),(183,'2016-06-20 17:35:22','2016-06-20 17:35:22',47,5),(184,'2016-06-20 17:35:22','2016-06-20 17:35:22',48,5),(185,'2016-06-20 17:35:22','2016-06-20 17:35:22',49,5),(186,'2016-06-20 17:35:22','2016-06-20 17:35:22',50,5),(187,'2016-06-20 17:35:22','2016-06-20 17:35:22',54,5),(188,'2016-06-20 17:35:22','2016-06-20 17:35:22',55,5),(189,'2016-06-20 17:35:22','2016-06-20 17:35:22',61,5),(190,'2016-06-20 17:35:22','2016-06-20 17:35:22',62,5),(191,'2016-06-20 17:35:22','2016-06-20 17:35:22',64,5),(192,'2016-06-20 17:35:22','2016-06-20 17:35:22',65,5),(193,'2016-06-20 17:35:22','2016-06-20 17:35:22',74,5),(194,'2016-06-20 17:35:22','2016-06-20 17:35:22',78,5),(195,'2016-06-20 17:35:22','2016-06-20 17:35:22',80,5),(196,'2016-06-20 17:35:22','2016-06-20 17:35:22',81,5),(197,'2016-06-20 17:35:22','2016-06-20 17:35:22',82,5),(198,'2016-06-20 17:35:22','2016-06-20 17:35:22',83,5),(199,'2016-06-20 17:35:22','2016-06-20 17:35:22',85,5),(200,'2016-06-20 17:35:22','2016-06-20 17:35:22',86,5),(201,'2016-06-20 17:35:22','2016-06-20 17:35:22',88,5),(202,'2016-06-20 17:35:22','2016-06-20 17:35:22',89,5),(203,'2016-06-20 17:35:22','2016-06-20 17:35:22',90,5),(204,'2016-06-20 17:35:22','2016-06-20 17:35:22',92,5),(205,'2016-06-20 17:35:22','2016-06-20 17:35:22',93,5),(206,'2016-06-20 17:35:22','2016-06-20 17:35:22',94,5),(207,'2016-06-20 17:35:22','2016-06-20 17:35:22',97,5),(208,'2016-06-20 17:35:22','2016-06-20 17:35:22',98,5),(209,'2016-06-20 17:35:22','2016-06-20 17:35:22',99,5),(210,'2016-06-20 17:35:22','2016-06-20 17:35:22',100,5),(211,'2016-06-20 17:35:22','2016-06-20 17:35:22',101,5),(212,'2016-06-20 17:35:22','2016-06-20 17:35:22',104,5),(213,'2016-06-20 17:35:22','2016-06-20 17:35:22',105,5),(214,'2016-06-20 17:35:22','2016-06-20 17:35:22',106,5),(215,'2016-06-20 17:35:22','2016-06-20 17:35:22',107,5),(216,'2016-06-20 17:35:22','2016-06-20 17:35:22',108,5),(217,'2016-06-20 17:35:22','2016-06-20 17:35:22',109,5),(218,'2016-06-20 17:35:22','2016-06-20 17:35:22',110,5),(219,'2016-06-20 17:35:22','2016-06-20 17:35:22',111,5),(220,'2016-06-20 17:35:22','2016-06-20 17:35:22',113,5),(221,'2016-06-20 17:35:22','2016-06-20 17:35:22',116,5),(222,'2016-06-20 17:35:22','2016-06-20 17:35:22',119,5),(223,'2016-06-20 17:35:22','2016-06-20 17:35:22',120,5),(224,'2016-06-20 17:35:22','2016-06-20 17:35:22',121,5),(225,'2016-06-20 17:35:22','2016-06-20 17:35:22',122,5),(226,'2016-06-20 17:35:22','2016-06-20 17:35:22',124,5),(227,'2016-06-20 17:35:23','2016-06-20 17:35:23',127,5),(228,'2016-06-20 17:35:23','2016-06-20 17:35:23',128,5),(229,'2016-06-20 17:35:23','2016-06-20 17:35:23',129,5),(230,'2016-06-20 17:35:23','2016-06-20 17:35:23',130,5),(231,'2016-06-20 17:35:23','2016-06-20 17:35:23',132,5),(232,'2016-06-20 17:35:23','2016-06-20 17:35:23',133,5),(233,'2016-06-20 17:35:23','2016-06-20 17:35:23',136,5),(234,'2016-06-20 17:35:23','2016-06-20 17:35:23',137,5),(235,'2016-06-20 17:35:23','2016-06-20 17:35:23',141,5),(236,'2016-06-20 17:35:23','2016-06-20 17:35:23',144,5),(237,'2016-06-20 17:35:23','2016-06-20 17:35:23',145,5),(238,'2016-06-20 17:35:23','2016-06-20 17:35:23',146,5),(239,'2016-06-20 17:35:23','2016-06-20 17:35:23',148,5),(240,'2016-06-20 17:35:23','2016-06-20 17:35:23',150,5),(241,'2016-06-20 17:35:23','2016-06-20 17:35:23',152,5),(242,'2016-06-20 17:35:23','2016-06-20 17:35:23',157,5),(243,'2016-06-20 17:35:23','2016-06-20 17:35:23',159,5),(244,'2016-06-20 17:35:23','2016-06-20 17:35:23',160,5),(245,'2016-06-20 17:35:23','2016-06-20 17:35:23',161,5),(246,'2016-06-20 17:35:23','2016-06-20 17:35:23',164,5),(247,'2016-06-20 17:35:23','2016-06-20 17:35:23',165,5),(248,'2016-06-20 17:35:23','2016-06-20 17:35:23',168,5),(249,'2016-06-20 17:35:23','2016-06-20 17:35:23',171,5),(250,'2016-06-20 17:35:23','2016-06-20 17:35:23',172,5),(251,'2016-06-20 17:35:23','2016-06-20 17:35:23',173,5),(252,'2016-06-20 17:35:23','2016-06-20 17:35:23',174,5),(253,'2016-06-20 17:35:23','2016-06-20 17:35:23',175,5),(254,'2016-06-20 17:35:23','2016-06-20 17:35:23',176,5),(255,'2016-06-20 17:35:23','2016-06-20 17:35:23',177,5),(256,'2016-06-20 17:35:23','2016-06-20 17:35:23',180,5),(257,'2016-06-20 17:35:23','2016-06-20 17:35:23',182,5),(258,'2016-06-20 17:35:23','2016-06-20 17:35:23',183,5),(259,'2016-06-20 17:35:23','2016-06-20 17:35:23',185,5),(260,'2016-06-20 17:35:23','2016-06-20 17:35:23',188,5),(261,'2016-06-20 17:35:23','2016-06-20 17:35:23',215,5),(262,'2016-06-20 17:35:23','2016-06-20 17:35:23',217,5),(263,'2016-06-20 17:35:23','2016-06-20 17:35:23',218,5),(264,'2016-06-20 17:35:23','2016-06-20 17:35:23',220,5),(265,'2016-06-20 17:35:23','2016-06-20 17:35:23',224,5),(266,'2016-06-20 17:35:23','2016-06-20 17:35:23',225,5),(267,'2016-06-20 17:35:23','2016-06-20 17:35:23',230,5),(268,'2016-06-20 17:35:23','2016-06-20 17:35:23',231,5),(269,'2016-06-20 17:35:23','2016-06-20 17:35:23',232,5),(270,'2016-06-20 17:35:23','2016-06-20 17:35:23',233,5),(271,'2016-06-20 17:35:23','2016-06-20 17:35:23',235,5),(272,'2016-06-20 17:35:23','2016-06-20 17:35:23',237,5),(273,'2016-06-20 17:35:23','2016-06-20 17:35:23',238,5),(274,'2016-06-20 17:35:23','2016-06-20 17:35:23',242,5),(275,'2016-06-20 17:35:23','2016-06-20 17:35:23',243,5),(276,'2016-06-20 17:35:23','2016-06-20 17:35:23',246,5),(277,'2016-06-20 17:35:23','2016-06-20 17:35:23',247,5),(278,'2016-06-20 17:35:23','2016-06-20 17:35:23',250,5),(279,'2016-06-20 17:35:23','2016-06-20 17:35:23',253,5),(280,'2016-06-20 17:35:23','2016-06-20 17:35:23',255,5),(281,'2016-06-20 17:35:23','2016-06-20 17:35:23',257,5),(282,'2016-06-20 17:35:23','2016-06-20 17:35:23',258,5),(283,'2016-06-20 17:35:23','2016-06-20 17:35:23',260,5),(284,'2016-06-20 17:35:23','2016-06-20 17:35:23',261,5),(285,'2016-06-20 17:35:23','2016-06-20 17:35:23',262,5),(286,'2016-06-20 17:35:23','2016-06-20 17:35:23',265,5),(287,'2016-06-20 17:35:23','2016-06-20 17:35:23',267,5),(288,'2016-06-20 17:35:23','2016-06-20 17:35:23',268,5),(289,'2016-06-20 17:35:23','2016-06-20 17:35:23',269,5),(290,'2016-06-20 17:35:23','2016-06-20 17:35:23',270,5),(291,'2016-06-20 17:35:23','2016-06-20 17:35:23',272,5),(292,'2016-06-20 17:35:23','2016-06-20 17:35:23',273,5),(293,'2016-06-20 17:35:23','2016-06-20 17:35:23',274,5),(294,'2016-06-20 17:35:23','2016-06-20 17:35:23',275,5),(295,'2016-06-20 17:35:23','2016-06-20 17:35:23',276,5),(296,'2016-06-20 17:35:23','2016-06-20 17:35:23',277,5),(297,'2016-06-20 17:35:23','2016-06-20 17:35:23',278,5),(298,'2016-06-20 17:35:23','2016-06-20 17:35:23',279,5),(299,'2016-06-20 17:35:23','2016-06-20 17:35:23',280,5),(300,'2016-06-20 17:35:23','2016-06-20 17:35:23',281,5),(301,'2016-06-20 17:35:23','2016-06-20 17:35:23',282,5),(302,'2016-06-20 17:35:23','2016-06-20 17:35:23',283,5),(303,'2016-06-20 17:35:23','2016-06-20 17:35:23',284,5),(304,'2016-06-20 17:35:23','2016-06-20 17:35:23',285,5),(305,'2016-06-20 17:35:23','2016-06-20 17:35:23',287,5),(306,'2016-06-20 17:35:23','2016-06-20 17:35:23',289,5),(307,'2016-06-20 17:35:23','2016-06-20 17:35:23',290,5),(308,'2016-06-20 17:35:23','2016-06-20 17:35:23',291,5),(309,'2016-06-20 17:35:23','2016-06-20 17:35:23',294,5),(310,'2016-06-20 17:35:23','2016-06-20 17:35:23',299,5),(311,'2016-06-20 17:35:23','2016-06-20 17:35:23',301,5),(312,'2016-06-20 17:35:23','2016-06-20 17:35:23',302,5),(313,'2016-06-20 17:35:23','2016-06-20 17:35:23',303,5),(314,'2016-06-20 17:35:23','2016-06-20 17:35:23',304,5),(315,'2016-06-20 17:35:23','2016-06-20 17:35:23',306,5),(316,'2016-06-20 17:35:23','2016-06-20 17:35:23',307,5),(317,'2016-06-20 17:35:23','2016-06-20 17:35:23',308,5),(318,'2016-06-20 17:35:23','2016-06-20 17:35:23',309,5),(319,'2016-06-20 17:35:23','2016-06-20 17:35:23',311,5),(320,'2016-06-20 17:35:23','2016-06-20 17:35:23',313,5),(321,'2016-06-20 17:35:23','2016-06-20 17:35:23',314,5),(322,'2016-06-20 17:35:23','2016-06-20 17:35:23',315,5),(323,'2016-06-20 17:35:23','2016-06-20 17:35:23',5,5),(324,'2016-06-20 17:35:23','2016-06-20 17:35:23',27,5),(325,'2016-06-20 17:35:23','2016-06-20 17:35:23',30,5),(326,'2016-06-20 17:35:23','2016-06-20 17:35:23',31,5),(327,'2016-06-20 17:35:23','2016-06-20 17:35:23',36,5),(328,'2016-06-20 17:35:23','2016-06-20 17:35:23',39,5),(329,'2016-06-20 17:35:23','2016-06-20 17:35:23',40,5),(330,'2016-06-20 17:35:23','2016-06-20 17:35:23',44,5),(331,'2016-06-20 17:35:23','2016-06-20 17:35:23',50,5),(332,'2016-06-20 17:35:23','2016-06-20 17:35:23',61,5),(333,'2016-06-20 17:35:23','2016-06-20 17:35:23',65,5),(334,'2016-06-20 17:35:23','2016-06-20 17:35:23',81,5),(335,'2016-06-20 17:35:23','2016-06-20 17:35:23',90,5),(336,'2016-06-20 17:35:23','2016-06-20 17:35:23',108,5),(337,'2016-06-20 17:35:23','2016-06-20 17:35:23',123,5),(338,'2016-06-20 17:35:23','2016-06-20 17:35:23',126,5),(339,'2016-06-20 17:35:23','2016-06-20 17:35:23',135,5),(340,'2016-06-20 17:35:23','2016-06-20 17:35:23',142,5),(341,'2016-06-20 17:35:23','2016-06-20 17:35:23',143,5),(342,'2016-06-20 17:35:23','2016-06-20 17:35:23',147,5),(343,'2016-06-20 17:35:23','2016-06-20 17:35:23',154,5),(344,'2016-06-20 17:35:23','2016-06-20 17:35:23',160,5),(345,'2016-06-20 17:35:23','2016-06-20 17:35:23',164,5),(346,'2016-06-20 17:35:23','2016-06-20 17:35:23',165,5),(347,'2016-06-20 17:35:23','2016-06-20 17:35:23',168,5),(348,'2016-06-20 17:35:23','2016-06-20 17:35:23',173,5),(349,'2016-06-20 17:35:23','2016-06-20 17:35:23',175,5),(350,'2016-06-20 17:35:23','2016-06-20 17:35:23',180,5),(351,'2016-06-20 17:35:23','2016-06-20 17:35:23',182,5),(352,'2016-06-20 17:35:23','2016-06-20 17:35:23',183,5),(353,'2016-06-20 17:35:23','2016-06-20 17:35:23',233,5),(354,'2016-06-20 17:35:23','2016-06-20 17:35:23',237,5),(355,'2016-06-20 17:35:23','2016-06-20 17:35:23',250,5),(356,'2016-06-20 17:35:23','2016-06-20 17:35:23',254,5),(357,'2016-06-20 17:35:23','2016-06-20 17:35:23',266,5),(358,'2016-06-20 17:35:23','2016-06-20 17:35:23',269,5),(359,'2016-06-20 17:35:23','2016-06-20 17:35:23',290,5),(360,'2016-06-20 17:35:23','2016-06-20 17:35:23',305,5),(361,'2016-06-20 17:35:23','2016-06-20 17:35:23',316,5),(362,'2016-06-20 17:35:23','2016-06-20 17:35:23',317,5),(363,'2016-06-20 17:35:23','2016-06-20 17:35:23',2,4),(364,'2016-06-20 17:35:23','2016-06-20 17:35:23',3,4),(365,'2016-06-20 17:35:23','2016-06-20 17:35:23',5,4),(366,'2016-06-20 17:35:23','2016-06-20 17:35:23',8,4),(367,'2016-06-20 17:35:23','2016-06-20 17:35:23',9,4),(368,'2016-06-20 17:35:23','2016-06-20 17:35:23',10,4),(369,'2016-06-20 17:35:23','2016-06-20 17:35:23',12,4),(370,'2016-06-20 17:35:23','2016-06-20 17:35:23',13,4),(371,'2016-06-20 17:35:23','2016-06-20 17:35:23',14,4),(372,'2016-06-20 17:35:23','2016-06-20 17:35:23',15,4),(373,'2016-06-20 17:35:23','2016-06-20 17:35:23',16,4),(374,'2016-06-20 17:35:23','2016-06-20 17:35:23',17,4),(375,'2016-06-20 17:35:23','2016-06-20 17:35:23',18,4),(376,'2016-06-20 17:35:23','2016-06-20 17:35:23',19,4),(377,'2016-06-20 17:35:23','2016-06-20 17:35:23',20,4),(378,'2016-06-20 17:35:23','2016-06-20 17:35:23',21,4),(379,'2016-06-20 17:35:24','2016-06-20 17:35:24',22,4),(380,'2016-06-20 17:35:24','2016-06-20 17:35:24',23,4),(381,'2016-06-20 17:35:24','2016-06-20 17:35:24',46,4),(382,'2016-06-20 17:35:24','2016-06-20 17:35:24',123,4),(383,'2016-06-20 17:35:24','2016-06-20 17:35:24',137,4),(384,'2016-06-20 17:35:24','2016-06-20 17:35:24',145,4),(385,'2016-06-20 17:35:24','2016-06-20 17:35:24',167,4),(386,'2016-06-20 17:35:24','2016-06-20 17:35:24',246,4),(387,'2016-06-20 17:35:24','2016-06-20 17:35:24',250,4),(388,'2016-06-20 17:35:24','2016-06-20 17:35:24',266,4),(389,'2016-06-20 17:35:24','2016-06-20 17:35:24',269,4),(390,'2016-06-20 17:35:24','2016-06-20 17:35:24',305,4),(391,'2016-06-20 17:35:24','2016-06-20 17:35:24',316,4),(392,'2016-06-20 17:35:24','2016-06-20 17:35:24',318,1),(393,'2016-06-20 17:35:24','2016-06-20 17:35:24',319,1),(394,'2016-06-20 17:35:24','2016-06-20 17:35:24',319,5);
/*!40000 ALTER TABLE `privileges` ENABLE KEYS */;
UNLOCK TABLES;

--
-- Table structure for table `proposal_platforms`
--

DROP TABLE IF EXISTS `proposal_platforms`;
/*!40101 SET @saved_cs_client     = @@character_set_client */;
/*!40101 SET character_set_client = utf8 */;
CREATE TABLE `proposal_platforms` (
  `id` int(11) NOT NULL AUTO_INCREMENT,
  `proposal_id` int(11) DEFAULT NULL,
  `platform_id` int(11) DEFAULT NULL,
  `created_at` datetime NOT NULL,
  `updated_at` datetime NOT NULL,
  PRIMARY KEY (`id`)
) ENGINE=InnoDB DEFAULT CHARSET=utf8 COLLATE=utf8_unicode_ci;
/*!40101 SET character_set_client = @saved_cs_client */;

--
-- Dumping data for table `proposal_platforms`
--

LOCK TABLES `proposal_platforms` WRITE;
/*!40000 ALTER TABLE `proposal_platforms` DISABLE KEYS */;
/*!40000 ALTER TABLE `proposal_platforms` ENABLE KEYS */;
UNLOCK TABLES;

--
-- Table structure for table `proposal_statuses`
--

DROP TABLE IF EXISTS `proposal_statuses`;
/*!40101 SET @saved_cs_client     = @@character_set_client */;
/*!40101 SET character_set_client = utf8 */;
CREATE TABLE `proposal_statuses` (
  `id` int(11) NOT NULL AUTO_INCREMENT,
  `name` varchar(255) COLLATE utf8_unicode_ci DEFAULT NULL,
  `code` varchar(255) COLLATE utf8_unicode_ci DEFAULT NULL,
  `created_at` datetime NOT NULL,
  `updated_at` datetime NOT NULL,
  PRIMARY KEY (`id`)
) ENGINE=InnoDB AUTO_INCREMENT=8 DEFAULT CHARSET=utf8 COLLATE=utf8_unicode_ci;
/*!40101 SET character_set_client = @saved_cs_client */;

--
-- Dumping data for table `proposal_statuses`
--

LOCK TABLES `proposal_statuses` WRITE;
/*!40000 ALTER TABLE `proposal_statuses` DISABLE KEYS */;
INSERT INTO `proposal_statuses` VALUES (1,'Draft/private proposal','draft','2016-06-20 17:35:24','2016-06-20 17:35:24'),(2,'Pending review','pending','2016-06-20 17:35:24','2016-06-20 17:35:24'),(3,'Under committee review','review','2016-06-20 17:35:24','2016-06-20 17:35:24'),(4,'Accepted/project initiated','accepted','2016-06-20 17:35:24','2016-06-20 17:35:24'),(5,'Rejected','rejected','2016-06-20 17:35:24','2016-06-20 17:35:24'),(6,'Abandoned','abandoned','2016-06-20 17:35:24','2016-06-20 17:35:24'),(7,'Complete/deprecated','complete','2016-06-20 17:35:24','2016-06-20 17:35:24');
/*!40000 ALTER TABLE `proposal_statuses` ENABLE KEYS */;
UNLOCK TABLES;

--
-- Table structure for table `proposals`
--

DROP TABLE IF EXISTS `proposals`;
/*!40101 SET @saved_cs_client     = @@character_set_client */;
/*!40101 SET character_set_client = utf8 */;
CREATE TABLE `proposals` (
  `id` int(11) NOT NULL AUTO_INCREMENT,
  `name` varchar(255) COLLATE utf8_unicode_ci DEFAULT NULL,
  `code` varchar(10) COLLATE utf8_unicode_ci DEFAULT NULL,
  `objectives` text COLLATE utf8_unicode_ci,
  `background` text COLLATE utf8_unicode_ci,
  `design_details` text COLLATE utf8_unicode_ci,
  `sample_availability` text COLLATE utf8_unicode_ci,
  `contributions` text COLLATE utf8_unicode_ci,
  `comments` text COLLATE utf8_unicode_ci,
  `proposal_status_id` int(11) DEFAULT NULL,
  `user_id` int(11) DEFAULT NULL,
  `lab_group_id` int(11) DEFAULT NULL,
  `submitted` tinyint(1) DEFAULT '0',
  `created_at` datetime NOT NULL,
  `updated_at` datetime NOT NULL,
  `ccgd_policy_approval` tinyint(1) DEFAULT '0',
  PRIMARY KEY (`id`),
  KEY `index_proposals_on_lab_group_id` (`lab_group_id`) USING BTREE,
  KEY `index_proposals_on_proposal_status_id` (`proposal_status_id`) USING BTREE,
  KEY `index_proposals_on_user_id` (`user_id`) USING BTREE
) ENGINE=InnoDB DEFAULT CHARSET=utf8 COLLATE=utf8_unicode_ci;
/*!40101 SET character_set_client = @saved_cs_client */;

--
-- Dumping data for table `proposals`
--

LOCK TABLES `proposals` WRITE;
/*!40000 ALTER TABLE `proposals` DISABLE KEYS */;
/*!40000 ALTER TABLE `proposals` ENABLE KEYS */;
UNLOCK TABLES;

--
-- Table structure for table `roles`
--

DROP TABLE IF EXISTS `roles`;
/*!40101 SET @saved_cs_client     = @@character_set_client */;
/*!40101 SET character_set_client = utf8 */;
CREATE TABLE `roles` (
  `id` int(11) NOT NULL AUTO_INCREMENT,
  `name` varchar(255) COLLATE utf8_unicode_ci DEFAULT NULL,
  `description` varchar(255) COLLATE utf8_unicode_ci DEFAULT NULL,
  `created_at` datetime NOT NULL,
  `updated_at` datetime NOT NULL,
  PRIMARY KEY (`id`)
) ENGINE=InnoDB AUTO_INCREMENT=6 DEFAULT CHARSET=utf8 COLLATE=utf8_unicode_ci;
/*!40101 SET character_set_client = @saved_cs_client */;

--
-- Dumping data for table `roles`
--

LOCK TABLES `roles` WRITE;
/*!40000 ALTER TABLE `roles` DISABLE KEYS */;
INSERT INTO `roles` VALUES (1,'CCGD Administrator','admin','2016-06-20 17:35:21','2016-06-20 17:35:21'),(2,'CCGD Faculty','faculty','2016-06-20 17:35:21','2016-06-20 17:35:21'),(3,'CCGD Lab Staff','staff','2016-06-20 17:35:21','2016-06-20 17:35:21'),(4,'CCGD Scientific Advisor','advisor','2016-06-20 17:35:21','2016-06-20 17:35:21'),(5,'CCGD Submitter','submitter','2016-06-20 17:35:21','2016-06-20 17:35:21');
/*!40000 ALTER TABLE `roles` ENABLE KEYS */;
UNLOCK TABLES;

--
-- Table structure for table `schema_migrations`
--

DROP TABLE IF EXISTS `schema_migrations`;
/*!40101 SET @saved_cs_client     = @@character_set_client */;
/*!40101 SET character_set_client = utf8 */;
CREATE TABLE `schema_migrations` (
  `version` varchar(255) COLLATE utf8_unicode_ci NOT NULL,
  UNIQUE KEY `unique_schema_migrations` (`version`)
) ENGINE=InnoDB DEFAULT CHARSET=utf8 COLLATE=utf8_unicode_ci;
/*!40101 SET character_set_client = @saved_cs_client */;

--
-- Dumping data for table `schema_migrations`
--

LOCK TABLES `schema_migrations` WRITE;
/*!40000 ALTER TABLE `schema_migrations` DISABLE KEYS */;
INSERT INTO `schema_migrations` VALUES ('20160315193611'),('20160315194655'),('20160317142741'),('20160317193242'),('20160317194419'),('20160317202841'),('20160317202953'),('20160317204633'),('20160317205018'),('20160317211647'),('20160317211754'),('20160320233537'),('20160321220211'),('20160323145314'),('20160323150814'),('20160323193542'),('20160323193614'),('20160324175341'),('20160418170856'),('20160425171716'),('20160502160730'),('20160502160753'),('20160502162508'),('20160512194731'),('20160512194754'),('20160516193224'),('20160518202334'),('20160602175413'),('20160617203017'),('20160620114924'),('20160620120419');
/*!40000 ALTER TABLE `schema_migrations` ENABLE KEYS */;
UNLOCK TABLES;

--
-- Table structure for table `states`
--

DROP TABLE IF EXISTS `states`;
/*!40101 SET @saved_cs_client     = @@character_set_client */;
/*!40101 SET character_set_client = utf8 */;
CREATE TABLE `states` (
  `id` int(11) NOT NULL AUTO_INCREMENT,
  `name` varchar(255) COLLATE utf8_unicode_ci DEFAULT NULL,
  `code` varchar(255) COLLATE utf8_unicode_ci DEFAULT NULL,
  `created_at` datetime NOT NULL,
  `updated_at` datetime NOT NULL,
  PRIMARY KEY (`id`)
) ENGINE=InnoDB AUTO_INCREMENT=52 DEFAULT CHARSET=utf8 COLLATE=utf8_unicode_ci;
/*!40101 SET character_set_client = @saved_cs_client */;

--
-- Dumping data for table `states`
--

LOCK TABLES `states` WRITE;
/*!40000 ALTER TABLE `states` DISABLE KEYS */;
INSERT INTO `states` VALUES (1,'Alabama','AL','2016-06-20 17:35:12','2016-06-20 17:35:12'),(2,'Alaska','AK','2016-06-20 17:35:12','2016-06-20 17:35:12'),(3,'Arizona','AZ','2016-06-20 17:35:12','2016-06-20 17:35:12'),(4,'Arkansas','AR','2016-06-20 17:35:12','2016-06-20 17:35:12'),(5,'California','CA','2016-06-20 17:35:12','2016-06-20 17:35:12'),(6,'Colorado','CO','2016-06-20 17:35:12','2016-06-20 17:35:12'),(7,'Connecticut','CT','2016-06-20 17:35:12','2016-06-20 17:35:12'),(8,'Delaware','DE','2016-06-20 17:35:12','2016-06-20 17:35:12'),(9,'Florida','FL','2016-06-20 17:35:12','2016-06-20 17:35:12'),(10,'Georgia','GA','2016-06-20 17:35:12','2016-06-20 17:35:12'),(11,'Hawaii','HI','2016-06-20 17:35:12','2016-06-20 17:35:12'),(12,'Idaho','ID','2016-06-20 17:35:12','2016-06-20 17:35:12'),(13,'Illinois','IL','2016-06-20 17:35:12','2016-06-20 17:35:12'),(14,'Indiana','IN','2016-06-20 17:35:12','2016-06-20 17:35:12'),(15,'Iowa','IA','2016-06-20 17:35:12','2016-06-20 17:35:12'),(16,'Kansas','KS','2016-06-20 17:35:13','2016-06-20 17:35:13'),(17,'Kentucky','KY','2016-06-20 17:35:13','2016-06-20 17:35:13'),(18,'Louisiana','LA','2016-06-20 17:35:13','2016-06-20 17:35:13'),(19,'Maine','ME','2016-06-20 17:35:13','2016-06-20 17:35:13'),(20,'Maryland','MD','2016-06-20 17:35:13','2016-06-20 17:35:13'),(21,'Massachusetts','MA','2016-06-20 17:35:13','2016-06-20 17:35:13'),(22,'Michigan','MI','2016-06-20 17:35:13','2016-06-20 17:35:13'),(23,'Minnesota','MN','2016-06-20 17:35:13','2016-06-20 17:35:13'),(24,'Mississippi','MS','2016-06-20 17:35:13','2016-06-20 17:35:13'),(25,'Missouri','MO','2016-06-20 17:35:13','2016-06-20 17:35:13'),(26,'Montana','MT','2016-06-20 17:35:13','2016-06-20 17:35:13'),(27,'Nebraska','NE','2016-06-20 17:35:13','2016-06-20 17:35:13'),(28,'Nevada','NV','2016-06-20 17:35:13','2016-06-20 17:35:13'),(29,'New Hampshire','NH','2016-06-20 17:35:13','2016-06-20 17:35:13'),(30,'New Jersey','NJ','2016-06-20 17:35:13','2016-06-20 17:35:13'),(31,'New Mexico','NM','2016-06-20 17:35:13','2016-06-20 17:35:13'),(32,'New York','NY','2016-06-20 17:35:13','2016-06-20 17:35:13'),(33,'North Carolina','NC','2016-06-20 17:35:13','2016-06-20 17:35:13'),(34,'North Dakota','ND','2016-06-20 17:35:13','2016-06-20 17:35:13'),(35,'Ohio','OH','2016-06-20 17:35:13','2016-06-20 17:35:13'),(36,'Oklahoma','OK','2016-06-20 17:35:13','2016-06-20 17:35:13'),(37,'Oregon','OR','2016-06-20 17:35:13','2016-06-20 17:35:13'),(38,'Pennsylvania','PA','2016-06-20 17:35:13','2016-06-20 17:35:13'),(39,'Rhode Island','RI','2016-06-20 17:35:13','2016-06-20 17:35:13'),(40,'South Carolina','SC','2016-06-20 17:35:13','2016-06-20 17:35:13'),(41,'South Dakota','SD','2016-06-20 17:35:13','2016-06-20 17:35:13'),(42,'Tennessee','TN','2016-06-20 17:35:13','2016-06-20 17:35:13'),(43,'Texas','TX','2016-06-20 17:35:13','2016-06-20 17:35:13'),(44,'Utah','UT','2016-06-20 17:35:13','2016-06-20 17:35:13'),(45,'Vermont','VT','2016-06-20 17:35:13','2016-06-20 17:35:13'),(46,'Virginia','VA','2016-06-20 17:35:13','2016-06-20 17:35:13'),(47,'Washington','WA','2016-06-20 17:35:13','2016-06-20 17:35:13'),(48,'West Virginia','WV','2016-06-20 17:35:13','2016-06-20 17:35:13'),(49,'Wisconsin','WI','2016-06-20 17:35:13','2016-06-20 17:35:13'),(50,'Wyoming','WY','2016-06-20 17:35:13','2016-06-20 17:35:13'),(51,'District of Columbia','DC','2016-06-20 17:35:13','2016-06-20 17:35:13');
/*!40000 ALTER TABLE `states` ENABLE KEYS */;
UNLOCK TABLES;

--
-- Table structure for table `user_custom_labgroups`
--

DROP TABLE IF EXISTS `user_custom_labgroups`;
/*!40101 SET @saved_cs_client     = @@character_set_client */;
/*!40101 SET character_set_client = utf8 */;
CREATE TABLE `user_custom_labgroups` (
  `id` int(11) NOT NULL AUTO_INCREMENT,
  `custom_labgroup_name` varchar(255) COLLATE utf8_unicode_ci DEFAULT NULL,
  `custom_labgroup_code` varchar(255) COLLATE utf8_unicode_ci DEFAULT NULL,
  `custom_labgroup_building` varchar(255) COLLATE utf8_unicode_ci DEFAULT NULL,
  `custom_labgroup_room` varchar(255) COLLATE utf8_unicode_ci DEFAULT NULL,
  `custom_street` varchar(255) COLLATE utf8_unicode_ci DEFAULT NULL,
  `custom_city` varchar(255) COLLATE utf8_unicode_ci DEFAULT NULL,
  `custom_country` varchar(255) COLLATE utf8_unicode_ci DEFAULT NULL,
  `state_id` int(11) DEFAULT NULL,
  `user_id` int(11) DEFAULT NULL,
  `created_at` datetime NOT NULL,
  `updated_at` datetime NOT NULL,
  PRIMARY KEY (`id`)
) ENGINE=InnoDB DEFAULT CHARSET=utf8 COLLATE=utf8_unicode_ci;
/*!40101 SET character_set_client = @saved_cs_client */;

--
-- Dumping data for table `user_custom_labgroups`
--

LOCK TABLES `user_custom_labgroups` WRITE;
/*!40000 ALTER TABLE `user_custom_labgroups` DISABLE KEYS */;
/*!40000 ALTER TABLE `user_custom_labgroups` ENABLE KEYS */;
UNLOCK TABLES;

--
-- Table structure for table `user_custom_organizations`
--

DROP TABLE IF EXISTS `user_custom_organizations`;
/*!40101 SET @saved_cs_client     = @@character_set_client */;
/*!40101 SET character_set_client = utf8 */;
CREATE TABLE `user_custom_organizations` (
  `id` int(11) NOT NULL AUTO_INCREMENT,
  `custom_org_name` varchar(255) COLLATE utf8_unicode_ci DEFAULT NULL,
  `custom_org_phone` varchar(255) COLLATE utf8_unicode_ci DEFAULT NULL,
  `custom_org_email` varchar(255) COLLATE utf8_unicode_ci DEFAULT NULL,
  `custom_street` varchar(255) COLLATE utf8_unicode_ci DEFAULT NULL,
  `custom_city` varchar(255) COLLATE utf8_unicode_ci DEFAULT NULL,
  `custom_country` varchar(255) COLLATE utf8_unicode_ci DEFAULT NULL,
  `state_id` int(11) DEFAULT NULL,
  `user_id` int(11) DEFAULT NULL,
  `created_at` datetime NOT NULL,
  `updated_at` datetime NOT NULL,
  PRIMARY KEY (`id`)
) ENGINE=InnoDB DEFAULT CHARSET=utf8 COLLATE=utf8_unicode_ci;
/*!40101 SET character_set_client = @saved_cs_client */;

--
-- Dumping data for table `user_custom_organizations`
--

LOCK TABLES `user_custom_organizations` WRITE;
/*!40000 ALTER TABLE `user_custom_organizations` DISABLE KEYS */;
/*!40000 ALTER TABLE `user_custom_organizations` ENABLE KEYS */;
UNLOCK TABLES;

--
-- Table structure for table `users`
--

DROP TABLE IF EXISTS `users`;
/*!40101 SET @saved_cs_client     = @@character_set_client */;
/*!40101 SET character_set_client = utf8 */;
CREATE TABLE `users` (
  `id` int(11) NOT NULL AUTO_INCREMENT,
  `firstname` varchar(255) COLLATE utf8_unicode_ci DEFAULT NULL,
  `lastname` varchar(255) COLLATE utf8_unicode_ci DEFAULT NULL,
  `email` varchar(255) COLLATE utf8_unicode_ci DEFAULT NULL,
  `phone` varchar(255) COLLATE utf8_unicode_ci DEFAULT NULL,
  `created_at` datetime NOT NULL,
  `updated_at` datetime NOT NULL,
  `username` varchar(255) COLLATE utf8_unicode_ci DEFAULT NULL,
  `password_digest` varchar(255) COLLATE utf8_unicode_ci DEFAULT NULL,
  `organization_id` int(11) DEFAULT NULL,
  `status` varchar(2) COLLATE utf8_unicode_ci DEFAULT NULL,
  `password_reset_token` varchar(255) COLLATE utf8_unicode_ci DEFAULT NULL,
  `password_reset_sent_at` datetime DEFAULT NULL,
  PRIMARY KEY (`id`)
) ENGINE=InnoDB AUTO_INCREMENT=320 DEFAULT CHARSET=utf8 COLLATE=utf8_unicode_ci;
/*!40101 SET character_set_client = @saved_cs_client */;

--
-- Dumping data for table `users`
--

LOCK TABLES `users` WRITE;
/*!40000 ALTER TABLE `users` DISABLE KEYS */;
INSERT INTO `users` VALUES (1,'Foo','Bar','foo@bar.com','555-555-5555','2016-06-20 17:35:16','2016-06-20 17:35:16','foo','$2a$04$7aQRlzqnYadPRTKeitdc1OMZ4EPjxjqLnnSqh45u/xpNsELqPrvca',1,'A',NULL,NULL),(2,'Laura','Macconaill','laura_macconaill@dfci.harvard.edu','617-582-7754','2016-06-20 17:35:16','2016-06-20 17:35:16','laura','$2a$04$qL5Ucdik0T.xYYfwXwYtcOJZstgeQ8wamtc3mTopxQnzzOdKCO1yu',1,'A',NULL,NULL),(3,'Megan','Hanna','mhanna@broad.mit.edu','617-324-4824','2016-06-20 17:35:16','2016-06-20 17:35:16','megan','$2a$04$nX7jdpMxUkiUsZVQsjFD1O45B8ipAt0Jgzr/zynDBxXi.wZBt/F8S',1,'A',NULL,NULL),(4,'Karen','Coughlan','karen_coughlan@dfci.harvard.edu','617-582-8736','2016-06-20 17:35:16','2016-06-20 17:35:16','karen','$2a$04$Ej3DjPJjLtcL2lqUptmoVeDGMSZ2eoJGlggbyIGOgvH6POFz66f5O',1,'I',NULL,NULL),(5,'Katie','Campbell','catarina_campbell@dfci.harvard.edu','617-632-2930','2016-06-20 17:35:16','2016-06-20 17:35:16','katie','$2a$04$BS.WTlu2.G3Xo02.Wofpv.FHV52KKHNKWCC3XN2T8m1qAcX/HVBgi',1,'I',NULL,NULL),(6,'Nick','Wyhs','nwyhs@broad.mit.edu','617 582 8731','2016-06-20 17:35:16','2016-06-20 17:35:16','nick','$2a$04$Qttq.sHDZaTYS/.Yzxt6lO/m6S1XLeIyErAGykR2v5dsF6.mQDvy2',1,'I',NULL,NULL),(7,'Su','Huang','suhuang@dfci.harvard.edu','','2016-06-20 17:35:16','2016-06-20 17:35:16','su','$2a$04$OqlaEWVjZ87NSe69Xrpge.Xafe25SqKLEDHR6Xoe.RM5TWUPj2u06',1,'I',NULL,NULL),(8,'Matt','Freedman','matthew_freedman@dfci.harvard.edu','617-582-8598','2016-06-20 17:35:16','2016-06-20 17:35:16','matt','$2a$04$/uc/Fn9Rxmlk1NAtCSviBe2E8w0b0EkSuUChjWnkzHZc2tISieLuW',1,'A',NULL,NULL),(9,'Levi','Garraway','levi_garraway@dfci.harvard.edu','617-632-6689','2016-06-20 17:35:16','2016-06-20 17:35:16','levi','$2a$04$2bPhbD4chxuRvHtKSqvJ1euclwmOCIH9NHgM3YDVJe9uzC1RYpYna',1,'A',NULL,NULL),(10,'Todd','Golub','golub@broad.mit.edu','617-632-4903','2016-06-20 17:35:17','2016-06-20 17:35:17','todd','$2a$04$Fug3j4qO.qB8EeF7BNftNuMb4J63E0lIJFfZgBiW9zhCNNLwAFAAK',1,'A',NULL,NULL),(11,'William','Hahn','william_hahn@dfci.harvard.edu','617-632-2641','2016-06-20 17:35:17','2016-06-20 17:35:17','wchahn','$2a$04$HEd0POXMRVdRobV9wHWGzuNwPuac0X/LplQ2wPvU1rHwpNMptJCrK',1,'A',NULL,NULL),(12,'Max','Loda','massimo_loda@dfci.harvard.edu','617-632-4001','2016-06-20 17:35:17','2016-06-20 17:35:17','max','$2a$04$jmeLBiAI5Ecg1Ipr675ULuAM4sb/XWCQGLwKyj7Pz4kyFl2UNu3re',1,'A',NULL,NULL),(13,'Matthew','Meyerson','matthew_meyerson@dfci.harvard.edu','617-632-4768','2016-06-20 17:35:17','2016-06-20 17:35:17','matthew','$2a$04$3YUI2bMFfDDn8GBWF4aEYOztKEwVjBVtsJW/ZlHatjQTdtANVlZhm',1,'A',NULL,NULL),(14,'Nelly','Polyak','kornelia_polyak@dfci.harvard.edu','617-632-5746','2016-06-20 17:35:17','2016-06-20 17:35:17','nelly','$2a$04$SFNy5Ornf/XfWVFHkPtN7e4TybgXkrg7ATs6Xk0tU902OO6RzwTgG',1,'A',NULL,NULL),(15,'Ramesh','Shivdasani','ramesh_shivdasani@dfci.harvard.edu','617-632-5746','2016-06-20 17:35:17','2016-06-20 17:35:17','Ramesh','$2a$04$3TaywzSHcOPD.pGQ51wMJOQad0nktShseZ3GJ80bvMFiZGW0Vvo5y',1,'A',NULL,NULL),(16,'Pasi','Janne','pasi_janne@dfci.harvard.edu','617-632-6036','2016-06-20 17:35:17','2016-06-20 17:35:17','Pasi','$2a$04$9VrZ/GQvs0bh6nFj.LiqzODP5crIA5JbK12JchElXi/iNFuOgHROe',1,'A',NULL,NULL),(17,'Rani','George','rani_george@dfci.harvard.edu','617-632-5281','2016-06-20 17:35:17','2016-06-20 17:35:17','rani','$2a$04$HhOdWzwdJdsJqHhB73hvJ.c.ABHjdWZYCaiefo7Gk0lA2pKwf5s.C',1,'A',NULL,NULL),(18,'Thomas','Roberts','thomas_roberts@dfci.harvard.edu','617-632-3049','2016-06-20 17:35:17','2016-06-20 17:35:17','Thomas','$2a$04$BMj.A.pjDN2XDEeI1GR4Wea/tzfpRagkUX01JZn2exavxO91TgLGG',1,'A',NULL,NULL),(19,'Thomas','Look','thomas_look@dfci.harvard.edu','617-632-5826','2016-06-20 17:35:17','2016-06-20 17:35:17','Thomaslook','$2a$04$FT7cOd3mRSuIrPkzWLuFtOF/SyUHf9UzgkP/InzRy7k01Yyl794gS',1,'A',NULL,NULL),(20,'Jerome','Ritz','jerome_ritz@dfci.harvard.edu','617-632-3465','2016-06-20 17:35:17','2016-06-20 17:35:17','JRitz','$2a$04$gPjwPYeYNOBrkuV5vkAq9e9mjau1LAxYXrM3SjfP/GP1EuN/aHmiK',1,'A',NULL,NULL),(21,'Matthew','Kulke','matthew_kulke@dfci.harvard.edu','617-632-5136','2016-06-20 17:35:17','2016-06-20 17:35:17','MatthewK','$2a$04$yqljT7cIr8DoKthupe2v.e3.DZxMMju7R18uVb7b1mnE3oXrKNup2',1,'A',NULL,NULL),(22,'Margaret','Shipp','margaret_shipp@dfci.harvard.edu','617-632-3874','2016-06-20 17:35:17','2016-06-20 17:35:17','Margaret','$2a$04$tpSqCQX2zIbB49GCjP6hPe7QV49HDbjZ0vzqGbgXZVluMe5IrziqK',1,'A',NULL,NULL),(23,'Philip','Kantoff','philip_kantoff@dfci.harvard.edu','617-632-1914','2016-06-20 17:35:17','2016-06-20 17:35:17','Philip','$2a$04$cYA5H4hlZTqJXnWPijoDVOYPlmbAQMrISSgbYzvwKxdIA4p1EUMPy',1,'A',NULL,NULL),(24,'Robert','Ross','robert_ross@dfci.harvard.edu','617-632-3237','2016-06-20 17:35:17','2016-06-20 17:35:17','RobertRoss','$2a$04$R/2hFHWkvDrWgCYLWG2Gh.uCreqOwZWRzyJCTzAytcG0fpZTZgqzO',1,'A',NULL,NULL),(25,'Myles','Brown','myles_brown@dfci.harvard.edu','617-632-3948','2016-06-20 17:35:17','2016-06-20 17:35:17','mbrown','$2a$04$Xx6.vkH2Bm5OaTjTdEZyUOs0ebrNOqVX4i53rWbdZEaPVwKOFyp4C',1,'A',NULL,NULL),(26,'Jennifer','Brown','jennifer_brown@dfci.harvard.edu','617-632-6692','2016-06-20 17:35:17','2016-06-20 17:35:17','JRBrown','$2a$04$4kB2wmj8L3iTnWDLv./Yaej2IoOVU.xafuGpCkngqrPki0orDglHC',1,'A',NULL,NULL),(27,'Nasim','Ahmadiyeh','nahmadiyeh@partners.org','617-582-8682','2016-06-20 17:35:17','2016-06-20 17:35:17','nah495','$2a$04$XVtOtXMj4P0zQ5E679Ms5.pKfvtpB5nyJZ8WHGHDafYAIe95YShWy',1,'A',NULL,NULL),(28,'Carrie','Emery','CarolineM_Emery@dfci.harvard.edu','617 632 1923','2016-06-20 17:35:17','2016-06-20 17:35:17','carrie','$2a$04$QOz4kUNBE2q8PB4BnhrlIug4ULXXPjUBedWk6RWLdAfBnoHsnYAk2',1,'A',NULL,NULL),(29,'Foo','Bar','foo@bar.com','555-555-5555','2016-06-20 17:35:17','2016-06-20 17:35:17','foo','$2a$04$p6nT2PIwZPGZjGueDAgr6uNoeU3LHRrlDW024CZBuWU31Oj7zFiC2',1,'A',NULL,NULL),(30,'Alejandro','Gutierrez','alejandro_gutierrez@dfci.harvard.edu','617-632-2079','2016-06-20 17:35:17','2016-06-20 17:35:17','ag832','$2a$04$VM7rB2QDJbJI31XcxC3.i.bmz1cTm2euxZkjbXSG3Vk8McwrU17RK',1,'A',NULL,NULL),(31,'Kathryn','Penney','kpenney@hsph.harvard.edu','','2016-06-20 17:35:17','2016-06-20 17:35:17','kpenney','$2a$04$U7k9iPcydPBHPKM1X6QDmOg5Wzoh5e0.QrktdDQSANajWkiuP5M7q',1,'A',NULL,NULL),(32,'Foo','Bar','foo@bar.com','555-555-5555','2016-06-20 17:35:17','2016-06-20 17:35:17','foo','$2a$04$KAmwqBNgPYSQoOj1x0d9Melp0uWdROvD5UBJE0yQi21GPRLv0WGTe',1,'A',NULL,NULL),(33,'elisa','benedettini','elisa_benedettini@dfci.harvard.edu','6176322148','2016-06-20 17:35:17','2016-06-20 17:35:17','eb802','$2a$04$Z3pAca6uzbWTIME3ObsCQ.n6vZrY7qS4OuEAj1j0.AXT0SJ1f8AoK',1,'A',NULL,NULL),(34,'charles','stiles','charles_stiles@dfci.harvard.edu','617 632-3512','2016-06-20 17:35:17','2016-06-20 17:35:17','cds10','$2a$04$SSn59/ycpp2TR83ys8L3uOggHncxjhsy7PDc2Zjea/Wv6zej/vz6O',1,'A',NULL,NULL),(35,'Deborah','Goff','deborah_goff@dfci.harvard.edu','Feb-16','2016-06-20 17:35:17','2016-06-20 17:35:17','djg19','$2a$04$0UzgWvAEJwKy/5yEuCixZuRdldUA/1D02aKpdvj13oXRSQc4WYTTy',1,'A',NULL,NULL),(36,'Christine','Beckwith','christine_beckwith@dfci.harvard.edu','6033876921','2016-06-20 17:35:17','2016-06-20 17:35:17','cb960','$2a$04$d1KPjsjcCAvSjiLCWaWE9.hK5ieZ.kM9gk1Kzk3Colz0khdb1EC3q',1,'A',NULL,NULL),(37,'Lucian','Chirieac','LCHIRIEAC@PARTNERS.ORG','617 732 8126','2016-06-20 17:35:17','2016-06-20 17:35:17','lchirieac','$2a$04$dZ1./mr2IW7Mc2tXBOa33eS8EwemgH0sZdHC3eo6qmPmxYEe6Ck6S',1,'A',NULL,NULL),(38,'Pat','Collaborator','ccgd@dfci.harvard.edu','27515','2016-06-20 17:35:17','2016-06-20 17:35:17','dfci_user','$2a$04$ZnK41wsoqHAtiG2NsPycyu5JvJnb6lbJFLu.KgXclhnmiLWVkbCBm',1,'I',NULL,NULL),(39,'mark','pomerantz','mpomerantz@partners.org','617-632-2312','2016-06-20 17:35:17','2016-06-20 17:35:17','mp91','$2a$04$kAjOV81/VFfgSk2n6t5GLuCz8AD8yrkjnZijmEemFraR6VmXFQJHG',1,'A',NULL,NULL),(40,'Keluo','Yao','keluo_yao@dfci.harvard.edu','617-582-8731','2016-06-20 17:35:17','2016-06-20 17:35:17','ky058','$2a$04$Er2n9qZhsTREUCDNldlLsOgiko1s0D78vOxAdd0KTImRj42Tv4Eei',1,'I',NULL,NULL),(41,'Edward','Fox','edward_fox@dfci.harvard.edu','617-632-2116','2016-06-20 17:35:17','2016-06-20 17:35:17','foxedward','$2a$04$mmvAu4GDVnUkVjqN33jkUekPVbDO3QbvKfJ6/v6cg8wU3sMSrV9Aa',1,'A',NULL,NULL),(42,'Edwin','Choy','echoy@partners.org','617-459-6804','2016-06-20 17:35:17','2016-06-20 17:35:17','ec952','$2a$04$GKYn7ezYl5j8sPD3h/gLQ.iCHGhO0bbxMCuUg.yIOdv3I9N.UROt.',24,'A',NULL,NULL),(43,'Mark','Pomerantz','mark_pomerantz@dfci.harvard.edu','617-632-1914','2016-06-20 17:35:17','2016-06-20 17:35:17','mp37','$2a$04$RJ1fbD7pucc9aolhZ6HWeu./ye4hon21Dd6XdY/3/K07dcMZpNE8i',1,'A',NULL,NULL),(44,'HIROKI','YAMADA','yamada_hiroki@dfci.harvard.edu','617.935.6863','2016-06-20 17:35:17','2016-06-20 17:35:17','YH058','$2a$04$kUS8dQcxj6rgQ6deT4d7keHSHe.HWfjorgVV.p4Y.QnDMwLOQJ9HG',1,'A',NULL,NULL),(45,'Mark','Pomerantz','nosman@partners.org','617-632-1914','2016-06-20 17:35:17','2016-06-20 17:35:17','mpomerantz','$2a$04$0vK0/Pf0kSxQJDFzRuKur.FemQZoEr5tTk36vGnk1BGlxxZ88mx72',1,'I',NULL,NULL),(46,'Adam','Bass','ajbass@partners.org','617-407-9275','2016-06-20 17:35:17','2016-06-20 17:35:17','ajbass','$2a$04$2xOJn7UgrM8eQrA3wm7.SODxdtnwMEmoNn7FklMuwbfUM8X8Vl8Va',1,'A',NULL,NULL),(47,'Hao','Zhang','zhangh@broad.mit.edu','919-423-5077','2016-06-20 17:35:17','2016-06-20 17:35:17','haozhang','$2a$04$.Pfo3h/a7Zqb/.AAgJ58euf1/4x.UVzgBEQVDu8AkY.7HRA2yE066',2,'A',NULL,NULL),(48,'Rafael','Bejar','rbejar@partners.org','617-732-6510','2016-06-20 17:35:17','2016-06-20 17:35:17','rb850','$2a$04$7a2jJAP6UmtcZ2a7V8y1..XAC5JUQq7SFavuHBnO4H7EtLjk5nP5u',16,'A',NULL,NULL),(49,'Derek','Chiang','dchiang@broad.mit.edu','(617) 324-2239','2016-06-20 17:35:17','2016-06-20 17:35:17','dychiang','$2a$04$TlaRJ8wr//38Uk5.hM/ouO82JtCiUvf4BMXZNbmIn71YS7GwVtWeS',1,'A',NULL,NULL),(50,'Sarah','Kehoe','sarahm_kehoe@dfci.harvard.edu','617-632-5783','2016-06-20 17:35:17','2016-06-20 17:35:17','sk580','$2a$04$zHFo2Eh410z0GiBPe8tijOKAQY47nTK9w/QZadF6hB6u2NIhH2P0e',1,'I',NULL,NULL),(51,'Amit','Dutt','amitdutt@broad.mit.edu','8578911975','2016-06-20 17:35:17','2016-06-20 17:35:17','amitdutt','$2a$04$LnRvvTvsYqzaiISpnRCWU.4zBTz6UHw6k2MRZc2tUu4NcDURgo6ma',1,'A',NULL,NULL),(52,'Aram','Hezel','ahezel@partners.org','617 643 3813','2016-06-20 17:35:17','2016-06-20 17:35:17','ahezel','$2a$04$DGK1JRD2qOBaFscBw800AO.jWcrGcy6HU5w0gxiZdTaiSWZId5FRm',24,'A',NULL,NULL),(53,'Ivana','Kim','ivana_kim@meei.harvard.edu','617 573 3367','2016-06-20 17:35:17','2016-06-20 17:35:17','ivana','$2a$04$SykCEyxhG5hvSQf7xgCksOE0rPcsjKdvhlWE3Dg86xlqs9tQ9vOG.',5,'A',NULL,NULL),(54,'Douglas','Medvetz','dmedvetz@partners.org','617-355-9103','2016-06-20 17:35:17','2016-06-20 17:35:17','dam90','$2a$04$KPJxtgp2J82wHaVJJV83kONWe.VNy3P4ePHtVqS4p4FYAnJGkT91e',16,'A',NULL,NULL),(55,'Ryan','Bender','rpbender@partners.org','582-8614','2016-06-20 17:35:17','2016-06-20 17:35:17','ChinLab2008','$2a$04$3O4c5rXjLSXJxMqt33pO6OmGGGxKZowhx4A3sC707nH6GennQmUWG',1,'A',NULL,NULL),(56,'Fran','Hornicek','fhornicek@partners.org','617 724 6802','2016-06-20 17:35:17','2016-06-20 17:35:17','hornicek','$2a$04$pWbvJa9bM4GmwN3eQwktgukMpw42edmSBAH/ltVPCUf2qVRBRCt0u',24,'A',NULL,NULL),(57,'Jonathan','Fletcher','jfletcher@partners.org','617 732 7883','2016-06-20 17:35:17','2016-06-20 17:35:17','fletcher','$2a$04$2leAQaSa2YSXHHzV2DjW4OxxBztXf9Q6ajeNCoTaY6s66pEMWXxD6',16,'A',NULL,NULL),(58,'June','Kinoshita','jkinoshita@n-of-one.com','617 669 1706','2016-06-20 17:35:17','2016-06-20 17:35:17','kinoshita','$2a$04$8HnwHkFuD1PFeV0hpDbCzOOvWC4cqOJP/GPdNwvxvSJvKkr8I5Mr2',6,'I',NULL,NULL),(59,'Alex','Ng','sng@rics.bwh.harvard.edu','617-278-0072','2016-06-20 17:35:17','2016-06-20 17:35:17','Alexng','$2a$04$7ZhYwh9f9yxVmteQLevbOeE6WsKajOgsKi9xUvVClModkGtk4H7nO',16,'A',NULL,NULL),(60,'Antoni','Ribas','aribas@mednet.ucla.edu','3102063928','2016-06-20 17:35:17','2016-06-20 17:35:17','ribas','$2a$04$756bghUUcmt/rSwhRkdKw.woDkVNq00rp4zLPiD/E1ZWbO.m2ri36',7,'A',NULL,NULL),(61,'Chandrani','Mondal','Chandrani_Mondal@dfci.harvard.edu','6175826688','2016-06-20 17:35:17','2016-06-20 17:35:17','cm315','$2a$04$uMx0U6K6msRo.rFGIEHmJecQpLhZ..xASYPkY.szG25vLh517O3Xu',1,'I',NULL,NULL),(62,'Anna','Schinzel','anna_schinzel@dfci.harvard.edu','617 632 2376','2016-06-20 17:35:17','2016-06-20 17:35:17','Schinzel','$2a$04$kYSXkXt99ptaQROygIu2feVNZGDYnrLNOJZd2aJ7m2hbGdUYA.ZGi',1,'A',NULL,NULL),(63,'vikram','Deshpande','vdeshpande@partners.org','6177247741','2016-06-20 17:35:17','2016-06-20 17:35:17','vd019','$2a$04$pqYhvUnAbJ2YNUiLChqQA.MyzS.iO3dAX8EW6Fi98fv07LN3bpXNK',24,'A',NULL,NULL),(64,'John','McGrath','johnp_mcgrath@dfci.harvard.edu','6175828668','2016-06-20 17:35:17','2016-06-20 17:35:17','jpmcgrath','$2a$04$nMfWwLhwzSiZSKod6PkjYuChFt1s/WseL8Zt3JQyUlKBaAgkNjelK',1,'A',NULL,NULL),(65,'Lauren','Luongo','LaurenA_Luongo@DFCI.HARVARD.EDU','6176325950','2016-06-20 17:35:17','2016-06-20 17:35:17','lal62','$2a$04$kslj5Q4fgle87aTEouANEuUaSELKk6JZYShwiBbEI1xo9IemtECaO',1,'I',NULL,NULL),(66,'Keith','Ligon','keith_ligon@dfci.harvard.edu','617-632-2357','2016-06-20 17:35:17','2016-06-20 17:35:17','ligonlab','$2a$04$gQ.PTcwLbkjx3aA3GaBu3OKlMb/HMtkDFoMJRJU2MwYKCcNel.qnG',1,'A',NULL,NULL),(67,'Foo','Bar','foo@bar.com','555-555-5555','2016-06-20 17:35:17','2016-06-20 17:35:17','foo','$2a$04$vmkt3r6mhsUA0qU1rtxmF.f4PGz6MeypNPV7d4QcIK807BIPWHss6',1,'A',NULL,NULL),(68,'Foo','Bar','foo@bar.com','555-555-5555','2016-06-20 17:35:17','2016-06-20 17:35:17','foo','$2a$04$f.cdzrmChkcDtbPvAuHow.Udsti9YBalARY6EpbNK0rxGK5p3yQEi',1,'A',NULL,NULL),(69,'Foo','Bar','foo@bar.com','555-555-5555','2016-06-20 17:35:17','2016-06-20 17:35:17','foo','$2a$04$igIGYqn5MTjQMrXU01CShufdqb0auiAoiVBo3bW.5FF5/FfbdBwvW',1,'A',NULL,NULL),(70,'Daniel','Chung','dchung@partners.org','617-726-8687','2016-06-20 17:35:17','2016-06-20 17:35:17','dchung','$2a$04$i45nWCovpcgf0sU3lOixQuy7xV/Ji8gu9.gcaeUoWwyEr8b/iE43i',24,'A',NULL,NULL),(71,'Henry','Koon','Henry.Koon@UHhospitals.org','(216) 368-1175','2016-06-20 17:35:17','2016-06-20 17:35:17','henrykoon','$2a$04$PfdxX2XMuPuhMRk.CTOE6.8IAv1vRY0GSDHdupLHjtqF38S8a/E3G',12,'A',NULL,NULL),(72,'Irene','Ghobrial','irene_ghobrial@dfci.harvard.edu','2.4198','2016-06-20 17:35:17','2016-06-20 17:35:17','ghobrial','$2a$04$zVMVJk5EqyrbZ0VFaMJ8COwN.QEeNSsJ2gJbMB8O95g/GmMOZx74K',1,'A',NULL,NULL),(73,'Ashley','Fairbank','ashley_fairbank@dfci.harvard.edu','617-632-4606','2016-06-20 17:35:17','2016-06-20 17:35:17','afairbank','$2a$04$EWzAbNftRLkKNh1Ob04Y8eSOOPkd3CCs46t6oZIDo5W0phwyNNSrS',1,'A',NULL,NULL),(74,'Michael','Anglesio','michael.anglesio@petermac.org','+61 3 9656 1287','2016-06-20 17:35:17','2016-06-20 17:35:17','michael.angl','$2a$04$cagnBm7HdxocdtPAooWVtezgSR8eqESt5bVvo65yAnsdPFNSrxCje',13,'A',NULL,NULL),(75,'Foo','Bar','foo@bar.com','555-555-5555','2016-06-20 17:35:17','2016-06-20 17:35:17','foo','$2a$04$rgd4euzqDf5loG5E7HI8m.PtgOwR35uwoR4nZnQwEd1yb/LFgdv5e',1,'A',NULL,NULL),(76,'Jonathan','Rosenberg','jonathan_rosenberg@dfci.harvard.edu','617 632 5456','2016-06-20 17:35:17','2016-06-20 17:35:17','rosenberg','$2a$04$bx8fi7c2wXmPIsOvVwHT0OhtxSAQM15r0VgYv8SoKfOH0xaoovU4m',1,'A',NULL,NULL),(77,'Daniel','Costa','dbcosta@bidmc.harvard.edu','617-667-9236','2016-06-20 17:35:17','2016-06-20 17:35:17','dbcosta@bidm','$2a$04$WEh5VbJja1eFaNVRHJMBm..hnVTiBSbm4LxvC/RcTArffkFJywLK6',14,'A',NULL,NULL),(78,'Peter','Guillen','pguillen06@gmail.com','617-956-2004','2016-06-20 17:35:17','2016-06-20 17:35:17','pguillen','$2a$04$4M8AUh45SZ8BnlDanRu2HOVhpuxqi4IsWxNAdCPS6TFgHT.mxgQfi',1,'I',NULL,NULL),(79,'Toni','Choueiri','toni_choueiri@dfci.harvard.edu','617-632-5456','2016-06-20 17:35:17','2016-06-20 17:35:17','tc46','$2a$04$fhDkON6EZuJqkj5b4mzrt.ex9gd/Bq98ciVkYdiL6jr./U24QOgDu',1,'A',NULL,NULL),(80,'Fabio','Schutz','FabioA_Schutz@DFCI.harvard.edu','617-632-4622','2016-06-20 17:35:17','2016-06-20 17:35:17','fs975','$2a$04$XatMorip7cdRUknO6zWvEOOTW5tfXvA4oVaTtm5I0aOXI5ghwBKxq',1,'A',NULL,NULL),(81,'Aimee','Pike','AimeeM_Pike@dfci.harvard.edu','','2016-06-20 17:35:17','2016-06-20 17:35:17','AP595','$2a$04$vOEKBiiNurtxG4kGVzSoPO0aBCEJ7.llzO7BOxYH6Aitzc//TcHx.',1,'I',NULL,NULL),(82,'Mariella','Gruber-Olipitz','mariella_gruber-olipitz@dfci.harvard.edu','6177550949','2016-06-20 17:35:17','2016-06-20 17:35:17','mgo6','$2a$04$Si.cACaGgfT2K7Z.Vhz0ZeB1QSkEShY1c/lpwzUs4zMzfr.IRYwo.',1,'A',NULL,NULL),(83,'Patrick','Oberholzer','oberholz@broadinstitute.org','617-714-7552','2016-06-20 17:35:17','2016-06-20 17:35:17','oberholz','$2a$04$eFLR.uSNmkDFuwdMLGqtguwq7nhWlPyB5nsFbXhhxl.1AhTNf7sHO',2,'A',NULL,NULL),(84,'Foo','Bar','foo@bar.com','555-555-5555','2016-06-20 17:35:17','2016-06-20 17:35:17','foo','$2a$04$SR8AqroCqGvD37seA58GneuiFI62tPoHj5hMvctzfqPHsYwB9jv/K',1,'A',NULL,NULL),(85,'Mike','Chapman','mchapman@broadinstitute.org','617 714 7572','2016-06-20 17:35:17','2016-06-20 17:35:17','mchapman','$2a$04$chaRi3VJ/eN7YLFx01aQzO8qCrYiQ4cvfBjuelno4zgtWoJlHpROO',2,'A',NULL,NULL),(86,'Gayane','Badalian','gayane_badalianvery@dfci.harvard.edu','857-488-9804','2016-06-20 17:35:17','2016-06-20 17:35:17','GBadalian','$2a$04$ut0KFAHV1dihKO8.9/GAe.dATNaplbjkhFOJcoSVVWFYhi2GHXTsS',1,'A',NULL,NULL),(87,'Scott','Armstrong','scott.armstrong@childrens.harvard.edu','617-919-2507','2016-06-20 17:35:17','2016-06-20 17:35:17','sa30','$2a$04$FuVyav79md2kjdh3m12S7eIF2FdNMWCluXPYut3v0twFdsYOWext6',32,'A',NULL,NULL),(88,'Tim','Heffernan','theffernan@partners.org','582-8338','2016-06-20 17:35:17','2016-06-20 17:35:17','theff','$2a$04$kHpHbiNPPLtfBCe9nw3IXOJ660v5GdDISTXM4wN5SEcJYZ2fCSUqy',1,'A',NULL,NULL),(89,'Athe','Tsibris','atsibris@partners.org','(617)417-1162','2016-06-20 17:35:17','2016-06-20 17:35:17','stethant','$2a$04$KU1Nvfmiy0585CAn6FY6beuV9LWVUEFuoj9sTTa1TDZr5jbZ3BCQC',16,'A',NULL,NULL),(90,'Michael','Berger','berger@broadinstitute.org','617-714-7553','2016-06-20 17:35:17','2016-06-20 17:35:17','mfberger','$2a$04$B7SP932vq37ws2KeXWlvNO4tthnENMMhVvnTpgms2IMHuyCt9gmzS',2,'A',NULL,NULL),(91,'David','Kwiatkowski','dk@rics.bwh.harvard.edu','617-355-9005','2016-06-20 17:35:17','2016-06-20 17:35:17','dk','$2a$04$v6F35x7G//.fnqywps.nBubHtM6Qg7Cogtx5ZTUzrNrIo53m1t89i',16,'A',NULL,NULL),(92,'Benjamin','Rich','brich@partners.org','','2016-06-20 17:35:17','2016-06-20 17:35:17','brich','$2a$04$JGgeuuaHb6WhA7H6AJdakONLnArr8O5mms8zJltdvu33NwJKA1Xya',1,'A',NULL,NULL),(93,'Christine','Obierika','christine_obierika@dfci.harvard.edu','6172596490','2016-06-20 17:35:17','2016-06-20 17:35:17','co932','$2a$04$e7gT7k3r7QeWwdNUroadouQP6dAdXrdREBaw9gXz4tLdkeBthXJBC',1,'I',NULL,NULL),(94,'Carmelo','Nucera','cnucera@bidmc.harvard.edu','617-5990515','2016-06-20 17:35:17','2016-06-20 17:35:17','cnucera','$2a$04$qPdwnKg6f6BxByf2UqC/BuxrTXf2a0MDNiaZGQPapHI6wGVBMNesi',24,'I',NULL,NULL),(95,'Cristina','Ferrone','cferrone@partners.org','617 643 6819','2016-06-20 17:35:17','2016-06-20 17:35:17','cferrone','$2a$04$0hu2vVibRN5XA1M3kC4EhO1uDrGxqrcHQKW5Xr1H3cQb0W9Hbu64G',24,'A',NULL,NULL),(96,'Laura','Fredenburgh','lfredenburgh@rics.bwh.harvard.edu','617 525-9563','2016-06-20 17:35:17','2016-06-20 17:35:17','lf063','$2a$04$WcnJUmPRhiqkrCEY5S9MbOn2TAxylcug9SZoYiag/a2jprTbmNDLm',16,'A',NULL,NULL),(97,'Hideo','Watanabe','hideo_watanabe@dfci.harvard.edu','617-632-4777','2016-06-20 17:35:17','2016-06-20 17:35:17','hw022','$2a$04$Gq24iHiu/eywuA10kxtEluahjNoqDYPfx3WxSo19mRuqS9UhA93wO',1,'A',NULL,NULL),(98,'Yanan','Guo','yguo5@rics.bwh.harvard.edu','617-355-9039','2016-06-20 17:35:17','2016-06-20 17:35:17','yg067','$2a$04$pcpTwkIER/dyszPn8HJpJ.s.jJVNrxd8nBm7.IorlK2oJGkzxLRB6',16,'A',NULL,NULL),(99,'Peter','Hammerman','phammerman@partners.org','617-852-6224','2016-06-20 17:35:17','2016-06-20 17:35:17','phammerman','$2a$04$KdJNYs0YUQNVz7Kxq9SYquBm/pkkkQhHY4r1fNDnT5bu4RQcaU/GS',1,'A',NULL,NULL),(100,'Yang','Liu','Yang_Liu2@DFCI.HARVARD.EDU','617-582-8535','2016-06-20 17:35:17','2016-06-20 17:35:17','tiger','$2a$04$yT.hk61k9deozoKS1I4lXuPxohGhnFXUCLZyDiY.mXYGg7uwUHZQq',1,'A',NULL,NULL),(101,'Lars','Bullinger','lars.bullinger@childrens.harvard.edu','617-919-2510','2016-06-20 17:35:17','2016-06-20 17:35:17','lars.bulling','$2a$04$NicoiRQLe1Y554K96HevZOF2D8DBB6Bqn0MIL080fOwofXQ3PxGPu',32,'A',NULL,NULL),(102,'Jeeyun','Lee','jyunlee@skku.edu','-4367','2016-06-20 17:35:17','2016-06-20 17:35:17','taro111','$2a$04$jfJkR43tbFQvf2Nqa4PnAOUm9Cevr55Z0wkN41cP1oRQdFAX0IBEW',23,'A',NULL,NULL),(103,'Frank','Kuo','fkuo@partners.org','1-857-307-1534','2016-06-20 17:35:17','2016-06-20 17:35:17','fkuo','$2a$04$7TQprONYT4dqliVrT3zWzOE88wnyItsskG1RYxQ7Jmo4Fc8MIT/nK',16,'A',NULL,NULL),(104,'Sushruta','Nagarkatti','snagarkatti@partners.org','6177266192','2016-06-20 17:35:17','2016-06-20 17:35:17','sn881','$2a$04$un/rWnCS3TlJkk8BY4SmvubTWFdWXwSo88vv1jTRSkoePIGGKMiGu',24,'A',NULL,NULL),(105,'Jesse','Boehm','boehm@broadinstitute.org','617-714-7494','2016-06-20 17:35:17','2016-06-20 17:35:17','jboehm','$2a$04$0OlE3Bs9X9iOqmrckpHqQOdbF5eRPcgZ2c6FMZD2fqizBPyit1shi',2,'A',NULL,NULL),(106,'Jeffrey','Mito','jeffrey.mito@duke.edu','919-681-8683','2016-06-20 17:35:17','2016-06-20 17:35:17','jmito','$2a$04$qfuaRuw93xMf2wqTgoSCleXfhTu3DStznWJdJI.PPDR3e5VZdsdJ2',26,'A',NULL,NULL),(107,'Nikhil','Wagle','nwagle@partners.org','617 596-3957','2016-06-20 17:35:17','2016-06-20 17:35:17','nwagle','$2a$04$51hS2g4at8e2ZE.TpeATE.gdN3F5D2Pq/PZvuEqm0nDNxBDVoqm9u',1,'A',NULL,NULL),(108,'Robert','Jones','RobertT_Jones@dfci.harvard.edu','6176325950','2016-06-20 17:35:17','2016-06-20 17:35:17','rj956','$2a$04$L5T1SDm8AMfRNefWdhKd9uqneZY5JiKggHo8nFdNcHDgplcPHujKm',1,'A',NULL,NULL),(109,'Yariv','Houvras','yhouvras@enders.tch.harvard.edu','(617) 919-2074','2016-06-20 17:35:17','2016-06-20 17:35:17','yhouvras','$2a$04$xSpHisyN8ye/WFngv0iGZuxFpfLhRmNgFYFllq8Q0.SYbUVltosPG',32,'A',NULL,NULL),(110,'Amity','Manning','almanning@partners.org','857-526-1728','2016-06-20 17:35:18','2016-06-20 17:35:18','almanning','$2a$04$zfR.pToenyYho/fgyRUdZuiaiR/jPrGYo0hj4lD1lZRqbCiSjeDUi',24,'A',NULL,NULL),(111,'Katherine','Dunn','katherine_dunn@dfci.harvard.edu','617-955-3417','2016-06-20 17:35:18','2016-06-20 17:35:18','kdunn','$2a$04$ZPyCWco6BvmPHGNxJBkyue6MqGCLhB.eiF7RE2Ptp.et0zVdOUKc.',1,'A',NULL,NULL),(112,'James','DeCaprio','james_decaprio@dfci.harvard.edu','617 632-3825','2016-06-20 17:35:18','2016-06-20 17:35:18','jd017','$2a$04$Yb1qG4eki8ajJrOtICT8g.jTO4UkvOXyEawOTNBsP0yOiTJ3T2kVy',1,'A',NULL,NULL),(113,'Shamini','Selvarajah','Shamini_Selvarajah@dfci.harvard.edu','6174558513','2016-06-20 17:35:18','2016-06-20 17:35:18','shamini','$2a$04$1xr7h//TWIk8ij16T6fKKubuVc4rgTy8xyvp17c8lId36jqwycjqm',1,'A',NULL,NULL),(114,'Nina','Lin','nhlin@partners.org','617-768-8479','2016-06-20 17:35:18','2016-06-20 17:35:18','ninalin','$2a$04$QTH9uIQ2HsXMxM8/vubr6uocVwA8TCAyACG6RBHMHJgDSxBvpwrrm',30,'A',NULL,NULL),(115,'Foo','Bar','foo@bar.com','555-555-5555','2016-06-20 17:35:18','2016-06-20 17:35:18','foo','$2a$04$oqHmvTUO/U9gfEQCRoGRHOBRyPG1md1nDsyFR3pxwQ4d1rVcZwUCW',1,'A',NULL,NULL),(116,'Ann','Mullally','amullally@partners.org','6173559091','2016-06-20 17:35:18','2016-06-20 17:35:18','amullal','$2a$04$wwHlRcO0KVJkk6EBaE..Ju9qL4lIOepG04S5HQv1.FgvSnJQiS4pu',16,'A',NULL,NULL),(117,'Eva','Hernando','eva.hernando@med.nyu.edu','1-212-263 9054','2016-06-20 17:35:18','2016-06-20 17:35:18','hernandoeva','$2a$04$nh1O0C24L4NafF7xUnQapuPYIqegLE837BlFnOfA.42PuNuf3ZHaO',31,'A',NULL,NULL),(118,'Foo','Bar','foo@bar.com','555-555-5555','2016-06-20 17:35:18','2016-06-20 17:35:18','foo','$2a$04$DWssfTpXchZNh8WKGw3JOO2KZLqog6wXG04WWkxY8WZcnMAs0ICZu',1,'A',NULL,NULL),(119,'Antoni','Ribas','evoneuw@mednet.ucla.edu','310-983-1262','2016-06-20 17:35:18','2016-06-20 17:35:18','oncomap3','$2a$04$Husq9rUWSoWCwDAfNVLjMuqSedaICgpXy34Wg7Xvi4reabcmAkTQC',7,'A',NULL,NULL),(120,'Monica','Calicchio','monica.calicchio@childrens.harvard.edu','617.919.2495','2016-06-20 17:35:18','2016-06-20 17:35:18','mlcalicchio','$2a$04$Xi3NIAhtT9mJts8WQPzMPubBxPGJU6e5lAMqtDLz3lyqDN1dbS7QK',32,'A',NULL,NULL),(121,'Sandra','Kirley','skirley@partners.org','617-726-8480','2016-06-20 17:35:18','2016-06-20 17:35:18','sdk3','$2a$04$GPmsAW1sapTeAv3NlUfQXeCIp8DZ2suEABpvQiaSrpllSXmj.rIB2',24,'A',NULL,NULL),(122,'Eejung','Kim','eejung_kim@dfci.harvard.edu','22383','2016-06-20 17:35:18','2016-06-20 17:35:18','ek831','$2a$04$1ZhQg6biK34RT9KbbrK9z.vd1dn9HIF5gMRqlo17y9G39e1.dHLoy',1,'A',NULL,NULL),(123,'Matt','Ducar','MatthewD_Ducar@DFCI.HARVARD.EDU','','2016-06-20 17:35:18','2016-06-20 17:35:18','mducar','$2a$04$TgV58q6onHBhmpUT8qJCGOEL.QeE5AWrLvyE3ozfBZl7zJXN5FvbO',1,'A',NULL,NULL),(124,'Brian','Crompton','brian.crompton@childrens.harvard.edu','617-582-8553','2016-06-20 17:35:18','2016-06-20 17:35:18','bcrompton','$2a$04$lhBFPZB5jm8KuWvDoMAq4u8W36vxFXwvkGl4ElO480Jlw/5euoA2u',1,'A',NULL,NULL),(125,'Chin-Lee','Wu','CWU2@PARTNERS.ORG','617-726-8454','2016-06-20 17:35:18','2016-06-20 17:35:18','ChinLee','$2a$04$5H9FS.t2mbl4XKJnOPji4eq5OzYKT1RDJtrOOeepcfS0bwlHd5Byi',24,'A',NULL,NULL),(126,'Meghan','Comeau','comeau.meghan@dfci.harvard.edu','9785058544','2016-06-20 17:35:18','2016-06-20 17:35:18','nc869','$2a$04$QIdIZt2Gg53HfbG3GEveRePJfjop.80Z9EA3YPrcR4AAeNO5PGB/y',1,'I',NULL,NULL),(127,'Madhuri','Koti','madhurikoti@gmail.com','613-5332000 x 79055','2016-06-20 17:35:18','2016-06-20 17:35:18','jeremysquire','$2a$04$LXE2BFBpzDj8x7M0oZeLy.vJTQ.dLo.Qy4OlmPbRKpFR97i05eIBy',33,'A',NULL,NULL),(128,'Youngwook','Kim','young_w_.kim@sbri.co.kr','82-2-2148-7349','2016-06-20 17:35:18','2016-06-20 17:35:18','Youngwook.Ki','$2a$04$MUG2CHaHWUUrbnOvNdSD4.pxIEe2DO4jFL3OMiTpnEU2Pg5rmLa.m',23,'A',NULL,NULL),(129,'Youngwook','Kim','qedos@hotmail.com','82-2-2148-7349','2016-06-20 17:35:18','2016-06-20 17:35:18','Youngwook.Ki','$2a$04$irFR1sXZqhVYJFzSXeWx7ODLWkfMijEa/gh0vyU07VgPszlzgYKsW',23,'A',NULL,NULL),(130,'shamini','selvarajah','sselvarajah@partners.org','6174558513','2016-06-20 17:35:18','2016-06-20 17:35:18','shamrose','$2a$04$UTf46FHREicK8YL0A0L5guxLp83c3Et20ikPWwMg2zhRanXOUdsTW',16,'A',NULL,NULL),(131,'Foo','Bar','foo@bar.com','555-555-5555','2016-06-20 17:35:18','2016-06-20 17:35:18','foo','$2a$04$L9JnhtKvMxPPQ9gmxuBX2O65JjZRLx6f.ttSIzNLPNzLZE48RU8Qi',1,'A',NULL,NULL),(132,'Stephen','Mok','smok@mednet.ucla.edu','3108252676','2016-06-20 17:35:18','2016-06-20 17:35:18','ribaslab','$2a$04$oNpzmYpzChtWzGrIWYAzyeNA9plp9d7S78FDkF7.z/hh5/dTlwud6',7,'A',NULL,NULL),(133,'Jingwei','Cheng','jingwei_cheng@dfci.harvard.edu','617-632-4797','2016-06-20 17:35:18','2016-06-20 17:35:18','JC221','$2a$04$anCQwT3uFkCnvdbeYZM.MuRB5gYClf4uZZ6S4QTl7ZrXaqk60ugfW',1,'A',NULL,NULL),(134,'Mark','Kieran','mark_kieran@dfci.harvard.edu','(617) 632-4907','2016-06-20 17:35:18','2016-06-20 17:35:18','mwk0','$2a$04$Ozqxj9.Nw5MYwfMmnEifM.37LhMYSYEtbbhSP89k6njv59LFYIkNK',1,'A',NULL,NULL),(135,'Matt','Theisen','matthewa_theisen@dfci.harvard.edu','6175828767','2016-06-20 17:35:18','2016-06-20 17:35:18','matheisen','$2a$04$KO3b53WpUlAoSkyPinCdA.M9tUJAyVnJ53KO/wfZPkOZltYfhBhDO',1,'A',NULL,NULL),(136,'Carmen','Priolo','carmen__priolo@dfci.harvard.edu','6176326461','2016-06-20 17:35:18','2016-06-20 17:35:18','CPriolo','$2a$04$jXGaySpUybWJuEDoJOzQIOE39G/Hf0w8kn3hZ82AZL73L9c4h2LY6',1,'A',NULL,NULL),(137,'Paul','VanHummelen','paul_vanhummelen@dfci.harvard.edu','','2016-06-20 17:35:18','2016-06-20 17:35:18','paulvan','$2a$04$l3P/s6ABU6Sa7yWc9N1rKOxfiyb0x.FgAOJgn1y1mvMt.mo6iohuy',1,'A',NULL,NULL),(138,'John','Keilty','john.keilty@infi.com','617-453-1000','2016-06-20 17:35:18','2016-06-20 17:35:18','jkeilty','$2a$04$O2sUol8dGWKK.1pofmanCOFR/EUgNboD8xJG.2swOhamRdHeNaD8e',35,'A',NULL,NULL),(139,'Jennifer','Brown','jbrown2@partners.org','617-632-4894','2016-06-20 17:35:18','2016-06-20 17:35:18','jb916','$2a$04$HYOvcKPPNeIdTIc2U.283OjbHhWerLlzw8fAZzoSHZEq8SBOob0u6',1,'A',NULL,NULL),(140,'Alexi','Wright','alexi_wright@dfci.harvard.edu','617-632-3547','2016-06-20 17:35:18','2016-06-20 17:35:18','alexiwright','$2a$04$ujxhbgkC8wmzhk2oVvTq/eepcGh/ErmtryrBZTC81zfGC2cAJ5R0i',1,'A',NULL,NULL),(141,'Filipe','Martins','filipe_martins@dfci.harvard.edu','6175828073','2016-06-20 17:35:18','2016-06-20 17:35:18','filipecorrei','$2a$04$nZSZOgMKL9xqgVv6w552s.o0qISv5.xRzq1U7yj2JpdbKcDVeKjyW',1,'A',NULL,NULL),(142,'Xiangqing','Yang','xiangqing_yang@dfci.harvard.edu','(617)582-8803','2016-06-20 17:35:18','2016-06-20 17:35:18','xyang','$2a$04$hRaQIRWoAWrR9i/NJV8mNumyxqLLUmNJYr1tc/.uCDxCurvxiSNHC',1,'A',NULL,NULL),(143,'Xiangqing','Yang','xiangqingy@gmail.com','(617)582-8803','2016-06-20 17:35:18','2016-06-20 17:35:18','xyang126','$2a$04$1c8h6qqvLXawY/6QZpTgX.kT4s4SZS/TnWDjeN78HRSLi/aulaxjW',1,'A',NULL,NULL),(144,'Daniel','Auclair','dauclair@broadinstitute.org','617-714-8644','2016-06-20 17:35:18','2016-06-20 17:35:18','auclaird','$2a$04$ux9xF4pJ6/W8O7AgVz237ueCnr3jQXVt2kF9cQ85dUEWjEeZjqzeK',2,'A',NULL,NULL),(145,'Elizabeth','Garcia','egarcia7@partners.org','','2016-06-20 17:35:18','2016-06-20 17:35:18','eg804','$2a$04$WbeZKnDWfPDac0TU5opWvusWuv7HjBtjQ9mazFBOFHgtgIcjTvV/K',16,'A',NULL,NULL),(146,'Victoria','Brown','vebrown@partners.org','617 525 3168','2016-06-20 17:35:18','2016-06-20 17:35:18','vbrown88','$2a$04$hZy.iZJskqx4/4O.rW9f8uUnTPBCxuz0h/58E.8oMv4xqk3e2PCc2',16,'A',NULL,NULL),(147,'Lan','Hu','lanhu@jimmy.harvard.edu','','2016-06-20 17:35:18','2016-06-20 17:35:18','hulan','$2a$04$mFYFBen.lmd7hM7AcieUhON3mcuSrza72nlEhiz/tF2jzly/H134m',1,'A',NULL,NULL),(148,'Jacek','Wardzala','jacek_wardzala@gmail.com','617 632 2204','2016-06-20 17:35:18','2016-06-20 17:35:18','jw500','$2a$04$sVx3bIfpcogADMP.lsKizuMMW5.zReZtuhxQTe9SNWs294tGUEmvq',1,'A',NULL,NULL),(149,'Foo','Bar','foo@bar.com','555-555-5555','2016-06-20 17:35:18','2016-06-20 17:35:18','foo','$2a$04$W5FahboXPkOvyWlIMG.2V.DAzvFmybPEKmHBK3re9lytm1dz4ISFW',1,'A',NULL,NULL),(150,'Efi','Kokkotou','kthall@bidmc.harvard.edu','617 818 2111','2016-06-20 17:35:18','2016-06-20 17:35:18','kthall','$2a$04$aHIFlxpDMI8F2Fzif7c7.e8NN1CzgVtXNhSFCyp8utCOtEgxcUc/u',36,'A',NULL,NULL),(151,'Foo','Bar','foo@bar.com','555-555-5555','2016-06-20 17:35:18','2016-06-20 17:35:18','foo','$2a$04$.wUaseH2Ye57oblNuFNzj.Mf6mcMqBKLYppQP0CG2SvbTg2ELjjr2',1,'A',NULL,NULL),(152,'Joonil','Jung','joonilj@broadinstitute.org','617-714-7579','2016-06-20 17:35:18','2016-06-20 17:35:18','joonilj','$2a$04$Y8IdYeZOJ6vJ4PFLDK29T.RP/5FhvU9CE3tvn2ijl4GLz760ogEaC',2,'A',NULL,NULL),(153,'Kin','Yu','kin.yu@sanofi-aventis.com','6176654222','2016-06-20 17:35:18','2016-06-20 17:35:18','ktysaoncobu','$2a$04$MrLwgtj40UBigGfDQAOYfu6IwoZ1ZWn2zVP5mXGtlSTPSNapH7kSu',38,'A',NULL,NULL),(154,'Ravali','Adusumilli','ravali_adusumilli@dfci.harvard.edu','','2016-06-20 17:35:18','2016-06-20 17:35:18','ravali','$2a$04$q8xpXVpYzzO0RiwPHr5il.gcT/ateZHpcRhvA0q.2Q9vUQ/c3qNQG',1,'A',NULL,NULL),(155,'Edward','Stack','edward_stack@dfci.harvard.edu','7818373367','2016-06-20 17:35:18','2016-06-20 17:35:18','ecstack','$2a$04$BcdiGmfc4/F.zv30mj6vv.1WzrdPlUvUPYKNyJCjw/1PpT05RiXlG',1,'A',NULL,NULL),(156,'Scott','Swanson','sjswanson@partners.org','6175257532','2016-06-20 17:35:18','2016-06-20 17:35:18','SJS','$2a$04$r3wiMui1nR3wnI6kLq9AGu.52QVBzmBWsk2ZxHrcOO0lGyv4I8.7y',16,'A',NULL,NULL),(157,'Jeff','DeFrank','jeff_defrank@dfci.harvard.edu','Feb-64','2016-06-20 17:35:18','2016-06-20 17:35:18','JSD1','$2a$04$6RDE3OGLa5h6fgEMBuIJsedHYByWVhuCSP2BxZNTEjN.nPUuZO.vG',1,'A',NULL,NULL),(158,'Alex','Huang','alex.huang@sanofi-aventis.com','617-665-4221','2016-06-20 17:35:18','2016-06-20 17:35:18','i0138401','$2a$04$mmjryVNlQAnVVSTizA6ivefpz/OW40HaUodOx8WWs/JrUCweYqTcy',38,'A',NULL,NULL),(159,'ruchi','joshi','rjoshi1@partners.org','','2016-06-20 17:35:18','2016-06-20 17:35:18','rjoshi','$2a$04$b5k3L/rBunnCx1f.nV43ReinqJ5yjwXdLsk0O6xGKMmnK1L/UnCua',16,'A',NULL,NULL),(160,'Adri','Mills','adri_mills@dfci.harvard.edu','607-229-9054','2016-06-20 17:35:18','2016-06-20 17:35:18','am20','$2a$04$ZzkYYLTBHkufdEVL5GEcweCHrVs.3jUPK/XwNyfB/jXhornDpUsnS',1,'I',NULL,NULL),(161,'Priscilla','Brastianos','pbrastianos@partners.org','617-632-2199','2016-06-20 17:35:18','2016-06-20 17:35:18','brastianos','$2a$04$Cank/NR4sSmcaV7Vi2R8ju/bfmRzsHn/tKPa04Vh7SnmET5EbmvPi',1,'A',NULL,NULL),(162,'Foo','Bar','foo@bar.com','555-555-5555','2016-06-20 17:35:18','2016-06-20 17:35:18','foo','$2a$04$NhFChUadqkcbSd9xCpT4JejUX5Gc/6S1TzDZtkNBdL5kow7VAdbZi',1,'A',NULL,NULL),(163,'Foo','Bar','foo@bar.com','555-555-5555','2016-06-20 17:35:18','2016-06-20 17:35:18','foo','$2a$04$34mDaIw9hzECn8xiF7flmuGgc5TQJ4cyCosu.0t1synQ6xYuJ.NRK',1,'A',NULL,NULL),(164,'Takeshi','Shimamura','takeshi_shimamura@dfci.harvard.edu','617-582-7644','2016-06-20 17:35:18','2016-06-20 17:35:18','tshimamura','$2a$04$EzmeSJ8NSbX3f9tl2cy96u5u8VD7KjB7anS0OnQyfIxb3UmpiM2ny',1,'A',NULL,NULL),(165,'Brenton','Mar','brenton.mar@childrens.harvard.edu','617-632-4689','2016-06-20 17:35:18','2016-06-20 17:35:18','brentonmar','$2a$04$CTp/cn2C5yEqGQLv5vT.cuPusCEBFQmXGq1Bt6IFD2KV93Vp10jO2',1,'A',NULL,NULL),(166,'Foo','Bar','foo@bar.com','555-555-5555','2016-06-20 17:35:18','2016-06-20 17:35:18','foo','$2a$04$Sui/86PLpg/VqhFsz7VxiOKKp.zGcvcPhaUvSuK58BFb9EO8NUXV.',1,'A',NULL,NULL),(167,'Rameen','Beroukhim','rameen@broadinstitute.org','617-582-7941','2016-06-20 17:35:18','2016-06-20 17:35:18','rameen','$2a$04$fVplODW.HQ8zCU0MXCFcrepfZaJ9N1JVUZbT6cM4ev5x503pcMFEq',1,'A',NULL,NULL),(168,'Youngha','Kim','youngha_kim@dfci.harvard.edu','617-582-4132','2016-06-20 17:35:18','2016-06-20 17:35:18','CMR','$2a$04$ez119IRQuIDzS0SPfZGBDebBBXN6wJEjaOeWpT0E.jaTYvUNyeCVq',1,'A',NULL,NULL),(169,'Andrea','Myers','apmyers@partners.org','650-714-5706','2016-06-20 17:35:18','2016-06-20 17:35:18','apmyers','$2a$04$v3HcAnnx8Mh6LNoMbRhGBex0Ncs.9tjDAtwyVXLi6H2P9kvY5co.O',40,'A',NULL,NULL),(170,'Foo','Bar','foo@bar.com','555-555-5555','2016-06-20 17:35:18','2016-06-20 17:35:18','foo','$2a$04$BwRlPnkr252JfK8DAK904.3wnzO8KT1LS1wT9cL0ngDB2aGZm.mIq',1,'A',NULL,NULL),(171,'Ashwini','Sunkavalli','ashwini_sunkavalli@dfci.harvard.edu','6176326439','2016-06-20 17:35:18','2016-06-20 17:35:18','az975','$2a$04$E9fpxY774vRXCRRhHUG7buM3G0w/mKtIKQXAIIj.J8/rrxTJX6URC',1,'A',NULL,NULL),(172,'Coren','Milbury','coren_milbury@dfci.harvard.edu','617-632-4120','2016-06-20 17:35:18','2016-06-20 17:35:18','cmilbury','$2a$04$hsWWiqbxJedvrT7KrcI3XOvOyLgF9tBR0zaXx6x6aJQ5hp6yCnbWC',1,'A',NULL,NULL),(173,'Sung-Min','Chun','alsl1000@hanmail.net','8.21034E+11','2016-06-20 17:35:18','2016-06-20 17:35:18','tez','$2a$04$Pwaso3XJy55J143ZEz3tG.wi4JALSEclVSWwpx2QO30YCsLZ4h.d.',1,'A',NULL,NULL),(174,'Josh','Francis','joshua_francis@dfci.harvard.edu','617-714-7586','2016-06-20 17:35:18','2016-06-20 17:35:18','jmf83','$2a$04$QW1Qw3XwlaV95v8IRHNkseFu030iNcE6tDd.XtwCKrdfVq82MHBOa',1,'A',NULL,NULL),(175,'Sung-Min','Chun','smchun@amc.seoul.kr','82230105999','2016-06-20 17:35:18','2016-06-20 17:35:18','alsl1000','$2a$04$cERWs2WxsPslo7aQHElDOO41T2Cmm0d9YAyJMspsI9UWUk9xaOqMG',1,'A',NULL,NULL),(176,'Steven','Bair','stevenm_bair@dfci.harvard.edu','6176324610','2016-06-20 17:35:18','2016-06-20 17:35:18','sb670','$2a$04$CCP9ayWPaCv0UAdlRhXyruPu7eteCGffflUZ8zitQJEiZAiM82/1y',1,'A',NULL,NULL),(177,'Alex','Kentsis','alex.kentsis@childrens.harvard.edu','6176324130','2016-06-20 17:35:18','2016-06-20 17:35:18','kentsis','$2a$04$Lwyb9HlSp82pVn7xbp2KY.HsuHgtme8r9rLf6ewE233mlgMda8POu',32,'A',NULL,NULL),(178,'Sewanti','Limaye','slimaye@partners.org','617-632-3090','2016-06-20 17:35:18','2016-06-20 17:35:18','sl113','$2a$04$8r2xmKP5xQCRXsBRXqYCROmfII4abtn9Aru1lK8gVZw9ywVd3B7NS',16,'A',NULL,NULL),(179,'SARA','TOLANEY','stolaney@partners.org','617-632-5743','2016-06-20 17:35:18','2016-06-20 17:35:18','stolaney','$2a$04$zasXr9xFxZ3CZ4m7Fcs2R.9itEXmdj1m7gvpjiB4GEuX6FcOzisZy',1,'A',NULL,NULL),(180,'Bjoern','Chapuy','Bjoern_Chapuy@dfci.harvard.edu','1(617)6323881','2016-06-20 17:35:18','2016-06-20 17:35:18','bchapuy','$2a$04$8IHbSs1t/l7uEW8o0bBt/esma.xOK07o6HcCc/jUBZ2kxPwQntcti',1,'A',NULL,NULL),(181,'Foo','Bar','foo@bar.com','555-555-5555','2016-06-20 17:35:18','2016-06-20 17:35:18','foo','$2a$04$CwfuAkd0ZHw1pCWmadn7SeKJnFndtWaSC0cGQXgCNsupXvMPqjX2S',1,'A',NULL,NULL),(182,'Peleg','Horowitz','phorowitz@partners.org','773-480-5987','2016-06-20 17:35:18','2016-06-20 17:35:18','horowitz','$2a$04$O7F.YfLYE6UBY.SCfGxWYu9OaT0lLp.KrIm2RjffdZdZY.ILnoKY.',2,'A',NULL,NULL),(183,'Brian','Goodman','bmgoodman@partners.org','617-525-6784','2016-06-20 17:35:18','2016-06-20 17:35:18','bmgoodman','$2a$04$yiSSyIvZ9rsutdceqxhHjetBGOlFZac8DNjY5r0ROmM8DJxonTMxW',16,'A',NULL,NULL),(184,'Sandro','Santagata','ssantagata@partners.org','617-732-7532','2016-06-20 17:35:18','2016-06-20 17:35:18','santas01','$2a$04$vmKFW8NZvjJioKLHBhVXo.tDNyuXCv1IaXQpvkVwRsbFXBw5bB6fO',16,'A',NULL,NULL),(185,'Oliver','Weigert','oliver_weigert@dfci.harvard.edu','617-582-8868','2016-06-20 17:35:18','2016-06-20 17:35:18','oweigert','$2a$04$OWHkXrjF2fpVYo0lpRkFpeHIQeEjXlLhiZ4Syi6mPzQemnPMEKlxS',1,'A',NULL,NULL),(186,'David','Hsu','hsu00018@dm.duke.edu','919-684-1739','2016-06-20 17:35:18','2016-06-20 17:35:18','swdhsu','$2a$04$P9j8B/s1DwlniamzDaLo3eROS6DXM6P/KQ/9BsEGtSMY4UUmvnQra',44,'A',NULL,NULL),(187,'Foo','Bar','foo@bar.com','555-555-5555','2016-06-20 17:35:18','2016-06-20 17:35:18','foo','$2a$04$8HPpfXqwLfLKHQ7PC9mqr.TDOcCkaiL9CdrarwmwiUIsZk0BGiSrS',1,'A',NULL,NULL),(188,'Joshua','Uronis','ju12@duke.edu','+1 919 684 1591','2016-06-20 17:35:18','2016-06-20 17:35:18','hsulab','$2a$04$qgOu2M.SCYmUtduVHs.tyuDllymU/h1iBNAUcJukp3MuqVISIfBj6',44,'A',NULL,NULL),(189,'Foo','Bar','foo@bar.com','555-555-5555','2016-06-20 17:35:18','2016-06-20 17:35:18','foo','$2a$04$XOQQ2ZCZX60PfSg9V.zDluK25rVSoWZm78/1XwO61UHOYGrlcGFny',1,'A',NULL,NULL),(190,'Foo','Bar','foo@bar.com','555-555-5555','2016-06-20 17:35:18','2016-06-20 17:35:18','foo','$2a$04$7serzSHkYReaSWBmUmoSf.IfDnUN/2rH7698mztblZv06C2Tff7cm',1,'A',NULL,NULL),(191,'Foo','Bar','foo@bar.com','555-555-5555','2016-06-20 17:35:18','2016-06-20 17:35:18','foo','$2a$04$Ts5GRU1nexZbNSgNJPuGZeOjle1PkLMLPEV2jO/3UZ0X2r5tHOzfW',1,'A',NULL,NULL),(192,'Foo','Bar','foo@bar.com','555-555-5555','2016-06-20 17:35:18','2016-06-20 17:35:18','foo','$2a$04$lUxqm0ao5tdUIsY7txy5EecH3fDaCQhxASU/2RDMsT4xa.n43BjHO',1,'A',NULL,NULL),(193,'Foo','Bar','foo@bar.com','555-555-5555','2016-06-20 17:35:18','2016-06-20 17:35:18','foo','$2a$04$N8CNCtDj1ByG8k23MFFLlO56ZspGHLOo/MR4HoteT4p5cxLGmfTJ2',1,'A',NULL,NULL),(194,'Foo','Bar','foo@bar.com','555-555-5555','2016-06-20 17:35:18','2016-06-20 17:35:18','foo','$2a$04$L2LwpObVdeK7LRImlX/hveBYU/6P3K/MiovvTZjsBC6X6cFpPOPZi',1,'A',NULL,NULL),(195,'Foo','Bar','foo@bar.com','555-555-5555','2016-06-20 17:35:18','2016-06-20 17:35:18','foo','$2a$04$LIujufnrOkCmNH6zM/obQOlbjQZORdXH.86.ZmyReCwa1G4cDyyHK',1,'A',NULL,NULL),(196,'Foo','Bar','foo@bar.com','555-555-5555','2016-06-20 17:35:18','2016-06-20 17:35:18','foo','$2a$04$seA9QixBt/fDAyEknG96t.0SGLGCfj3nl5kgoVNZsmufTH94ENV8y',1,'A',NULL,NULL),(197,'Foo','Bar','foo@bar.com','555-555-5555','2016-06-20 17:35:18','2016-06-20 17:35:18','foo','$2a$04$7PccJmGnNiFuzZM94EecH.3DDueMXQDfSS22TQXgu5zWFI3Unf0ka',1,'A',NULL,NULL),(198,'Foo','Bar','foo@bar.com','555-555-5555','2016-06-20 17:35:18','2016-06-20 17:35:18','foo','$2a$04$YB7TVlxvRXHxynyw.USRq.Ufcy0KCHOE8yUy24bFep7blUO8Ufpk.',1,'A',NULL,NULL),(199,'Foo','Bar','foo@bar.com','555-555-5555','2016-06-20 17:35:18','2016-06-20 17:35:18','foo','$2a$04$lFoT3JsJUpSnFfUI7FL14OwrDjVZhlirr9bi14OEAf6dGsWI/rdGW',1,'A',NULL,NULL),(200,'Foo','Bar','foo@bar.com','555-555-5555','2016-06-20 17:35:18','2016-06-20 17:35:18','foo','$2a$04$toO3tXjf178Hz8WH9HrDs.H6UMQBQ00jxTY9kk104CAeRyBLIJRZu',1,'A',NULL,NULL),(201,'Foo','Bar','foo@bar.com','555-555-5555','2016-06-20 17:35:18','2016-06-20 17:35:18','foo','$2a$04$rQPB3oH0cnWcmciBKC0Ge.q2jx6i3Pv8r3n5RUuwYw1lT3FTweR7W',1,'A',NULL,NULL),(202,'Foo','Bar','foo@bar.com','555-555-5555','2016-06-20 17:35:18','2016-06-20 17:35:18','foo','$2a$04$ohJqtfz0NwjVXnfR9CS9Buz1hkzZA/iq4auANSiTis2RZWv8D0VMO',1,'A',NULL,NULL),(203,'Foo','Bar','foo@bar.com','555-555-5555','2016-06-20 17:35:18','2016-06-20 17:35:18','foo','$2a$04$66msooCrMLMs0RkvbJlpmO2m7zRyY2/MUPT/FLuQa9ihwfG/COxB.',1,'A',NULL,NULL),(204,'Foo','Bar','foo@bar.com','555-555-5555','2016-06-20 17:35:18','2016-06-20 17:35:18','foo','$2a$04$pStVHYv0AOPZIsIrZxy3CeFUC6ggW8FO0DpDUHYf42x1c/phAULRa',1,'A',NULL,NULL),(205,'Foo','Bar','foo@bar.com','555-555-5555','2016-06-20 17:35:18','2016-06-20 17:35:18','foo','$2a$04$5vdur660YCQ.L3MT7SNkq.T9Vhck7rRSEY6MyYmU0LxNe8bCvHG3W',1,'A',NULL,NULL),(206,'Foo','Bar','foo@bar.com','555-555-5555','2016-06-20 17:35:18','2016-06-20 17:35:18','foo','$2a$04$FzrlmAvWDuYkqvTrGKc.OuPTSPrqN9vsBaeZDei2FB1wocfmVgctS',1,'A',NULL,NULL),(207,'Foo','Bar','foo@bar.com','555-555-5555','2016-06-20 17:35:18','2016-06-20 17:35:18','foo','$2a$04$FAMMkiKEiZC7kxBx1hKQc.LwZLuLxymHUv2reVczD4oDOyMF574l.',1,'A',NULL,NULL),(208,'Foo','Bar','foo@bar.com','555-555-5555','2016-06-20 17:35:18','2016-06-20 17:35:18','foo','$2a$04$gIJKO2EAiZ5o6SYLMbu1jOCcFeL3lTUNzcFZIo1FIux0CLntbqqme',1,'A',NULL,NULL),(209,'Foo','Bar','foo@bar.com','555-555-5555','2016-06-20 17:35:18','2016-06-20 17:35:18','foo','$2a$04$B6zHMYCSx2f4l2U15OA34OE23TM0Hehljql9zTLmRfhcLYnqo2B3S',1,'A',NULL,NULL),(210,'Foo','Bar','foo@bar.com','555-555-5555','2016-06-20 17:35:18','2016-06-20 17:35:18','foo','$2a$04$JtpiZ2RTJ2wLM71w2aU/tehoFPVE7lqj0HeXQNFgQ1vERHKj2OJmy',1,'A',NULL,NULL),(211,'Foo','Bar','foo@bar.com','555-555-5555','2016-06-20 17:35:18','2016-06-20 17:35:18','foo','$2a$04$UVy8wzVlJLG0t28Vmsl47u31qvhAt0SLokBAM/Xv5P8jQdtWhPxNK',1,'A',NULL,NULL),(212,'Foo','Bar','foo@bar.com','555-555-5555','2016-06-20 17:35:18','2016-06-20 17:35:18','foo','$2a$04$2y7UtQppdiUNxm/sDBxjtuyVOtzLXTLXlv8bi2Vx.G8oXkofeaw12',1,'A',NULL,NULL),(213,'Foo','Bar','foo@bar.com','555-555-5555','2016-06-20 17:35:18','2016-06-20 17:35:18','foo','$2a$04$MNQmYVq86/hYkaRpWD5URuaZWVJqpDiD1DOuvdj23UUVyljQepMNO',1,'A',NULL,NULL),(214,'Foo','Bar','foo@bar.com','555-555-5555','2016-06-20 17:35:18','2016-06-20 17:35:18','foo','$2a$04$.SSReNxBfUsepROIEn7wVes2Wzt33u24IlHjlyMKTkTGDruKYRP2e',1,'A',NULL,NULL),(215,'Xuesong','Zhao','xuesong_zhao@dfci.harvard.edu','617 632 6174','2016-06-20 17:35:18','2016-06-20 17:35:18','snowpine','$2a$04$/Dj.dgBT4BfpouAfiyJjUu/Bq9kkrdySed6EDBvlko6nL734NAF/i',1,'A',NULL,NULL),(216,'YF','Wong','yfwong@partners.org','6172780196','2016-06-20 17:35:18','2016-06-20 17:35:18','yfwong','$2a$04$6.gQ.JllQgRtW548V8boie/RmjVm9/X/q51hlt0eQiZ/btN9zJP2S',16,'A',NULL,NULL),(217,'Aymen','Elfiky','Aymen_Elfiky@dfci.harvard.edu','617-632-5456','2016-06-20 17:35:18','2016-06-20 17:35:18','ae955','$2a$04$.85U.YcQ866bKwn7k4xoeOTsQrVOWugQH3xhkuWniibn/I0SCWoVa',1,'A',NULL,NULL),(218,'Simone','Hettmer','simone_hettmer@dfci.harvard.edu','617 632-4550','2016-06-20 17:35:18','2016-06-20 17:35:18','Wagerslab','$2a$04$G.0sQ.lOsBHKIpEAunGC4emt1aitM3hw0ofBrmJ1Mf/cOxop/Zo3y',1,'A',NULL,NULL),(219,'Constantine','Mitsiades','constantine_mitsiades@dfci.harvard.edu','617-632-1962','2016-06-20 17:35:18','2016-06-20 17:35:18','cmitsiades','$2a$04$XveP8BfRQV9lIlSDRkwvZe4/nwY7hOE4kWn4BeQxllCVylz8N/FFy',1,'A',NULL,NULL),(220,'Louise','Koopman','louise_koopman@dfci.harvard.edu','617-632-6922','2016-06-20 17:35:18','2016-06-20 17:35:18','lkoopman','$2a$04$NOKHObuXXaOvoGx1p456oeBzD4T0PR1kwlKIODVnY3.7NOJgYf93m',48,'A',NULL,NULL),(221,'David','Weinstock','dweinstock@partners.org','24245','2016-06-20 17:35:18','2016-06-20 17:35:18','weinstod','$2a$04$vOkb/F7XulOLraiUun9kp.g4.Hu5ukt5Wcv6diHjja1CjGidh7w4K',1,'A',NULL,NULL),(222,'Foo','Bar','foo@bar.com','555-555-5555','2016-06-20 17:35:18','2016-06-20 17:35:18','foo','$2a$04$p5X1sEdFXPU7qJOmFrju0efQ3USz2yiR8LLtQFtxq9A2D8PtVEC5q',1,'A',NULL,NULL),(223,'Foo','Bar','foo@bar.com','555-555-5555','2016-06-20 17:35:18','2016-06-20 17:35:18','foo','$2a$04$XTB22vyfV6.aod1tsJmKvuqvx.KhlHvjMb1tL2AEOmigVSTyLKDvO',1,'A',NULL,NULL),(224,'Heidi','Greulich','heidig@broadinstitute.org','617-714-7475','2016-06-20 17:35:18','2016-06-20 17:35:18','heidigreulic','$2a$04$ZsM2CNvheOxpg8gMJCYxhuoYlO9vIP629n0mEUA2v0.QfDu1RHUI.',1,'A',NULL,NULL),(225,'Catriona','Hayes','catrionaa_hayes@dfci.harvard.edu','6175829895','2016-06-20 17:35:18','2016-06-20 17:35:18','cathayes','$2a$04$lgwYKDjx8t7jW2MG7ORvDugI1EJ0QkHimOc.nB2e7cWCu34UtCyfe',1,'A',NULL,NULL),(226,'Gerburg','Wulf','gwulf@bidmc.harvard.edu','617 331 7772','2016-06-20 17:35:18','2016-06-20 17:35:18','gwulf','$2a$04$DDoL5QDNJ9vruk5ZqGAN0OC6NHSz7CAtImITI7XroEkFbqHaRIH2e',14,'A',NULL,NULL),(227,'Carmelo','Nucera','carmnuce@libero.it','617-599-0515','2016-06-20 17:35:18','2016-06-20 17:35:18','carmnuce','$2a$04$XtadHTlCbLW9B./YeJsoV.2GmSqCg0OUKdL2XuKwu3ZaNCqEXmwc2',51,'A',NULL,NULL),(228,'Claudius','Conrad','cconrad@partners.org','617-726-2000 pager 1','2016-06-20 17:35:19','2016-06-20 17:35:19','cconrad','$2a$04$OydNAN0olFlD5cldMa11I.tZU2MqNktcDCFPwykawGVywgZt06d5a',24,'A',NULL,NULL),(229,'Larissa','Lee','llee@lroc.harvard.edu','617 331-9665','2016-06-20 17:35:19','2016-06-20 17:35:19','ljl14','$2a$04$FpHm7YGKdTHNYOGvoE1CCu3Hhc162.KVSfyp/WxS.Jd0KlNjTQWze',16,'A',NULL,NULL),(230,'Megan','Lampron','Megan_Lampron@dfci.harvard.edu','617-632-5914','2016-06-20 17:35:19','2016-06-20 17:35:19','mel89','$2a$04$bD.K.Nq3AW3fMLCQgKZKaumTWG5JmPn1dBfVmNwgof7XKt8VQ77Ei',1,'A',NULL,NULL),(231,'David','Kozono','dkozono@lroc.harvard.edu','617-582-8237','2016-06-20 17:35:19','2016-06-20 17:35:19','dkozono','$2a$04$b7Gk5.FfJV3c8gOfOUsq.OiP8LYfQVj2sK5GPhNXfHh3KGFUirKiC',52,'A',NULL,NULL),(232,'Sushma','Gurumurthy','sguru0@gmail.com','617-582-6598','2016-06-20 17:35:19','2016-06-20 17:35:19','sushguru','$2a$04$E4F/tGkV.o7Ny6LNmuzZCOh4krntvHO7FQ2x2gumMc3Uftj/aMgCS',53,'A',NULL,NULL),(233,'Laura','Schubert','laura_schubert@dfci.harvard.edu','6176326688','2016-06-20 17:35:19','2016-06-20 17:35:19','ls298','$2a$04$8d7ywzy7ld5S1zoLPhW9xO.5P0swjm7vSWGov0ZSNq8m2mXT6iBk.',52,'A',NULL,NULL),(234,'franklin','huang','fwhuang@partners.org','6175555555','2016-06-20 17:35:19','2016-06-20 17:35:19','fhuang','$2a$04$xWwWhx.LHhmKEynh5W1mXui7BPcwTl/ky.nWwu1hKExbN8GlkYH5i',52,'A',NULL,NULL),(235,'himabindu','ramachandrareddy','himabindu_ramachandrareddy@dfci.harvard.edu','617-632-4749','2016-06-20 17:35:19','2016-06-20 17:35:19','bindubcl6','$2a$04$Tu/EeWmbRoHFPNH5TbQqY.lqWf42K2.hLBkVhez6gI.VnJ/VReBkK',1,'A',NULL,NULL),(236,'Foo','Bar','foo@bar.com','555-555-5555','2016-06-20 17:35:19','2016-06-20 17:35:19','foo','$2a$04$q7aZpzC90gb8uYcoU6FvN.FIKmHmKbtlL9lEcy33OHE1q7WAIApVK',1,'A',NULL,NULL),(237,'Yuji','Mishima','yuji_mishima@dfci.harvard.edu','617-582-8535','2016-06-20 17:35:19','2016-06-20 17:35:19','yuji_mishima','$2a$04$u8y.juDOwifgdcac6vchSu9tMgjr5ZXdtPuJ/SRu3GkEpDHWVTXJC',53,'A',NULL,NULL),(238,'Shakti','Ramkissoon','sramkissoon@partners.org','617-582-8767','2016-06-20 17:35:19','2016-06-20 17:35:19','Shak2012','$2a$04$1n1Ce2k7Cmk4J8zb34wpLOtgwY3iPV7iOUkk4eix/Mp.XYNWeijmy',52,'A',NULL,NULL),(239,'Kevin','Elias','kelias1@partners.org','6154280480','2016-06-20 17:35:19','2016-06-20 17:35:19','kevinelias','$2a$04$2U/oNU9DhOXH1UGF5qYenejgtlUdCUYrQ69qCaQ7NHXajWTk7WNpy',54,'A',NULL,NULL),(240,'David','Barbie','dbarbie@partners.org','617-632-3614','2016-06-20 17:35:19','2016-06-20 17:35:19','dbarbie','$2a$04$MO/aXgAw8ncM7WSM66tci.//vnyYM7x7P3TMOIW9o6JcH3VtWxgt6',1,'A',NULL,NULL),(241,'Foo','Bar','foo@bar.com','555-555-5555','2016-06-20 17:35:19','2016-06-20 17:35:19','foo','$2a$04$Li1A/1WOswthWo7la6Kk.OJM7FDkZO6iWvRzyHpJSww8p8WmtjVxq',1,'A',NULL,NULL),(242,'Michael','DiGiovanni','mjdigiovanni@beckman.com','978-204-3110','2016-06-20 17:35:19','2016-06-20 17:35:19','Michael','$2a$04$14B3hacYH27fH2XaHkA/9eum/IbwqsTZrpuu35SljWENrptdE2PXi',55,'A',NULL,NULL),(243,'Eva','Goetz','evam_goetz@dfci.harvard.edu','214-478-9836','2016-06-20 17:35:19','2016-06-20 17:35:19','evagoetz','$2a$04$3S0GB9QGjAj.qKwifEFMye9wj.DvsZ/aebvCe/uLoOy.g0MnLz.ry',52,'A',NULL,NULL),(244,'Jonathan','Wasserman','jonathan.wasserman@sickkids.ca','4168137654x28949','2016-06-20 17:35:19','2016-06-20 17:35:19','jdwass','$2a$04$mTokCk42w283C1.72.8N1uRulZZqLVbSupPMcWHb0OAEL/6hJwUJa',56,'A',NULL,NULL),(245,'Adam','Bass','adam_bass@dfci.harvard.edu','617-407-9275','2016-06-20 17:35:19','2016-06-20 17:35:19','ajb12','$2a$04$lUBPboJPQJ3QpaQkiOAv2O5MQSae.yZ6JgumeKLw2EUz5NN2LdYd6',52,'A',NULL,NULL),(246,'Anna','Cooley','AnnaC_Cooley@DFCI.HARVARD.EDU','617 58-28643','2016-06-20 17:35:19','2016-06-20 17:35:19','cooleya','$2a$04$ho/D4GevbHa6jmd3hambtu/s5TICEnnj/3DCPZ0bDqNX6dZ1a1JT6',52,'A',NULL,NULL),(247,'Rhamy','Zeid','rhamyzeid@fas.harvard.edu','617-632-4658','2016-06-20 17:35:19','2016-06-20 17:35:19','rz042','$2a$04$BhTJmaFM.l11FDHZNvu2WuaM271tfjGszXUp/zyeiSy1177uhDLSK',57,'P',NULL,NULL),(248,'Foo','Bar','foo@bar.com','555-555-5555','2016-06-20 17:35:19','2016-06-20 17:35:19','foo','$2a$04$lcTbbwMfJMBQ/AGRSNjc1OjmgRn43ZcOLhXRGtrfWGEBrKMWgByCe',1,'A',NULL,NULL),(249,'Brenton','Paolella','brenton_paolella@dfci.harvard.edu','(617) 582-7948','2016-06-20 17:35:19','2016-06-20 17:35:19','snomiester','$2a$04$aaIgBGG/KVAfWaXoLJ/OROchiJ8q3E1L/MA0khcV3zwFvYoQpd.Qq',52,'P',NULL,NULL),(250,'Aaron','Thorner','Aaron_Thorner@dfci.harvard.edu','27253','2016-06-20 17:35:19','2016-06-20 17:35:19','athorner','$2a$04$Dp7tqbhL8ijhD3B5Zsisp./OpESqb2T1/aPfyXGybHuwoKvyaMre2',52,'A',NULL,NULL),(251,'Geoffrey','Oxnard','goxnard@partners.org','617-632-6049','2016-06-20 17:35:19','2016-06-20 17:35:19','gro4','$2a$04$xX6h4inMO5DqqwiQxRo.4.c3v/mjFPhmXEuUbklCnpn.I0RokUC1i',1,'A',NULL,NULL),(252,'Joyce','Liu','joyce_liu@dfci.harvard.edu','617-632-5269','2016-06-20 17:35:19','2016-06-20 17:35:19','joyceliu','$2a$04$b26vh.uEqkFa1wPIWpPB0.XmZAIUCJdkzFXf/ECNhaK4jwuuijSEa',1,'A',NULL,NULL),(253,'Rachel','Liao','rienstra@broadinstitute.org','6177147557','2016-06-20 17:35:19','2016-06-20 17:35:19','rliao','$2a$04$cFe15md5p3z3pacgEJWbo.NL9Cj1Cw24xUBdmhyongtbYWUleeWzS',58,'A',NULL,NULL),(254,'Adri','Mills','aamills@gmail.com','123-456-7890','2016-06-20 17:35:19','2016-06-20 17:35:19','am20b','$2a$04$LuClk5o5btX.I/8xh8.Xyuj5.rUdCGLcBz0IOFZIrZE/dchnfWuLq',52,'I',NULL,NULL),(255,'Hauke','Cornils','hauke_cornils@dfci.harvard.edu','617-632-4343','2016-06-20 17:35:19','2016-06-20 17:35:19','hauke_cornil','$2a$04$mRn8o6yUTcyhGelFY7TQqeheMa4dYz5dhUkcPxANGwURg9ev9HxiK',53,'A',NULL,NULL),(256,'Emanuele','Palescandolo','epalesca@its.jnj.com','3214604741','2016-06-20 17:35:19','2016-06-20 17:35:19','epalesca','$2a$04$eXie2o0yMthYXKFEf2QYP.dbyxr0dLZrDi8H5OVuCaprqW.fouK1a',59,'A',NULL,NULL),(257,'Kathleen','Yates','kathleen_yates@dfci.harvard.edu','617-582-8874','2016-06-20 17:35:19','2016-06-20 17:35:19','kb686','$2a$04$LPHoPa4rcFqBnP5ZNco4IewfTNe6Svvf48jNDeUEiiKLzYgW9HCDK',1,'A',NULL,NULL),(258,'Ami','Bhatt','asbhatt@broadinstitute.org','617-714-7559','2016-06-20 17:35:19','2016-06-20 17:35:19','asbhatt','$2a$04$3nbo1pZHjc7Wjc3Pu1X.auhiEefFDE8oXOTnc4uUnD86Y.C/JlB3y',52,'A',NULL,NULL),(259,'Alejandro','Gutierrez','alejandro.gutierrez@childrens.harvard.edu','617-919-3660','2016-06-20 17:35:19','2016-06-20 17:35:19','alejandro.gu','$2a$04$I9des4EgTWblH8h/WEe2fuC2P/5wk7NqjYUN7WPDGui5yTjdu2Wyq',60,'A',NULL,NULL),(260,'Prakash','Rao','prakash_rao@dfci.harvard.edu','617 582 9813','2016-06-20 17:35:19','2016-06-20 17:35:19','prakashrao','$2a$04$RSZlLl6DAKKqxXd7bWdsQOdB1UNvDc3piwcNwFOgCUHLKBTAxHaJG',53,'A',NULL,NULL),(261,'Jeffrey','Sorrell','jeffrey_sorrell@dfci.harvard.edu','617-632-1952','2016-06-20 17:35:19','2016-06-20 17:35:19','jds53','$2a$04$7KiNLlUx9lBL5.QnTFCSsO.1kA0yWtHtFaeXmC910whyIIr05ga7G',53,'A',NULL,NULL),(262,'Nathan','Moerke','nathanmoerke@gmail.com','8572252576','2016-06-20 17:35:19','2016-06-20 17:35:19','nmoerke','$2a$04$pUIDAaCC/C2rKyFDRTwTxeu0FgQehd/QVOWdXur9S4b8Ya0fNIz5y',61,'A',NULL,NULL),(263,'Charles','Roberts','charles_roberts@dfci.harvard.edu','617-632-6497','2016-06-20 17:35:19','2016-06-20 17:35:19','kim','$2a$04$L3Xy36kO314pSvxWvma3gOkVmIQlZwwYp0yXLBNUHeaswF43gMwa.',1,'A',NULL,NULL),(264,'Kimberly','Stegmaier','kimberly_stegmaier@dfci.harvard.edu','617-632-4985','2016-06-20 17:35:19','2016-06-20 17:35:19','charles','$2a$04$P3SY4CJGjcrJ86Cqv52PTe9.ZgvQCivpGnMDJfs3n9sgmjaz.W.3y',1,'A',NULL,NULL),(265,'Cecile','Maire','cecile_maire@dfci.harvard.edu','617 582 8765','2016-06-20 17:35:19','2016-06-20 17:35:19','cecilemaire','$2a$04$iRT4Wk1bQJWf/Y851FzAE..W0nZAxSm.tKt09b75qyH35X.E5KSVO',52,'A',NULL,NULL),(266,'Ryan','Abo','ryanp_abo@dfci.harvard.edu','','2016-06-20 17:35:19','2016-06-20 17:35:19','rpa4','$2a$04$SEO7pqtUx93u8ibCQu3Zu.PfeBYQ22UA2IGz6gs/FxCrQMRmVs9ka',53,'A',NULL,NULL),(267,'Jack','Lepine','jackr_lepine@dfci.harvard.edu','617-582-8643','2016-06-20 17:35:19','2016-06-20 17:35:19','lepinej','$2a$04$OXsZSeYFkoRp0vtFMI.pk.kcyqSKNb831AXS7fYcz5V2Pz/./y2.m',1,'A',NULL,NULL),(268,'Abhishek','Chakraborty','abhishek_chakraborty@dfci.harvard.edu','6176324745','2016-06-20 17:35:19','2016-06-20 17:35:19','achakraborty','$2a$04$L90GsBg8eCI739HVZjII0.gY2Wp7esc0hemeoWrX0QD2V8FiIo4Tm',52,'A',NULL,NULL),(269,'Ling','Lin','ling_lin@dfci.harvard.edu','617-582-8893','2016-06-20 17:35:19','2016-06-20 17:35:19','ll620','$2a$04$DqkEyNAW0auRcko1Km7MBeDm31vIm5oZEXPB3x/rb5qBVyrEhT5rK',53,'A',NULL,NULL),(270,'Akinyemi','Ojesina','ojesina@broadinstitute.org','617-714-7570','2016-06-20 17:35:19','2016-06-20 17:35:19','ojesina','$2a$04$W5A./KSs.GDOf2K2B0pnvuGSyi4p8Ri4fgyEugXfMTKebmc5JjPVe',1,'A',NULL,NULL),(271,'Michael','Rosu-Myles','michael.rosu-myles@hc-sc.gc.ca','613-954-8742','2016-06-20 17:35:19','2016-06-20 17:35:19','mrosumyl','$2a$04$Aaf3u7ICji2sInGltZ8Ay.ONW9fLZ99KncUIxRLvj7Fgyz6DBS/bK',62,'A',NULL,NULL),(272,'Andrew','Hong','andrew.hong@childrens.harvard.edu','6176323270','2016-06-20 17:35:19','2016-06-20 17:35:19','ah90','$2a$04$82ZwmjvO2PO1jwWT8AatuOApdOzbTs8A3sMaihlGagGW6e7LZObLK',63,'A',NULL,NULL),(273,'Giovanni','Roti','Giovanni_Roti@dfci.harvard.edu','6175827631','2016-06-20 17:35:19','2016-06-20 17:35:19','rotigiova','$2a$04$Ks8cTbCyKLLunuDPF7JKDuvRFjFoWuQq4LRy0IBJKMOQuPfCgvf4K',1,'A',NULL,NULL),(274,'Andre','Fay','Andre_Fay@DFCI.HARVARD.EDU','6175139895','2016-06-20 17:35:19','2016-06-20 17:35:19','af638','$2a$04$qJx.gr5sfHWuSntG1RzN9uXAu/ijIys1kQExk.MdnVNNjxDxKdp9i',1,'A',NULL,NULL),(275,'Michalina','Janiszewska','michalina_janiszewska@dfci.harvard.edu','618-582-8755','2016-06-20 17:35:19','2016-06-20 17:35:19','mjanisze','$2a$04$wyFgdMBY4dNa/Sp0uXaCn.Q5KYwsogeyyEN4BiCjBFGM7bH.NFCJ.',52,'A',NULL,NULL),(276,'Robert','Barnitz','robert_barnitz@dfci.harvard.edu','6175827625','2016-06-20 17:35:19','2016-06-20 17:35:19','rab72','$2a$04$OLhbvrsxyRUGXrpknlo1AeULXl6wk249cRWtQFdhjC615/g2/cMue',1,'A',NULL,NULL),(277,'Shiliang','Cao','Shiliang_Cao@dfci.harvard.edu','7044514511','2016-06-20 17:35:19','2016-06-20 17:35:19','sc20','$2a$04$Bct3PbJ.15LhM6V7MVqF.e/xP2KPZKRIOwh8tGJhvTETEvYxNWl2.',53,'A',NULL,NULL),(278,'Susan','Moody','semoody@partners.org','267-980-8978','2016-06-20 17:35:19','2016-06-20 17:35:19','sem42','$2a$04$YBWNGjpSEfzfV4KWRCyNTOTqcTH1N5GSQgoh8xNcrMh09lWA4x..a',1,'A',NULL,NULL),(279,'Salomon','Manier','salomon_manier@dfci.harvard.edu','8573996947','2016-06-20 17:35:19','2016-06-20 17:35:19','Salomonmanie','$2a$04$fy8KZa7mc.oFASGSjnbCOuA4HkpoB28KFXuoB5ByX/K0TC/zguyXa',52,'A',NULL,NULL),(280,'Srunphut','Pukma','pukmas@emmanuel.edu','6178510303','2016-06-20 17:35:19','2016-06-20 17:35:19','pukmas1991','$2a$04$4iqPEaHRr0oSTfOjaU2neO.Chrr0/rzEVYpPN9ulSeT8BfWb5aSDu',64,'P',NULL,NULL),(281,'Atsush','Nonami','Atsushi_Nonami@dfci.harvard.edu','8572419779','2016-06-20 17:35:19','2016-06-20 17:35:19','an892','$2a$04$El9wydoIotpO1zks/2H3NO1y.vFoaxDYZ.kzmSgsLCGhUVrHGJAOu',52,'A',NULL,NULL),(282,'ASLI','MUVAFFAK','asli_muvaffak@dfci.harvard.edu','617-582-8789','2016-06-20 17:35:19','2016-06-20 17:35:19','aslim','$2a$04$6qwKGjCOUzoaFPyaFXDLHO.NSrllODDynpa1ih0b6Kh78xSBnQ90C',52,'A',NULL,NULL),(283,'Melanie','Prasol','Melanie_Prasol@dfci.harvard.edu','','2016-06-20 17:35:19','2016-06-20 17:35:19','mp197','$2a$04$HPSaKK/cpyqkngc4vb6VL.Fp4DpHNfHfWbMxQedx3hf58sBZzvLb.',53,'P',NULL,NULL),(284,'Stephanie','Mullane','stephanie_mullane@dfci.harvard.edu','617-632-2397','2016-06-20 17:35:19','2016-06-20 17:35:19','smullane','$2a$04$DC3WPB.lx4tokBxYfr9GMeKDvUNd0Ol/djsv6kuoq3d3SWmjkYp7u',52,'A',NULL,NULL),(285,'Ganesh','Shankar','gshankar@partners.org','805-796-0878','2016-06-20 17:35:19','2016-06-20 17:35:19','gshankar','$2a$04$YWbc1Qtf9ll3dZVvWwimQeHFkNSfC89PPotYh9ULD7YnbLpOYeqvK',2,'A',NULL,NULL),(286,'James','Amatruda','james.amatruda@utsouthwestern.edu','214-648-1645','2016-06-20 17:35:19','2016-06-20 17:35:19','amatrudalab','$2a$04$0lSQB5FS0N35OFLNv34Eo.dtHVGRlIRoWuv3u0x3M0m2p3QZ1ww5G',65,'A',NULL,NULL),(287,'Ho-Chou','Tu','hochoutu@gmail.com','3145181002','2016-06-20 17:35:19','2016-06-20 17:35:19','Daleylab','$2a$04$eK0rmB8KuzfA0cNxNMbOaOqeTRW9at8EPvBxSdlQZHMMT8NIkKfI.',32,'A',NULL,NULL),(288,'Oliver','Weigert','olver.weigert@helmholtz-muenchen.de','+49.89.3187.1402','2016-06-20 17:35:19','2016-06-20 17:35:19','oliver.weige','$2a$04$RPrXFeBGTwZb6WrbvSHjv.YLZ0fHsU5hq0grjbU8ifklHBOSezVI.',66,'A',NULL,NULL),(289,'Atish','Choudhury','achoudhury@partners.org','6176324524','2016-06-20 17:35:19','2016-06-20 17:35:19','achoudhury','$2a$04$tTjgvimTvvXEOcfobLn2OumM7qDtIM.FeYIwit1WP0oZougHUBS.S',1,'A',NULL,NULL),(290,'Johann','Hoeftberger','johann_hoeftberger@dfci.harvard.edu','','2016-06-20 17:35:19','2016-06-20 17:35:19','JHoeftberger','$2a$04$pNGLrliPgyTolSOEbKil..HeBXhrq0VCKlBNHEFscZYMqiKLofH/6',53,'A',NULL,NULL),(291,'Peter','Choi','peter_choi@dfci.harvard.edu','6176322930','2016-06-20 17:35:19','2016-06-20 17:35:19','pchoi','$2a$04$dSLrsFtpC4/NnDilRixcSOP95BeLuOsCJ9EML0K8sg0KnAo3QCqUe',1,'A',NULL,NULL),(292,'Coleman','Lindsley','coleman_lindsley@dfci.harvard.edu','617-997-3715','2016-06-20 17:35:19','2016-06-20 17:35:19','clindsley','$2a$04$Ghlu5B2/LX2EEJxvNSQ9beBbalyysqbRy3TA7XIWJ36YYIhmKRtUC',52,'A',NULL,NULL),(293,'Julide','Celebi','julide.celebi@mountsinai.org','347-247-1576','2016-06-20 17:35:19','2016-06-20 17:35:19','julidecelebi','$2a$04$aN6LQY2FaTgvu0E3ukzlJeoiNToyFL58Tr2JwVvdnKRoJDjIL608.',67,'A',NULL,NULL),(294,'Michael','Nehil','michael_nehil@dfci.harvard.edu','8312477018','2016-06-20 17:35:19','2016-06-20 17:35:19','mnehil','$2a$04$or81kv..p9KCVETuMlErBOqS8r4se.E6avmX/SMakIk..dZzofqYa',52,'A',NULL,NULL),(295,'Abner','Louissaint','alouissaint@partners.org','(617) 943-2890','2016-06-20 17:35:19','2016-06-20 17:35:19','alouissa','$2a$04$b7mVB6hsr9IEulsZ3kEfSO2D19ythQ3FAeTRrxC3rGYicvsF5es22',52,'A',NULL,NULL),(296,'Leena','Gandhi','Leena_Gandhi@dfci.harvard.edu','617-632-6049','2016-06-20 17:35:19','2016-06-20 17:35:19','lgandhi','$2a$04$c5CCUr1t072AkzKyova4VOdrSkq3htdTdoYuSkleUnxyUsBHNOK5S',52,'A',NULL,NULL),(297,'Rebecca','Chin','rchin1@bidmc.harvard.edu','6177352484','2016-06-20 17:35:19','2016-06-20 17:35:19','chinlab','$2a$04$AJmekjv1wA63buiI/bBaduNB0Db4d4LsT2O5HJsWJn1yZy2BbvXvm',68,'A',NULL,NULL),(298,'Florian','Heitz','florian.heitz@gmx.net','4.92012E+12','2016-06-20 17:35:19','2016-06-20 17:35:19','Fheitz','$2a$04$S4Bxd7qgI3uLncAADhlLQeiBxDeSFdjDi42TNVHsyCxKPpLb9rHeu',69,'A',NULL,NULL),(299,'Linda','Bi','lbi@partners.org','203-645-9485','2016-06-20 17:35:19','2016-06-20 17:35:19','wbi','$2a$04$8U/qf7QoNidItxwjz39gceGadwBt9WusQyyF1Frc5x3RE61fgTr/6',70,'A',NULL,NULL),(300,'Andrew','Lane','andrew_lane@dfci.harvard.edu','617-632-4589','2016-06-20 17:35:19','2016-06-20 17:35:19','aal17','$2a$04$39IrvAJuEsXHO4ilkh54d.mptHpy7bj1B8H/P3iiuh/07rXLlzQhG',52,'A',NULL,NULL),(301,'Pankaj','Agarwalla','agarwalla@gmail.com','617-726-2000','2016-06-20 17:35:19','2016-06-20 17:35:19','agarwalla','$2a$04$2i9p9Eu6BaR2lJdDgJHYmetnJVsic3L0Fj/hnhbwV6kcqlYZt5tOO',52,'A',NULL,NULL),(302,'Kent','Mouw','kmouw@partners.org','617-632-5145','2016-06-20 17:35:19','2016-06-20 17:35:19','kmouw','$2a$04$9hA8IebhuvB6FYQsiMw5uuyD5po9w22MBwDpj1EV/QYzUKsX1LGeu',1,'A',NULL,NULL),(303,'Mark','Murakami','Mark_Murakami@DFCI.harvard.edu','617-582-9171','2016-06-20 17:35:19','2016-06-20 17:35:19','mym97','$2a$04$UmNWkBy.saACRLuO6.6vPOMuwMWmNvtCosq92d8/73XV2BsWfQIeu',53,'A',NULL,NULL),(304,'Thomas','Melchardt','t.melchardt@salk.at','0043-662-4482','2016-06-20 17:35:19','2016-06-20 17:35:19','t.melchardt@','$2a$04$2Mcx9rX4gOhmj/zrb3.MsuMSZ9NvPamPPFPymypnUq4JzGEzO7Qr2',71,'A',NULL,NULL),(305,'Sam','Hunter','samuels_hunter@dfci.harvard.edu','208-546-9229','2016-06-20 17:35:19','2016-06-20 17:35:19','shunter','$2a$04$eWV.9NahCln3YyJM9sF4dOXyCd7IOFkjaPX0Rm4ELNprPoTqK6x9.',53,'A',NULL,NULL),(306,'Melissa','Burns','melissa.burns@childrens.harvard.edu','617-919-7011','2016-06-20 17:35:19','2016-06-20 17:35:19','melissa.burn','$2a$04$udFj7Dw2tqI2qxCuAXM4v.UqS0OyVLMGAn8EE0qBYpBmTArOcxXMO',60,'A',NULL,NULL),(307,'Sima','Zacharek','sima_zacharek@dfci.harvard.edu','617-582-8026','2016-06-20 17:35:19','2016-06-20 17:35:19','simazac','$2a$04$wsEkeujZHIF6BYnQt9Q2H.9l6U0o7Mw5YqqelDKlL43F88ELpen.O',52,'A',NULL,NULL),(308,'Harshabad','Singh','hsingh3@partners.org','617-620-3201','2016-06-20 17:35:19','2016-06-20 17:35:19','harshabadsin','$2a$04$rVk3L2nyltieT3bhKa6SLe/ALF5Rtj1bJuV2d4cCOqVGV2LKCAk2G',53,'A',NULL,NULL),(309,'Raphael','Koch','raphael_koch@dfci.harvard.edu','6174879588','2016-06-20 17:35:19','2016-06-20 17:35:19','rkoch','$2a$04$N88dkBH3R9W4Qw6Mrg.iN.QO2oAtdj0ypmAtJPdCJDoSpbIlcJ6YW',53,'A',NULL,NULL),(310,'Volker','Blank','volker.blank@mcgill.ca','5145 340 8260','2016-06-20 17:35:19','2016-06-20 17:35:19','Volker','$2a$04$7LsVe4kh.HvwcLx8SxmJneGGb41rO7fZTw7/Xd4y0Cm/8mZwnN.VK',72,'P',NULL,NULL),(311,'Elizabeth','Townsend','elizabethc_townsend@dfci.harvard.edu','617 582-8868','2016-06-20 17:35:19','2016-06-20 17:35:19','Townsend','$2a$04$.Lq63hE4FvtY5NlImDRt7.NFn5b7Z0J3V3SCsY4CfebBpyH4V70p.',64,'A',NULL,NULL),(312,'Brooke','Howitt','bhowitt@partners.org','6175257295','2016-06-20 17:35:19','2016-06-20 17:35:19','brookehowitt','$2a$04$IUD6LCRGwHtZ.tSwHWwZtOD/pb/miw0W3LYqSYcwDUYnDpUlz1asC',73,'A',NULL,NULL),(313,'Christopher','Gibson','christopher_gibson@dfci.harvard.edu','617-510-9454','2016-06-20 17:35:19','2016-06-20 17:35:19','christopher_','$2a$04$KBDx7Uzs9gANh9oqTCZfeu4j5P2lWBm/1FMmlzHEzzZrh2hrHT9cy',74,'A',NULL,NULL),(314,'Lori','Ramkissoon','lori_ramkissoon@dfci.harvard.edu','617-582-8768','2016-06-20 17:35:19','2016-06-20 17:35:19','ramkissl','$2a$04$qCKOHHbP7TdQkihvKjbxzeCkCYcHyXPfOq.cVsx06wvOuJRDjwlyu',52,'A',NULL,NULL),(315,'Amanda','Balboni','amandal_balboni@dfci.harvard.edu','3397881634','2016-06-20 17:35:19','2016-06-20 17:35:19','balbonia','$2a$04$sgnVpz5onsMBHDhigYWM/OwQalQQZjtXqwTtXcoaM.QxXBoX2edp6',52,'P',NULL,NULL),(316,'Monica','Manam','monicad_manam@dfci.harvard.edu','7036597016','2016-06-20 17:35:19','2016-06-20 17:35:19','mdm68','$2a$04$e7l1oD4tymTQuPGr2dktAOCdx5VHRVmVt6h0HudX5SmWeM95ISNJK',52,'A',NULL,NULL),(317,'Catherine','Coleman','Catherine_Coleman@DFCI.HARVARD.EDU','617-632-5078','2016-06-20 17:35:19','2016-06-20 17:35:19','ccoleman','$2a$04$daOg.gilP.x2JcUv3cZtK.k3roOqV3GWXCy9zTDG/QgswYj4wcQ3W',52,'A',NULL,NULL),(318,'HENRY','LONG','henry_long@dfci.harvard.edu','8576543824','2016-06-20 17:35:19','2016-06-20 17:35:19','henry_long@d','$2a$04$W6IVSiLhrHSQzilA1okRN.ndE9WIHZ/PeRY.vbsiQwHW1uDhU/EKW',75,'A',NULL,NULL),(319,'Dave','Rothfarb','dave.rothfarb@daverothfarb.com','555-555-5555','2016-06-20 17:35:19','2016-06-20 17:35:19','rothfarb-test','$2a$04$DH0uulmis.mxaFniTDBnieFTwzIfB6u3VNONbOIYs.dOh4nGbOUhS',52,'A',NULL,NULL);
/*!40000 ALTER TABLE `users` ENABLE KEYS */;
UNLOCK TABLES;

--
-- Table structure for table `votes`
--

DROP TABLE IF EXISTS `votes`;
/*!40101 SET @saved_cs_client     = @@character_set_client */;
/*!40101 SET character_set_client = utf8 */;
CREATE TABLE `votes` (
  `id` int(11) NOT NULL AUTO_INCREMENT,
  `name` varchar(255) COLLATE utf8_unicode_ci DEFAULT NULL,
  `created_at` datetime NOT NULL,
  `updated_at` datetime NOT NULL,
  PRIMARY KEY (`id`)
) ENGINE=InnoDB AUTO_INCREMENT=4 DEFAULT CHARSET=utf8 COLLATE=utf8_unicode_ci;
/*!40101 SET character_set_client = @saved_cs_client */;

--
-- Dumping data for table `votes`
--

LOCK TABLES `votes` WRITE;
/*!40000 ALTER TABLE `votes` DISABLE KEYS */;
INSERT INTO `votes` VALUES (1,'Approve','2016-06-20 17:35:24','2016-06-20 17:35:24'),(2,'Reject','2016-06-20 17:35:24','2016-06-20 17:35:24'),(3,'Request revisions','2016-06-20 17:35:24','2016-06-20 17:35:24');
/*!40000 ALTER TABLE `votes` ENABLE KEYS */;
UNLOCK TABLES;
/*!40103 SET TIME_ZONE=@OLD_TIME_ZONE */;

/*!40101 SET SQL_MODE=@OLD_SQL_MODE */;
/*!40014 SET FOREIGN_KEY_CHECKS=@OLD_FOREIGN_KEY_CHECKS */;
/*!40014 SET UNIQUE_CHECKS=@OLD_UNIQUE_CHECKS */;
/*!40101 SET CHARACTER_SET_CLIENT=@OLD_CHARACTER_SET_CLIENT */;
/*!40101 SET CHARACTER_SET_RESULTS=@OLD_CHARACTER_SET_RESULTS */;
/*!40101 SET COLLATION_CONNECTION=@OLD_COLLATION_CONNECTION */;
/*!40111 SET SQL_NOTES=@OLD_SQL_NOTES */;

-- Dump completed on 2016-06-20 13:42:15
