-- MySQL dump 10.13  Distrib 5.1.73, for redhat-linux-gnu (x86_64)
--
-- Host: localhost    Database: ccgd_test
-- ------------------------------------------------------
-- Server version	5.1.73

/*!40101 SET @OLD_CHARACTER_SET_CLIENT=@@CHARACTER_SET_CLIENT */;
/*!40101 SET @OLD_CHARACTER_SET_RESULTS=@@CHARACTER_SET_RESULTS */;
/*!40101 SET @OLD_COLLATION_CONNECTION=@@COLLATION_CONNECTION */;
/*!40101 SET NAMES utf8 */;
/*!40103 SET @OLD_TIME_ZONE=@@TIME_ZONE */;
/*!40103 SET TIME_ZONE='+00:00' */;
/*!40014 SET @OLD_UNIQUE_CHECKS=@@UNIQUE_CHECKS, UNIQUE_CHECKS=0 */;
/*!40014 SET @OLD_FOREIGN_KEY_CHECKS=@@FOREIGN_KEY_CHECKS, FOREIGN_KEY_CHECKS=0 */;
/*!40101 SET @OLD_SQL_MODE=@@SQL_MODE, SQL_MODE='NO_AUTO_VALUE_ON_ZERO' */;
/*!40111 SET @OLD_SQL_NOTES=@@SQL_NOTES, SQL_NOTES=0 */;

--
-- Table structure for table `addresses`
--

DROP TABLE IF EXISTS `addresses`;
/*!40101 SET @saved_cs_client     = @@character_set_client */;
/*!40101 SET character_set_client = utf8 */;
CREATE TABLE `addresses` (
  `id` int(11) NOT NULL AUTO_INCREMENT,
  `street` varchar(255) COLLATE utf8_unicode_ci DEFAULT NULL,
  `city` varchar(255) COLLATE utf8_unicode_ci DEFAULT NULL,
  `country` varchar(255) COLLATE utf8_unicode_ci DEFAULT NULL,
  `created_at` datetime NOT NULL,
  `updated_at` datetime NOT NULL,
  `state_id` int(11) DEFAULT NULL,
  PRIMARY KEY (`id`)
) ENGINE=InnoDB AUTO_INCREMENT=79 DEFAULT CHARSET=utf8 COLLATE=utf8_unicode_ci;
/*!40101 SET character_set_client = @saved_cs_client */;

--
-- Dumping data for table `addresses`
--

LOCK TABLES `addresses` WRITE;
/*!40000 ALTER TABLE `addresses` DISABLE KEYS */;
INSERT INTO `addresses` VALUES (1,'44 Binney Street','Boston','NULL','2016-05-31 22:18:52','2016-05-31 22:18:52',21),(2,'7 Cambridge Center','Cambridge','NULL','2016-05-31 22:18:52','2016-05-31 22:18:52',21),(3,'75 Francis Street','Boston','NULL','2016-05-31 22:18:52','2016-05-31 22:18:52',21),(4,'21-27 Burlington Ave.','Boston','NULL','2016-05-31 22:18:52','2016-05-31 22:18:52',21),(5,'55 Fruit Street','Boston','NULL','2016-05-31 22:18:52','2016-05-31 22:18:52',21),(6,'243 Charles St','Boston','NULL','2016-05-31 22:18:52','2016-05-31 22:18:52',21),(7,'1 Blackfan Circle','Boston','NULL','2016-05-31 22:18:52','2016-05-31 22:18:52',21),(8,'20 Shattuck St','Boston','NULL','2016-05-31 22:18:52','2016-05-31 22:18:52',21),(9,'600 Beaver St','Waltham ','NULL','2016-05-31 22:18:52','2016-05-31 22:18:52',21),(10,'221 Longwood Ave','Boston','NULL','2016-05-31 22:18:52','2016-05-31 22:18:52',21),(11,'11-934 Factor Bldg','Los Angeles','NULL','2016-05-31 22:18:52','2016-05-31 22:18:52',5),(12,'3 Blackfan Circle','Boston','NULL','2016-05-31 22:18:52','2016-05-31 22:18:52',21),(13,'250 Mass Ave','Cambridge','NULL','2016-05-31 22:18:52','2016-05-31 22:18:52',21),(14,'50 Blossom Street','Boston','NULL','2016-05-31 22:18:52','2016-05-31 22:18:52',21),(15,'Ireland Cancer Center / University Hospitals 2103 Cornell Road ','Cleveland','NULL','2016-05-31 22:18:52','2016-05-31 22:18:52',35),(16,'78 Memorial Dr.','Cambridge','NULL','2016-05-31 22:18:52','2016-05-31 22:18:52',21),(17,'375 Longwood','Boston','NULL','2016-05-31 22:18:52','2016-05-31 22:18:52',21),(18,'St Andrews Place','Melbourne','Victoria','2016-05-31 22:18:52','2016-05-31 22:18:52',0),(19,'15 Parkman Street',' Wang 460','Boston','2016-05-31 22:18:52','2016-05-31 22:18:52',0),(20,'Irwondong 50',' Kangnamgu','Seoul','2016-05-31 22:18:52','2016-05-31 22:18:52',0),(21,'Box 91006',' B232 LSRC','Durham','2016-05-31 22:18:52','2016-05-31 22:18:52',0),(22,'149 13th Street','Charlestown','NULL','2016-05-31 22:18:52','2016-05-31 22:18:52',21),(23,'65 Landsdowne Street','Cambridge','NULL','2016-05-31 22:18:52','2016-05-31 22:18:52',21),(24,'550 First Avenue','New York','NULL','2016-05-31 22:18:52','2016-05-31 22:18:52',32),(25,'61 Binney Street','Boston','NULL','2016-05-31 22:18:52','2016-05-31 22:18:52',21),(26,'88',' Stuart Street',' Queen\'s University','2016-05-31 22:18:52','2016-05-31 22:18:52',0),(27,'50 Irwon-dong Gangnam-gu','Seoul','Korea','2016-05-31 22:18:52','2016-05-31 22:18:52',0),(28,'650 Charles E Young Dr. South','Los Angeles','NULL','2016-05-31 22:18:52','2016-05-31 22:18:52',5),(29,'780 Memorial Drive','Cambridge','NULL','2016-05-31 22:18:52','2016-05-31 22:18:52',21),(30,'70 Francis Street','Boston','NULL','2016-05-31 22:18:52','2016-05-31 22:18:52',21),(31,'301 Binney Street','Cambridge','NULL','2016-05-31 22:18:52','2016-05-31 22:18:52',21),(32,'270 Albany Street','Cambridge','NULL','2016-05-31 22:18:52','2016-05-31 22:18:52',21),(33,'450 Brookline Avenue','Boston','NULL','2016-05-31 22:18:52','2016-05-31 22:18:52',21),(34,'123-34',' GIL','SEOUL','2016-05-31 22:18:52','2016-05-31 22:18:52',0),(35,'101 Science Drive','Durham','NULL','2016-05-31 22:18:52','2016-05-31 22:18:52',33),(36,'1 joslin Place','Boston','NULL','2016-05-31 22:18:52','2016-05-31 22:18:52',21),(37,'27 Drydock Avenue','Boston','NULL','2016-05-31 22:18:52','2016-05-31 22:18:52',21),(38,'77 Avenue Louis Pasteur','Boston','NULL','2016-05-31 22:18:52','2016-05-31 22:18:52',21),(39,'330 Brookline Ave','Boston','NULL','2016-05-31 22:18:52','2016-05-31 22:18:52',21),(40,'99 Brookline Avenue','Boston','NULL','2016-05-31 22:18:52','2016-05-31 22:18:52',21),(41,'450 Brookline Ave','Boston','NULL','2016-05-31 22:18:52','2016-05-31 22:18:52',21),(42,'4 Blackfan street','Boston','NULL','2016-05-31 22:18:52','2016-05-31 22:18:52',21),(43,'Dana 15',' 450 Brookline Avenue','Boston','2016-05-31 22:18:52','2016-05-31 22:18:52',0),(44,'450 Brookline Ave',' JF208B','Boston','2016-05-31 22:18:52','2016-05-31 22:18:52',0),(45,'5 Blackfan Circle','Boston','NULL','2016-05-31 22:18:52','2016-05-31 22:18:52',21),(46,'221 Longwood Avenue','Boston','NULL','2016-05-31 22:18:52','2016-05-31 22:18:52',21),(47,'nowhere','boston','NULL','2016-05-31 22:18:52','2016-05-31 22:18:52',21),(48,'94 heritage dr','lowell','NULL','2016-05-31 22:18:52','2016-05-31 22:18:52',21),(49,'450 Brookline Ave.','Boston','NULL','2016-05-31 22:18:52','2016-05-31 22:18:52',21),(50,'555 University Avenue','Toronto','Ontario','2016-05-31 22:18:52','2016-05-31 22:18:52',0),(51,'450 Brookline Ave. SM1010','Boston','NULL','2016-05-31 22:18:52','2016-05-31 22:18:52',21),(52,'Dana Farber','Boston','NULL','2016-05-31 22:18:52','2016-05-31 22:18:52',21),(53,'450 Brookline Av','Boston','NULL','2016-05-31 22:18:52','2016-05-31 22:18:52',21),(54,'Turnhoutseweg 30','Beerse','Belgium','2016-05-31 22:18:52','2016-05-31 22:18:52',0),(55,'300 Longwood Avenue','Boston','NULL','2016-05-31 22:18:52','2016-05-31 22:18:52',21),(56,'250 Longwood Avenue','Boston','NULL','2016-05-31 22:18:52','2016-05-31 22:18:52',21),(57,'251 Sir Frederick Banting Driveway','Ottawa','Ontario','2016-05-31 22:18:52','2016-05-31 22:18:52',0),(58,'450 Brookline Avenue',' Dana 1514','Boston','2016-05-31 22:18:52','2016-05-31 22:18:52',0),(59,'1450 Brookline  Avenue','Boston','NULL','2016-05-31 22:18:52','2016-05-31 22:18:52',21),(60,'44 Binney St','Boston','NULL','2016-05-31 22:18:52','2016-05-31 22:18:52',21),(61,'Dana-Farber Cancer Institute',' 44 Binney St.','Boston','2016-05-31 22:18:52','2016-05-31 22:18:52',0),(62,'77 Ave Louis Pasteur','Boston','NULL','2016-05-31 22:18:52','2016-05-31 22:18:52',21),(63,'440 Brookline Ave.','Boston','NULL','2016-05-31 22:18:52','2016-05-31 22:18:52',21),(64,'450 Brookline Ave M534','Boston','NULL','2016-05-31 22:18:52','2016-05-31 22:18:52',21),(65,'301 Binney Street','Boston','NULL','2016-05-31 22:18:52','2016-05-31 22:18:52',21),(66,'5323 Harry Hines Blvd.','Dallas','NULL','2016-05-31 22:18:52','2016-05-31 22:18:52',43),(67,'Karp 7',' One Blackfan Circle','Boston','2016-05-31 22:18:52','2016-05-31 22:18:52',0),(68,'Marchioninistr. 25','Munich','Germany','2016-05-31 22:18:52','2016-05-31 22:18:52',0),(69,'1470 Madison Avenue','New York','NULL','2016-05-31 22:18:52','2016-05-31 22:18:52',32),(70,'Henricistrasse 92','Essen','Germany','2016-05-31 22:18:52','2016-05-31 22:18:52',0),(71,'1 Jimmy Fund Way',' Sm-1022','Boston','2016-05-31 22:18:52','2016-05-31 22:18:52',0),(72,'1 Jimmy Fund Way','Boston','NULL','2016-05-31 22:18:52','2016-05-31 22:18:52',21),(73,'Muellner Hauptstraße 48','Salzburg','Salzburg Austria','2016-05-31 22:18:52','2016-05-31 22:18:52',0),(74,'4 Blackfan St','Boston','NULL','2016-05-31 22:18:52','2016-05-31 22:18:52',21),(75,'tbd','tbd','tbd','2016-05-31 22:18:52','2016-05-31 22:18:52',0),(76,'3755 Cote Sainte-Catherine Road','Montreal','Canada','2016-05-31 22:18:52','2016-05-31 22:18:52',0),(77,'75 Francis St',' Dept of Pathology',' Amory 3','2016-05-31 22:18:52','2016-05-31 22:18:52',0),(78,'1 Blackfan Cir','Boston','NULL','2016-05-31 22:18:52','2016-05-31 22:18:52',21);
/*!40000 ALTER TABLE `addresses` ENABLE KEYS */;
UNLOCK TABLES;

--
-- Table structure for table `lab_groups`
--

DROP TABLE IF EXISTS `lab_groups`;
/*!40101 SET @saved_cs_client     = @@character_set_client */;
/*!40101 SET character_set_client = utf8 */;
CREATE TABLE `lab_groups` (
  `id` int(11) NOT NULL AUTO_INCREMENT,
  `name` varchar(255) COLLATE utf8_unicode_ci DEFAULT NULL,
  `code` varchar(255) COLLATE utf8_unicode_ci DEFAULT NULL,
  `created_at` datetime NOT NULL,
  `updated_at` datetime NOT NULL,
  `location_id` int(11) DEFAULT NULL,
  PRIMARY KEY (`id`)
) ENGINE=InnoDB AUTO_INCREMENT=203 DEFAULT CHARSET=utf8 COLLATE=utf8_unicode_ci;
/*!40101 SET character_set_client = @saved_cs_client */;

--
-- Dumping data for table `lab_groups`
--

LOCK TABLES `lab_groups` WRITE;
/*!40000 ALTER TABLE `lab_groups` DISABLE KEYS */;
INSERT INTO `lab_groups` VALUES (1,'CCGD Administration','CCGD','2016-05-31 22:18:57','2016-05-31 22:18:57',1),(2,'CCGD Genotyping','CCGD','2016-05-31 22:18:57','2016-05-31 22:18:57',1),(3,'Freedman Lab','FRDMAN','2016-05-31 22:18:57','2016-05-31 22:18:57',3),(4,'Garraway Lab','GARRWY','2016-05-31 22:18:57','2016-05-31 22:18:57',2),(5,'Golub Broad Lab','GOLBBI','2016-05-31 22:18:57','2016-05-31 22:18:57',4),(6,'Golub DFCI Lab','GOLUB','2016-05-31 22:18:57','2016-05-31 22:18:57',2),(7,'Hahn Lab','HAHN','2016-05-31 22:18:57','2016-05-31 22:18:57',2),(8,'Loda Lab','LODA','2016-05-31 22:18:57','2016-05-31 22:18:57',2),(9,'Kinome','MRSNBI','2016-05-31 22:18:57','2016-05-31 22:18:57',4),(10,'Meyerson DFCI Lab','MYRSON','2016-05-31 22:18:57','2016-05-31 22:18:57',2),(11,'Polyak Lab','POLYAK','2016-05-31 22:18:57','2016-05-31 22:18:57',2),(12,'ramesh shivdasani','SHIV','2016-05-31 22:18:57','2016-05-31 22:18:57',3),(13,'Janne Lab','JANNE','2016-05-31 22:18:57','2016-05-31 22:18:57',5),(14,'Rani George','GEORGE','2016-05-31 22:18:57','2016-05-31 22:18:57',6),(15,'Thomas Roberts','RBERTS','2016-05-31 22:18:57','2016-05-31 22:18:57',7),(16,'Thomas Look','LOOK','2016-05-31 22:18:57','2016-05-31 22:18:57',8),(17,'Jerome Ritz','RITZ','2016-05-31 22:18:57','2016-05-31 22:18:57',10),(18,'Matthew Kulke','KULKE','2016-05-31 22:18:57','2016-05-31 22:18:57',11),(19,'Margaret Shipp','SHIPP','2016-05-31 22:18:57','2016-05-31 22:18:57',12),(20,'Philip Kantoff','KNTOFF','2016-05-31 22:18:57','2016-05-31 22:18:57',13),(21,'Robert Ross','ROSS','2016-05-31 22:18:57','2016-05-31 22:18:57',13),(22,'Myles Brown','BROWN','2016-05-31 22:18:57','2016-05-31 22:18:57',14),(23,'Jennifer R. Brown','JRBRWN','2016-05-31 22:18:57','2016-05-31 22:18:57',15),(24,'Rollins','ROLLNS','2016-05-31 22:18:57','2016-05-31 22:18:57',16),(25,'Stiles Lab','STILES','2016-05-31 22:18:57','2016-05-31 22:18:57',21),(26,'Chirieac','CHIRI','2016-05-31 22:18:57','2016-05-31 22:18:57',22),(27,'CCGD Pilot','CCGD','2016-05-31 22:18:57','2016-05-31 22:18:57',1),(28,'Microarray Core','CHPLAB','2016-05-31 22:18:57','2016-05-31 22:18:57',23),(29,'Sarcoma Lab','DUAN','2016-05-31 22:18:57','2016-05-31 22:18:57',24),(30,'Ebert Lab','EBERT','2016-05-31 22:18:57','2016-05-31 22:18:57',22),(31,'Gilliland','GLLLND','2016-05-31 22:18:57','2016-05-31 22:18:57',22),(32,'Hezel','HEZEL','2016-05-31 22:18:57','2016-05-31 22:18:57',24),(33,'Kim','KIM','2016-05-31 22:18:57','2016-05-31 22:18:57',25),(34,'Henske','HENSKE','2016-05-31 22:18:57','2016-05-31 22:18:57',22),(35,'Chin Lab','CHIN','2016-05-31 22:18:57','2016-05-31 22:18:57',26),(36,'Hornicek','HRNCEK','2016-05-31 22:18:57','2016-05-31 22:18:57',27),(37,'Fletcher lab','FLTCHR','2016-05-31 22:18:57','2016-05-31 22:18:57',28),(38,'Ng','NG','2016-05-31 22:18:57','2016-05-31 22:18:57',30),(39,'Ribas','RIBAS','2016-05-31 22:18:57','2016-05-31 22:18:57',31),(40,'Christopher Walsh','WALSH','2016-05-31 22:18:57','2016-05-31 22:18:57',32),(41,'BIACS','BIACS','2016-05-31 22:18:57','2016-05-31 22:18:57',33),(42,'Ligon Lab','LIGON','2016-05-31 22:18:57','2016-05-31 22:18:57',35),(43,'Monahan','MONHAN','2016-05-31 22:18:57','2016-05-31 22:18:57',36),(44,'Chung Lab','CHUNG','2016-05-31 22:18:57','2016-05-31 22:18:57',40),(45,'Koon lab','KOON','2016-05-31 22:18:57','2016-05-31 22:18:57',42),(46,'Infinity','INFI','2016-05-31 22:18:57','2016-05-31 22:18:57',43),(47,'Infinity','INFI','2016-05-31 22:18:57','2016-05-31 22:18:57',43),(48,'Ovarian Cancer Genomics','LEVEL3','2016-05-31 22:18:57','2016-05-31 22:18:57',45),(49,'Rosenberg','RSNBRG','2016-05-31 22:18:57','2016-05-31 22:18:57',13),(50,'Tenen Lab','TENEN','2016-05-31 22:18:57','2016-05-31 22:18:57',46),(51,'Segal lab','Segallab','2016-05-31 22:18:57','2016-05-31 22:18:57',47),(52,'4th floor','Kinome','2016-05-31 22:18:57','2016-05-31 22:18:57',48),(53,'Cancer Program','GOLUB','2016-05-31 22:18:57','2016-05-31 22:18:57',2),(54,'BJ Rollins','BJR grou','2016-05-31 22:18:57','2016-05-31 22:18:57',50),(55,'Armstrong Lab','SAA','2016-05-31 22:18:57','2016-05-31 22:18:57',51),(56,'HIV Therapeutics','kuritzke','2016-05-31 22:18:57','2016-05-31 22:18:57',52),(57,'Garraway Lab','Garraway','2016-05-31 22:18:57','2016-05-31 22:18:57',53),(58,'genetics','Kwiatkow','2016-05-31 22:18:57','2016-05-31 22:18:57',54),(59,'Thyroid Cancer','214741','2016-05-31 22:18:57','2016-05-31 22:18:57',55),(60,'Panc Adeno Project',' Ferrone Lab','2016-05-31 22:18:57','2016-05-31 22:18:57',0),(61,'Fredenburgh Lab','FREDEN','2016-05-31 22:18:57','2016-05-31 22:18:57',57),(62,'Kwiatkowski Lab','RB06005A','2016-05-31 22:18:57','2016-05-31 22:18:57',58),(63,'15th floor','Meyerson','2016-05-31 22:18:58','2016-05-31 22:18:58',59),(64,'Medical Oncology - 8th floor',' Ghobrial lab','2016-05-31 22:18:58','2016-05-31 22:18:58',123456),(65,'Ghobrial lab','1234567','2016-05-31 22:18:58','2016-05-31 22:18:58',60),(66,'Oncology','ONC','2016-05-31 22:18:58','2016-05-31 22:18:58',62),(67,'CAMD','CAMD','2016-05-31 22:18:58','2016-05-31 22:18:58',22),(68,'Thyroid Surgery Lab Thier 603 Parangi Lab','1151983','2016-05-31 22:18:58','2016-05-31 22:18:58',63),(69,'ORF and RNAi work','HahnLab','2016-05-31 22:18:58','2016-05-31 22:18:58',64),(70,'Kirsch Lab',' ','2016-05-31 22:18:58','2016-05-31 22:18:58',65),(71,'Dana 15','Garraway','2016-05-31 22:18:58','2016-05-31 22:18:58',53),(72,'Bowtell Lab','LEVEL3','2016-05-31 22:18:58','2016-05-31 22:18:58',45),(73,'Cancer','zonlab','2016-05-31 22:18:58','2016-05-31 22:18:58',67),(74,'Dyson Lab','NDYSON','2016-05-31 22:18:58','2016-05-31 22:18:58',68),(75,'DePinho lab','depinho1','2016-05-31 22:18:58','2016-05-31 22:18:58',69),(76,'Mayer 4','DeCaprio','2016-05-31 22:18:58','2016-05-31 22:18:58',70),(77,'Kuritzkes Lab','87654321','2016-05-31 22:18:58','2016-05-31 22:18:58',71),(78,'Lab of Benjamin L. Ebert','ebert201','2016-05-31 22:18:58','2016-05-31 22:18:58',72),(79,'Pathology Dpt.','EHL305','2016-05-31 22:18:58','2016-05-31 22:18:58',73),(80,'Ribas Lab','31262','2016-05-31 22:18:58','2016-05-31 22:18:58',74),(81,'Translational Research','Fleming','2016-05-31 22:18:58','2016-05-31 22:18:58',75),(82,'Chin-Lee Wu','Wu Lab','2016-05-31 22:18:58','2016-05-31 22:18:58',76),(83,'Pediatric Oncology','KSteg','2016-05-31 22:18:58','2016-05-31 22:18:58',77),(84,'Cancer cytogenetics','JSOVCA','2016-05-31 22:18:58','2016-05-31 22:18:58',78),(85,'Nanomed','Nanomed','2016-05-31 22:18:58','2016-05-31 22:18:58',79),(86,'Antoni Ribas','RIBAS','2016-05-31 22:18:58','2016-05-31 22:18:58',31),(87,'Mark Kieran','Kieran','2016-05-31 22:18:58','2016-05-31 22:18:58',6),(88,'Ligon Lab','Ligon208','2016-05-31 22:18:58','2016-05-31 22:18:58',83),(89,'Leiomyosarcoma','EHL305','2016-05-31 22:18:58','2016-05-31 22:18:58',73),(90,'15th floor','prostate','2016-05-31 22:18:58','2016-05-31 22:18:58',84),(91,'Infinity','Infinity','2016-05-31 22:18:58','2016-05-31 22:18:58',85),(92,'Heme Malignancies','BrownCLL','2016-05-31 22:18:58','2016-05-31 22:18:58',86),(93,'Cancer Program','BSP','2016-05-31 22:18:58','2016-05-31 22:18:58',90),(94,'CCCB','CCCB','2016-05-31 22:18:58','2016-05-31 22:18:58',91),(95,'DeCaprio','DcCaprio','2016-05-31 22:18:58','2016-05-31 22:18:58',70),(96,'Gastroenterology','Kokkotou','2016-05-31 22:18:58','2016-05-31 22:18:58',92),(97,'Meyerson Lab','Meyerson','2016-05-31 22:18:58','2016-05-31 22:18:58',59),(98,'Cancer Bio','YUG310J','2016-05-31 22:18:58','2016-05-31 22:18:58',94),(99,'CMOP','CMOP','2016-05-31 22:18:58','2016-05-31 22:18:58',35),(100,'Choueiri-Signoretti','Choueiri','2016-05-31 22:18:58','2016-05-31 22:18:58',22),(101,'Swanson Research','Swanson','2016-05-31 22:18:58','2016-05-31 22:18:58',95),(102,'Cancer Biology','unknown','2016-05-31 22:18:58','2016-05-31 22:18:58',96),(103,'Saurin Lab','1234','2016-05-31 22:18:58','2016-05-31 22:18:58',22),(104,'Wong','7644','2016-05-31 22:18:58','2016-05-31 22:18:58',97),(105,'Pedi Onc','unknown','2016-05-31 22:18:58','2016-05-31 22:18:58',96),(106,'Beroukhim Lab','rameen','2016-05-31 22:18:58','2016-05-31 22:18:58',100),(107,'Pedatric Oncology','snf5','2016-05-31 22:18:58','2016-05-31 22:18:58',101),(108,'Cantley Lab','NA','2016-05-31 22:18:58','2016-05-31 22:18:58',102),(109,'Makrigiorgos','coldpcr','2016-05-31 22:18:58','2016-05-31 22:18:58',103),(110,'AML','1','2016-05-31 22:18:58','2016-05-31 22:18:58',8),(111,'Jeff Krane',' Head and Neck Pathology','2016-05-31 22:18:58','2016-05-31 22:18:58',11911),(112,'Breast Oncology','none','2016-05-31 22:18:58','2016-05-31 22:18:58',107),(113,'Shipp Lab','Shipp La','2016-05-31 22:18:58','2016-05-31 22:18:58',108),(114,'Santagata Lab','103964','2016-05-31 22:18:58','2016-05-31 22:18:58',110),(115,'Hematologic Neoplasia','D512WEIN','2016-05-31 22:18:58','2016-05-31 22:18:58',111),(116,'GI Genomics','Hsu_lab','2016-05-31 22:18:58','2016-05-31 22:18:58',112),(117,'Hsu lab','hsu','2016-05-31 22:18:58','2016-05-31 22:18:58',113),(118,'medulloblastoma','Segallab','2016-05-31 22:18:58','2016-05-31 22:18:58',47),(119,'OBSGYN','GYNONCOL','2016-05-31 22:18:58','2016-05-31 22:18:58',123),(120,'Choueiri-Signoretti','12345','2016-05-31 22:18:58','2016-05-31 22:18:58',124),(121,'Wagers Lab','Jos630 ','2016-05-31 22:18:58','2016-05-31 22:18:58',125),(122,'HIM346','MITSIAD','2016-05-31 22:18:58','2016-05-31 22:18:58',126),(123,'C-NExT','Ligonext','2016-05-31 22:18:58','2016-05-31 22:18:58',127),(124,'Weinstock lab','weinstoc','2016-05-31 22:18:58','2016-05-31 22:18:58',128),(125,'Meyerson','??','2016-05-31 22:18:58','2016-05-31 22:18:58',131),(126,'Mitsiades lab','Mitsiade','2016-05-31 22:18:58','2016-05-31 22:18:58',132),(127,'BIDMC Cancer Center Cantley','none','2016-05-31 22:18:58','2016-05-31 22:18:58',107),(128,'Thyroid Cancer Translational','212354','2016-05-31 22:18:58','2016-05-31 22:18:58',134),(129,'Conrad','WRN-4-40','2016-05-31 22:18:58','2016-05-31 22:18:58',135),(130,'Human Thyroid Cancers Translational Research','CNUCERA','2016-05-31 22:18:58','2016-05-31 22:18:58',136),(131,'Gyn Rad Onc','GynRO','2016-05-31 22:18:58','2016-05-31 22:18:58',137),(132,'Choueiri-Signoretti','522','2016-05-31 22:18:58','2016-05-31 22:18:58',138),(133,'JF5','DANDREA','2016-05-31 22:18:58','2016-05-31 22:18:58',139),(134,'Belfer','Belfer','2016-05-31 22:18:58','2016-05-31 22:18:58',140),(135,'Bass Laboratory','Bass','2016-05-31 22:18:58','2016-05-31 22:18:58',66),(136,'Shipp lab','lymphoma','2016-05-31 22:18:58','2016-05-31 22:18:58',142),(137,'Keith Ligon Lab @ DFCI','1234567','2016-05-31 22:18:58','2016-05-31 22:18:58',60),(138,'Ghobrial Lab','HUM237','2016-05-31 22:18:58','2016-05-31 22:18:58',144),(139,'Keith Ligon\'s Lab','1234567','2016-05-31 22:18:58','2016-05-31 22:18:58',60),(140,'Division of Gynecologic Oncology','RSBLAB','2016-05-31 22:18:58','2016-05-31 22:18:58',146),(141,'Barbie Lab','dana819','2016-05-31 22:18:58','2016-05-31 22:18:58',147),(142,'none','123','2016-05-31 22:18:58','2016-05-31 22:18:58',148),(143,'Beckman','Beckman','2016-05-31 22:18:58','2016-05-31 22:18:58',149),(144,'Garraway Lab','LAG','2016-05-31 22:18:58','2016-05-31 22:18:58',150),(145,'Thyroid','WASS','2016-05-31 22:18:58','2016-05-31 22:18:58',151),(146,'Bass Lab DFCI/MCO Dana 8','Bass','2016-05-31 22:18:58','2016-05-31 22:18:58',66),(147,'Bradner Lab','BRADNER','2016-05-31 22:18:58','2016-05-31 22:18:58',153),(148,'Beroukhim Lab','Berouk','2016-05-31 22:18:58','2016-05-31 22:18:58',154),(149,'Genomics','9617589','2016-05-31 22:18:58','2016-05-31 22:18:58',155),(150,'Gyn Oncology','LIU','2016-05-31 22:18:58','2016-05-31 22:18:58',156),(151,'Meyerson Cancer Program Lab','1111','2016-05-31 22:18:58','2016-05-31 22:18:58',157),(152,'Bioinformatics','000','2016-05-31 22:18:58','2016-05-31 22:18:58',158),(153,'PedOnc','PellmanM','2016-05-31 22:18:58','2016-05-31 22:18:58',159),(154,'MPS','BTP','2016-05-31 22:18:59','2016-05-31 22:18:59',160),(155,'Haining Lab','Haining','2016-05-31 22:18:59','2016-05-31 22:18:59',161),(156,'Cancer Program',' Broad','2016-05-31 22:18:59','2016-05-31 22:18:59',0),(157,'T-ALL','aglab','2016-05-31 22:18:59','2016-05-31 22:18:59',163),(158,'Long Lab Group','CFCE','2016-05-31 22:18:59','2016-05-31 22:18:59',164),(159,'Sorger Lab Group','plx4032','2016-05-31 22:18:59','2016-05-31 22:18:59',165),(160,'CMOP','JF208','2016-05-31 22:18:59','2016-05-31 22:18:59',166),(161,'Kaelin','Kaelin','2016-05-31 22:18:59','2016-05-31 22:18:59',167),(162,'Medical Oncology','........','2016-05-31 22:18:59','2016-05-31 22:18:59',2),(163,'Stem Cell Group','BGTDSCL','2016-05-31 22:18:59','2016-05-31 22:18:59',168),(164,'Hahn Lab','HahnLab','2016-05-31 22:18:59','2016-05-31 22:18:59',64),(165,'Stegmaier 6th Floor Group','STEGLAB','2016-05-31 22:18:59','2016-05-31 22:18:59',170),(166,'Kidney Cancer','GU Oncol','2016-05-31 22:18:59','2016-05-31 22:18:59',171),(167,'Biostatistics and Computational Biology DFCI Group','BCB','2016-05-31 22:18:59','2016-05-31 22:18:59',91),(168,'Polyak Lab Group','POLYAK','2016-05-31 22:18:59','2016-05-31 22:18:59',2),(169,'Brown PDX Group','BROWN','2016-05-31 22:18:59','2016-05-31 22:18:59',14),(170,'15th floor','HAHN','2016-05-31 22:18:59','2016-05-31 22:18:59',2),(171,'Medical Oncology','Ghobrial','2016-05-31 22:18:59','2016-05-31 22:18:59',177),(172,'Pediatric Oncology','76325281','2016-05-31 22:18:59','2016-05-31 22:18:59',178),(173,'Griffin',' J','2016-05-31 22:18:59','2016-05-31 22:18:59',0),(174,'Bladder Cancer Center','40888','2016-05-31 22:18:59','2016-05-31 22:18:59',180),(175,'Meyerson Lab Group','Meyerson','2016-05-31 22:18:59','2016-05-31 22:18:59',59),(176,'Joaquim Bellmunt','40888','2016-05-31 22:18:59','2016-05-31 22:18:59',180),(177,'Amatruda lab group','UTAMAT','2016-05-31 22:18:59','2016-05-31 22:18:59',182),(178,'Daley','Daley','2016-05-31 22:18:59','2016-05-31 22:18:59',183),(179,'Collaboration with Weinstock Lab','002a','2016-05-31 22:18:59','2016-05-31 22:18:59',184),(180,'Dana15','HahnLab','2016-05-31 22:18:59','2016-05-31 22:18:59',64),(181,'Med Onc - Hematologic Malignancies','TBD','2016-05-31 22:18:59','2016-05-31 22:18:59',186),(182,'Celebi','Celebi','2016-05-31 22:18:59','2016-05-31 22:18:59',187),(183,'GlenDranoff','524','2016-05-31 22:18:59','2016-05-31 22:18:59',188),(184,'Weinstock lab','510B','2016-05-31 22:18:59','2016-05-31 22:18:59',128),(185,'Medical Oncology','HER2','2016-05-31 22:18:59','2016-05-31 22:18:59',189),(186,'Chin Lab Group','Chinlab1','2016-05-31 22:18:59','2016-05-31 22:18:59',190),(187,'Department for Gynecologic Oncology','\"\"GynOnc_','2016-05-31 22:18:59','2016-05-31 22:18:59',191),(188,'Beroukhim Lab Group ','N/A','2016-05-31 22:18:59','2016-05-31 22:18:59',192),(189,'Lane Lab Group','Lane','2016-05-31 22:18:59','2016-05-31 22:18:59',97),(190,'Cancer Biology','N/A','2016-05-31 22:18:59','2016-05-31 22:18:59',192),(191,'D\'Andrea Lab Genomics','D\'Andrea','2016-05-31 22:18:59','2016-05-31 22:18:59',195),(192,'Egles Group','LIMCR','2016-05-31 22:18:59','2016-05-31 22:18:59',196),(193,'Gutierrez Lab','aglab','2016-05-31 22:18:59','2016-05-31 22:18:59',163),(194,'Target Discovery','Belfer','2016-05-31 22:18:59','2016-05-31 22:18:59',140),(195,'tbd','TBD','2016-05-31 22:18:59','2016-05-31 22:18:59',186),(196,'PTCL','D512','2016-05-31 22:18:59','2016-05-31 22:18:59',200),(197,'Blank Lab Group','cncmaf','2016-05-31 22:18:59','2016-05-31 22:18:59',201),(198,'GYN mesenchymal tumors group','BHMNBQ','2016-05-31 22:18:59','2016-05-31 22:18:59',203),(199,'BWH Hematology','EbertLab','2016-05-31 22:18:59','2016-05-31 22:18:59',204),(200,'CMOP','LIGON','2016-05-31 22:18:59','2016-05-31 22:18:59',35),(201,'Ped Onc 6th floor','PedOnc','2016-05-31 22:18:59','2016-05-31 22:18:59',206),(202,'CFCE','CFCE','2016-05-31 22:18:59','2016-05-31 22:18:59',164);
/*!40000 ALTER TABLE `lab_groups` ENABLE KEYS */;
UNLOCK TABLES;

--
-- Table structure for table `locations`
--

DROP TABLE IF EXISTS `locations`;
/*!40101 SET @saved_cs_client     = @@character_set_client */;
/*!40101 SET character_set_client = utf8 */;
CREATE TABLE `locations` (
  `id` int(11) NOT NULL AUTO_INCREMENT,
  `building` varchar(255) COLLATE utf8_unicode_ci DEFAULT NULL,
  `room` varchar(255) COLLATE utf8_unicode_ci DEFAULT NULL,
  `created_at` datetime NOT NULL,
  `updated_at` datetime NOT NULL,
  `address_id` int(11) DEFAULT NULL,
  PRIMARY KEY (`id`)
) ENGINE=InnoDB AUTO_INCREMENT=208 DEFAULT CHARSET=utf8 COLLATE=utf8_unicode_ci;
/*!40101 SET character_set_client = @saved_cs_client */;

--
-- Dumping data for table `locations`
--

LOCK TABLES `locations` WRITE;
/*!40000 ALTER TABLE `locations` DISABLE KEYS */;
INSERT INTO `locations` VALUES (1,'Dana','1539','2016-05-31 22:18:52','2016-05-31 22:18:52',1),(2,'Dana','15th Floor','2016-05-31 22:18:52','2016-05-31 22:18:52',1),(3,'Dana','7th Floor','2016-05-31 22:18:52','2016-05-31 22:18:52',1),(4,'7CC','4th Floor','2016-05-31 22:18:52','2016-05-31 22:18:52',2),(5,'Dana','820','2016-05-31 22:18:52','2016-05-31 22:18:52',1),(6,'Dana','D3-JFC','2016-05-31 22:18:52','2016-05-31 22:18:52',1),(7,'Smith','970','2016-05-31 22:18:52','2016-05-31 22:18:52',1),(8,'Mayer','630','2016-05-31 22:18:52','2016-05-31 22:18:52',1),(10,'Mayer','530','2016-05-31 22:18:52','2016-05-31 22:18:52',1),(11,'Dana','1220','2016-05-31 22:18:52','2016-05-31 22:18:52',1),(12,'Mayer','513','2016-05-31 22:18:52','2016-05-31 22:18:52',1),(13,'Dana','1230','2016-05-31 22:18:52','2016-05-31 22:18:52',1),(14,'Dana','730','2016-05-31 22:18:52','2016-05-31 22:18:52',1),(15,'Dana','1B30','2016-05-31 22:18:52','2016-05-31 22:18:52',1),(16,'Mayer','430','2016-05-31 22:18:53','2016-05-31 22:18:53',1),(21,'Smith','1070','2016-05-31 22:18:53','2016-05-31 22:18:53',1),(22,'BWH','','2016-05-31 22:18:53','2016-05-31 22:18:53',3),(23,'21-27 Burlington Ave.','464','2016-05-31 22:18:53','2016-05-31 22:18:53',4),(24,'MGH','','2016-05-31 22:18:53','2016-05-31 22:18:53',5),(25,'Ophthalmology-Retina Service','','2016-05-31 22:18:53','2016-05-31 22:18:53',6),(26,'Mayer','448','2016-05-31 22:18:53','2016-05-31 22:18:53',1),(27,'MGH','Yawkey 3700','2016-05-31 22:18:53','2016-05-31 22:18:53',5),(28,'Thorn ','528','2016-05-31 22:18:53','2016-05-31 22:18:53',8),(29,'N-Of-One','','2016-05-31 22:18:53','2016-05-31 22:18:53',9),(30,'BWH','BLI-449A','2016-05-31 22:18:53','2016-05-31 22:18:53',10),(31,'Factor','','2016-05-31 22:18:53','2016-05-31 22:18:53',11),(32,'Neurology','','2016-05-31 22:18:53','2016-05-31 22:18:53',12),(33,'21-27 Burlington Ave.','B452A','2016-05-31 22:18:53','2016-05-31 22:18:53',4),(35,'Jimmy Fund','JF215','2016-05-31 22:18:53','2016-05-31 22:18:53',1),(36,'NIBR','','2016-05-31 22:18:53','2016-05-31 22:18:53',13),(40,'50 Blossom Street','GRJ 825','2016-05-31 22:18:53','2016-05-31 22:18:53',17),(42,'WRB','2-143','2016-05-31 22:18:53','2016-05-31 22:18:53',18),(43,'Infinity Pharmaceuticals','','2016-05-31 22:18:53','2016-05-31 22:18:53',19),(44,'375 Longwood','226','2016-05-31 22:18:53','2016-05-31 22:18:53',20),(45,'Peter Mac Research','3539','2016-05-31 22:18:53','2016-05-31 22:18:53',21),(46,'CLS','428','2016-05-31 22:18:53','2016-05-31 22:18:53',74),(47,'Smith','1054','2016-05-31 22:18:53','2016-05-31 22:18:53',1),(48,'Main building','4175-B','2016-05-31 22:18:53','2016-05-31 22:18:53',2),(49,'7CC','4175-X','2016-05-31 22:18:53','2016-05-31 22:18:53',2),(50,'Smith','742','2016-05-31 22:18:53','2016-05-31 22:18:53',1),(51,'Karp','08211','2016-05-31 22:18:53','2016-05-31 22:18:53',7),(52,'65 Landsdowne','435','2016-05-31 22:18:53','2016-05-31 22:18:53',34),(53,'Dana','D1541','2016-05-31 22:18:53','2016-05-31 22:18:53',1),(54,'Karp','6-216','2016-05-31 22:18:53','2016-05-31 22:18:53',7),(55,'Thier','6 floor','2016-05-31 22:18:53','2016-05-31 22:18:53',5),(56,'WANG','460','2016-05-31 22:18:53','2016-05-31 22:18:53',26),(57,'Thorn','932','2016-05-31 22:18:53','2016-05-31 22:18:53',3),(58,'Karp','RB06005A','2016-05-31 22:18:53','2016-05-31 22:18:53',7),(59,'Dana','1526','2016-05-31 22:18:53','2016-05-31 22:18:53',1),(60,'Dana','802','2016-05-31 22:18:53','2016-05-31 22:18:53',1),(61,'Karp','Rm 08006A','2016-05-31 22:18:53','2016-05-31 22:18:53',7),(62,'Samsung Cancer Center','11th floor','2016-05-31 22:18:53','2016-05-31 22:18:53',29),(63,'Thier','603','2016-05-31 22:18:53','2016-05-31 22:18:53',5),(64,'7CC','4034','2016-05-31 22:18:53','2016-05-31 22:18:53',2),(65,'LSRC','232','2016-05-31 22:18:53','2016-05-31 22:18:53',31),(66,'Dana','Lab','2016-05-31 22:18:53','2016-05-31 22:18:53',1),(67,'Karp','RB-07005A','2016-05-31 22:18:53','2016-05-31 22:18:53',7),(68,'149','7330','2016-05-31 22:18:53','2016-05-31 22:18:53',33),(69,'Mayer','415','2016-05-31 22:18:53','2016-05-31 22:18:53',1),(70,'Mayer','440','2016-05-31 22:18:53','2016-05-31 22:18:53',1),(71,'Partners Research bldg','441','2016-05-31 22:18:53','2016-05-31 22:18:53',34),(72,'Karp','5.210','2016-05-31 22:18:53','2016-05-31 22:18:53',7),(73,'Smilow','305','2016-05-31 22:18:53','2016-05-31 22:18:53',36),(74,'Factor','14-635','2016-05-31 22:18:53','2016-05-31 22:18:53',42),(75,'Enders','1174','2016-05-31 22:18:53','2016-05-31 22:18:53',38),(76,'WRN','3-324','2016-05-31 22:18:53','2016-05-31 22:18:53',5),(77,'Dana','640A','2016-05-31 22:18:53','2016-05-31 22:18:53',1),(78,'Richardson Laboratory','401','2016-05-31 22:18:53','2016-05-31 22:18:53',39),(79,'Samsung Cancer Center','188 B4','2016-05-31 22:18:53','2016-05-31 22:18:53',41),(81,'Factor','14-638','2016-05-31 22:18:53','2016-05-31 22:18:53',42),(83,'JF','208','2016-05-31 22:18:53','2016-05-31 22:18:53',1),(84,'Dana','1516','2016-05-31 22:18:53','2016-05-31 22:18:53',1),(85,'780 Memorial Drive','780 Memorial Drive','2016-05-31 22:18:53','2016-05-31 22:18:53',44),(86,'Mayer','1B29','2016-05-31 22:18:53','2016-05-31 22:18:53',1),(87,'Dana','1210','2016-05-31 22:18:53','2016-05-31 22:18:53',1),(88,'Dana','740','2016-05-31 22:18:53','2016-05-31 22:18:53',1),(90,'B301','5019','2016-05-31 22:18:53','2016-05-31 22:18:53',46),(91,'Smith','824','2016-05-31 22:18:53','2016-05-31 22:18:53',1),(92,'BIDMC Dana','536','2016-05-31 22:18:53','2016-05-31 22:18:53',74),(93,'Dana','15th floor','2016-05-31 22:18:53','2016-05-31 22:18:53',1),(94,'270 Albany','G310J','2016-05-31 22:18:53','2016-05-31 22:18:53',49),(95,'Peter Bent Brigham','CA 355','2016-05-31 22:18:53','2016-05-31 22:18:53',3),(96,'270 Albany','G310I','2016-05-31 22:18:53','2016-05-31 22:18:53',49),(97,'Mayer','413','2016-05-31 22:18:53','2016-05-31 22:18:53',50),(98,'Dana','630F','2016-05-31 22:18:53','2016-05-31 22:18:53',50),(99,'Smith','708','2016-05-31 22:18:53','2016-05-31 22:18:53',50),(100,'Smith','1022C','2016-05-31 22:18:53','2016-05-31 22:18:53',50),(101,'Mayer','654','2016-05-31 22:18:53','2016-05-31 22:18:53',50),(102,'CLS ','417','2016-05-31 22:18:53','2016-05-31 22:18:53',12),(103,'Jimmy Fund','614','2016-05-31 22:18:53','2016-05-31 22:18:53',50),(104,'Dana','1526','2016-05-31 22:18:54','2016-05-31 22:18:54',1),(105,'Mayer','457','2016-05-31 22:18:54','2016-05-31 22:18:54',50),(107,'Yawkey','1257','2016-05-31 22:18:54','2016-05-31 22:18:54',50),(108,'Mayer','563','2016-05-31 22:18:54','2016-05-31 22:18:54',1),(110,'Amory','360U','2016-05-31 22:18:54','2016-05-31 22:18:54',3),(111,'Dana','D512','2016-05-31 22:18:54','2016-05-31 22:18:54',1),(112,'CIEMAS','2323','2016-05-31 22:18:54','2016-05-31 22:18:54',57),(113,'CIEMAS','2323','2016-05-31 22:18:54','2016-05-31 22:18:54',57),(122,'Smith','1052','2016-05-31 22:18:54','2016-05-31 22:18:54',50),(123,'BLI','449B','2016-05-31 22:18:54','2016-05-31 22:18:54',10),(124,'Dana','1230','2016-05-31 22:18:54','2016-05-31 22:18:54',1),(125,'Joslin','630','2016-05-31 22:18:54','2016-05-31 22:18:54',68),(126,'Harvard Institutes of Medicine Building (4 Blackfan Circle)','HIM346','2016-05-31 22:18:54','2016-05-31 22:18:54',50),(127,'27 Drydock','DD466S','2016-05-31 22:18:54','2016-05-31 22:18:54',70),(128,'Dana','510B','2016-05-31 22:18:54','2016-05-31 22:18:54',50),(131,'7CC','4027','2016-05-31 22:18:54','2016-05-31 22:18:54',2),(132,'HIM','309','2016-05-31 22:18:54','2016-05-31 22:18:54',74),(133,'Center for Life Sciences','CLS441','2016-05-31 22:18:54','2016-05-31 22:18:54',75),(134,'Research North','2 floor','2016-05-31 22:18:54','2016-05-31 22:18:54',76),(135,'Warren','WRN-4-408C','2016-05-31 22:18:54','2016-05-31 22:18:54',5),(136,'BIDMC Pathology','','2016-05-31 22:18:54','2016-05-31 22:18:54',76),(137,'CWN-L2','Brachy','2016-05-31 22:18:54','2016-05-31 22:18:54',3),(138,'Dana','1230','2016-05-31 22:18:54','2016-05-31 22:18:54',50),(139,'Jimmy Fund','521','2016-05-31 22:18:54','2016-05-31 22:18:54',77),(140,'HIM ','344','2016-05-31 22:18:54','2016-05-31 22:18:54',78),(141,'Dana','15','2016-05-31 22:18:54','2016-05-31 22:18:54',79),(142,'mayer','515','2016-05-31 22:18:54','2016-05-31 22:18:54',77),(143,'Jimmy Fund','208B','2016-05-31 22:18:54','2016-05-31 22:18:54',80),(144,'HIM','240','2016-05-31 22:18:54','2016-05-31 22:18:54',81),(145,'Jimmy Fund','208B','2016-05-31 22:18:54','2016-05-31 22:18:54',77),(146,'Boston Lying-In','429A','2016-05-31 22:18:54','2016-05-31 22:18:54',82),(147,'Dana','819','2016-05-31 22:18:54','2016-05-31 22:18:54',77),(148,'bldg','rm','2016-05-31 22:18:54','2016-05-31 22:18:54',83),(149,'Smith','1234','2016-05-31 22:18:54','2016-05-31 22:18:54',84),(150,'Dana','1524','2016-05-31 22:18:54','2016-05-31 22:18:54',85),(151,'HSC','5445','2016-05-31 22:18:54','2016-05-31 22:18:54',86),(152,'Dana','8th Floor','2016-05-31 22:18:54','2016-05-31 22:18:54',1),(153,'Dana','510','2016-05-31 22:18:54','2016-05-31 22:18:54',1),(154,'Smith','1010','2016-05-31 22:18:54','2016-05-31 22:18:54',87),(155,'Dana','1234','2016-05-31 22:18:54','2016-05-31 22:18:54',85),(156,'Yawkey','1425','2016-05-31 22:18:54','2016-05-31 22:18:54',50),(157,'7CC','4175-J','2016-05-31 22:18:54','2016-05-31 22:18:54',2),(158,'DA','8','2016-05-31 22:18:54','2016-05-31 22:18:54',88),(159,'Mayer','620','2016-05-31 22:18:54','2016-05-31 22:18:54',89),(160,'020','0G4','2016-05-31 22:18:54','2016-05-31 22:18:54',90),(161,'Dana','D644','2016-05-31 22:18:54','2016-05-31 22:18:54',50),(162,'7CC','4th floor','2016-05-31 22:18:54','2016-05-31 22:18:54',50),(163,'Karp','08-212','2016-05-31 22:18:54','2016-05-31 22:18:54',91),(164,'Dana','757','2016-05-31 22:18:54','2016-05-31 22:18:54',50),(165,'WAB','444','2016-05-31 22:18:54','2016-05-31 22:18:54',92),(166,'Jimmy Fund','208C','2016-05-31 22:18:54','2016-05-31 22:18:54',1),(167,'Mayer','457','2016-05-31 22:18:54','2016-05-31 22:18:54',77),(168,'Banting Building','E110','2016-05-31 22:18:54','2016-05-31 22:18:54',93),(169,'Dana','1514','2016-05-31 22:18:54','2016-05-31 22:18:54',94),(170,'Dana','D628','2016-05-31 22:18:54','2016-05-31 22:18:54',95),(171,'Dana Building','1230','2016-05-31 22:18:54','2016-05-31 22:18:54',77),(172,'Smith','822C','2016-05-31 22:18:54','2016-05-31 22:18:54',77),(173,'Dana','D740B','2016-05-31 22:18:54','2016-05-31 22:18:54',50),(174,'Dana','D614','2016-05-31 22:18:54','2016-05-31 22:18:54',96),(175,'Dana','728','2016-05-31 22:18:54','2016-05-31 22:18:54',96),(176,'Dana','1514','2016-05-31 22:18:54','2016-05-31 22:18:54',97),(177,'HIM','237','2016-05-31 22:18:54','2016-05-31 22:18:54',98),(178,'Dana','640A','2016-05-31 22:18:54','2016-05-31 22:18:54',99),(179,'Mayer ','534','2016-05-31 22:18:54','2016-05-31 22:18:54',100),(180,'Dana ','1230','2016-05-31 22:18:54','2016-05-31 22:18:54',77),(181,'Broad','5064D','2016-05-31 22:18:54','2016-05-31 22:18:54',101),(182,'ND3','136','2016-05-31 22:18:54','2016-05-31 22:18:54',102),(183,'Karp','7004','2016-05-31 22:18:54','2016-05-31 22:18:54',103),(184,'Haematologicum','007','2016-05-31 22:18:54','2016-05-31 22:18:54',104),(185,'Dana','1514','2016-05-31 22:18:54','2016-05-31 22:18:54',77),(186,'Karp','5th floor','2016-05-31 22:18:54','2016-05-31 22:18:54',50),(187,'Hess','5-108','2016-05-31 22:18:54','2016-05-31 22:18:54',105),(188,'Dana','524','2016-05-31 22:18:55','2016-05-31 22:18:55',96),(189,'Dana','1240F','2016-05-31 22:18:55','2016-05-31 22:18:55',77),(190,'CLS','628C','2016-05-31 22:18:55','2016-05-31 22:18:55',75),(191,'Haupthaus','E.408','2016-05-31 22:18:55','2016-05-31 22:18:55',106),(192,'Smith','1022','2016-05-31 22:18:55','2016-05-31 22:18:55',107),(193,'Smith','1010','2016-05-31 22:18:55','2016-05-31 22:18:55',108),(194,'Dana Building','630D','2016-05-31 22:18:55','2016-05-31 22:18:55',1),(195,'Mayer','640','2016-05-31 22:18:55','2016-05-31 22:18:55',85),(196,'C','1.1','2016-05-31 22:18:55','2016-05-31 22:18:55',109),(197,'Karp','08006C','2016-05-31 22:18:55','2016-05-31 22:18:55',7),(198,'HIM','343','2016-05-31 22:18:55','2016-05-31 22:18:55',110),(199,'tbd','tbd','2016-05-31 22:18:55','2016-05-31 22:18:55',111),(200,'Dana','512','2016-05-31 22:18:55','2016-05-31 22:18:55',1),(201,'Pavillon F','623','2016-05-31 22:18:55','2016-05-31 22:18:55',112),(202,'Dana','512','2016-05-31 22:18:55','2016-05-31 22:18:55',77),(203,'Medical Research Building','7th floor','2016-05-31 22:18:55','2016-05-31 22:18:55',113),(204,'Karp','520','2016-05-31 22:18:55','2016-05-31 22:18:55',114),(205,'Jimmy Fund','208','2016-05-31 22:18:55','2016-05-31 22:18:55',77),(206,'Dana','628','2016-05-31 22:18:55','2016-05-31 22:18:55',77),(207,'Dana','730B','2016-05-31 22:18:55','2016-05-31 22:18:55',77);
/*!40000 ALTER TABLE `locations` ENABLE KEYS */;
UNLOCK TABLES;

--
-- Table structure for table `memberships`
--

DROP TABLE IF EXISTS `memberships`;
/*!40101 SET @saved_cs_client     = @@character_set_client */;
/*!40101 SET character_set_client = utf8 */;
CREATE TABLE `memberships` (
  `id` int(11) NOT NULL AUTO_INCREMENT,
  `user_id` int(11) DEFAULT NULL,
  `lab_group_id` int(11) DEFAULT NULL,
  `created_at` datetime NOT NULL,
  `updated_at` datetime NOT NULL,
  PRIMARY KEY (`id`)
) ENGINE=InnoDB AUTO_INCREMENT=269 DEFAULT CHARSET=utf8 COLLATE=utf8_unicode_ci;
/*!40101 SET character_set_client = @saved_cs_client */;

--
-- Dumping data for table `memberships`
--

LOCK TABLES `memberships` WRITE;
/*!40000 ALTER TABLE `memberships` DISABLE KEYS */;
INSERT INTO `memberships` VALUES (1,2,1,'2016-05-31 22:19:05','2016-05-31 22:19:05'),(2,3,1,'2016-05-31 22:19:05','2016-05-31 22:19:05'),(3,4,1,'2016-05-31 22:19:05','2016-05-31 22:19:05'),(4,50,1,'2016-05-31 22:19:05','2016-05-31 22:19:05'),(5,58,1,'2016-05-31 22:19:05','2016-05-31 22:19:05'),(6,61,1,'2016-05-31 22:19:05','2016-05-31 22:19:05'),(7,65,1,'2016-05-31 22:19:05','2016-05-31 22:19:05'),(8,73,1,'2016-05-31 22:19:05','2016-05-31 22:19:05'),(9,78,1,'2016-05-31 22:19:05','2016-05-31 22:19:05'),(10,81,1,'2016-05-31 22:19:05','2016-05-31 22:19:05'),(11,93,1,'2016-05-31 22:19:05','2016-05-31 22:19:05'),(12,108,1,'2016-05-31 22:19:05','2016-05-31 22:19:05'),(13,126,1,'2016-05-31 22:19:05','2016-05-31 22:19:05'),(14,137,1,'2016-05-31 22:19:05','2016-05-31 22:19:05'),(15,160,1,'2016-05-31 22:19:05','2016-05-31 22:19:05'),(16,171,1,'2016-05-31 22:19:05','2016-05-31 22:19:05'),(17,246,1,'2016-05-31 22:19:05','2016-05-31 22:19:05'),(18,250,1,'2016-05-31 22:19:05','2016-05-31 22:19:05'),(19,267,1,'2016-05-31 22:19:05','2016-05-31 22:19:05'),(20,317,1,'2016-05-31 22:19:05','2016-05-31 22:19:05'),(21,5,1,'2016-05-31 22:19:05','2016-05-31 22:19:05'),(22,6,1,'2016-05-31 22:19:05','2016-05-31 22:19:05'),(23,7,1,'2016-05-31 22:19:05','2016-05-31 22:19:05'),(24,40,1,'2016-05-31 22:19:05','2016-05-31 22:19:05'),(25,72,1,'2016-05-31 22:19:05','2016-05-31 22:19:05'),(26,154,1,'2016-05-31 22:19:05','2016-05-31 22:19:05'),(27,173,1,'2016-05-31 22:19:05','2016-05-31 22:19:05'),(28,175,1,'2016-05-31 22:19:05','2016-05-31 22:19:05'),(29,233,1,'2016-05-31 22:19:05','2016-05-31 22:19:05'),(30,266,1,'2016-05-31 22:19:05','2016-05-31 22:19:05'),(31,269,1,'2016-05-31 22:19:05','2016-05-31 22:19:05'),(32,38,1,'2016-05-31 22:19:05','2016-05-31 22:19:05'),(33,8,2,'2016-05-31 22:19:05','2016-05-31 22:19:05'),(34,27,2,'2016-05-31 22:19:05','2016-05-31 22:19:05'),(35,31,2,'2016-05-31 22:19:05','2016-05-31 22:19:05'),(36,36,2,'2016-05-31 22:19:05','2016-05-31 22:19:05'),(37,39,2,'2016-05-31 22:19:05','2016-05-31 22:19:05'),(38,43,2,'2016-05-31 22:19:05','2016-05-31 22:19:05'),(39,44,2,'2016-05-31 22:19:05','2016-05-31 22:19:05'),(40,45,2,'2016-05-31 22:19:05','2016-05-31 22:19:05'),(41,79,2,'2016-05-31 22:19:05','2016-05-31 22:19:05'),(42,80,2,'2016-05-31 22:19:05','2016-05-31 22:19:05'),(43,146,2,'2016-05-31 22:19:05','2016-05-31 22:19:05'),(44,9,3,'2016-05-31 22:19:05','2016-05-31 22:19:05'),(45,28,3,'2016-05-31 22:19:05','2016-05-31 22:19:05'),(46,10,4,'2016-05-31 22:19:05','2016-05-31 22:19:05'),(47,47,4,'2016-05-31 22:19:05','2016-05-31 22:19:05'),(48,10,5,'2016-05-31 22:19:05','2016-05-31 22:19:05'),(49,85,5,'2016-05-31 22:19:05','2016-05-31 22:19:05'),(50,11,6,'2016-05-31 22:19:05','2016-05-31 22:19:05'),(51,62,6,'2016-05-31 22:19:05','2016-05-31 22:19:05'),(52,122,6,'2016-05-31 22:19:05','2016-05-31 22:19:05'),(53,157,6,'2016-05-31 22:19:05','2016-05-31 22:19:05'),(54,161,6,'2016-05-31 22:19:05','2016-05-31 22:19:05'),(55,278,6,'2016-05-31 22:19:05','2016-05-31 22:19:05'),(56,12,7,'2016-05-31 22:19:05','2016-05-31 22:19:05'),(57,33,7,'2016-05-31 22:19:05','2016-05-31 22:19:05'),(58,113,7,'2016-05-31 22:19:05','2016-05-31 22:19:05'),(59,13,8,'2016-05-31 22:19:05','2016-05-31 22:19:05'),(60,49,8,'2016-05-31 22:19:05','2016-05-31 22:19:05'),(61,51,8,'2016-05-31 22:19:05','2016-05-31 22:19:05'),(62,13,9,'2016-05-31 22:19:05','2016-05-31 22:19:05'),(63,46,9,'2016-05-31 22:19:05','2016-05-31 22:19:05'),(64,97,9,'2016-05-31 22:19:05','2016-05-31 22:19:05'),(65,14,10,'2016-05-31 22:19:05','2016-05-31 22:19:05'),(66,141,10,'2016-05-31 22:19:05','2016-05-31 22:19:05'),(67,275,10,'2016-05-31 22:19:05','2016-05-31 22:19:05'),(68,15,11,'2016-05-31 22:19:05','2016-05-31 22:19:05'),(69,16,12,'2016-05-31 22:19:05','2016-05-31 22:19:05'),(70,17,13,'2016-05-31 22:19:05','2016-05-31 22:19:05'),(71,18,14,'2016-05-31 22:19:05','2016-05-31 22:19:05'),(72,19,15,'2016-05-31 22:19:05','2016-05-31 22:19:05'),(73,30,15,'2016-05-31 22:19:05','2016-05-31 22:19:05'),(74,20,16,'2016-05-31 22:19:05','2016-05-31 22:19:05'),(75,21,17,'2016-05-31 22:19:05','2016-05-31 22:19:05'),(76,22,18,'2016-05-31 22:19:05','2016-05-31 22:19:05'),(77,23,19,'2016-05-31 22:19:05','2016-05-31 22:19:05'),(78,24,20,'2016-05-31 22:19:05','2016-05-31 22:19:05'),(79,25,21,'2016-05-31 22:19:05','2016-05-31 22:19:05'),(80,277,21,'2016-05-31 22:19:05','2016-05-31 22:19:05'),(81,26,22,'2016-05-31 22:19:05','2016-05-31 22:19:05'),(82,34,24,'2016-05-31 22:19:05','2016-05-31 22:19:05'),(83,35,24,'2016-05-31 22:19:05','2016-05-31 22:19:05'),(84,37,25,'2016-05-31 22:19:05','2016-05-31 22:19:05'),(85,41,26,'2016-05-31 22:19:05','2016-05-31 22:19:05'),(86,42,27,'2016-05-31 22:19:05','2016-05-31 22:19:05'),(87,48,28,'2016-05-31 22:19:05','2016-05-31 22:19:05'),(88,52,30,'2016-05-31 22:19:05','2016-05-31 22:19:05'),(89,63,30,'2016-05-31 22:19:05','2016-05-31 22:19:05'),(90,53,31,'2016-05-31 22:19:05','2016-05-31 22:19:05'),(91,54,32,'2016-05-31 22:19:05','2016-05-31 22:19:05'),(92,55,33,'2016-05-31 22:19:05','2016-05-31 22:19:05'),(93,142,33,'2016-05-31 22:19:05','2016-05-31 22:19:05'),(94,143,33,'2016-05-31 22:19:05','2016-05-31 22:19:05'),(95,56,34,'2016-05-31 22:19:05','2016-05-31 22:19:05'),(96,57,35,'2016-05-31 22:19:05','2016-05-31 22:19:05'),(97,59,36,'2016-05-31 22:19:05','2016-05-31 22:19:05'),(98,60,37,'2016-05-31 22:19:05','2016-05-31 22:19:05'),(99,132,37,'2016-05-31 22:19:05','2016-05-31 22:19:05'),(100,64,39,'2016-05-31 22:19:05','2016-05-31 22:19:05'),(101,88,39,'2016-05-31 22:19:05','2016-05-31 22:19:05'),(102,282,39,'2016-05-31 22:19:05','2016-05-31 22:19:05'),(103,66,40,'2016-05-31 22:19:05','2016-05-31 22:19:05'),(104,92,40,'2016-05-31 22:19:05','2016-05-31 22:19:05'),(105,314,40,'2016-05-31 22:19:05','2016-05-31 22:19:05'),(106,70,42,'2016-05-31 22:19:05','2016-05-31 22:19:05'),(107,71,43,'2016-05-31 22:19:05','2016-05-31 22:19:05'),(108,74,45,'2016-05-31 22:19:05','2016-05-31 22:19:05'),(109,76,46,'2016-05-31 22:19:05','2016-05-31 22:19:05'),(110,130,46,'2016-05-31 22:19:05','2016-05-31 22:19:05'),(111,77,47,'2016-05-31 22:19:05','2016-05-31 22:19:05'),(112,82,48,'2016-05-31 22:19:05','2016-05-31 22:19:05'),(113,101,48,'2016-05-31 22:19:05','2016-05-31 22:19:05'),(114,215,48,'2016-05-31 22:19:05','2016-05-31 22:19:05'),(115,83,49,'2016-05-31 22:19:05','2016-05-31 22:19:05'),(116,176,49,'2016-05-31 22:19:05','2016-05-31 22:19:05'),(117,86,50,'2016-05-31 22:19:05','2016-05-31 22:19:05'),(118,87,51,'2016-05-31 22:19:05','2016-05-31 22:19:05'),(119,89,52,'2016-05-31 22:19:05','2016-05-31 22:19:05'),(120,90,53,'2016-05-31 22:19:05','2016-05-31 22:19:05'),(121,234,53,'2016-05-31 22:19:05','2016-05-31 22:19:05'),(122,107,53,'2016-05-31 22:19:05','2016-05-31 22:19:05'),(123,91,54,'2016-05-31 22:19:05','2016-05-31 22:19:05'),(124,94,55,'2016-05-31 22:19:05','2016-05-31 22:19:05'),(125,95,56,'2016-05-31 22:19:05','2016-05-31 22:19:05'),(126,96,57,'2016-05-31 22:19:05','2016-05-31 22:19:05'),(127,98,58,'2016-05-31 22:19:05','2016-05-31 22:19:05'),(128,99,59,'2016-05-31 22:19:05','2016-05-31 22:19:05'),(129,123,59,'2016-05-31 22:19:05','2016-05-31 22:19:05'),(130,291,59,'2016-05-31 22:19:05','2016-05-31 22:19:05'),(131,152,59,'2016-05-31 22:19:05','2016-05-31 22:19:05'),(132,174,59,'2016-05-31 22:19:05','2016-05-31 22:19:05'),(133,285,59,'2016-05-31 22:19:05','2016-05-31 22:19:05'),(134,100,60,'2016-05-31 22:19:05','2016-05-31 22:19:05'),(135,238,61,'2016-05-31 22:19:05','2016-05-31 22:19:05'),(136,102,63,'2016-05-31 22:19:05','2016-05-31 22:19:05'),(137,140,63,'2016-05-31 22:19:05','2016-05-31 22:19:05'),(138,103,64,'2016-05-31 22:19:05','2016-05-31 22:19:05'),(139,145,64,'2016-05-31 22:19:05','2016-05-31 22:19:05'),(140,159,64,'2016-05-31 22:19:05','2016-05-31 22:19:05'),(141,104,65,'2016-05-31 22:19:05','2016-05-31 22:19:05'),(142,105,66,'2016-05-31 22:19:05','2016-05-31 22:19:05'),(143,272,66,'2016-05-31 22:19:05','2016-05-31 22:19:05'),(144,289,66,'2016-05-31 22:19:05','2016-05-31 22:19:05'),(145,106,67,'2016-05-31 22:19:05','2016-05-31 22:19:05'),(146,109,68,'2016-05-31 22:19:05','2016-05-31 22:19:05'),(147,110,69,'2016-05-31 22:19:05','2016-05-31 22:19:05'),(148,111,70,'2016-05-31 22:19:05','2016-05-31 22:19:05'),(149,112,71,'2016-05-31 22:19:05','2016-05-31 22:19:05'),(150,133,71,'2016-05-31 22:19:05','2016-05-31 22:19:05'),(151,114,72,'2016-05-31 22:19:05','2016-05-31 22:19:05'),(152,116,73,'2016-05-31 22:19:05','2016-05-31 22:19:05'),(153,117,74,'2016-05-31 22:19:05','2016-05-31 22:19:05'),(154,119,75,'2016-05-31 22:19:05','2016-05-31 22:19:05'),(155,120,76,'2016-05-31 22:19:05','2016-05-31 22:19:05'),(156,121,77,'2016-05-31 22:19:05','2016-05-31 22:19:05'),(157,125,77,'2016-05-31 22:19:05','2016-05-31 22:19:05'),(158,124,78,'2016-05-31 22:19:05','2016-05-31 22:19:05'),(159,127,79,'2016-05-31 22:19:05','2016-05-31 22:19:05'),(160,128,80,'2016-05-31 22:19:05','2016-05-31 22:19:05'),(161,129,80,'2016-05-31 22:19:05','2016-05-31 22:19:05'),(162,134,81,'2016-05-31 22:19:05','2016-05-31 22:19:05'),(163,135,82,'2016-05-31 22:19:05','2016-05-31 22:19:05'),(164,136,83,'2016-05-31 22:19:06','2016-05-31 22:19:06'),(165,138,84,'2016-05-31 22:19:06','2016-05-31 22:19:06'),(166,139,85,'2016-05-31 22:19:06','2016-05-31 22:19:06'),(167,144,86,'2016-05-31 22:19:06','2016-05-31 22:19:06'),(168,147,87,'2016-05-31 22:19:06','2016-05-31 22:19:06'),(169,148,88,'2016-05-31 22:19:06','2016-05-31 22:19:06'),(170,150,89,'2016-05-31 22:19:06','2016-05-31 22:19:06'),(171,153,90,'2016-05-31 22:19:06','2016-05-31 22:19:06'),(172,155,91,'2016-05-31 22:19:06','2016-05-31 22:19:06'),(173,283,91,'2016-05-31 22:19:06','2016-05-31 22:19:06'),(174,156,93,'2016-05-31 22:19:06','2016-05-31 22:19:06'),(175,183,93,'2016-05-31 22:19:06','2016-05-31 22:19:06'),(176,158,94,'2016-05-31 22:19:06','2016-05-31 22:19:06'),(177,165,94,'2016-05-31 22:19:06','2016-05-31 22:19:06'),(178,258,94,'2016-05-31 22:19:06','2016-05-31 22:19:06'),(179,164,96,'2016-05-31 22:19:06','2016-05-31 22:19:06'),(180,167,97,'2016-05-31 22:19:06','2016-05-31 22:19:06'),(181,182,97,'2016-05-31 22:19:06','2016-05-31 22:19:06'),(182,168,98,'2016-05-31 22:19:06','2016-05-31 22:19:06'),(183,169,99,'2016-05-31 22:19:06','2016-05-31 22:19:06'),(184,172,100,'2016-05-31 22:19:06','2016-05-31 22:19:06'),(185,177,101,'2016-05-31 22:19:06','2016-05-31 22:19:06'),(186,178,102,'2016-05-31 22:19:06','2016-05-31 22:19:06'),(187,179,103,'2016-05-31 22:19:06','2016-05-31 22:19:06'),(188,226,103,'2016-05-31 22:19:06','2016-05-31 22:19:06'),(189,180,104,'2016-05-31 22:19:06','2016-05-31 22:19:06'),(190,184,106,'2016-05-31 22:19:06','2016-05-31 22:19:06'),(191,185,107,'2016-05-31 22:19:06','2016-05-31 22:19:06'),(192,186,108,'2016-05-31 22:19:06','2016-05-31 22:19:06'),(193,188,109,'2016-05-31 22:19:06','2016-05-31 22:19:06'),(194,216,112,'2016-05-31 22:19:06','2016-05-31 22:19:06'),(195,217,113,'2016-05-31 22:19:06','2016-05-31 22:19:06'),(196,218,114,'2016-05-31 22:19:06','2016-05-31 22:19:06'),(197,219,115,'2016-05-31 22:19:06','2016-05-31 22:19:06'),(198,220,116,'2016-05-31 22:19:06','2016-05-31 22:19:06'),(199,221,117,'2016-05-31 22:19:06','2016-05-31 22:19:06'),(200,309,117,'2016-05-31 22:19:06','2016-05-31 22:19:06'),(201,311,117,'2016-05-31 22:19:06','2016-05-31 22:19:06'),(202,224,118,'2016-05-31 22:19:06','2016-05-31 22:19:06'),(203,225,119,'2016-05-31 22:19:06','2016-05-31 22:19:06'),(204,261,119,'2016-05-31 22:19:06','2016-05-31 22:19:06'),(205,227,120,'2016-05-31 22:19:06','2016-05-31 22:19:06'),(206,228,121,'2016-05-31 22:19:06','2016-05-31 22:19:06'),(207,229,123,'2016-05-31 22:19:06','2016-05-31 22:19:06'),(208,230,124,'2016-05-31 22:19:06','2016-05-31 22:19:06'),(209,231,125,'2016-05-31 22:19:06','2016-05-31 22:19:06'),(210,232,126,'2016-05-31 22:19:06','2016-05-31 22:19:06'),(211,307,126,'2016-05-31 22:19:06','2016-05-31 22:19:06'),(212,245,127,'2016-05-31 22:19:06','2016-05-31 22:19:06'),(213,235,128,'2016-05-31 22:19:06','2016-05-31 22:19:06'),(214,237,129,'2016-05-31 22:19:06','2016-05-31 22:19:06'),(215,239,130,'2016-05-31 22:19:06','2016-05-31 22:19:06'),(216,240,131,'2016-05-31 22:19:06','2016-05-31 22:19:06'),(217,242,133,'2016-05-31 22:19:06','2016-05-31 22:19:06'),(218,243,134,'2016-05-31 22:19:06','2016-05-31 22:19:06'),(219,244,135,'2016-05-31 22:19:06','2016-05-31 22:19:06'),(220,247,136,'2016-05-31 22:19:06','2016-05-31 22:19:06'),(221,251,138,'2016-05-31 22:19:06','2016-05-31 22:19:06'),(222,252,139,'2016-05-31 22:19:06','2016-05-31 22:19:06'),(223,253,140,'2016-05-31 22:19:06','2016-05-31 22:19:06'),(224,254,141,'2016-05-31 22:19:06','2016-05-31 22:19:06'),(225,290,141,'2016-05-31 22:19:06','2016-05-31 22:19:06'),(226,305,141,'2016-05-31 22:19:06','2016-05-31 22:19:06'),(227,316,141,'2016-05-31 22:19:06','2016-05-31 22:19:06'),(228,255,142,'2016-05-31 22:19:06','2016-05-31 22:19:06'),(229,256,143,'2016-05-31 22:19:06','2016-05-31 22:19:06'),(230,257,144,'2016-05-31 22:19:06','2016-05-31 22:19:06'),(231,276,144,'2016-05-31 22:19:06','2016-05-31 22:19:06'),(232,259,145,'2016-05-31 22:19:06','2016-05-31 22:19:06'),(233,306,145,'2016-05-31 22:19:06','2016-05-31 22:19:06'),(234,260,146,'2016-05-31 22:19:06','2016-05-31 22:19:06'),(235,318,146,'2016-05-31 22:19:06','2016-05-31 22:19:06'),(236,262,147,'2016-05-31 22:19:06','2016-05-31 22:19:06'),(237,265,148,'2016-05-31 22:19:06','2016-05-31 22:19:06'),(238,268,149,'2016-05-31 22:19:06','2016-05-31 22:19:06'),(239,270,150,'2016-05-31 22:19:06','2016-05-31 22:19:06'),(240,271,151,'2016-05-31 22:19:06','2016-05-31 22:19:06'),(241,273,152,'2016-05-31 22:19:06','2016-05-31 22:19:06'),(242,274,153,'2016-05-31 22:19:06','2016-05-31 22:19:06'),(243,279,155,'2016-05-31 22:19:06','2016-05-31 22:19:06'),(244,280,156,'2016-05-31 22:19:06','2016-05-31 22:19:06'),(245,281,157,'2016-05-31 22:19:06','2016-05-31 22:19:06'),(246,284,158,'2016-05-31 22:19:06','2016-05-31 22:19:06'),(247,286,159,'2016-05-31 22:19:06','2016-05-31 22:19:06'),(248,287,160,'2016-05-31 22:19:06','2016-05-31 22:19:06'),(249,288,161,'2016-05-31 22:19:06','2016-05-31 22:19:06'),(250,292,162,'2016-05-31 22:19:06','2016-05-31 22:19:06'),(251,308,162,'2016-05-31 22:19:06','2016-05-31 22:19:06'),(252,293,163,'2016-05-31 22:19:06','2016-05-31 22:19:06'),(253,294,164,'2016-05-31 22:19:06','2016-05-31 22:19:06'),(254,295,165,'2016-05-31 22:19:06','2016-05-31 22:19:06'),(255,303,165,'2016-05-31 22:19:06','2016-05-31 22:19:06'),(256,296,166,'2016-05-31 22:19:06','2016-05-31 22:19:06'),(257,297,167,'2016-05-31 22:19:06','2016-05-31 22:19:06'),(258,298,168,'2016-05-31 22:19:06','2016-05-31 22:19:06'),(259,299,169,'2016-05-31 22:19:06','2016-05-31 22:19:06'),(260,301,169,'2016-05-31 22:19:06','2016-05-31 22:19:06'),(261,300,170,'2016-05-31 22:19:06','2016-05-31 22:19:06'),(262,302,171,'2016-05-31 22:19:06','2016-05-31 22:19:06'),(263,304,172,'2016-05-31 22:19:06','2016-05-31 22:19:06'),(264,310,174,'2016-05-31 22:19:06','2016-05-31 22:19:06'),(265,312,175,'2016-05-31 22:19:06','2016-05-31 22:19:06'),(266,313,176,'2016-05-31 22:19:06','2016-05-31 22:19:06'),(267,315,177,'2016-05-31 22:19:06','2016-05-31 22:19:06'),(268,319,141,'2016-05-31 22:19:06','2016-05-31 22:19:06');
/*!40000 ALTER TABLE `memberships` ENABLE KEYS */;
UNLOCK TABLES;

--
-- Table structure for table `organizations`
--

DROP TABLE IF EXISTS `organizations`;
/*!40101 SET @saved_cs_client     = @@character_set_client */;
/*!40101 SET character_set_client = utf8 */;
CREATE TABLE `organizations` (
  `id` int(11) NOT NULL AUTO_INCREMENT,
  `name` varchar(255) COLLATE utf8_unicode_ci DEFAULT NULL,
  `phone` varchar(255) COLLATE utf8_unicode_ci DEFAULT NULL,
  `email` varchar(255) COLLATE utf8_unicode_ci DEFAULT NULL,
  `created_at` datetime NOT NULL,
  `updated_at` datetime NOT NULL,
  `address_id` int(11) DEFAULT NULL,
  PRIMARY KEY (`id`)
) ENGINE=InnoDB AUTO_INCREMENT=76 DEFAULT CHARSET=utf8 COLLATE=utf8_unicode_ci;
/*!40101 SET character_set_client = @saved_cs_client */;

--
-- Dumping data for table `organizations`
--

LOCK TABLES `organizations` WRITE;
/*!40000 ALTER TABLE `organizations` DISABLE KEYS */;
INSERT INTO `organizations` VALUES (1,'Dana-Farber Cancer Institute','','','2016-05-31 22:18:55','2016-05-31 22:18:55',1),(2,'Broad Institute','','','2016-05-31 22:18:55','2016-05-31 22:18:55',2),(5,'Massachusetts Eye and Ear Infirmary','617 573 3367','inetwebmaster@meei.harvard.edu','2016-05-31 22:18:55','2016-05-31 22:18:55',6),(6,'N-Of-One','617 669 1706','jkinoshita@n-of-one.com','2016-05-31 22:18:55','2016-05-31 22:18:55',9),(7,'UCLA','3108259111','somwebmaster@mednet.ucla.edu','2016-05-31 22:18:55','2016-05-31 22:18:55',11),(11,'Novartis NIBR','6178718000','nibr@novartis.com','2016-05-31 22:18:55','2016-05-31 22:18:55',13),(12,'Case Western Reserve University','','Henry.Koon@UHhospitals.org','2016-05-31 22:18:55','2016-05-31 22:18:55',18),(13,'Peter MacCallum Cancer Centre','NULL','NULL','2016-05-31 22:18:55','2016-05-31 22:18:55',21),(14,'BIDMC','NULL','NULL','2016-05-31 22:18:55','2016-05-31 22:18:55',75),(16,'Brigham and Women\'s Hospital','NULL','NULL','2016-05-31 22:18:55','2016-05-31 22:18:55',34),(23,'Samsung Medical Center','NULL','NULL','2016-05-31 22:18:56','2016-05-31 22:18:56',29),(24,'Massachusetts General Hospital','NULL','NULL','2016-05-31 22:18:56','2016-05-31 22:18:56',5),(26,'Duke University Medical Center','NULL','NULL','2016-05-31 22:18:56','2016-05-31 22:18:56',31),(30,'Partners Healthcare-Virology','NULL','NULL','2016-05-31 22:18:56','2016-05-31 22:18:56',34),(31,'NYU School of Medicine','NULL','NULL','2016-05-31 22:18:56','2016-05-31 22:18:56',36),(32,'Children\'s Hospital Boston','NULL','NULL','2016-05-31 22:18:56','2016-05-31 22:18:56',38),(33,'Queen\'s University','NULL','NULL','2016-05-31 22:18:56','2016-05-31 22:18:56',39),(35,'Infinity Pharmaceuticals','NULL','NULL','2016-05-31 22:18:56','2016-05-31 22:18:56',44),(36,'Harvard University','NULL','NULL','2016-05-31 22:18:56','2016-05-31 22:18:56',75),(38,'Sanofi-Aventis','NULL','NULL','2016-05-31 22:18:56','2016-05-31 22:18:56',49),(40,'DFCI /HCC','NULL','NULL','2016-05-31 22:18:56','2016-05-31 22:18:56',12),(44,'Duke University','NULL','NULL','2016-05-31 22:18:56','2016-05-31 22:18:56',57),(48,'Center for Novel Exp Therapeutics','NULL','NULL','2016-05-31 22:18:56','2016-05-31 22:18:56',70),(51,'Beth Israel Deaconess Medical Center Harvard Medical School','NULL','NULL','2016-05-31 22:18:56','2016-05-31 22:18:56',76),(52,'DFCI','NULL','NULL','2016-05-31 22:18:56','2016-05-31 22:18:56',77),(53,'Dana Farber Cancer Institute','NULL','NULL','2016-05-31 22:18:56','2016-05-31 22:18:56',78),(54,'BWH','NULL','NULL','2016-05-31 22:18:56','2016-05-31 22:18:56',82),(55,'Beckman Coulter','NULL','NULL','2016-05-31 22:18:56','2016-05-31 22:18:56',84),(56,'Hospital For Sick CHildren','NULL','NULL','2016-05-31 22:18:56','2016-05-31 22:18:56',86),(57,'DFCI/Harvard','NULL','NULL','2016-05-31 22:18:56','2016-05-31 22:18:56',1),(58,'The Broad Institute of Harvard and MIT','NULL','NULL','2016-05-31 22:18:56','2016-05-31 22:18:56',2),(59,'Janssen Pharmaceutica','NULL','NULL','2016-05-31 22:18:56','2016-05-31 22:18:56',90),(60,'Boston Children\'s Hospital','NULL','NULL','2016-05-31 22:18:56','2016-05-31 22:18:56',91),(61,'Harvard Medical School','NULL','NULL','2016-05-31 22:18:56','2016-05-31 22:18:56',92),(62,'Health Canada','NULL','NULL','2016-05-31 22:18:56','2016-05-31 22:18:56',93),(63,'DFCI/Broad/BCH','NULL','NULL','2016-05-31 22:18:56','2016-05-31 22:18:56',94),(64,'Dana Farber','NULL','NULL','2016-05-31 22:18:56','2016-05-31 22:18:56',99),(65,'University of Texas Southwestern Medical Center','NULL','NULL','2016-05-31 22:18:56','2016-05-31 22:18:56',102),(66,'University of Munich','NULL','NULL','2016-05-31 22:18:56','2016-05-31 22:18:56',104),(67,'Mount Sinai','NULL','NULL','2016-05-31 22:18:56','2016-05-31 22:18:56',105),(68,'BIDMC',' Harvard Medical School','NULL','2016-05-31 22:18:57','2016-05-31 22:18:57',0),(69,'Kliniken Essen-Mitte','NULL','NULL','2016-05-31 22:18:57','2016-05-31 22:18:57',106),(70,'DFCI / BWH','NULL','NULL','2016-05-31 22:18:57','2016-05-31 22:18:57',107),(71,'Salzburg Cancer Research Institute','NULL','NULL','2016-05-31 22:18:57','2016-05-31 22:18:57',109),(72,'Lady Davis Institute','NULL','NULL','2016-05-31 22:18:57','2016-05-31 22:18:57',112),(73,'BWH Pathology','NULL','NULL','2016-05-31 22:18:57','2016-05-31 22:18:57',113),(74,'DFCI/BWH','NULL','NULL','2016-05-31 22:18:57','2016-05-31 22:18:57',114),(75,'DFCI-MO','NULL','NULL','2016-05-31 22:18:57','2016-05-31 22:18:57',77);
/*!40000 ALTER TABLE `organizations` ENABLE KEYS */;
UNLOCK TABLES;

--
-- Table structure for table `platforms`
--

DROP TABLE IF EXISTS `platforms`;
/*!40101 SET @saved_cs_client     = @@character_set_client */;
/*!40101 SET character_set_client = utf8 */;
CREATE TABLE `platforms` (
  `id` int(11) NOT NULL AUTO_INCREMENT,
  `name` varchar(255) COLLATE utf8_unicode_ci DEFAULT NULL,
  `code` varchar(4) COLLATE utf8_unicode_ci DEFAULT NULL,
  `created_at` datetime NOT NULL,
  `updated_at` datetime NOT NULL,
  PRIMARY KEY (`id`)
) ENGINE=InnoDB AUTO_INCREMENT=20 DEFAULT CHARSET=utf8 COLLATE=utf8_unicode_ci;
/*!40101 SET character_set_client = @saved_cs_client */;

--
-- Dumping data for table `platforms`
--

LOCK TABLES `platforms` WRITE;
/*!40000 ALTER TABLE `platforms` DISABLE KEYS */;
INSERT INTO `platforms` VALUES (1,'Sequenom Genotyping','GT','2016-05-31 22:19:10','2016-05-31 22:19:10'),(2,'Illumina Whole Genome Sequencing','WG','2016-05-31 22:19:10','2016-05-31 22:19:10'),(3,'Sanger Sequencing','AS','2016-05-31 22:19:10','2016-05-31 22:19:10'),(4,'Illumina Whole Exome Sequencing (v2)','WE','2016-05-31 22:19:10','2016-05-31 22:19:10'),(5,'Illumina Targeted Sequencing (Oncopanel version 2)','TS','2016-05-31 22:19:10','2016-05-31 22:19:10'),(6,'Affymetrix SNP Array','A6','2016-05-31 22:19:10','2016-05-31 22:19:10'),(7,'DNA Fingerprinting','FP','2016-05-31 22:19:10','2016-05-31 22:19:10'),(8,'Affymetrix Gene Expression','AG','2016-05-31 22:19:10','2016-05-31 22:19:10'),(9,'Illumina Sequencing of Prepared Libraries','IS','2016-05-31 22:19:10','2016-05-31 22:19:10'),(10,'Whole Transcriptome Shotgun Sequencing (RNA-Seq)','RS','2016-05-31 22:19:10','2016-05-31 22:19:10'),(11,'ChIP-Sequencing','CS','2016-05-31 22:19:10','2016-05-31 22:19:10'),(12,'Amplicon Sequencing','AS','2016-05-31 22:19:10','2016-05-31 22:19:10'),(13,'Illumina Targeted Sequencing (Custom Bait set)','CB','2016-05-31 22:19:10','2016-05-31 22:19:10'),(14,'Illumina Targeted Sequencing (Profile Oncopanel version 1)','PP','2016-05-31 22:19:10','2016-05-31 22:19:10'),(15,'Illumina Targeted Sequencing (Oncopanel version 3)','P3','2016-05-31 22:19:10','2016-05-31 22:19:10'),(16,'Illumina Targeted Sequencing (Oncopanel version 3 w/ Trl)','3T','2016-05-31 22:19:10','2016-05-31 22:19:10'),(17,'Illumina Whole Exome Sequencing (v5)','E5','2016-05-31 22:19:10','2016-05-31 22:19:10'),(18,'Illumina Whole Exome Sequencing w/ Trl (v5)','ET','2016-05-31 22:19:10','2016-05-31 22:19:10'),(19,'Illumina Whole Exome Sequencing - Mouse (v1)','ME','2016-05-31 22:19:10','2016-05-31 22:19:10');
/*!40000 ALTER TABLE `platforms` ENABLE KEYS */;
UNLOCK TABLES;

--
-- Table structure for table `privileges`
--

DROP TABLE IF EXISTS `privileges`;
/*!40101 SET @saved_cs_client     = @@character_set_client */;
/*!40101 SET character_set_client = utf8 */;
CREATE TABLE `privileges` (
  `id` int(11) NOT NULL AUTO_INCREMENT,
  `created_at` datetime NOT NULL,
  `updated_at` datetime NOT NULL,
  `user_id` int(11) NOT NULL,
  `role_id` int(11) NOT NULL,
  PRIMARY KEY (`id`),
  KEY `index_privileges_on_role_id` (`role_id`) USING BTREE,
  KEY `index_privileges_on_user_id` (`user_id`) USING BTREE
) ENGINE=InnoDB AUTO_INCREMENT=395 DEFAULT CHARSET=utf8 COLLATE=utf8_unicode_ci;
/*!40101 SET character_set_client = @saved_cs_client */;

--
-- Dumping data for table `privileges`
--

LOCK TABLES `privileges` WRITE;
/*!40000 ALTER TABLE `privileges` DISABLE KEYS */;
INSERT INTO `privileges` VALUES (1,'2016-05-31 22:19:06','2016-05-31 22:19:06',2,1),(2,'2016-05-31 22:19:06','2016-05-31 22:19:06',3,1),(3,'2016-05-31 22:19:06','2016-05-31 22:19:06',73,1),(4,'2016-05-31 22:19:06','2016-05-31 22:19:06',108,1),(5,'2016-05-31 22:19:06','2016-05-31 22:19:06',123,1),(6,'2016-05-31 22:19:06','2016-05-31 22:19:06',137,1),(7,'2016-05-31 22:19:06','2016-05-31 22:19:06',154,1),(8,'2016-05-31 22:19:06','2016-05-31 22:19:06',160,1),(9,'2016-05-31 22:19:06','2016-05-31 22:19:06',171,1),(10,'2016-05-31 22:19:06','2016-05-31 22:19:06',233,1),(11,'2016-05-31 22:19:06','2016-05-31 22:19:06',246,1),(12,'2016-05-31 22:19:06','2016-05-31 22:19:06',250,1),(13,'2016-05-31 22:19:06','2016-05-31 22:19:06',267,1),(14,'2016-05-31 22:19:06','2016-05-31 22:19:06',316,1),(15,'2016-05-31 22:19:06','2016-05-31 22:19:06',317,1),(16,'2016-05-31 22:19:06','2016-05-31 22:19:06',8,2),(17,'2016-05-31 22:19:06','2016-05-31 22:19:06',9,2),(18,'2016-05-31 22:19:06','2016-05-31 22:19:06',10,2),(19,'2016-05-31 22:19:06','2016-05-31 22:19:06',11,2),(20,'2016-05-31 22:19:06','2016-05-31 22:19:06',12,2),(21,'2016-05-31 22:19:06','2016-05-31 22:19:06',13,2),(22,'2016-05-31 22:19:06','2016-05-31 22:19:06',14,2),(23,'2016-05-31 22:19:06','2016-05-31 22:19:06',46,2),(24,'2016-05-31 22:19:06','2016-05-31 22:19:06',167,2),(25,'2016-05-31 22:19:06','2016-05-31 22:19:06',263,2),(26,'2016-05-31 22:19:06','2016-05-31 22:19:06',264,2),(27,'2016-05-31 22:19:06','2016-05-31 22:19:06',2,3),(28,'2016-05-31 22:19:06','2016-05-31 22:19:06',3,3),(29,'2016-05-31 22:19:06','2016-05-31 22:19:06',4,3),(30,'2016-05-31 22:19:06','2016-05-31 22:19:06',5,3),(31,'2016-05-31 22:19:06','2016-05-31 22:19:06',7,3),(32,'2016-05-31 22:19:06','2016-05-31 22:19:06',27,3),(33,'2016-05-31 22:19:06','2016-05-31 22:19:06',40,3),(34,'2016-05-31 22:19:06','2016-05-31 22:19:06',61,3),(35,'2016-05-31 22:19:06','2016-05-31 22:19:06',65,3),(36,'2016-05-31 22:19:06','2016-05-31 22:19:06',81,3),(37,'2016-05-31 22:19:06','2016-05-31 22:19:06',108,3),(38,'2016-05-31 22:19:06','2016-05-31 22:19:06',123,3),(39,'2016-05-31 22:19:06','2016-05-31 22:19:06',126,3),(40,'2016-05-31 22:19:06','2016-05-31 22:19:06',137,3),(41,'2016-05-31 22:19:06','2016-05-31 22:19:06',145,3),(42,'2016-05-31 22:19:06','2016-05-31 22:19:06',154,3),(43,'2016-05-31 22:19:06','2016-05-31 22:19:06',160,3),(44,'2016-05-31 22:19:06','2016-05-31 22:19:06',171,3),(45,'2016-05-31 22:19:06','2016-05-31 22:19:06',173,3),(46,'2016-05-31 22:19:06','2016-05-31 22:19:06',233,3),(47,'2016-05-31 22:19:06','2016-05-31 22:19:06',246,3),(48,'2016-05-31 22:19:06','2016-05-31 22:19:06',250,3),(49,'2016-05-31 22:19:06','2016-05-31 22:19:06',266,3),(50,'2016-05-31 22:19:06','2016-05-31 22:19:06',267,3),(51,'2016-05-31 22:19:06','2016-05-31 22:19:06',269,3),(52,'2016-05-31 22:19:06','2016-05-31 22:19:06',290,3),(53,'2016-05-31 22:19:06','2016-05-31 22:19:06',305,3),(54,'2016-05-31 22:19:06','2016-05-31 22:19:06',2,5),(55,'2016-05-31 22:19:06','2016-05-31 22:19:06',3,5),(56,'2016-05-31 22:19:06','2016-05-31 22:19:06',4,5),(57,'2016-05-31 22:19:06','2016-05-31 22:19:06',5,5),(58,'2016-05-31 22:19:06','2016-05-31 22:19:06',8,5),(59,'2016-05-31 22:19:06','2016-05-31 22:19:06',9,5),(60,'2016-05-31 22:19:06','2016-05-31 22:19:06',10,5),(61,'2016-05-31 22:19:06','2016-05-31 22:19:06',11,5),(62,'2016-05-31 22:19:06','2016-05-31 22:19:06',12,5),(63,'2016-05-31 22:19:06','2016-05-31 22:19:06',13,5),(64,'2016-05-31 22:19:06','2016-05-31 22:19:06',14,5),(65,'2016-05-31 22:19:07','2016-05-31 22:19:07',15,5),(66,'2016-05-31 22:19:07','2016-05-31 22:19:07',16,5),(67,'2016-05-31 22:19:07','2016-05-31 22:19:07',17,5),(68,'2016-05-31 22:19:07','2016-05-31 22:19:07',18,5),(69,'2016-05-31 22:19:07','2016-05-31 22:19:07',19,5),(70,'2016-05-31 22:19:07','2016-05-31 22:19:07',20,5),(71,'2016-05-31 22:19:07','2016-05-31 22:19:07',21,5),(72,'2016-05-31 22:19:07','2016-05-31 22:19:07',22,5),(73,'2016-05-31 22:19:07','2016-05-31 22:19:07',23,5),(74,'2016-05-31 22:19:07','2016-05-31 22:19:07',24,5),(75,'2016-05-31 22:19:07','2016-05-31 22:19:07',25,5),(76,'2016-05-31 22:19:07','2016-05-31 22:19:07',26,5),(77,'2016-05-31 22:19:07','2016-05-31 22:19:07',34,5),(78,'2016-05-31 22:19:07','2016-05-31 22:19:07',37,5),(79,'2016-05-31 22:19:07','2016-05-31 22:19:07',38,5),(80,'2016-05-31 22:19:07','2016-05-31 22:19:07',39,5),(81,'2016-05-31 22:19:07','2016-05-31 22:19:07',41,5),(82,'2016-05-31 22:19:07','2016-05-31 22:19:07',42,5),(83,'2016-05-31 22:19:07','2016-05-31 22:19:07',50,5),(84,'2016-05-31 22:19:07','2016-05-31 22:19:07',51,5),(85,'2016-05-31 22:19:07','2016-05-31 22:19:07',52,5),(86,'2016-05-31 22:19:07','2016-05-31 22:19:07',53,5),(87,'2016-05-31 22:19:07','2016-05-31 22:19:07',56,5),(88,'2016-05-31 22:19:07','2016-05-31 22:19:07',57,5),(89,'2016-05-31 22:19:07','2016-05-31 22:19:07',58,5),(90,'2016-05-31 22:19:07','2016-05-31 22:19:07',59,5),(91,'2016-05-31 22:19:07','2016-05-31 22:19:07',60,5),(92,'2016-05-31 22:19:07','2016-05-31 22:19:07',63,5),(93,'2016-05-31 22:19:07','2016-05-31 22:19:07',66,5),(94,'2016-05-31 22:19:07','2016-05-31 22:19:07',70,5),(95,'2016-05-31 22:19:07','2016-05-31 22:19:07',71,5),(96,'2016-05-31 22:19:07','2016-05-31 22:19:07',72,5),(97,'2016-05-31 22:19:07','2016-05-31 22:19:07',76,5),(98,'2016-05-31 22:19:07','2016-05-31 22:19:07',77,5),(99,'2016-05-31 22:19:07','2016-05-31 22:19:07',79,5),(100,'2016-05-31 22:19:07','2016-05-31 22:19:07',87,5),(101,'2016-05-31 22:19:07','2016-05-31 22:19:07',91,5),(102,'2016-05-31 22:19:07','2016-05-31 22:19:07',95,5),(103,'2016-05-31 22:19:07','2016-05-31 22:19:07',96,5),(104,'2016-05-31 22:19:07','2016-05-31 22:19:07',99,5),(105,'2016-05-31 22:19:07','2016-05-31 22:19:07',102,5),(106,'2016-05-31 22:19:07','2016-05-31 22:19:07',103,5),(107,'2016-05-31 22:19:07','2016-05-31 22:19:07',112,5),(108,'2016-05-31 22:19:07','2016-05-31 22:19:07',114,5),(109,'2016-05-31 22:19:07','2016-05-31 22:19:07',117,5),(110,'2016-05-31 22:19:07','2016-05-31 22:19:07',125,5),(111,'2016-05-31 22:19:07','2016-05-31 22:19:07',134,5),(112,'2016-05-31 22:19:07','2016-05-31 22:19:07',137,5),(113,'2016-05-31 22:19:07','2016-05-31 22:19:07',138,5),(114,'2016-05-31 22:19:07','2016-05-31 22:19:07',139,5),(115,'2016-05-31 22:19:07','2016-05-31 22:19:07',140,5),(116,'2016-05-31 22:19:07','2016-05-31 22:19:07',145,5),(117,'2016-05-31 22:19:07','2016-05-31 22:19:07',153,5),(118,'2016-05-31 22:19:07','2016-05-31 22:19:07',154,5),(119,'2016-05-31 22:19:07','2016-05-31 22:19:07',155,5),(120,'2016-05-31 22:19:07','2016-05-31 22:19:07',156,5),(121,'2016-05-31 22:19:07','2016-05-31 22:19:07',158,5),(122,'2016-05-31 22:19:07','2016-05-31 22:19:07',161,5),(123,'2016-05-31 22:19:07','2016-05-31 22:19:07',164,5),(124,'2016-05-31 22:19:07','2016-05-31 22:19:07',167,5),(125,'2016-05-31 22:19:07','2016-05-31 22:19:07',168,5),(126,'2016-05-31 22:19:07','2016-05-31 22:19:07',169,5),(127,'2016-05-31 22:19:07','2016-05-31 22:19:07',177,5),(128,'2016-05-31 22:19:07','2016-05-31 22:19:07',178,5),(129,'2016-05-31 22:19:07','2016-05-31 22:19:07',179,5),(130,'2016-05-31 22:19:07','2016-05-31 22:19:07',184,5),(131,'2016-05-31 22:19:07','2016-05-31 22:19:07',186,5),(132,'2016-05-31 22:19:07','2016-05-31 22:19:07',216,5),(133,'2016-05-31 22:19:07','2016-05-31 22:19:07',217,5),(134,'2016-05-31 22:19:07','2016-05-31 22:19:07',219,5),(135,'2016-05-31 22:19:07','2016-05-31 22:19:07',221,5),(136,'2016-05-31 22:19:07','2016-05-31 22:19:07',226,5),(137,'2016-05-31 22:19:07','2016-05-31 22:19:07',227,5),(138,'2016-05-31 22:19:07','2016-05-31 22:19:07',228,5),(139,'2016-05-31 22:19:07','2016-05-31 22:19:07',229,5),(140,'2016-05-31 22:19:07','2016-05-31 22:19:07',231,5),(141,'2016-05-31 22:19:07','2016-05-31 22:19:07',234,5),(142,'2016-05-31 22:19:07','2016-05-31 22:19:07',239,5),(143,'2016-05-31 22:19:07','2016-05-31 22:19:07',240,5),(144,'2016-05-31 22:19:07','2016-05-31 22:19:07',243,5),(145,'2016-05-31 22:19:07','2016-05-31 22:19:07',244,5),(146,'2016-05-31 22:19:07','2016-05-31 22:19:07',245,5),(147,'2016-05-31 22:19:07','2016-05-31 22:19:07',246,5),(148,'2016-05-31 22:19:07','2016-05-31 22:19:07',250,5),(149,'2016-05-31 22:19:07','2016-05-31 22:19:07',251,5),(150,'2016-05-31 22:19:07','2016-05-31 22:19:07',252,5),(151,'2016-05-31 22:19:07','2016-05-31 22:19:07',256,5),(152,'2016-05-31 22:19:07','2016-05-31 22:19:07',259,5),(153,'2016-05-31 22:19:07','2016-05-31 22:19:07',269,5),(154,'2016-05-31 22:19:07','2016-05-31 22:19:07',270,5),(155,'2016-05-31 22:19:07','2016-05-31 22:19:07',271,5),(156,'2016-05-31 22:19:07','2016-05-31 22:19:07',286,5),(157,'2016-05-31 22:19:07','2016-05-31 22:19:07',288,5),(158,'2016-05-31 22:19:07','2016-05-31 22:19:07',292,5),(159,'2016-05-31 22:19:07','2016-05-31 22:19:07',293,5),(160,'2016-05-31 22:19:07','2016-05-31 22:19:07',295,5),(161,'2016-05-31 22:19:07','2016-05-31 22:19:07',296,5),(162,'2016-05-31 22:19:07','2016-05-31 22:19:07',297,5),(163,'2016-05-31 22:19:07','2016-05-31 22:19:07',298,5),(164,'2016-05-31 22:19:07','2016-05-31 22:19:07',300,5),(165,'2016-05-31 22:19:07','2016-05-31 22:19:07',310,5),(166,'2016-05-31 22:19:07','2016-05-31 22:19:07',312,5),(167,'2016-05-31 22:19:07','2016-05-31 22:19:07',318,5),(168,'2016-05-31 22:19:07','2016-05-31 22:19:07',5,5),(169,'2016-05-31 22:19:07','2016-05-31 22:19:07',6,5),(170,'2016-05-31 22:19:07','2016-05-31 22:19:07',27,5),(171,'2016-05-31 22:19:07','2016-05-31 22:19:07',28,5),(172,'2016-05-31 22:19:07','2016-05-31 22:19:07',30,5),(173,'2016-05-31 22:19:07','2016-05-31 22:19:07',31,5),(174,'2016-05-31 22:19:08','2016-05-31 22:19:08',33,5),(175,'2016-05-31 22:19:08','2016-05-31 22:19:08',35,5),(176,'2016-05-31 22:19:08','2016-05-31 22:19:08',36,5),(177,'2016-05-31 22:19:08','2016-05-31 22:19:08',39,5),(178,'2016-05-31 22:19:08','2016-05-31 22:19:08',40,5),(179,'2016-05-31 22:19:08','2016-05-31 22:19:08',43,5),(180,'2016-05-31 22:19:08','2016-05-31 22:19:08',44,5),(181,'2016-05-31 22:19:08','2016-05-31 22:19:08',45,5),(182,'2016-05-31 22:19:08','2016-05-31 22:19:08',46,5),(183,'2016-05-31 22:19:08','2016-05-31 22:19:08',47,5),(184,'2016-05-31 22:19:08','2016-05-31 22:19:08',48,5),(185,'2016-05-31 22:19:08','2016-05-31 22:19:08',49,5),(186,'2016-05-31 22:19:08','2016-05-31 22:19:08',50,5),(187,'2016-05-31 22:19:08','2016-05-31 22:19:08',54,5),(188,'2016-05-31 22:19:08','2016-05-31 22:19:08',55,5),(189,'2016-05-31 22:19:08','2016-05-31 22:19:08',61,5),(190,'2016-05-31 22:19:08','2016-05-31 22:19:08',62,5),(191,'2016-05-31 22:19:08','2016-05-31 22:19:08',64,5),(192,'2016-05-31 22:19:08','2016-05-31 22:19:08',65,5),(193,'2016-05-31 22:19:08','2016-05-31 22:19:08',74,5),(194,'2016-05-31 22:19:08','2016-05-31 22:19:08',78,5),(195,'2016-05-31 22:19:08','2016-05-31 22:19:08',80,5),(196,'2016-05-31 22:19:08','2016-05-31 22:19:08',81,5),(197,'2016-05-31 22:19:08','2016-05-31 22:19:08',82,5),(198,'2016-05-31 22:19:08','2016-05-31 22:19:08',83,5),(199,'2016-05-31 22:19:08','2016-05-31 22:19:08',85,5),(200,'2016-05-31 22:19:08','2016-05-31 22:19:08',86,5),(201,'2016-05-31 22:19:08','2016-05-31 22:19:08',88,5),(202,'2016-05-31 22:19:08','2016-05-31 22:19:08',89,5),(203,'2016-05-31 22:19:08','2016-05-31 22:19:08',90,5),(204,'2016-05-31 22:19:08','2016-05-31 22:19:08',92,5),(205,'2016-05-31 22:19:08','2016-05-31 22:19:08',93,5),(206,'2016-05-31 22:19:08','2016-05-31 22:19:08',94,5),(207,'2016-05-31 22:19:08','2016-05-31 22:19:08',97,5),(208,'2016-05-31 22:19:08','2016-05-31 22:19:08',98,5),(209,'2016-05-31 22:19:08','2016-05-31 22:19:08',99,5),(210,'2016-05-31 22:19:08','2016-05-31 22:19:08',100,5),(211,'2016-05-31 22:19:08','2016-05-31 22:19:08',101,5),(212,'2016-05-31 22:19:08','2016-05-31 22:19:08',104,5),(213,'2016-05-31 22:19:08','2016-05-31 22:19:08',105,5),(214,'2016-05-31 22:19:08','2016-05-31 22:19:08',106,5),(215,'2016-05-31 22:19:08','2016-05-31 22:19:08',107,5),(216,'2016-05-31 22:19:08','2016-05-31 22:19:08',108,5),(217,'2016-05-31 22:19:08','2016-05-31 22:19:08',109,5),(218,'2016-05-31 22:19:08','2016-05-31 22:19:08',110,5),(219,'2016-05-31 22:19:08','2016-05-31 22:19:08',111,5),(220,'2016-05-31 22:19:08','2016-05-31 22:19:08',113,5),(221,'2016-05-31 22:19:08','2016-05-31 22:19:08',116,5),(222,'2016-05-31 22:19:08','2016-05-31 22:19:08',119,5),(223,'2016-05-31 22:19:08','2016-05-31 22:19:08',120,5),(224,'2016-05-31 22:19:08','2016-05-31 22:19:08',121,5),(225,'2016-05-31 22:19:08','2016-05-31 22:19:08',122,5),(226,'2016-05-31 22:19:08','2016-05-31 22:19:08',124,5),(227,'2016-05-31 22:19:08','2016-05-31 22:19:08',127,5),(228,'2016-05-31 22:19:08','2016-05-31 22:19:08',128,5),(229,'2016-05-31 22:19:08','2016-05-31 22:19:08',129,5),(230,'2016-05-31 22:19:08','2016-05-31 22:19:08',130,5),(231,'2016-05-31 22:19:08','2016-05-31 22:19:08',132,5),(232,'2016-05-31 22:19:08','2016-05-31 22:19:08',133,5),(233,'2016-05-31 22:19:08','2016-05-31 22:19:08',136,5),(234,'2016-05-31 22:19:08','2016-05-31 22:19:08',137,5),(235,'2016-05-31 22:19:08','2016-05-31 22:19:08',141,5),(236,'2016-05-31 22:19:08','2016-05-31 22:19:08',144,5),(237,'2016-05-31 22:19:08','2016-05-31 22:19:08',145,5),(238,'2016-05-31 22:19:08','2016-05-31 22:19:08',146,5),(239,'2016-05-31 22:19:08','2016-05-31 22:19:08',148,5),(240,'2016-05-31 22:19:08','2016-05-31 22:19:08',150,5),(241,'2016-05-31 22:19:08','2016-05-31 22:19:08',152,5),(242,'2016-05-31 22:19:08','2016-05-31 22:19:08',157,5),(243,'2016-05-31 22:19:08','2016-05-31 22:19:08',159,5),(244,'2016-05-31 22:19:08','2016-05-31 22:19:08',160,5),(245,'2016-05-31 22:19:08','2016-05-31 22:19:08',161,5),(246,'2016-05-31 22:19:08','2016-05-31 22:19:08',164,5),(247,'2016-05-31 22:19:08','2016-05-31 22:19:08',165,5),(248,'2016-05-31 22:19:08','2016-05-31 22:19:08',168,5),(249,'2016-05-31 22:19:08','2016-05-31 22:19:08',171,5),(250,'2016-05-31 22:19:08','2016-05-31 22:19:08',172,5),(251,'2016-05-31 22:19:08','2016-05-31 22:19:08',173,5),(252,'2016-05-31 22:19:08','2016-05-31 22:19:08',174,5),(253,'2016-05-31 22:19:08','2016-05-31 22:19:08',175,5),(254,'2016-05-31 22:19:08','2016-05-31 22:19:08',176,5),(255,'2016-05-31 22:19:08','2016-05-31 22:19:08',177,5),(256,'2016-05-31 22:19:08','2016-05-31 22:19:08',180,5),(257,'2016-05-31 22:19:08','2016-05-31 22:19:08',182,5),(258,'2016-05-31 22:19:08','2016-05-31 22:19:08',183,5),(259,'2016-05-31 22:19:08','2016-05-31 22:19:08',185,5),(260,'2016-05-31 22:19:08','2016-05-31 22:19:08',188,5),(261,'2016-05-31 22:19:08','2016-05-31 22:19:08',215,5),(262,'2016-05-31 22:19:08','2016-05-31 22:19:08',217,5),(263,'2016-05-31 22:19:08','2016-05-31 22:19:08',218,5),(264,'2016-05-31 22:19:08','2016-05-31 22:19:08',220,5),(265,'2016-05-31 22:19:09','2016-05-31 22:19:09',224,5),(266,'2016-05-31 22:19:09','2016-05-31 22:19:09',225,5),(267,'2016-05-31 22:19:09','2016-05-31 22:19:09',230,5),(268,'2016-05-31 22:19:09','2016-05-31 22:19:09',231,5),(269,'2016-05-31 22:19:09','2016-05-31 22:19:09',232,5),(270,'2016-05-31 22:19:09','2016-05-31 22:19:09',233,5),(271,'2016-05-31 22:19:09','2016-05-31 22:19:09',235,5),(272,'2016-05-31 22:19:09','2016-05-31 22:19:09',237,5),(273,'2016-05-31 22:19:09','2016-05-31 22:19:09',238,5),(274,'2016-05-31 22:19:09','2016-05-31 22:19:09',242,5),(275,'2016-05-31 22:19:09','2016-05-31 22:19:09',243,5),(276,'2016-05-31 22:19:09','2016-05-31 22:19:09',246,5),(277,'2016-05-31 22:19:09','2016-05-31 22:19:09',247,5),(278,'2016-05-31 22:19:09','2016-05-31 22:19:09',250,5),(279,'2016-05-31 22:19:09','2016-05-31 22:19:09',253,5),(280,'2016-05-31 22:19:09','2016-05-31 22:19:09',255,5),(281,'2016-05-31 22:19:09','2016-05-31 22:19:09',257,5),(282,'2016-05-31 22:19:09','2016-05-31 22:19:09',258,5),(283,'2016-05-31 22:19:09','2016-05-31 22:19:09',260,5),(284,'2016-05-31 22:19:09','2016-05-31 22:19:09',261,5),(285,'2016-05-31 22:19:09','2016-05-31 22:19:09',262,5),(286,'2016-05-31 22:19:09','2016-05-31 22:19:09',265,5),(287,'2016-05-31 22:19:09','2016-05-31 22:19:09',267,5),(288,'2016-05-31 22:19:09','2016-05-31 22:19:09',268,5),(289,'2016-05-31 22:19:09','2016-05-31 22:19:09',269,5),(290,'2016-05-31 22:19:09','2016-05-31 22:19:09',270,5),(291,'2016-05-31 22:19:09','2016-05-31 22:19:09',272,5),(292,'2016-05-31 22:19:09','2016-05-31 22:19:09',273,5),(293,'2016-05-31 22:19:09','2016-05-31 22:19:09',274,5),(294,'2016-05-31 22:19:09','2016-05-31 22:19:09',275,5),(295,'2016-05-31 22:19:09','2016-05-31 22:19:09',276,5),(296,'2016-05-31 22:19:09','2016-05-31 22:19:09',277,5),(297,'2016-05-31 22:19:09','2016-05-31 22:19:09',278,5),(298,'2016-05-31 22:19:09','2016-05-31 22:19:09',279,5),(299,'2016-05-31 22:19:09','2016-05-31 22:19:09',280,5),(300,'2016-05-31 22:19:09','2016-05-31 22:19:09',281,5),(301,'2016-05-31 22:19:09','2016-05-31 22:19:09',282,5),(302,'2016-05-31 22:19:09','2016-05-31 22:19:09',283,5),(303,'2016-05-31 22:19:09','2016-05-31 22:19:09',284,5),(304,'2016-05-31 22:19:09','2016-05-31 22:19:09',285,5),(305,'2016-05-31 22:19:09','2016-05-31 22:19:09',287,5),(306,'2016-05-31 22:19:09','2016-05-31 22:19:09',289,5),(307,'2016-05-31 22:19:09','2016-05-31 22:19:09',290,5),(308,'2016-05-31 22:19:09','2016-05-31 22:19:09',291,5),(309,'2016-05-31 22:19:09','2016-05-31 22:19:09',294,5),(310,'2016-05-31 22:19:09','2016-05-31 22:19:09',299,5),(311,'2016-05-31 22:19:09','2016-05-31 22:19:09',301,5),(312,'2016-05-31 22:19:09','2016-05-31 22:19:09',302,5),(313,'2016-05-31 22:19:09','2016-05-31 22:19:09',303,5),(314,'2016-05-31 22:19:09','2016-05-31 22:19:09',304,5),(315,'2016-05-31 22:19:09','2016-05-31 22:19:09',306,5),(316,'2016-05-31 22:19:09','2016-05-31 22:19:09',307,5),(317,'2016-05-31 22:19:09','2016-05-31 22:19:09',308,5),(318,'2016-05-31 22:19:09','2016-05-31 22:19:09',309,5),(319,'2016-05-31 22:19:09','2016-05-31 22:19:09',311,5),(320,'2016-05-31 22:19:09','2016-05-31 22:19:09',313,5),(321,'2016-05-31 22:19:09','2016-05-31 22:19:09',314,5),(322,'2016-05-31 22:19:09','2016-05-31 22:19:09',315,5),(323,'2016-05-31 22:19:09','2016-05-31 22:19:09',5,5),(324,'2016-05-31 22:19:09','2016-05-31 22:19:09',27,5),(325,'2016-05-31 22:19:09','2016-05-31 22:19:09',30,5),(326,'2016-05-31 22:19:09','2016-05-31 22:19:09',31,5),(327,'2016-05-31 22:19:09','2016-05-31 22:19:09',36,5),(328,'2016-05-31 22:19:09','2016-05-31 22:19:09',39,5),(329,'2016-05-31 22:19:09','2016-05-31 22:19:09',40,5),(330,'2016-05-31 22:19:09','2016-05-31 22:19:09',44,5),(331,'2016-05-31 22:19:09','2016-05-31 22:19:09',50,5),(332,'2016-05-31 22:19:09','2016-05-31 22:19:09',61,5),(333,'2016-05-31 22:19:09','2016-05-31 22:19:09',65,5),(334,'2016-05-31 22:19:09','2016-05-31 22:19:09',81,5),(335,'2016-05-31 22:19:09','2016-05-31 22:19:09',90,5),(336,'2016-05-31 22:19:09','2016-05-31 22:19:09',108,5),(337,'2016-05-31 22:19:09','2016-05-31 22:19:09',123,5),(338,'2016-05-31 22:19:09','2016-05-31 22:19:09',126,5),(339,'2016-05-31 22:19:09','2016-05-31 22:19:09',135,5),(340,'2016-05-31 22:19:09','2016-05-31 22:19:09',142,5),(341,'2016-05-31 22:19:09','2016-05-31 22:19:09',143,5),(342,'2016-05-31 22:19:09','2016-05-31 22:19:09',147,5),(343,'2016-05-31 22:19:09','2016-05-31 22:19:09',154,5),(344,'2016-05-31 22:19:09','2016-05-31 22:19:09',160,5),(345,'2016-05-31 22:19:09','2016-05-31 22:19:09',164,5),(346,'2016-05-31 22:19:09','2016-05-31 22:19:09',165,5),(347,'2016-05-31 22:19:09','2016-05-31 22:19:09',168,5),(348,'2016-05-31 22:19:09','2016-05-31 22:19:09',173,5),(349,'2016-05-31 22:19:09','2016-05-31 22:19:09',175,5),(350,'2016-05-31 22:19:09','2016-05-31 22:19:09',180,5),(351,'2016-05-31 22:19:09','2016-05-31 22:19:09',182,5),(352,'2016-05-31 22:19:09','2016-05-31 22:19:09',183,5),(353,'2016-05-31 22:19:09','2016-05-31 22:19:09',233,5),(354,'2016-05-31 22:19:09','2016-05-31 22:19:09',237,5),(355,'2016-05-31 22:19:09','2016-05-31 22:19:09',250,5),(356,'2016-05-31 22:19:09','2016-05-31 22:19:09',254,5),(357,'2016-05-31 22:19:10','2016-05-31 22:19:10',266,5),(358,'2016-05-31 22:19:10','2016-05-31 22:19:10',269,5),(359,'2016-05-31 22:19:10','2016-05-31 22:19:10',290,5),(360,'2016-05-31 22:19:10','2016-05-31 22:19:10',305,5),(361,'2016-05-31 22:19:10','2016-05-31 22:19:10',316,5),(362,'2016-05-31 22:19:10','2016-05-31 22:19:10',317,5),(363,'2016-05-31 22:19:10','2016-05-31 22:19:10',2,4),(364,'2016-05-31 22:19:10','2016-05-31 22:19:10',3,4),(365,'2016-05-31 22:19:10','2016-05-31 22:19:10',5,4),(366,'2016-05-31 22:19:10','2016-05-31 22:19:10',8,4),(367,'2016-05-31 22:19:10','2016-05-31 22:19:10',9,4),(368,'2016-05-31 22:19:10','2016-05-31 22:19:10',10,4),(369,'2016-05-31 22:19:10','2016-05-31 22:19:10',12,4),(370,'2016-05-31 22:19:10','2016-05-31 22:19:10',13,4),(371,'2016-05-31 22:19:10','2016-05-31 22:19:10',14,4),(372,'2016-05-31 22:19:10','2016-05-31 22:19:10',15,4),(373,'2016-05-31 22:19:10','2016-05-31 22:19:10',16,4),(374,'2016-05-31 22:19:10','2016-05-31 22:19:10',17,4),(375,'2016-05-31 22:19:10','2016-05-31 22:19:10',18,4),(376,'2016-05-31 22:19:10','2016-05-31 22:19:10',19,4),(377,'2016-05-31 22:19:10','2016-05-31 22:19:10',20,4),(378,'2016-05-31 22:19:10','2016-05-31 22:19:10',21,4),(379,'2016-05-31 22:19:10','2016-05-31 22:19:10',22,4),(380,'2016-05-31 22:19:10','2016-05-31 22:19:10',23,4),(381,'2016-05-31 22:19:10','2016-05-31 22:19:10',46,4),(382,'2016-05-31 22:19:10','2016-05-31 22:19:10',123,4),(383,'2016-05-31 22:19:10','2016-05-31 22:19:10',137,4),(384,'2016-05-31 22:19:10','2016-05-31 22:19:10',145,4),(385,'2016-05-31 22:19:10','2016-05-31 22:19:10',167,4),(386,'2016-05-31 22:19:10','2016-05-31 22:19:10',246,4),(387,'2016-05-31 22:19:10','2016-05-31 22:19:10',250,4),(388,'2016-05-31 22:19:10','2016-05-31 22:19:10',266,4),(389,'2016-05-31 22:19:10','2016-05-31 22:19:10',269,4),(390,'2016-05-31 22:19:10','2016-05-31 22:19:10',305,4),(391,'2016-05-31 22:19:10','2016-05-31 22:19:10',316,4),(392,'2016-05-31 22:19:10','2016-05-31 22:19:10',318,1),(393,'2016-05-31 22:19:10','2016-05-31 22:19:10',319,1),(394,'2016-05-31 22:19:10','2016-05-31 22:19:10',319,5);
/*!40000 ALTER TABLE `privileges` ENABLE KEYS */;
UNLOCK TABLES;

--
-- Table structure for table `proposal_platforms`
--

DROP TABLE IF EXISTS `proposal_platforms`;
/*!40101 SET @saved_cs_client     = @@character_set_client */;
/*!40101 SET character_set_client = utf8 */;
CREATE TABLE `proposal_platforms` (
  `id` int(11) NOT NULL AUTO_INCREMENT,
  `proposal_id` int(11) DEFAULT NULL,
  `platform_id` int(11) DEFAULT NULL,
  `created_at` datetime NOT NULL,
  `updated_at` datetime NOT NULL,
  PRIMARY KEY (`id`)
) ENGINE=InnoDB DEFAULT CHARSET=utf8 COLLATE=utf8_unicode_ci;
/*!40101 SET character_set_client = @saved_cs_client */;

--
-- Dumping data for table `proposal_platforms`
--

LOCK TABLES `proposal_platforms` WRITE;
/*!40000 ALTER TABLE `proposal_platforms` DISABLE KEYS */;
/*!40000 ALTER TABLE `proposal_platforms` ENABLE KEYS */;
UNLOCK TABLES;

--
-- Table structure for table `proposal_statuses`
--

DROP TABLE IF EXISTS `proposal_statuses`;
/*!40101 SET @saved_cs_client     = @@character_set_client */;
/*!40101 SET character_set_client = utf8 */;
CREATE TABLE `proposal_statuses` (
  `id` int(11) NOT NULL AUTO_INCREMENT,
  `name` varchar(255) COLLATE utf8_unicode_ci DEFAULT NULL,
  `code` varchar(255) COLLATE utf8_unicode_ci DEFAULT NULL,
  `created_at` datetime NOT NULL,
  `updated_at` datetime NOT NULL,
  PRIMARY KEY (`id`)
) ENGINE=InnoDB AUTO_INCREMENT=8 DEFAULT CHARSET=utf8 COLLATE=utf8_unicode_ci;
/*!40101 SET character_set_client = @saved_cs_client */;

--
-- Dumping data for table `proposal_statuses`
--

LOCK TABLES `proposal_statuses` WRITE;
/*!40000 ALTER TABLE `proposal_statuses` DISABLE KEYS */;
INSERT INTO `proposal_statuses` VALUES (1,'Draft/private proposal','draft','2016-05-31 22:19:10','2016-05-31 22:19:10'),(2,'Pending review','pending','2016-05-31 22:19:10','2016-05-31 22:19:10'),(3,'Under committee review','review','2016-05-31 22:19:10','2016-05-31 22:19:10'),(4,'Accepted/project initiated','accepted','2016-05-31 22:19:10','2016-05-31 22:19:10'),(5,'Rejected','rejected','2016-05-31 22:19:10','2016-05-31 22:19:10'),(6,'Abandoned','abandoned','2016-05-31 22:19:10','2016-05-31 22:19:10'),(7,'Complete/deprecated','complete','2016-05-31 22:19:10','2016-05-31 22:19:10');
/*!40000 ALTER TABLE `proposal_statuses` ENABLE KEYS */;
UNLOCK TABLES;

--
-- Table structure for table `proposals`
--

DROP TABLE IF EXISTS `proposals`;
/*!40101 SET @saved_cs_client     = @@character_set_client */;
/*!40101 SET character_set_client = utf8 */;
CREATE TABLE `proposals` (
  `id` int(11) NOT NULL AUTO_INCREMENT,
  `name` varchar(255) COLLATE utf8_unicode_ci DEFAULT NULL,
  `code` varchar(10) COLLATE utf8_unicode_ci DEFAULT NULL,
  `objectives` text COLLATE utf8_unicode_ci,
  `background` text COLLATE utf8_unicode_ci,
  `design_details` text COLLATE utf8_unicode_ci,
  `sample_availability` text COLLATE utf8_unicode_ci,
  `contributions` text COLLATE utf8_unicode_ci,
  `comments` text COLLATE utf8_unicode_ci,
  `proposal_status_id` int(11) DEFAULT NULL,
  `user_id` int(11) DEFAULT NULL,
  `lab_group_id` int(11) DEFAULT NULL,
  `submitted` tinyint(1) DEFAULT '0',
  `created_at` datetime NOT NULL,
  `updated_at` datetime NOT NULL,
  PRIMARY KEY (`id`),
  KEY `index_proposals_on_lab_group_id` (`lab_group_id`) USING BTREE,
  KEY `index_proposals_on_proposal_status_id` (`proposal_status_id`) USING BTREE,
  KEY `index_proposals_on_user_id` (`user_id`) USING BTREE
) ENGINE=InnoDB DEFAULT CHARSET=utf8 COLLATE=utf8_unicode_ci;
/*!40101 SET character_set_client = @saved_cs_client */;

--
-- Dumping data for table `proposals`
--

LOCK TABLES `proposals` WRITE;
/*!40000 ALTER TABLE `proposals` DISABLE KEYS */;
/*!40000 ALTER TABLE `proposals` ENABLE KEYS */;
UNLOCK TABLES;

--
-- Table structure for table `roles`
--

DROP TABLE IF EXISTS `roles`;
/*!40101 SET @saved_cs_client     = @@character_set_client */;
/*!40101 SET character_set_client = utf8 */;
CREATE TABLE `roles` (
  `id` int(11) NOT NULL AUTO_INCREMENT,
  `name` varchar(255) COLLATE utf8_unicode_ci DEFAULT NULL,
  `description` varchar(255) COLLATE utf8_unicode_ci DEFAULT NULL,
  `created_at` datetime NOT NULL,
  `updated_at` datetime NOT NULL,
  PRIMARY KEY (`id`)
) ENGINE=InnoDB AUTO_INCREMENT=6 DEFAULT CHARSET=utf8 COLLATE=utf8_unicode_ci;
/*!40101 SET character_set_client = @saved_cs_client */;

--
-- Dumping data for table `roles`
--

LOCK TABLES `roles` WRITE;
/*!40000 ALTER TABLE `roles` DISABLE KEYS */;
INSERT INTO `roles` VALUES (1,'CCGD Administrator','admin','2016-05-31 22:19:06','2016-05-31 22:19:06'),(2,'CCGD Faculty','faculty','2016-05-31 22:19:06','2016-05-31 22:19:06'),(3,'CCGD Lab Staff','staff','2016-05-31 22:19:06','2016-05-31 22:19:06'),(4,'CCGD Scientific Advisor','advisor','2016-05-31 22:19:06','2016-05-31 22:19:06'),(5,'CCGD Submitter','submitter','2016-05-31 22:19:06','2016-05-31 22:19:06');
/*!40000 ALTER TABLE `roles` ENABLE KEYS */;
UNLOCK TABLES;

--
-- Table structure for table `schema_migrations`
--

DROP TABLE IF EXISTS `schema_migrations`;
/*!40101 SET @saved_cs_client     = @@character_set_client */;
/*!40101 SET character_set_client = utf8 */;
CREATE TABLE `schema_migrations` (
  `version` varchar(255) COLLATE utf8_unicode_ci NOT NULL,
  UNIQUE KEY `unique_schema_migrations` (`version`)
) ENGINE=InnoDB DEFAULT CHARSET=utf8 COLLATE=utf8_unicode_ci;
/*!40101 SET character_set_client = @saved_cs_client */;

--
-- Dumping data for table `schema_migrations`
--

LOCK TABLES `schema_migrations` WRITE;
/*!40000 ALTER TABLE `schema_migrations` DISABLE KEYS */;
INSERT INTO `schema_migrations` VALUES ('20160315193611'),('20160315194655'),('20160317142741'),('20160317193242'),('20160317194419'),('20160317202841'),('20160317202953'),('20160317204633'),('20160317205018'),('20160317211647'),('20160317211754'),('20160320233537'),('20160321220211'),('20160323145314'),('20160323150814'),('20160323193542'),('20160323193614'),('20160324175341'),('20160418170856'),('20160425171716'),('20160502160730'),('20160502160753'),('20160502162508'),('20160512194731'),('20160512194754'),('20160516193224'),('20160518202334');
/*!40000 ALTER TABLE `schema_migrations` ENABLE KEYS */;
UNLOCK TABLES;

--
-- Table structure for table `states`
--

DROP TABLE IF EXISTS `states`;
/*!40101 SET @saved_cs_client     = @@character_set_client */;
/*!40101 SET character_set_client = utf8 */;
CREATE TABLE `states` (
  `id` int(11) NOT NULL AUTO_INCREMENT,
  `name` varchar(255) COLLATE utf8_unicode_ci DEFAULT NULL,
  `code` varchar(255) COLLATE utf8_unicode_ci DEFAULT NULL,
  `created_at` datetime NOT NULL,
  `updated_at` datetime NOT NULL,
  PRIMARY KEY (`id`)
) ENGINE=InnoDB AUTO_INCREMENT=52 DEFAULT CHARSET=utf8 COLLATE=utf8_unicode_ci;
/*!40101 SET character_set_client = @saved_cs_client */;

--
-- Dumping data for table `states`
--

LOCK TABLES `states` WRITE;
/*!40000 ALTER TABLE `states` DISABLE KEYS */;
INSERT INTO `states` VALUES (1,'Alabama','AL','2016-05-31 22:18:51','2016-05-31 22:18:51'),(2,'Alaska','AK','2016-05-31 22:18:51','2016-05-31 22:18:51'),(3,'Arizona','AZ','2016-05-31 22:18:51','2016-05-31 22:18:51'),(4,'Arkansas','AR','2016-05-31 22:18:51','2016-05-31 22:18:51'),(5,'California','CA','2016-05-31 22:18:51','2016-05-31 22:18:51'),(6,'Colorado','CO','2016-05-31 22:18:51','2016-05-31 22:18:51'),(7,'Connecticut','CT','2016-05-31 22:18:51','2016-05-31 22:18:51'),(8,'Delaware','DE','2016-05-31 22:18:51','2016-05-31 22:18:51'),(9,'Florida','FL','2016-05-31 22:18:51','2016-05-31 22:18:51'),(10,'Georgia','GA','2016-05-31 22:18:51','2016-05-31 22:18:51'),(11,'Hawaii','HI','2016-05-31 22:18:51','2016-05-31 22:18:51'),(12,'Idaho','ID','2016-05-31 22:18:51','2016-05-31 22:18:51'),(13,'Illinois','IL','2016-05-31 22:18:51','2016-05-31 22:18:51'),(14,'Indiana','IN','2016-05-31 22:18:51','2016-05-31 22:18:51'),(15,'Iowa','IA','2016-05-31 22:18:51','2016-05-31 22:18:51'),(16,'Kansas','KS','2016-05-31 22:18:51','2016-05-31 22:18:51'),(17,'Kentucky','KY','2016-05-31 22:18:51','2016-05-31 22:18:51'),(18,'Louisiana','LA','2016-05-31 22:18:51','2016-05-31 22:18:51'),(19,'Maine','ME','2016-05-31 22:18:51','2016-05-31 22:18:51'),(20,'Maryland','MD','2016-05-31 22:18:51','2016-05-31 22:18:51'),(21,'Massachusetts','MA','2016-05-31 22:18:51','2016-05-31 22:18:51'),(22,'Michigan','MI','2016-05-31 22:18:51','2016-05-31 22:18:51'),(23,'Minnesota','MN','2016-05-31 22:18:51','2016-05-31 22:18:51'),(24,'Mississippi','MS','2016-05-31 22:18:51','2016-05-31 22:18:51'),(25,'Missouri','MO','2016-05-31 22:18:51','2016-05-31 22:18:51'),(26,'Montana','MT','2016-05-31 22:18:51','2016-05-31 22:18:51'),(27,'Nebraska','NE','2016-05-31 22:18:51','2016-05-31 22:18:51'),(28,'Nevada','NV','2016-05-31 22:18:51','2016-05-31 22:18:51'),(29,'New Hampshire','NH','2016-05-31 22:18:51','2016-05-31 22:18:51'),(30,'New Jersey','NJ','2016-05-31 22:18:51','2016-05-31 22:18:51'),(31,'New Mexico','NM','2016-05-31 22:18:51','2016-05-31 22:18:51'),(32,'New York','NY','2016-05-31 22:18:51','2016-05-31 22:18:51'),(33,'North Carolina','NC','2016-05-31 22:18:51','2016-05-31 22:18:51'),(34,'North Dakota','ND','2016-05-31 22:18:51','2016-05-31 22:18:51'),(35,'Ohio','OH','2016-05-31 22:18:51','2016-05-31 22:18:51'),(36,'Oklahoma','OK','2016-05-31 22:18:52','2016-05-31 22:18:52'),(37,'Oregon','OR','2016-05-31 22:18:52','2016-05-31 22:18:52'),(38,'Pennsylvania','PA','2016-05-31 22:18:52','2016-05-31 22:18:52'),(39,'Rhode Island','RI','2016-05-31 22:18:52','2016-05-31 22:18:52'),(40,'South Carolina','SC','2016-05-31 22:18:52','2016-05-31 22:18:52'),(41,'South Dakota','SD','2016-05-31 22:18:52','2016-05-31 22:18:52'),(42,'Tennessee','TN','2016-05-31 22:18:52','2016-05-31 22:18:52'),(43,'Texas','TX','2016-05-31 22:18:52','2016-05-31 22:18:52'),(44,'Utah','UT','2016-05-31 22:18:52','2016-05-31 22:18:52'),(45,'Vermont','VT','2016-05-31 22:18:52','2016-05-31 22:18:52'),(46,'Virginia','VA','2016-05-31 22:18:52','2016-05-31 22:18:52'),(47,'Washington','WA','2016-05-31 22:18:52','2016-05-31 22:18:52'),(48,'West Virginia','WV','2016-05-31 22:18:52','2016-05-31 22:18:52'),(49,'Wisconsin','WI','2016-05-31 22:18:52','2016-05-31 22:18:52'),(50,'Wyoming','WY','2016-05-31 22:18:52','2016-05-31 22:18:52'),(51,'District of Columbia','DC','2016-05-31 22:18:52','2016-05-31 22:18:52');
/*!40000 ALTER TABLE `states` ENABLE KEYS */;
UNLOCK TABLES;

--
-- Table structure for table `user_custom_labgroups`
--

DROP TABLE IF EXISTS `user_custom_labgroups`;
/*!40101 SET @saved_cs_client     = @@character_set_client */;
/*!40101 SET character_set_client = utf8 */;
CREATE TABLE `user_custom_labgroups` (
  `id` int(11) NOT NULL AUTO_INCREMENT,
  `custom_labgroup_name` varchar(255) COLLATE utf8_unicode_ci DEFAULT NULL,
  `custom_labgroup_code` varchar(255) COLLATE utf8_unicode_ci DEFAULT NULL,
  `custom_labgroup_building` varchar(255) COLLATE utf8_unicode_ci DEFAULT NULL,
  `custom_labgroup_room` varchar(255) COLLATE utf8_unicode_ci DEFAULT NULL,
  `custom_street` varchar(255) COLLATE utf8_unicode_ci DEFAULT NULL,
  `custom_city` varchar(255) COLLATE utf8_unicode_ci DEFAULT NULL,
  `custom_country` varchar(255) COLLATE utf8_unicode_ci DEFAULT NULL,
  `state_id` int(11) DEFAULT NULL,
  `user_id` int(11) DEFAULT NULL,
  `created_at` datetime NOT NULL,
  `updated_at` datetime NOT NULL,
  PRIMARY KEY (`id`)
) ENGINE=InnoDB DEFAULT CHARSET=utf8 COLLATE=utf8_unicode_ci;
/*!40101 SET character_set_client = @saved_cs_client */;

--
-- Dumping data for table `user_custom_labgroups`
--

LOCK TABLES `user_custom_labgroups` WRITE;
/*!40000 ALTER TABLE `user_custom_labgroups` DISABLE KEYS */;
/*!40000 ALTER TABLE `user_custom_labgroups` ENABLE KEYS */;
UNLOCK TABLES;

--
-- Table structure for table `user_custom_organizations`
--

DROP TABLE IF EXISTS `user_custom_organizations`;
/*!40101 SET @saved_cs_client     = @@character_set_client */;
/*!40101 SET character_set_client = utf8 */;
CREATE TABLE `user_custom_organizations` (
  `id` int(11) NOT NULL AUTO_INCREMENT,
  `custom_org_name` varchar(255) COLLATE utf8_unicode_ci DEFAULT NULL,
  `custom_org_phone` varchar(255) COLLATE utf8_unicode_ci DEFAULT NULL,
  `custom_org_email` varchar(255) COLLATE utf8_unicode_ci DEFAULT NULL,
  `custom_street` varchar(255) COLLATE utf8_unicode_ci DEFAULT NULL,
  `custom_city` varchar(255) COLLATE utf8_unicode_ci DEFAULT NULL,
  `custom_country` varchar(255) COLLATE utf8_unicode_ci DEFAULT NULL,
  `state_id` int(11) DEFAULT NULL,
  `user_id` int(11) DEFAULT NULL,
  `created_at` datetime NOT NULL,
  `updated_at` datetime NOT NULL,
  PRIMARY KEY (`id`)
) ENGINE=InnoDB DEFAULT CHARSET=utf8 COLLATE=utf8_unicode_ci;
/*!40101 SET character_set_client = @saved_cs_client */;

--
-- Dumping data for table `user_custom_organizations`
--

LOCK TABLES `user_custom_organizations` WRITE;
/*!40000 ALTER TABLE `user_custom_organizations` DISABLE KEYS */;
/*!40000 ALTER TABLE `user_custom_organizations` ENABLE KEYS */;
UNLOCK TABLES;

--
-- Table structure for table `users`
--

DROP TABLE IF EXISTS `users`;
/*!40101 SET @saved_cs_client     = @@character_set_client */;
/*!40101 SET character_set_client = utf8 */;
CREATE TABLE `users` (
  `id` int(11) NOT NULL AUTO_INCREMENT,
  `firstname` varchar(255) COLLATE utf8_unicode_ci DEFAULT NULL,
  `lastname` varchar(255) COLLATE utf8_unicode_ci DEFAULT NULL,
  `email` varchar(255) COLLATE utf8_unicode_ci DEFAULT NULL,
  `phone` varchar(255) COLLATE utf8_unicode_ci DEFAULT NULL,
  `created_at` datetime NOT NULL,
  `updated_at` datetime NOT NULL,
  `username` varchar(255) COLLATE utf8_unicode_ci DEFAULT NULL,
  `password_digest` varchar(255) COLLATE utf8_unicode_ci DEFAULT NULL,
  `organization_id` int(11) DEFAULT NULL,
  `status` varchar(2) COLLATE utf8_unicode_ci DEFAULT NULL,
  `password_reset_token` varchar(255) COLLATE utf8_unicode_ci DEFAULT NULL,
  `password_reset_sent_at` datetime DEFAULT NULL,
  PRIMARY KEY (`id`)
) ENGINE=InnoDB AUTO_INCREMENT=320 DEFAULT CHARSET=utf8 COLLATE=utf8_unicode_ci;
/*!40101 SET character_set_client = @saved_cs_client */;

--
-- Dumping data for table `users`
--

LOCK TABLES `users` WRITE;
/*!40000 ALTER TABLE `users` DISABLE KEYS */;
INSERT INTO `users` VALUES (2,'Laura','Macconaill','laura_macconaill@dfci.harvard.edu','617-582-7754','2016-05-31 22:19:00','2016-05-31 22:19:00','laura','$2a$04$ddiYzPHh9.K2zy0qY1li.OWMDMAd0h.m11JRXMPwtmckx/u7OqwMe',1,'A',NULL,NULL),(3,'Megan','Hanna','mhanna@broad.mit.edu','617-324-4824','2016-05-31 22:19:00','2016-05-31 22:19:00','megan','$2a$04$anr1kPwW9nbVvcqBK0glbOTfwEbViR67/PiS27w9Ri7c0zuBLACAS',1,'A',NULL,NULL),(4,'Karen','Coughlan','karen_coughlan@dfci.harvard.edu','617-582-8736','2016-05-31 22:19:00','2016-05-31 22:19:00','karen','$2a$04$FRlXBRMPYGyN2bCQ0FyjSuX1JHuRKpyMge.J7KWrLcN4.osU0t2B2',1,'I',NULL,NULL),(5,'Katie','Campbell','catarina_campbell@dfci.harvard.edu','617-632-2930','2016-05-31 22:19:00','2016-05-31 22:19:00','katie','$2a$04$3fc3GjU1p6ouyRb9HCDGMum68QHqujZi3ZpwpGkVkY84xDS04dgr2',1,'I',NULL,NULL),(6,'Nick','Wyhs','nwyhs@broad.mit.edu','617 582 8731','2016-05-31 22:19:00','2016-05-31 22:19:00','nick','$2a$04$xWzfNqwGt8X9Fu7Q18IHm.ls7EJRwnghu7HRecFIGUluxk5fRW2Aq',1,'I',NULL,NULL),(7,'Su','Huang','suhuang@dfci.harvard.edu','','2016-05-31 22:19:00','2016-05-31 22:19:00','su','$2a$04$frJYRP.Qn9/d2AayF.1/9uCJjPMFINbLYXOAsLwV7Or8VxRGYgOEC',1,'I',NULL,NULL),(8,'Matt','Freedman','matthew_freedman@dfci.harvard.edu','617-582-8598','2016-05-31 22:19:00','2016-05-31 22:19:00','matt','$2a$04$xTa5M.KKovhnbmpJ/eS40OUJsQR5AxzlTMiyMoo1x7JTUKhqIaS.K',1,'A',NULL,NULL),(9,'Levi','Garraway','levi_garraway@dfci.harvard.edu','617-632-6689','2016-05-31 22:19:00','2016-05-31 22:19:00','levi','$2a$04$i/7BZuS0urnBHsN4Jp/DX.UO/Op/IooPnZ/nYhKDr/5krez5AWprW',1,'A',NULL,NULL),(10,'Todd','Golub','golub@broad.mit.edu','617-632-4903','2016-05-31 22:19:00','2016-05-31 22:19:00','todd','$2a$04$yS/pmZnB4XffSARxj2jdiev.ueg9bl6YmsgUvBDBUDaZvN1btkNYi',1,'A',NULL,NULL),(11,'William','Hahn','william_hahn@dfci.harvard.edu','617-632-2641','2016-05-31 22:19:00','2016-05-31 22:19:00','wchahn','$2a$04$oAdtLeBLOjVNA2ICO/rx4OBIXBXXXY79Qoxiqw/zFDi9ke/iR7GfS',1,'A',NULL,NULL),(12,'Max','Loda','massimo_loda@dfci.harvard.edu','617-632-4001','2016-05-31 22:19:00','2016-05-31 22:19:00','max','$2a$04$m2xLDN6NeISezznwq9y73.8tm4qkjuo4dPJycYSRV6hAId.fjxT4.',1,'A',NULL,NULL),(13,'Matthew','Meyerson','matthew_meyerson@dfci.harvard.edu','617-632-4768','2016-05-31 22:19:00','2016-05-31 22:19:00','matthew','$2a$04$w/Auu2McWrPbr0uPGXACge8Fpg9yCKMf2oF/ayWBDyADuqHEEsdQ2',1,'A',NULL,NULL),(14,'Nelly','Polyak','kornelia_polyak@dfci.harvard.edu','617-632-5746','2016-05-31 22:19:00','2016-05-31 22:19:00','nelly','$2a$04$V3vVNLEhAz/brXaqV9yqnuL8A7cQzaqC8zqVmdRHdLyzQSLmTGWdO',1,'A',NULL,NULL),(15,'Ramesh','Shivdasani','ramesh_shivdasani@dfci.harvard.edu','617-632-5746','2016-05-31 22:19:00','2016-05-31 22:19:00','Ramesh','$2a$04$Jstin9POJqb6oR3fQBzktOa20M2BAr8qdwOAaLEDbVUgzsav4.E86',1,'A',NULL,NULL),(16,'Pasi','Janne','pasi_janne@dfci.harvard.edu','617-632-6036','2016-05-31 22:19:00','2016-05-31 22:19:00','Pasi','$2a$04$8fYm1/Lld5a.xkoaswvImOo3NMLwqw8p2yTWfpbEElY15nNM9osHe',1,'A',NULL,NULL),(17,'Rani','George','rani_george@dfci.harvard.edu','617-632-5281','2016-05-31 22:19:00','2016-05-31 22:19:00','rani','$2a$04$Cl27lZm9BUMFcQCDIh4PmuVULxo8cx4ztRx49KVRWgU83zXWDyoMy',1,'A',NULL,NULL),(18,'Thomas','Roberts','thomas_roberts@dfci.harvard.edu','617-632-3049','2016-05-31 22:19:00','2016-05-31 22:19:00','Thomas','$2a$04$cvKu2jqSgpmRcftcTB0v0eh.GZxr6Yij7PtTSyBjCbVBJkeLP59au',1,'A',NULL,NULL),(19,'Thomas','Look','thomas_look@dfci.harvard.edu','617-632-5826','2016-05-31 22:19:00','2016-05-31 22:19:00','Thomaslook','$2a$04$cQUW3L8PQzVONMNhhnvhkOuZ8qpByJgGu6rM4Fww8B9RbucwF.OIu',1,'A',NULL,NULL),(20,'Jerome','Ritz','jerome_ritz@dfci.harvard.edu','617-632-3465','2016-05-31 22:19:00','2016-05-31 22:19:00','JRitz','$2a$04$wJBmVthRUD.tvAOx6UkhU.gD2eKUlRN5j9HKqAFZUbb2B./g7VSUy',1,'A',NULL,NULL),(21,'Matthew','Kulke','matthew_kulke@dfci.harvard.edu','617-632-5136','2016-05-31 22:19:00','2016-05-31 22:19:00','MatthewK','$2a$04$qak1bV/I9oHckHUi.EFmSOJj3z.7EC765E6kk2fnZ3uVFtGXLdkQi',1,'A',NULL,NULL),(22,'Margaret','Shipp','margaret_shipp@dfci.harvard.edu','617-632-3874','2016-05-31 22:19:00','2016-05-31 22:19:00','Margaret','$2a$04$9.HeRumeM7mgJZzlEeCfNOTtjFgPald0LZotr59G9zntAUWCaSCta',1,'A',NULL,NULL),(23,'Philip','Kantoff','philip_kantoff@dfci.harvard.edu','617-632-1914','2016-05-31 22:19:00','2016-05-31 22:19:00','Philip','$2a$04$OdCM0NG6t06a.P5NOVp8N.PbOLVg8jAIzu4IjJJMUNhEOGUNibrxe',1,'A',NULL,NULL),(24,'Robert','Ross','robert_ross@dfci.harvard.edu','617-632-3237','2016-05-31 22:19:00','2016-05-31 22:19:00','RobertRoss','$2a$04$7all1E2.ec.60HXpvukAEupD2N4ACz344NH5qC4e3QWQjZgzpZtv2',1,'A',NULL,NULL),(25,'Myles','Brown','myles_brown@dfci.harvard.edu','617-632-3948','2016-05-31 22:19:00','2016-05-31 22:19:00','mbrown','$2a$04$vVtqoasrgTMh/3Qx3M9hVOKwPdDJIVfyvMPxSdgUE/dt5vOj1xKbe',1,'A',NULL,NULL),(26,'Jennifer','Brown','jennifer_brown@dfci.harvard.edu','617-632-6692','2016-05-31 22:19:00','2016-05-31 22:19:00','JRBrown','$2a$04$Eyu84x8S2KmxRud7B/hV5.CQVt9uXS0BekwBatB/0NfXEVMOzTkFK',1,'A',NULL,NULL),(27,'Nasim','Ahmadiyeh','nahmadiyeh@partners.org','617-582-8682','2016-05-31 22:19:00','2016-05-31 22:19:00','nah495','$2a$04$Mjr/XVyI9bxq/Ekk9nXhl.AsUZ1tDrZhdddGZWSZTY2qJUcSBbIkO',1,'A',NULL,NULL),(28,'Carrie','Emery','CarolineM_Emery@dfci.harvard.edu','617 632 1923','2016-05-31 22:19:00','2016-05-31 22:19:00','carrie','$2a$04$kafbTNLyVJ.kAveVYwBw9.AkpzunlCSDh7NAZLpwN4WKSfI2YKDAy',1,'A',NULL,NULL),(30,'Alejandro','Gutierrez','alejandro_gutierrez@dfci.harvard.edu','617-632-2079','2016-05-31 22:19:00','2016-05-31 22:19:00','ag832','$2a$04$KhvFomb0Mzjez5nBVcNw3uTmCYD1kK9TZmx4R7oZOlfXZcv3FLD2G',1,'A',NULL,NULL),(31,'Kathryn','Penney','kpenney@hsph.harvard.edu','','2016-05-31 22:19:00','2016-05-31 22:19:00','kpenney','$2a$04$dM4yITTrUf48baG7HUjcbewIwwiTbRc4wBIfB0jYSZeMaVqZXFt9C',1,'A',NULL,NULL),(33,'elisa','benedettini','elisa_benedettini@dfci.harvard.edu','6176322148','2016-05-31 22:19:00','2016-05-31 22:19:00','eb802','$2a$04$baJvPOkDdYu9LI7NafinP.Ud0liASGqLbDCa/Ay9QiU4e6pdy8Jp2',1,'A',NULL,NULL),(34,'charles','stiles','charles_stiles@dfci.harvard.edu','617 632-3512','2016-05-31 22:19:00','2016-05-31 22:19:00','cds10','$2a$04$jQAXV5jo4itRhV4LOT1feeLTm.zY6AjiMp3j/s1zPD84gCiVx0tAe',1,'A',NULL,NULL),(35,'Deborah','Goff','deborah_goff@dfci.harvard.edu','Feb-16','2016-05-31 22:19:00','2016-05-31 22:19:00','djg19','$2a$04$yL58rTyNeHcQTt/AqZCfGe7nezwKQpEBZ.lfiI6jq.oO1htr0N9xW',1,'A',NULL,NULL),(36,'Christine','Beckwith','christine_beckwith@dfci.harvard.edu','6033876921','2016-05-31 22:19:00','2016-05-31 22:19:00','cb960','$2a$04$kyH4/MSvBgioIZo1BA9Fr.FuoQN.0r3GXgXlN816yuFKsW.VGsJt2',1,'A',NULL,NULL),(37,'Lucian','Chirieac','LCHIRIEAC@PARTNERS.ORG','617 732 8126','2016-05-31 22:19:00','2016-05-31 22:19:00','lchirieac','$2a$04$c4aArZTORurCLKd5TN.36e8bFSi454wh2EPSXALFkML1f3d5LSnMO',1,'A',NULL,NULL),(38,'Pat','Collaborator','ccgd@dfci.harvard.edu','27515','2016-05-31 22:19:00','2016-05-31 22:19:00','dfci_user','$2a$04$I.L/mppBIZreSEykHYPC9.4Jk9pjOD/hBFMFF6.kgNDrJTfomFlFK',1,'I',NULL,NULL),(39,'mark','pomerantz','mpomerantz@partners.org','617-632-2312','2016-05-31 22:19:00','2016-05-31 22:19:00','mp91','$2a$04$bMl3mYHZY6Lx099bYNUR.uZWSDHXQoGwbd10wbmY30yMQFq7oSCaK',1,'A',NULL,NULL),(40,'Keluo','Yao','keluo_yao@dfci.harvard.edu','617-582-8731','2016-05-31 22:19:00','2016-05-31 22:19:00','ky058','$2a$04$eT8nenSnuTINkft8F7J/b.pPIA1G0NYGP6QqH4dARWOZRJDsFDNXm',1,'I',NULL,NULL),(41,'Edward','Fox','edward_fox@dfci.harvard.edu','617-632-2116','2016-05-31 22:19:00','2016-05-31 22:19:00','foxedward','$2a$04$C3VLx89ItH51VqE2V7BAD.jGOIC7UpRJurOjTabrSJ8rxgdqIkp0a',1,'A',NULL,NULL),(42,'Edwin','Choy','echoy@partners.org','617-459-6804','2016-05-31 22:19:00','2016-05-31 22:19:00','ec952','$2a$04$/HiwfNbMQECIRgSu.EiDAObWrWGQZ5L9vSDvQW8p1pv/XxStRdrjW',24,'A',NULL,NULL),(43,'Mark','Pomerantz','mark_pomerantz@dfci.harvard.edu','617-632-1914','2016-05-31 22:19:00','2016-05-31 22:19:00','mp37','$2a$04$lnEFHgixzdBjeYvK3RJjjO5Pm98LbMvnFgGXe/bEC.0fIT4DNzgOe',1,'A',NULL,NULL),(44,'HIROKI','YAMADA','yamada_hiroki@dfci.harvard.edu','617.935.6863','2016-05-31 22:19:00','2016-05-31 22:19:00','YH058','$2a$04$rDOEsSN/5ZmtNzCs.A9yVeWTHB7tkDlYmM9mTrXDwiOmNP5dIkiXa',1,'A',NULL,NULL),(45,'Mark','Pomerantz','nosman@partners.org','617-632-1914','2016-05-31 22:19:00','2016-05-31 22:19:00','mpomerantz','$2a$04$7X7/FBmfYe4zXO.sidoJM.2nt5OR6LTyB9HI8JicLVMgaIiX8wmua',1,'I',NULL,NULL),(46,'Adam','Bass','ajbass@partners.org','617-407-9275','2016-05-31 22:19:00','2016-05-31 22:19:00','ajbass','$2a$04$Cc4COOgFB87f5ojEd9LNmecwzT.7SgP9rilDnxoUEO58bpaQNaWZO',1,'A',NULL,NULL),(47,'Hao','Zhang','zhangh@broad.mit.edu','919-423-5077','2016-05-31 22:19:00','2016-05-31 22:19:00','haozhang','$2a$04$SkmvtL8qbZ4m7wwta.Q2neypkD/v8p.4Sh3V9Ivy6IElYDYBE251i',2,'A',NULL,NULL),(48,'Rafael','Bejar','rbejar@partners.org','617-732-6510','2016-05-31 22:19:00','2016-05-31 22:19:00','rb850','$2a$04$Rfn.bUzo7QzTucSOHzxk6.2YschL5EBucv3a6RA6yc6TZh0kfL6sO',16,'A',NULL,NULL),(49,'Derek','Chiang','dchiang@broad.mit.edu','(617) 324-2239','2016-05-31 22:19:00','2016-05-31 22:19:00','dychiang','$2a$04$rFSoPZdILDfkXww9mf71T.0pvhL4tIPp9hXjpjIcJtN7Vk7fnlX5e',1,'A',NULL,NULL),(50,'Sarah','Kehoe','sarahm_kehoe@dfci.harvard.edu','617-632-5783','2016-05-31 22:19:00','2016-05-31 22:19:00','sk580','$2a$04$03N6DZDJK609n8qcL00t0u8GV9AKLj/nxvnHASlvEltDB7.uW/WUu',1,'I',NULL,NULL),(51,'Amit','Dutt','amitdutt@broad.mit.edu','8578911975','2016-05-31 22:19:00','2016-05-31 22:19:00','amitdutt','$2a$04$g4EVoptsdSPa/kqXpBDxtu7wUSFi/StSBCjfmPrd5vvsCf.x8tM62',1,'A',NULL,NULL),(52,'Aram','Hezel','ahezel@partners.org','617 643 3813','2016-05-31 22:19:00','2016-05-31 22:19:00','ahezel','$2a$04$6cjuajD4fyc5tHOivcDcfuARyHyOago9vWH7BsfpblQyvym93jvpK',24,'A',NULL,NULL),(53,'Ivana','Kim','ivana_kim@meei.harvard.edu','617 573 3367','2016-05-31 22:19:00','2016-05-31 22:19:00','ivana','$2a$04$9rAgiCem5jrVqtSOMML9qeQlHmPVJIoco8rERaz84M9dx3yZg4/de',5,'A',NULL,NULL),(54,'Douglas','Medvetz','dmedvetz@partners.org','617-355-9103','2016-05-31 22:19:00','2016-05-31 22:19:00','dam90','$2a$04$MEDAvdGes5nzWWK5naVCEu90N6WPlMM0UHq6MMJlyyo7TqlwbXcTi',16,'A',NULL,NULL),(55,'Ryan','Bender','rpbender@partners.org','582-8614','2016-05-31 22:19:00','2016-05-31 22:19:00','ChinLab2008','$2a$04$lZZE1Rasrih6F2yo82Zncu4WZrXZesPX0BB.QRm6buv.nGlEB5r86',1,'A',NULL,NULL),(56,'Fran','Hornicek','fhornicek@partners.org','617 724 6802','2016-05-31 22:19:01','2016-05-31 22:19:01','hornicek','$2a$04$HAAfnB4qcn1YjGO1dNmjTu.ZgdqdRBAEU9.eI8DDnS/Nkxw2Xcxci',24,'A',NULL,NULL),(57,'Jonathan','Fletcher','jfletcher@partners.org','617 732 7883','2016-05-31 22:19:01','2016-05-31 22:19:01','fletcher','$2a$04$RnguaOstszDNKEdfrOH1vuJgzuad.voAWlWggdgQ8kfKK5pQruKqG',16,'A',NULL,NULL),(58,'June','Kinoshita','jkinoshita@n-of-one.com','617 669 1706','2016-05-31 22:19:01','2016-05-31 22:19:01','kinoshita','$2a$04$SAEvLoooiZdQaPdeUnvnbu6hjQT1IQ3n7tlrSjc5ZpsR.QsRcXZA2',6,'I',NULL,NULL),(59,'Alex','Ng','sng@rics.bwh.harvard.edu','617-278-0072','2016-05-31 22:19:01','2016-05-31 22:19:01','Alexng','$2a$04$QIBolZjvNRX60PLvGHbOfOFCQNKmQp2Z5rfd0zAciWY.dSYdz02PO',16,'A',NULL,NULL),(60,'Antoni','Ribas','aribas@mednet.ucla.edu','3102063928','2016-05-31 22:19:01','2016-05-31 22:19:01','ribas','$2a$04$HwkAjVEasLsuPgGMC5imS.680enE3Z1ujZ4A6ADKiDDFdcD3nBfdu',7,'A',NULL,NULL),(61,'Chandrani','Mondal','Chandrani_Mondal@dfci.harvard.edu','6175826688','2016-05-31 22:19:01','2016-05-31 22:19:01','cm315','$2a$04$3oiRI7NMj46cOvwBs0LD/eSUxMYFVMwBZvRTVsET38JpIfB63JiFO',1,'I',NULL,NULL),(62,'Anna','Schinzel','anna_schinzel@dfci.harvard.edu','617 632 2376','2016-05-31 22:19:01','2016-05-31 22:19:01','Schinzel','$2a$04$6ZdBbtNidq1Wn.cdnVTB1uy3iAshvuCFjNQpxvYjq3RdxGfBzD65W',1,'A',NULL,NULL),(63,'vikram','Deshpande','vdeshpande@partners.org','6177247741','2016-05-31 22:19:01','2016-05-31 22:19:01','vd019','$2a$04$RvKhjtR3f7fN6ANUqP3wxuSKNBSKWMdwUOQSt8DmAkKANr42AfDaG',24,'A',NULL,NULL),(64,'John','McGrath','johnp_mcgrath@dfci.harvard.edu','6175828668','2016-05-31 22:19:01','2016-05-31 22:19:01','jpmcgrath','$2a$04$X6.8sfkb.mrRUrWlQm5rCOZBBf.uph0R.OjpX8kXALudW5hizDpXq',1,'A',NULL,NULL),(65,'Lauren','Luongo','LaurenA_Luongo@DFCI.HARVARD.EDU','6176325950','2016-05-31 22:19:01','2016-05-31 22:19:01','lal62','$2a$04$ARoqM1.jroA6s27B14u7nuS6KlkVsg7mk.QSXg3Eac7tApJmHDnV.',1,'I',NULL,NULL),(66,'Keith','Ligon','keith_ligon@dfci.harvard.edu','617-632-2357','2016-05-31 22:19:01','2016-05-31 22:19:01','ligonlab','$2a$04$41Mqeow4dFrJInchMJ7GOehxvqP7seArK/F21JAQzem8J67nYWvkW',1,'A',NULL,NULL),(70,'Daniel','Chung','dchung@partners.org','617-726-8687','2016-05-31 22:19:01','2016-05-31 22:19:01','dchung','$2a$04$5An1AAEcszwm3ka1O624ReWjXahZVIp/LAwWnTiC8EwVtMCTZ65xe',24,'A',NULL,NULL),(71,'Henry','Koon','Henry.Koon@UHhospitals.org','(216) 368-1175','2016-05-31 22:19:01','2016-05-31 22:19:01','henrykoon','$2a$04$8y5UyloaACgufGR6f.qSZeNh7W3h7X2KEZzZV46uCajNm0s/3O3Vi',12,'A',NULL,NULL),(72,'Irene','Ghobrial','irene_ghobrial@dfci.harvard.edu','2.4198','2016-05-31 22:19:01','2016-05-31 22:19:01','ghobrial','$2a$04$vvBshUaoxQQJaW.g0SVF8edY0u/CQ73y.mL0p6F7xmb3XoYBTk/g.',1,'A',NULL,NULL),(73,'Ashley','Fairbank','ashley_fairbank@dfci.harvard.edu','617-632-4606','2016-05-31 22:19:01','2016-05-31 22:19:01','afairbank','$2a$04$s0RXOugb1x0K/OcLJ7f5wuF8yAoPSwADtrUef0CHwg7u47chRQJyK',1,'A',NULL,NULL),(74,'Michael','Anglesio','michael.anglesio@petermac.org','+61 3 9656 1287','2016-05-31 22:19:01','2016-05-31 22:19:01','michael.angl','$2a$04$8wcOwDe1QmZ5rXmEmMVWUu5eo4m9Gb9Ininx/w1dtNVqHrCUfPYy2',13,'A',NULL,NULL),(76,'Jonathan','Rosenberg','jonathan_rosenberg@dfci.harvard.edu','617 632 5456','2016-05-31 22:19:01','2016-05-31 22:19:01','rosenberg','$2a$04$woI.N1S3QZCQGIVrL.1kd.idAd9zMns4WGZ242JRh9FpJKjnLaxL6',1,'A',NULL,NULL),(77,'Daniel','Costa','dbcosta@bidmc.harvard.edu','617-667-9236','2016-05-31 22:19:01','2016-05-31 22:19:01','dbcosta@bidm','$2a$04$XHfOJ0TKaWN7Ess2uUSb3ebD700QV1AnVDr9aoVBslO9ozdbpebXW',14,'A',NULL,NULL),(78,'Peter','Guillen','pguillen06@gmail.com','617-956-2004','2016-05-31 22:19:01','2016-05-31 22:19:01','pguillen','$2a$04$9i1jc4M/wtS7D7ih8IUQOO7n5BnODZlQHMZd43ZtzMPDl6cMYFMfq',1,'I',NULL,NULL),(79,'Toni','Choueiri','toni_choueiri@dfci.harvard.edu','617-632-5456','2016-05-31 22:19:01','2016-05-31 22:19:01','tc46','$2a$04$Tag27iJkRZNWhM.gKiMLj.69IRU1AohH27xg7y5D4.1Bf34dtjthO',1,'A',NULL,NULL),(80,'Fabio','Schutz','FabioA_Schutz@DFCI.harvard.edu','617-632-4622','2016-05-31 22:19:01','2016-05-31 22:19:01','fs975','$2a$04$Xa3gfMdnHIoC08LvlczbsOiL5P.TWMjLRCJ/ujfglvTqw23WtSWNW',1,'A',NULL,NULL),(81,'Aimee','Pike','AimeeM_Pike@dfci.harvard.edu','','2016-05-31 22:19:01','2016-05-31 22:19:01','AP595','$2a$04$A1awxxFCrRmc3/2Lzi1OcuaqTjE2/NR3Q9mRDT.KsxS7gbcDRdTyi',1,'I',NULL,NULL),(82,'Mariella','Gruber-Olipitz','mariella_gruber-olipitz@dfci.harvard.edu','6177550949','2016-05-31 22:19:01','2016-05-31 22:19:01','mgo6','$2a$04$PnJjt2tsJU2QSbsgKOFRgeQQyQJsfTVoc5ncM43PQm4EZLm5X5rC6',1,'A',NULL,NULL),(83,'Patrick','Oberholzer','oberholz@broadinstitute.org','617-714-7552','2016-05-31 22:19:01','2016-05-31 22:19:01','oberholz','$2a$04$3tWDk6yrbSiFHXRKRZQ.y.D8y.Fi64km06kHwopPAg4WLY6JMILSe',2,'A',NULL,NULL),(85,'Mike','Chapman','mchapman@broadinstitute.org','617 714 7572','2016-05-31 22:19:01','2016-05-31 22:19:01','mchapman','$2a$04$vwsCr7UKlrGwmpd93TXtieGh3Q.uB6JNrDmOq4Rfg8qwd5ra6nn1G',2,'A',NULL,NULL),(86,'Gayane','Badalian','gayane_badalianvery@dfci.harvard.edu','857-488-9804','2016-05-31 22:19:01','2016-05-31 22:19:01','GBadalian','$2a$04$GdqGwvgIB9SG7dgF6HkkGeAqJaHX4axa4agxgOH1v7Gb5kbdF1dqu',1,'A',NULL,NULL),(87,'Scott','Armstrong','scott.armstrong@childrens.harvard.edu','617-919-2507','2016-05-31 22:19:01','2016-05-31 22:19:01','sa30','$2a$04$JYqMevtSdCVzjfuOYiOBL.YOYD5WrXZJOzZqjO3CZOlfds..0vc16',32,'A',NULL,NULL),(88,'Tim','Heffernan','theffernan@partners.org','582-8338','2016-05-31 22:19:01','2016-05-31 22:19:01','theff','$2a$04$0akG1xxgBFEjxZ8isSAgCuwLkxS50P/MU51XZrf8ePXWf/npB4J5e',1,'A',NULL,NULL),(89,'Athe','Tsibris','atsibris@partners.org','(617)417-1162','2016-05-31 22:19:01','2016-05-31 22:19:01','stethant','$2a$04$SE5VF0Drhw1Mb2aJNUC79.wnVJjEK96mrnSSX8KVo/VB2sEDeC4fe',16,'A',NULL,NULL),(90,'Michael','Berger','berger@broadinstitute.org','617-714-7553','2016-05-31 22:19:01','2016-05-31 22:19:01','mfberger','$2a$04$0Hd0Z6zG80A.IfmCjdCJh.nSlp2yE3a37Xj4rXRW4IMWjwBdk1siq',2,'A',NULL,NULL),(91,'David','Kwiatkowski','dk@rics.bwh.harvard.edu','617-355-9005','2016-05-31 22:19:01','2016-05-31 22:19:01','dk','$2a$04$pYkP2EYzbEdBs6R4LNbIFuT0b1hzs2lgCRq7Vx60aVlCinOgBeVWG',16,'A',NULL,NULL),(92,'Benjamin','Rich','brich@partners.org','','2016-05-31 22:19:01','2016-05-31 22:19:01','brich','$2a$04$kr8mV9AXWAb7uzsIE.RYpeiiTof.Gz/8X5QmkNgYJesyV165hxNPW',1,'A',NULL,NULL),(93,'Christine','Obierika','christine_obierika@dfci.harvard.edu','6172596490','2016-05-31 22:19:01','2016-05-31 22:19:01','co932','$2a$04$1ZJC8L2a2W7HDbfTVq6c7eLeYv0wLrZVUfe1wSx/MfRmJKwF9iDgm',1,'I',NULL,NULL),(94,'Carmelo','Nucera','cnucera@bidmc.harvard.edu','617-5990515','2016-05-31 22:19:02','2016-05-31 22:19:02','cnucera','$2a$04$uIH5IhUmM8g2bQALXiddEOmZIiFqUlriwjlR1lqIZU70WXPErjR5C',24,'I',NULL,NULL),(95,'Cristina','Ferrone','cferrone@partners.org','617 643 6819','2016-05-31 22:19:02','2016-05-31 22:19:02','cferrone','$2a$04$7XQNevoS0opmpu5U8T45f.pxm5fHWWF.E.Y9re2fdPEJw3bb/9jue',24,'A',NULL,NULL),(96,'Laura','Fredenburgh','lfredenburgh@rics.bwh.harvard.edu','617 525-9563','2016-05-31 22:19:02','2016-05-31 22:19:02','lf063','$2a$04$2jpG1gin6pg2eTBZJLk1WO3w2bs9UTWmkRGm7kSRtTcJb5QeD3yvy',16,'A',NULL,NULL),(97,'Hideo','Watanabe','hideo_watanabe@dfci.harvard.edu','617-632-4777','2016-05-31 22:19:02','2016-05-31 22:19:02','hw022','$2a$04$MCRVLrQCezpKHrEpAylHwuYPUPnTJ0vAHyRUO5R62mJTfgvI8CIPO',1,'A',NULL,NULL),(98,'Yanan','Guo','yguo5@rics.bwh.harvard.edu','617-355-9039','2016-05-31 22:19:02','2016-05-31 22:19:02','yg067','$2a$04$oSNOHrLATe/bRX0ADjs.Pe5jZcGLJS4KDXj33C4dK8wWDCeiRkfcS',16,'A',NULL,NULL),(99,'Peter','Hammerman','phammerman@partners.org','617-852-6224','2016-05-31 22:19:02','2016-05-31 22:19:02','phammerman','$2a$04$mmOOVP0/1Lz0vpePK1Pzy.JprhV2r7kdqpey074DjWdJnlI2CE/2i',1,'A',NULL,NULL),(100,'Yang','Liu','Yang_Liu2@DFCI.HARVARD.EDU','617-582-8535','2016-05-31 22:19:02','2016-05-31 22:19:02','tiger','$2a$04$u.6UUv5c740YxgjfijIpxOHMd2NIV70LemgRdgk3uaX0gpc70w19m',1,'A',NULL,NULL),(101,'Lars','Bullinger','lars.bullinger@childrens.harvard.edu','617-919-2510','2016-05-31 22:19:02','2016-05-31 22:19:02','lars.bulling','$2a$04$wF0mIv2BOyxFcgrEXCMk9enG15fSncrAePGv2MhECzR2OTCX9fRLa',32,'A',NULL,NULL),(102,'Jeeyun','Lee','jyunlee@skku.edu','-4367','2016-05-31 22:19:02','2016-05-31 22:19:02','taro111','$2a$04$LbLX0Z3vUx4DBou2ttg3bOiEmMrMdqf.lhyoRcwiq727KeaD8.D4G',23,'A',NULL,NULL),(103,'Frank','Kuo','fkuo@partners.org','1-857-307-1534','2016-05-31 22:19:02','2016-05-31 22:19:02','fkuo','$2a$04$FzuMkPn/LfBql/m./skdpeuB1v15gvzNHatHR7gkXsaH9Mo5V2Pcu',16,'A',NULL,NULL),(104,'Sushruta','Nagarkatti','snagarkatti@partners.org','6177266192','2016-05-31 22:19:02','2016-05-31 22:19:02','sn881','$2a$04$RAR/QjRlQk3Y9VJH92u20u5Z06G5bkN594o7Ofp.OJC4DAY1sBLbq',24,'A',NULL,NULL),(105,'Jesse','Boehm','boehm@broadinstitute.org','617-714-7494','2016-05-31 22:19:02','2016-05-31 22:19:02','jboehm','$2a$04$79UcdVEwPZQO2bpEFb.qLe7Rgm1H9Nv0353oa/.lRTy5v2en.cBBa',2,'A',NULL,NULL),(106,'Jeffrey','Mito','jeffrey.mito@duke.edu','919-681-8683','2016-05-31 22:19:02','2016-05-31 22:19:02','jmito','$2a$04$UXjTg644jJ6cDyTDDCGZJeZdJp35NtA2J4XB6ni.EhYZxNgotxoD6',26,'A',NULL,NULL),(107,'Nikhil','Wagle','nwagle@partners.org','617 596-3957','2016-05-31 22:19:02','2016-05-31 22:19:02','nwagle','$2a$04$/RvH1CsiYInV/YXVck9RUuAkGlbierEObLGvyRlly.RAq8PE1v3uG',1,'A',NULL,NULL),(108,'Robert','Jones','RobertT_Jones@dfci.harvard.edu','6176325950','2016-05-31 22:19:02','2016-05-31 22:19:02','rj956','$2a$04$NLF9DEr/vxysHCmKFJlplegb2/TsEwOeZO5wIqZHVcA2Vl59yDgmy',1,'A',NULL,NULL),(109,'Yariv','Houvras','yhouvras@enders.tch.harvard.edu','(617) 919-2074','2016-05-31 22:19:02','2016-05-31 22:19:02','yhouvras','$2a$04$Bc3A6qAgzEjY4UiCBd7p8.kzVlws/apPChUKUgnAlc.HUpT.W.KfW',32,'A',NULL,NULL),(110,'Amity','Manning','almanning@partners.org','857-526-1728','2016-05-31 22:19:02','2016-05-31 22:19:02','almanning','$2a$04$eIBesNkP9N2fiO/5QmZnZuDAuoQBV3R/EirulSi/nm.PSoZ6aCSSq',24,'A',NULL,NULL),(111,'Katherine','Dunn','katherine_dunn@dfci.harvard.edu','617-955-3417','2016-05-31 22:19:02','2016-05-31 22:19:02','kdunn','$2a$04$lipyEGY.a2Ef/1CTGh7e8eBJsWHZ/W37df/YIV0/VGrv0ICS5qq16',1,'A',NULL,NULL),(112,'James','DeCaprio','james_decaprio@dfci.harvard.edu','617 632-3825','2016-05-31 22:19:02','2016-05-31 22:19:02','jd017','$2a$04$z0JC1KYNQOQbNQFAS.XnoubQKD5WOoqJckJ.yKhfF5fKI/K8yy5mC',1,'A',NULL,NULL),(113,'Shamini','Selvarajah','Shamini_Selvarajah@dfci.harvard.edu','6174558513','2016-05-31 22:19:02','2016-05-31 22:19:02','shamini','$2a$04$r2lMrscv2zGaWxsDyNPhVeeObrIsxQJHS6doKY/6r1S.VN2hUtzBq',1,'A',NULL,NULL),(114,'Nina','Lin','nhlin@partners.org','617-768-8479','2016-05-31 22:19:02','2016-05-31 22:19:02','ninalin','$2a$04$InTDcxn8Ajh4ANZYpWnQfuW0kyuCVDneZyRiTaTvgMijisf7i.Qum',30,'A',NULL,NULL),(116,'Ann','Mullally','amullally@partners.org','6173559091','2016-05-31 22:19:02','2016-05-31 22:19:02','amullal','$2a$04$Z8ANZ3szDAVQkTIaxnpu8ePTeELVWddhWgKHw7n3MCnuz2EO20V6m',16,'A',NULL,NULL),(117,'Eva','Hernando','eva.hernando@med.nyu.edu','1-212-263 9054','2016-05-31 22:19:02','2016-05-31 22:19:02','hernandoeva','$2a$04$8cj68sYcRTblI79KHkiUS.hTfY3G6sSA5LRON/R/gLAAt2GV7k1GC',31,'A',NULL,NULL),(119,'Antoni','Ribas','evoneuw@mednet.ucla.edu','310-983-1262','2016-05-31 22:19:02','2016-05-31 22:19:02','oncomap3','$2a$04$7wxMeyLGs/piWtNKPs0DtejFOjse.Tq.ss71CM7DUOi5Qj.AjwQ9m',7,'A',NULL,NULL),(120,'Monica','Calicchio','monica.calicchio@childrens.harvard.edu','617.919.2495','2016-05-31 22:19:02','2016-05-31 22:19:02','mlcalicchio','$2a$04$HPGhscf1tI66PPRJPOK.d.vKRJetuOy3PGXtUNWhx5J4DtEr8cWWa',32,'A',NULL,NULL),(121,'Sandra','Kirley','skirley@partners.org','617-726-8480','2016-05-31 22:19:02','2016-05-31 22:19:02','sdk3','$2a$04$LZa4qWrozNn7sck7MLpwyeE8w1IGOlACA0Pma0LRyKd0cyNDWN.tu',24,'A',NULL,NULL),(122,'Eejung','Kim','eejung_kim@dfci.harvard.edu','22383','2016-05-31 22:19:02','2016-05-31 22:19:02','ek831','$2a$04$F6NRFf9.SdtuJC09vxmIZeZy.FMpc772L2GWK35cDzlociUqWpE0O',1,'A',NULL,NULL),(123,'Matt','Ducar','MatthewD_Ducar@DFCI.HARVARD.EDU','','2016-05-31 22:19:02','2016-05-31 22:19:02','mducar','$2a$04$ycgWvGmv9ROBimUHtRyqiOkKShS38WiM/LbExnTtCDAgL.9vS6Lpy',1,'A',NULL,NULL),(124,'Brian','Crompton','brian.crompton@childrens.harvard.edu','617-582-8553','2016-05-31 22:19:02','2016-05-31 22:19:02','bcrompton','$2a$04$awAnH.xMLVoCRBTnCejyOOU1lBI2dYwjQTUYlKGjByKp8snZqgtNO',1,'A',NULL,NULL),(125,'Chin-Lee','Wu','CWU2@PARTNERS.ORG','617-726-8454','2016-05-31 22:19:03','2016-05-31 22:19:03','ChinLee','$2a$04$3QkPnDfvyUCDa01KJ5PR/OQaiGNCMpFjLQ9nApReXpJB1XGk8xKXe',24,'A',NULL,NULL),(126,'Meghan','Comeau','comeau.meghan@dfci.harvard.edu','9785058544','2016-05-31 22:19:03','2016-05-31 22:19:03','nc869','$2a$04$LTAWHdEfG3zrQsUIk7QUNuXhBnpcZZ6hwNj6eKj9Ruv2dDVhfvK/6',1,'I',NULL,NULL),(127,'Madhuri','Koti','madhurikoti@gmail.com','613-5332000 x 79055','2016-05-31 22:19:03','2016-05-31 22:19:03','jeremysquire','$2a$04$8dxP3KIT037K4VW0U0vM5ex17IH6gv8hUSloTUtFtR3nTC7AKztUS',33,'A',NULL,NULL),(128,'Youngwook','Kim','young_w_.kim@sbri.co.kr','82-2-2148-7349','2016-05-31 22:19:03','2016-05-31 22:19:03','Youngwook.Ki','$2a$04$taeeqaC4j0SmZvEqk0D01OiEytBo6JCSI1hazvnWPPFvqE6KA8NWW',23,'A',NULL,NULL),(129,'Youngwook','Kim','qedos@hotmail.com','82-2-2148-7349','2016-05-31 22:19:03','2016-05-31 22:19:03','Youngwook.Ki','$2a$04$Z.tkOGnNlCLykkPHxNgBc..UePMWliAe4ON4m2IK4cIl10Cl1nuhi',23,'A',NULL,NULL),(130,'shamini','selvarajah','sselvarajah@partners.org','6174558513','2016-05-31 22:19:03','2016-05-31 22:19:03','shamrose','$2a$04$VICMJda5eEaGClvGManZ6.e6xnHeF347OgGTPGqdCgejDxCOx9lIG',16,'A',NULL,NULL),(132,'Stephen','Mok','smok@mednet.ucla.edu','3108252676','2016-05-31 22:19:03','2016-05-31 22:19:03','ribaslab','$2a$04$mie7HRbKjSRB16g8riA/w.aE4kEYpjg37H7df6Hzq.TLQlvvjF8F2',7,'A',NULL,NULL),(133,'Jingwei','Cheng','jingwei_cheng@dfci.harvard.edu','617-632-4797','2016-05-31 22:19:03','2016-05-31 22:19:03','JC221','$2a$04$xQ51rMkgpqW1Ed9KGO8iOOEhjvaBgEhmPbjAvR8NQ4oE2GuGQPfOy',1,'A',NULL,NULL),(134,'Mark','Kieran','mark_kieran@dfci.harvard.edu','(617) 632-4907','2016-05-31 22:19:03','2016-05-31 22:19:03','mwk0','$2a$04$LWkLV2VLq/gf.K55f7Oo/uNV9Er0bxaekjXUneKtyzHw6DeJCJXWK',1,'A',NULL,NULL),(135,'Matt','Theisen','matthewa_theisen@dfci.harvard.edu','6175828767','2016-05-31 22:19:03','2016-05-31 22:19:03','matheisen','$2a$04$T4Iqh2whfMUKE1QYaR/0h.qKag46LvZPLFgm3nJnVIZJI9UUUqFOq',1,'A',NULL,NULL),(136,'Carmen','Priolo','carmen__priolo@dfci.harvard.edu','6176326461','2016-05-31 22:19:03','2016-05-31 22:19:03','CPriolo','$2a$04$GZAo5Dut3SUYdO9jY3nV4.l3YaGS5VcCxQHzrHAFty0JTx0Y7nmDC',1,'A',NULL,NULL),(137,'Paul','VanHummelen','paul_vanhummelen@dfci.harvard.edu','','2016-05-31 22:19:03','2016-05-31 22:19:03','paulvan','$2a$04$Hor2vfzTbg5IC.TheB1x0uEdu3YUd278APh/7rJDDZi43OJpC.Jyq',1,'A',NULL,NULL),(138,'John','Keilty','john.keilty@infi.com','617-453-1000','2016-05-31 22:19:03','2016-05-31 22:19:03','jkeilty','$2a$04$sRf8T1EkB6o9JAzuVoQ3cef4prIH61gDjInmBVuhvJmF.vnlyE42C',35,'A',NULL,NULL),(139,'Jennifer','Brown','jbrown2@partners.org','617-632-4894','2016-05-31 22:19:03','2016-05-31 22:19:03','jb916','$2a$04$iMI3uJnfIGRM1pWL8ZLoweWgO87w6HDwKpTyWqN8Fx/WF8cqDlYOC',1,'A',NULL,NULL),(140,'Alexi','Wright','alexi_wright@dfci.harvard.edu','617-632-3547','2016-05-31 22:19:03','2016-05-31 22:19:03','alexiwright','$2a$04$oEqtE4Fyhi/3ZjYPmZYdaupE4KJDWnvXO.K6qsl/uoyL6nV0GHk2W',1,'A',NULL,NULL),(141,'Filipe','Martins','filipe_martins@dfci.harvard.edu','6175828073','2016-05-31 22:19:03','2016-05-31 22:19:03','filipecorrei','$2a$04$CQWT9Lh68h3ZFHCbWy9B8uPlOg5J4pP2oBeELO4KJxXjBILnuuR7a',1,'A',NULL,NULL),(142,'Xiangqing','Yang','xiangqing_yang@dfci.harvard.edu','(617)582-8803','2016-05-31 22:19:03','2016-05-31 22:19:03','xyang','$2a$04$c6Tfq/94.BpI22E/GrPppuQHhbZOnLRk.RY2B8l99uNvCNzHFLLty',1,'A',NULL,NULL),(143,'Xiangqing','Yang','xiangqingy@gmail.com','(617)582-8803','2016-05-31 22:19:03','2016-05-31 22:19:03','xyang126','$2a$04$up/AmT72F7CZLmCxkdtHx.6SEXXsyQ4/UHp4s/zXxN6ZO7L/Q/yES',1,'A',NULL,NULL),(144,'Daniel','Auclair','dauclair@broadinstitute.org','617-714-8644','2016-05-31 22:19:03','2016-05-31 22:19:03','auclaird','$2a$04$Evol2bQcIYJ0946IH4exNeR5v0EQAoDmnNTKZBKeYlr1biLU1WghW',2,'A',NULL,NULL),(145,'Elizabeth','Garcia','egarcia7@partners.org','','2016-05-31 22:19:03','2016-05-31 22:19:03','eg804','$2a$04$KcYejsUBl4hNArzzq8byoeWx1fKqmaN5aY.athSlhnhjrvg/UCNtK',16,'A',NULL,NULL),(146,'Victoria','Brown','vebrown@partners.org','617 525 3168','2016-05-31 22:19:03','2016-05-31 22:19:03','vbrown88','$2a$04$Geyi67MCW7xxUoJ1MvggOO6pbpTle8WZPIhklT0PjWdfGeSrCqKYO',16,'A',NULL,NULL),(147,'Lan','Hu','lanhu@jimmy.harvard.edu','','2016-05-31 22:19:03','2016-05-31 22:19:03','hulan','$2a$04$a0tTv6zXPidpSuNH4e7a1.P9M4/Glv/YYT42YnTywtSAza4YOuHZu',1,'A',NULL,NULL),(148,'Jacek','Wardzala','jacek_wardzala@gmail.com','617 632 2204','2016-05-31 22:19:03','2016-05-31 22:19:03','jw500','$2a$04$4IvrYEBppVgHJVfxQ4wPUeDDYaiz.BNjN9Uc7/ww9FW3Ie4HvhXC2',1,'A',NULL,NULL),(150,'Efi','Kokkotou','kthall@bidmc.harvard.edu','617 818 2111','2016-05-31 22:19:03','2016-05-31 22:19:03','kthall','$2a$04$htvmWbFoYnBFGgx7jYU/reNx2b3S9htvQNqe0YYa8rMu/emCiY4yW',36,'A',NULL,NULL),(152,'Joonil','Jung','joonilj@broadinstitute.org','617-714-7579','2016-05-31 22:19:03','2016-05-31 22:19:03','joonilj','$2a$04$tXA0ai7.XrJE8rgYnzPRre36c2wdvxb7B5EzqXdevCrVX2OjnHbH.',2,'A',NULL,NULL),(153,'Kin','Yu','kin.yu@sanofi-aventis.com','6176654222','2016-05-31 22:19:03','2016-05-31 22:19:03','ktysaoncobu','$2a$04$IqV8yfYGO6lUAHPD4u8LfuDAaSLEsR6sckUNkeKidUDQ/UUzBvppe',38,'A',NULL,NULL),(154,'Ravali','Adusumilli','ravali_adusumilli@dfci.harvard.edu','','2016-05-31 22:19:03','2016-05-31 22:19:03','ravali','$2a$04$Fu.lgtn028DHpXq1yISqsepYTK5KZ4qmhZbNR9IfdVNBKn8YRjenO',1,'A',NULL,NULL),(155,'Edward','Stack','edward_stack@dfci.harvard.edu','7818373367','2016-05-31 22:19:03','2016-05-31 22:19:03','ecstack','$2a$04$11k7pDVJpi7ZlzVixojQAu.aePQZwBSs9ChIC/w0rMl1OdJbTxV6.',1,'A',NULL,NULL),(156,'Scott','Swanson','sjswanson@partners.org','6175257532','2016-05-31 22:19:03','2016-05-31 22:19:03','SJS','$2a$04$G3ChQCdQYEaJ6WlbbGwykeIszsXB.MwkUKjpZfy.9tpMe91UChg5y',16,'A',NULL,NULL),(157,'Jeff','DeFrank','jeff_defrank@dfci.harvard.edu','Feb-64','2016-05-31 22:19:03','2016-05-31 22:19:03','JSD1','$2a$04$dFOqErNAI1vrFpw72sNpMe4LaIA5PRMQy4rHM3adNMRY0X1SJVAPO',1,'A',NULL,NULL),(158,'Alex','Huang','alex.huang@sanofi-aventis.com','617-665-4221','2016-05-31 22:19:03','2016-05-31 22:19:03','i0138401','$2a$04$ojvgISES6jMnvtnDDkg2wudx8s9WxCxKxeVhyFGaAg2V/neCFceD6',38,'A',NULL,NULL),(159,'ruchi','joshi','rjoshi1@partners.org','','2016-05-31 22:19:03','2016-05-31 22:19:03','rjoshi','$2a$04$vCx4y2D2f1YceE4HRFDNwOXHpzhBD1iw1HEck5YQlD90FnrEG7IZu',16,'A',NULL,NULL),(160,'Adri','Mills','adri_mills@dfci.harvard.edu','607-229-9054','2016-05-31 22:19:03','2016-05-31 22:19:03','am20','$2a$04$hylkWSzAa95HTjYYfe7hseSfplwEbP7ljGYARApZ3Dmg9y2vahTdO',1,'I',NULL,NULL),(161,'Priscilla','Brastianos','pbrastianos@partners.org','617-632-2199','2016-05-31 22:19:03','2016-05-31 22:19:03','brastianos','$2a$04$XF/oYgmq.8clzOg1xRs2xu.M3IuHhW9p2O3Ans/eMqszA4XryY.Cq',1,'A',NULL,NULL),(164,'Takeshi','Shimamura','takeshi_shimamura@dfci.harvard.edu','617-582-7644','2016-05-31 22:19:03','2016-05-31 22:19:03','tshimamura','$2a$04$11GPXdgp5zdniCP1IWntP.lD9.CxcEsIFGuS7AuEeoBmy90CTMiha',1,'A',NULL,NULL),(165,'Brenton','Mar','brenton.mar@childrens.harvard.edu','617-632-4689','2016-05-31 22:19:03','2016-05-31 22:19:03','brentonmar','$2a$04$bkuXyLgDBVa3gtpEayQtA.G2708Rjc6Z0mdOJ2BUpDaG1Y4pxL1cu',1,'A',NULL,NULL),(167,'Rameen','Beroukhim','rameen@broadinstitute.org','617-582-7941','2016-05-31 22:19:03','2016-05-31 22:19:03','rameen','$2a$04$BTdAydVfTeYjUAx0BG6/LOq4h.G6DioGSKqL/4O1kssHWva5nwELi',1,'A',NULL,NULL),(168,'Youngha','Kim','youngha_kim@dfci.harvard.edu','617-582-4132','2016-05-31 22:19:03','2016-05-31 22:19:03','CMR','$2a$04$CqdjLdHbMoBtgZ4zhWsode496DndZJ6n6pMLi6k5W4Je66lI0r85C',1,'A',NULL,NULL),(169,'Andrea','Myers','apmyers@partners.org','650-714-5706','2016-05-31 22:19:03','2016-05-31 22:19:03','apmyers','$2a$04$YDU5bJQH1ei/fzmXj5fqKeZ.fzbdhOHgbx8hqBaJK4cUzuxgsiaDO',40,'A',NULL,NULL),(171,'Ashwini','Sunkavalli','ashwini_sunkavalli@dfci.harvard.edu','6176326439','2016-05-31 22:19:03','2016-05-31 22:19:03','az975','$2a$04$.7QNUZzPzSyU4J45hssu/eD9U/z/WBveXvvK1I0KVTkQJzawfyO0i',1,'A',NULL,NULL),(172,'Coren','Milbury','coren_milbury@dfci.harvard.edu','617-632-4120','2016-05-31 22:19:03','2016-05-31 22:19:03','cmilbury','$2a$04$AHYkMWEfSRNzxtiGbSw8/.TYmiHuF4BZek5Gud.9AZB0EupAiOiWa',1,'A',NULL,NULL),(173,'Sung-Min','Chun','alsl1000@hanmail.net','8.21034E+11','2016-05-31 22:19:03','2016-05-31 22:19:03','tez','$2a$04$S8a8U3acQW6af5rNXOdw8e0faEbXNwRXRXwRXaJDd8M2/0zvYeB76',1,'A',NULL,NULL),(174,'Josh','Francis','joshua_francis@dfci.harvard.edu','617-714-7586','2016-05-31 22:19:03','2016-05-31 22:19:03','jmf83','$2a$04$sWNydhEYSyFEn3AdkMHALOfWeRdaealRV6CJpehqVDEDRhQdoNbj2',1,'A',NULL,NULL),(175,'Sung-Min','Chun','smchun@amc.seoul.kr','82230105999','2016-05-31 22:19:03','2016-05-31 22:19:03','alsl1000','$2a$04$Osjd58ZyD66wQQdRjfFq8.6R62DDf44Rj8g9pc1xSMIO5OY0A8RbO',1,'A',NULL,NULL),(176,'Steven','Bair','stevenm_bair@dfci.harvard.edu','6176324610','2016-05-31 22:19:03','2016-05-31 22:19:03','sb670','$2a$04$WqgWL/4NE9WG6proxGNuCu41gAX97hKyrIhv2m4obh7xQtB0Mf17W',1,'A',NULL,NULL),(177,'Alex','Kentsis','alex.kentsis@childrens.harvard.edu','6176324130','2016-05-31 22:19:03','2016-05-31 22:19:03','kentsis','$2a$04$VzOGiU/hBjj7imxk7EyGdOOpsQcp1GS4ArVkJvuYBnCYZZ2WxsuKi',32,'A',NULL,NULL),(178,'Sewanti','Limaye','slimaye@partners.org','617-632-3090','2016-05-31 22:19:03','2016-05-31 22:19:03','sl113','$2a$04$d2Uw0f/1Ocba6jUvDbZeY.fMy9Jqc5JHU2n1s2b6TXCkBmr5nkhMu',16,'A',NULL,NULL),(179,'SARA','TOLANEY','stolaney@partners.org','617-632-5743','2016-05-31 22:19:03','2016-05-31 22:19:03','stolaney','$2a$04$dhSlL5MMov6Ajd3D5XZSp.mhZ/J/KieHOQhLARH3p1HczovjMCdIC',1,'A',NULL,NULL),(180,'Bjoern','Chapuy','Bjoern_Chapuy@dfci.harvard.edu','1(617)6323881','2016-05-31 22:19:03','2016-05-31 22:19:03','bchapuy','$2a$04$NlsLR1De005rk4D1./aVpOwVZM/PKDsXtvV9z7cracPhUvrbqGK7.',1,'A',NULL,NULL),(182,'Peleg','Horowitz','phorowitz@partners.org','773-480-5987','2016-05-31 22:19:03','2016-05-31 22:19:03','horowitz','$2a$04$JvFbxOMYQNz/L3Z8K.JZAO8/GVtrhGvHKwRYLbdb8edDDmvJdB6fK',2,'A',NULL,NULL),(183,'Brian','Goodman','bmgoodman@partners.org','617-525-6784','2016-05-31 22:19:03','2016-05-31 22:19:03','bmgoodman','$2a$04$giqLZOCsraUvD1P9pfRAdup9OH4Z62.8dWDdBVs3LGNbYFLuF2dIi',16,'A',NULL,NULL),(184,'Sandro','Santagata','ssantagata@partners.org','617-732-7532','2016-05-31 22:19:03','2016-05-31 22:19:03','santas01','$2a$04$97GC8DpS5tPTYMsWu9HyNOzLW0I9A/qRYxDlPe6ilPeVhwFyH2pOG',16,'A',NULL,NULL),(185,'Oliver','Weigert','oliver_weigert@dfci.harvard.edu','617-582-8868','2016-05-31 22:19:03','2016-05-31 22:19:03','oweigert','$2a$04$jm4oCLTa1/TPJA7sHaMSq.WO3VWvlR34YgXhGiLr/QdBBYAiZvXgu',1,'A',NULL,NULL),(186,'David','Hsu','hsu00018@dm.duke.edu','919-684-1739','2016-05-31 22:19:03','2016-05-31 22:19:03','swdhsu','$2a$04$5V.DrHo4RZYacgr2bntA3.tan2XtZPBqIrVxsA5FHTiFSyv9KgPMm',44,'A',NULL,NULL),(188,'Joshua','Uronis','ju12@duke.edu','+1 919 684 1591','2016-05-31 22:19:03','2016-05-31 22:19:03','hsulab','$2a$04$EpQQV7h7mq3ev0q7i0sUjuR5lmXwqKbfIP9QqRMPMr8lK6yWMtAEW',44,'A',NULL,NULL),(215,'Xuesong','Zhao','xuesong_zhao@dfci.harvard.edu','617 632 6174','2016-05-31 22:19:04','2016-05-31 22:19:04','snowpine','$2a$04$T9ZVs3fWSWzwWcQfzDEQeepIMfZQBFJXw4uxBFK.AdcgRgoC3b3u2',1,'A',NULL,NULL),(216,'YF','Wong','yfwong@partners.org','6172780196','2016-05-31 22:19:04','2016-05-31 22:19:04','yfwong','$2a$04$k7SJgYsRPDjlKMLaSwHLT.21dO6m4IgE0XfASZhlHMjZ583tN2JbC',16,'A',NULL,NULL),(217,'Aymen','Elfiky','Aymen_Elfiky@dfci.harvard.edu','617-632-5456','2016-05-31 22:19:04','2016-05-31 22:19:04','ae955','$2a$04$uHYQXfMNXR/eF.MC0U0I4uqd8Icti1RRuU8SW37ZRh.x399EI06wq',1,'A',NULL,NULL),(218,'Simone','Hettmer','simone_hettmer@dfci.harvard.edu','617 632-4550','2016-05-31 22:19:04','2016-05-31 22:19:04','Wagerslab','$2a$04$kQ2HHqgWW8Iw.EC1BHOXWeIM93dF/OHZieAZnpOalsPCnD.TQ3Rdy',1,'A',NULL,NULL),(219,'Constantine','Mitsiades','constantine_mitsiades@dfci.harvard.edu','617-632-1962','2016-05-31 22:19:04','2016-05-31 22:19:04','cmitsiades','$2a$04$8jGRwcZvK5aeK5xs37zF3.xgS0aLuB0BCIv/dEsoE9F2PS2/iirWK',1,'A',NULL,NULL),(220,'Louise','Koopman','louise_koopman@dfci.harvard.edu','617-632-6922','2016-05-31 22:19:04','2016-05-31 22:19:04','lkoopman','$2a$04$KuKdDyi5knmUk9PDsEMk7.EUtH53Y7s1m2fUkB6ctOnHJhXN/..yC',48,'A',NULL,NULL),(221,'David','Weinstock','dweinstock@partners.org','24245','2016-05-31 22:19:04','2016-05-31 22:19:04','weinstod','$2a$04$hjkFB0iZIXGRgBlf2KuhCu0H1.j4guKaxC/fmCBygBGPUmHr0YFC2',1,'A',NULL,NULL),(224,'Heidi','Greulich','heidig@broadinstitute.org','617-714-7475','2016-05-31 22:19:04','2016-05-31 22:19:04','heidigreulic','$2a$04$DIvhq8kmFyIuDXNqs7m3xOVC.91tmieEOb6nee04bmMkZZ1nWZRy6',1,'A',NULL,NULL),(225,'Catriona','Hayes','catrionaa_hayes@dfci.harvard.edu','6175829895','2016-05-31 22:19:04','2016-05-31 22:19:04','cathayes','$2a$04$87zHw/HVIljkIV9Y.AuC6eYnpVKiW7DTY9tftp3HdxKtgMIMzNwHy',1,'A',NULL,NULL),(226,'Gerburg','Wulf','gwulf@bidmc.harvard.edu','617 331 7772','2016-05-31 22:19:04','2016-05-31 22:19:04','gwulf','$2a$04$lT8QzPD3/TtHU.lGETR6Ae8tWthNvYj0wU/AqgXZK.CfK4PoYhWJ6',14,'A',NULL,NULL),(227,'Carmelo','Nucera','carmnuce@libero.it','617-599-0515','2016-05-31 22:19:04','2016-05-31 22:19:04','carmnuce','$2a$04$erzjZ6l.DjTXt3B.3buO9emidX9qxnLbcqG/CYqmOVgDN8mczKMuK',51,'A',NULL,NULL),(228,'Claudius','Conrad','cconrad@partners.org','617-726-2000 pager 1','2016-05-31 22:19:04','2016-05-31 22:19:04','cconrad','$2a$04$XNRZStSbsDmcRMRrkvpgKOa03ZRAC3JhcQw5ObHGPireRS8t9OYDq',24,'A',NULL,NULL),(229,'Larissa','Lee','llee@lroc.harvard.edu','617 331-9665','2016-05-31 22:19:04','2016-05-31 22:19:04','ljl14','$2a$04$PjL.gpcfblCAAxkVMDa3rOhpRd.QAU9gQx3dxhH7QO5Fh8xRsPL7K',16,'A',NULL,NULL),(230,'Megan','Lampron','Megan_Lampron@dfci.harvard.edu','617-632-5914','2016-05-31 22:19:04','2016-05-31 22:19:04','mel89','$2a$04$7nLUx1FIXO8fOrZWMOpKNei2ZCnYKaUGost434PZ3Pydw89W13WUy',1,'A',NULL,NULL),(231,'David','Kozono','dkozono@lroc.harvard.edu','617-582-8237','2016-05-31 22:19:04','2016-05-31 22:19:04','dkozono','$2a$04$q8ENwSJmEqCy33vEBcgJIO1rUmr7O.g1oX6MekknfJi3Yq08wphT2',52,'A',NULL,NULL),(232,'Sushma','Gurumurthy','sguru0@gmail.com','617-582-6598','2016-05-31 22:19:04','2016-05-31 22:19:04','sushguru','$2a$04$RN9B0pt.DZvxyNm1zL3eauXeO.xM9vNY/WpxQI6nQO6CBxGdcNp/W',53,'A',NULL,NULL),(233,'Laura','Schubert','laura_schubert@dfci.harvard.edu','6176326688','2016-05-31 22:19:04','2016-05-31 22:19:04','ls298','$2a$04$gFHRq5A.lvWNWdEGRirWTeEdibLk/ofzf3zBDjTi2wSL39fKhil9e',52,'A',NULL,NULL),(234,'franklin','huang','fwhuang@partners.org','6175555555','2016-05-31 22:19:04','2016-05-31 22:19:04','fhuang','$2a$04$a2WoEd6q/Md7CFQsDQUuQeyTzi.05ZDpkyzK/6e3pr5ZnSfhpjkQG',52,'A',NULL,NULL),(235,'himabindu','ramachandrareddy','himabindu_ramachandrareddy@dfci.harvard.edu','617-632-4749','2016-05-31 22:19:04','2016-05-31 22:19:04','bindubcl6','$2a$04$Do6CGP6.iP3y8Jxvgnn/oOKAuumtq5xsGwXwdDNd3ZZsW5eJHY8xy',1,'A',NULL,NULL),(237,'Yuji','Mishima','yuji_mishima@dfci.harvard.edu','617-582-8535','2016-05-31 22:19:04','2016-05-31 22:19:04','yuji_mishima','$2a$04$T1pGbM/KH.cyHvZhOLyHhOWVBhHxHNza0CDAHo5akEL8.qpBLNoCa',53,'A',NULL,NULL),(238,'Shakti','Ramkissoon','sramkissoon@partners.org','617-582-8767','2016-05-31 22:19:04','2016-05-31 22:19:04','Shak2012','$2a$04$cHfu80EEk/rHEHLR.tvuuubaiqjP.ZuXfobawgv68m4EfMBJjHZWm',52,'A',NULL,NULL),(239,'Kevin','Elias','kelias1@partners.org','6154280480','2016-05-31 22:19:04','2016-05-31 22:19:04','kevinelias','$2a$04$MDsYyqRCMn6UWyBUak/OheDP8AX4V5jZse76JQe9Zp1E7RIWPpR2y',54,'A',NULL,NULL),(240,'David','Barbie','dbarbie@partners.org','617-632-3614','2016-05-31 22:19:04','2016-05-31 22:19:04','dbarbie','$2a$04$0ZoAiK6UlKUFKfQZyhrUT.Lr2RRCVNWDwzzbqzEIJOD0/u5joeToe',1,'A',NULL,NULL),(242,'Michael','DiGiovanni','mjdigiovanni@beckman.com','978-204-3110','2016-05-31 22:19:04','2016-05-31 22:19:04','Michael','$2a$04$Ok1Rnz5MTqWAP4Jdhkbb5.qNP6kNfhZELfgwk0xKqT21NoN05wYme',55,'A',NULL,NULL),(243,'Eva','Goetz','evam_goetz@dfci.harvard.edu','214-478-9836','2016-05-31 22:19:04','2016-05-31 22:19:04','evagoetz','$2a$04$MuwMfhHb6QioSPFypZFaI..epO3YKTqFfN0oT2HUaQ2nsLFI7vuie',52,'A',NULL,NULL),(244,'Jonathan','Wasserman','jonathan.wasserman@sickkids.ca','4168137654x28949','2016-05-31 22:19:04','2016-05-31 22:19:04','jdwass','$2a$04$DF9LNEzrRbArRW8WQGpLO.DLwOAuSN0FUd1o8LNGqTK7kLtDEF2Oy',56,'A',NULL,NULL),(245,'Adam','Bass','adam_bass@dfci.harvard.edu','617-407-9275','2016-05-31 22:19:04','2016-05-31 22:19:04','ajb12','$2a$04$3/CkaQZFknkDx5YQ6l.PVea2c4WC7uS1a6swv5DOiigKNdoZl1ghO',52,'A',NULL,NULL),(246,'Anna','Cooley','AnnaC_Cooley@DFCI.HARVARD.EDU','617 58-28643','2016-05-31 22:19:04','2016-05-31 22:19:04','cooleya','$2a$04$cdXzGoGIBqyvcWSzs6.9LOhrRCfgX6hKfZElEK5RPVmIcLD1YLV0q',52,'A',NULL,NULL),(247,'Rhamy','Zeid','rhamyzeid@fas.harvard.edu','617-632-4658','2016-05-31 22:19:04','2016-05-31 22:19:04','rz042','$2a$04$old/NDQWv7lz7l/XlkCq8uokpz4oHtBJxcuOS9vJaW4w7S3OpRPB6',57,'P',NULL,NULL),(249,'Brenton','Paolella','brenton_paolella@dfci.harvard.edu','(617) 582-7948','2016-05-31 22:19:04','2016-05-31 22:19:04','snomiester','$2a$04$BGof8W7gRvjAXYWSdtYyL.Q8c/Dz/MOkxsVaiUF45SFXYI0U3aEuu',52,'P',NULL,NULL),(250,'Aaron','Thorner','Aaron_Thorner@dfci.harvard.edu','27253','2016-05-31 22:19:04','2016-05-31 22:19:04','athorner','$2a$04$A2/NkvlxpXmrCEkaFpVl0.j4taroUxI0lg/KQzqIVTXQXg5G.s7fa',52,'A',NULL,NULL),(251,'Geoffrey','Oxnard','goxnard@partners.org','617-632-6049','2016-05-31 22:19:04','2016-05-31 22:19:04','gro4','$2a$04$sh1xpKz4FCEpg0Ztza4iV.kjGBLgYc6M14.QnuyNPVrmL.5SKTGGC',1,'A',NULL,NULL),(252,'Joyce','Liu','joyce_liu@dfci.harvard.edu','617-632-5269','2016-05-31 22:19:04','2016-05-31 22:19:04','joyceliu','$2a$04$CQHBsE3zUFCS7qg3ubTsxeEg38KNb/JaYdQe.B46zCAG/xq6jyHdi',1,'A',NULL,NULL),(253,'Rachel','Liao','rienstra@broadinstitute.org','6177147557','2016-05-31 22:19:04','2016-05-31 22:19:04','rliao','$2a$04$oEbnEdBXssy8wl9KyQmr1eJU1k4DjWeyLB3orNbwC650cQaiFnsFu',58,'A',NULL,NULL),(254,'Adri','Mills','aamills@gmail.com','123-456-7890','2016-05-31 22:19:04','2016-05-31 22:19:04','am20b','$2a$04$QftfvQyA33O5wJjszjkm6eVDMXWUaPO/Znp7V6Qdh8n.EwyV0NVla',52,'I',NULL,NULL),(255,'Hauke','Cornils','hauke_cornils@dfci.harvard.edu','617-632-4343','2016-05-31 22:19:04','2016-05-31 22:19:04','hauke_cornil','$2a$04$LJOLJ.R4gzpBk9qf40yEBek35uNw46ubBrT4YnpzF.fma5769GHTa',53,'A',NULL,NULL),(256,'Emanuele','Palescandolo','epalesca@its.jnj.com','3214604741','2016-05-31 22:19:04','2016-05-31 22:19:04','epalesca','$2a$04$Yyl8caUsfenjWulIS4hlMe1nKw/S5MRd8G0fQeUOnfYaG99KkiZdK',59,'A',NULL,NULL),(257,'Kathleen','Yates','kathleen_yates@dfci.harvard.edu','617-582-8874','2016-05-31 22:19:04','2016-05-31 22:19:04','kb686','$2a$04$1AbL5ABU589Fxrwn2.LmcuFGP6Ry0KXutxitWE4Dvm7bCErkZXcAW',1,'A',NULL,NULL),(258,'Ami','Bhatt','asbhatt@broadinstitute.org','617-714-7559','2016-05-31 22:19:04','2016-05-31 22:19:04','asbhatt','$2a$04$0t8J1eOxaSvdxZI.P0Q4pe899Flvb7tCJI8SfERgqjnV5/S01eFgC',52,'A',NULL,NULL),(259,'Alejandro','Gutierrez','alejandro.gutierrez@childrens.harvard.edu','617-919-3660','2016-05-31 22:19:04','2016-05-31 22:19:04','alejandro.gu','$2a$04$SEScHwI6u4I.6BBqP6cyoeQyJ5m1awIvQOvmx8qTKPfo2dJR2jTn2',60,'A',NULL,NULL),(260,'Prakash','Rao','prakash_rao@dfci.harvard.edu','617 582 9813','2016-05-31 22:19:04','2016-05-31 22:19:04','prakashrao','$2a$04$XTSeLH3OKivZErD5r3zLqO5tKK5bPznQZK6Doi.ZyqjHxgYH5t8DW',53,'A',NULL,NULL),(261,'Jeffrey','Sorrell','jeffrey_sorrell@dfci.harvard.edu','617-632-1952','2016-05-31 22:19:04','2016-05-31 22:19:04','jds53','$2a$04$A42uZEjbjVbTQnu/gc/9Uut1ieFuKQCmemn4qZrdp0O7k4wlPd9PC',53,'A',NULL,NULL),(262,'Nathan','Moerke','nathanmoerke@gmail.com','8572252576','2016-05-31 22:19:04','2016-05-31 22:19:04','nmoerke','$2a$04$jGIojLR/SBAV9FLLU.fTaeLSbBZYmqr9wJbM3a6dtzfmlrTQXlrl2',61,'A',NULL,NULL),(263,'Charles','Roberts','charles_roberts@dfci.harvard.edu','617-632-6497','2016-05-31 22:19:04','2016-05-31 22:19:04','kim','$2a$04$DCqLJ6iSR2IEboPV5BbR1.MY1K8rL0YVEq5hLrFRWo7LZXy3O6C4q',1,'A',NULL,NULL),(264,'Kimberly','Stegmaier','kimberly_stegmaier@dfci.harvard.edu','617-632-4985','2016-05-31 22:19:04','2016-05-31 22:19:04','charles','$2a$04$dkvymsBzILN4nuCvGcYVyeiRrClmml0vST4NDlCHvGRGUbYdpmynq',1,'A',NULL,NULL),(265,'Cecile','Maire','cecile_maire@dfci.harvard.edu','617 582 8765','2016-05-31 22:19:04','2016-05-31 22:19:04','cecilemaire','$2a$04$Hg75.0d0PLkBkrEv9bWKZ.6TBHQ9cUV64MIHRrK3s0CYck.MkP7iW',52,'A',NULL,NULL),(266,'Ryan','Abo','ryanp_abo@dfci.harvard.edu','','2016-05-31 22:19:04','2016-05-31 22:19:04','rpa4','$2a$04$Mf1KU1CxGH6yTOZKFcrqb.e1MRNDjw8Lz97l70QobqTlxPmHNiXJG',53,'A',NULL,NULL),(267,'Jack','Lepine','jackr_lepine@dfci.harvard.edu','617-582-8643','2016-05-31 22:19:04','2016-05-31 22:19:04','lepinej','$2a$04$48Z1xFGJ1/PSCBpD2HPnIe27cWhDWe15lSBPFhmRlBSmbZQHqiuVi',1,'A',NULL,NULL),(268,'Abhishek','Chakraborty','abhishek_chakraborty@dfci.harvard.edu','6176324745','2016-05-31 22:19:04','2016-05-31 22:19:04','achakraborty','$2a$04$lRO.GQ5dtC4FSGLKV9oSmep.20GpN.FtlbPU6er4Wdynks5cFHEVu',52,'A',NULL,NULL),(269,'Ling','Lin','ling_lin@dfci.harvard.edu','617-582-8893','2016-05-31 22:19:04','2016-05-31 22:19:04','ll620','$2a$04$j/PIS52986o45g8MfBDPWuzHaHRRxhm3Nlo7uVqr6uxNNbbbUMGsu',53,'A',NULL,NULL),(270,'Akinyemi','Ojesina','ojesina@broadinstitute.org','617-714-7570','2016-05-31 22:19:04','2016-05-31 22:19:04','ojesina','$2a$04$iL9Bui2aHo9pNudbx/Oay.KtTsG3P7uwRNHBgKitntGTJ/Eig4v2S',1,'A',NULL,NULL),(271,'Michael','Rosu-Myles','michael.rosu-myles@hc-sc.gc.ca','613-954-8742','2016-05-31 22:19:04','2016-05-31 22:19:04','mrosumyl','$2a$04$xeme0IeK.Qb8vN5ihp8k1uiSfOYvAGLMzpXUmLCVDcXMjBQezTkYy',62,'A',NULL,NULL),(272,'Andrew','Hong','andrew.hong@childrens.harvard.edu','6176323270','2016-05-31 22:19:04','2016-05-31 22:19:04','ah90','$2a$04$6243GVN4mXsCHDnIFOcG1.ULiX116VwFe.isj3Tu1d9N.BeOZdvv6',63,'A',NULL,NULL),(273,'Giovanni','Roti','Giovanni_Roti@dfci.harvard.edu','6175827631','2016-05-31 22:19:04','2016-05-31 22:19:04','rotigiova','$2a$04$9AocfpxrIWRmNojEfJ7CFe7NOA9d66YrpB0gcwPyPQIuIykiTr40O',1,'A',NULL,NULL),(274,'Andre','Fay','Andre_Fay@DFCI.HARVARD.EDU','6175139895','2016-05-31 22:19:04','2016-05-31 22:19:04','af638','$2a$04$KfxZF2SdUryg/Ib54vILfeoo1D.Dy6SdzwLcHjuB6XlDt8oO/lNQS',1,'A',NULL,NULL),(275,'Michalina','Janiszewska','michalina_janiszewska@dfci.harvard.edu','618-582-8755','2016-05-31 22:19:04','2016-05-31 22:19:04','mjanisze','$2a$04$prrcPTNS6gQmqm8t2ZQIq.oXtnDiMpMEpFxTyQ8ZBd1KUtIdWcxIe',52,'A',NULL,NULL),(276,'Robert','Barnitz','robert_barnitz@dfci.harvard.edu','6175827625','2016-05-31 22:19:04','2016-05-31 22:19:04','rab72','$2a$04$zJi.3FRqe7/C1oG7zXcCy.qOodE/6b4oFi1loL4VPcgTrhRR1VfMy',1,'A',NULL,NULL),(277,'Shiliang','Cao','Shiliang_Cao@dfci.harvard.edu','7044514511','2016-05-31 22:19:04','2016-05-31 22:19:04','sc20','$2a$04$/wHI/tE8coFNaIU2xJSBue9Hj1MofginJsvkX574NpWcBiWF1ZrmS',53,'A',NULL,NULL),(278,'Susan','Moody','semoody@partners.org','267-980-8978','2016-05-31 22:19:04','2016-05-31 22:19:04','sem42','$2a$04$hNcild4rZYFo6B6rpRhrTuMWsBmVbsuy1qsT6W3VRurVSKqMrWEJy',1,'A',NULL,NULL),(279,'Salomon','Manier','salomon_manier@dfci.harvard.edu','8573996947','2016-05-31 22:19:04','2016-05-31 22:19:04','Salomonmanie','$2a$04$bX0QEKKXhPAFPX5zkpa6oOXvw6LHQqNDHHfx0583Hg4kmjNnTZb42',52,'A',NULL,NULL),(280,'Srunphut','Pukma','pukmas@emmanuel.edu','6178510303','2016-05-31 22:19:04','2016-05-31 22:19:04','pukmas1991','$2a$04$gJ4TB1Iqbd8ZRQkSuso/RuvJluW5Gv2U/pRql9xPVAd8cyxeCEs7e',64,'P',NULL,NULL),(281,'Atsush','Nonami','Atsushi_Nonami@dfci.harvard.edu','8572419779','2016-05-31 22:19:04','2016-05-31 22:19:04','an892','$2a$04$hkaxPRaUmGrKpfhSEZ5dTugedtlSH24wtBhQ14jQi7Tf82OvT9vSm',52,'A',NULL,NULL),(282,'ASLI','MUVAFFAK','asli_muvaffak@dfci.harvard.edu','617-582-8789','2016-05-31 22:19:04','2016-05-31 22:19:04','aslim','$2a$04$9PZcwnGb7eDFQj1mFi5FyeGEab95jmaW5yNBgUa893guv.in9wu4C',52,'A',NULL,NULL),(283,'Melanie','Prasol','Melanie_Prasol@dfci.harvard.edu','','2016-05-31 22:19:04','2016-05-31 22:19:04','mp197','$2a$04$ejwUO242/.xYYZUxeWatI.xjROwJIrNgdsop.qHKPQzZo70KGr/HK',53,'P',NULL,NULL),(284,'Stephanie','Mullane','stephanie_mullane@dfci.harvard.edu','617-632-2397','2016-05-31 22:19:04','2016-05-31 22:19:04','smullane','$2a$04$0Y1SEbHHE4yXYEhe7Rua2uSjgYfaS8bIcMpLSqpTExd9jjLeRFu.m',52,'A',NULL,NULL),(285,'Ganesh','Shankar','gshankar@partners.org','805-796-0878','2016-05-31 22:19:04','2016-05-31 22:19:04','gshankar','$2a$04$qBC3zZixKyGdjAe9n8phXeUAEeA9bRT8gjwmojKJ4CDPwNzDhHfm6',2,'A',NULL,NULL),(286,'James','Amatruda','james.amatruda@utsouthwestern.edu','214-648-1645','2016-05-31 22:19:04','2016-05-31 22:19:04','amatrudalab','$2a$04$8Gj5SDgPBe77t1gpi/QdSeb.RvZvkIunhuIwtbwMTm/i2Fl8Axg/i',65,'A',NULL,NULL),(287,'Ho-Chou','Tu','hochoutu@gmail.com','3145181002','2016-05-31 22:19:04','2016-05-31 22:19:04','Daleylab','$2a$04$V3E8TymcAgqdMbRi9SxKm.RGbarnY3DqWtmQxJmHD4m.8q8e62Vvy',32,'A',NULL,NULL),(288,'Oliver','Weigert','olver.weigert@helmholtz-muenchen.de','+49.89.3187.1402','2016-05-31 22:19:04','2016-05-31 22:19:04','oliver.weige','$2a$04$sB3qiZ.5jjOU2sHv5EGhi.//g4W8djH1zeYYPlICUgp2XHCjHi/De',66,'A',NULL,NULL),(289,'Atish','Choudhury','achoudhury@partners.org','6176324524','2016-05-31 22:19:04','2016-05-31 22:19:04','achoudhury','$2a$04$KFGIVNzWheAgog6OltBVNuaEVrliZUPzEKp2wjpo5L1jOhcuvS.jm',1,'A',NULL,NULL),(290,'Johann','Hoeftberger','johann_hoeftberger@dfci.harvard.edu','','2016-05-31 22:19:04','2016-05-31 22:19:04','JHoeftberger','$2a$04$dsfUoLwAZGMsupRUvKfFneNh3Eq4PCItOMwFlMh/u.FuEUmO6nRSq',53,'A',NULL,NULL),(291,'Peter','Choi','peter_choi@dfci.harvard.edu','6176322930','2016-05-31 22:19:04','2016-05-31 22:19:04','pchoi','$2a$04$IVrSnr4SPOJ04.dtmEB0ZexmuAtREx0g51Kw1v0LYM0GU8Kzaa.aO',1,'A',NULL,NULL),(292,'Coleman','Lindsley','coleman_lindsley@dfci.harvard.edu','617-997-3715','2016-05-31 22:19:04','2016-05-31 22:19:04','clindsley','$2a$04$EqZZMjYJeuH9sDWko0ASbOPcZ1QFz8gie//7x.u6oMt8Ymw1U2tzy',52,'A',NULL,NULL),(293,'Julide','Celebi','julide.celebi@mountsinai.org','347-247-1576','2016-05-31 22:19:04','2016-05-31 22:19:04','julidecelebi','$2a$04$AOu.6/tQtRR90l1.1/nLRue0x.hdmU6.LqKvBZ8gAu8FVsBU8xpfK',67,'A',NULL,NULL),(294,'Michael','Nehil','michael_nehil@dfci.harvard.edu','8312477018','2016-05-31 22:19:04','2016-05-31 22:19:04','mnehil','$2a$04$HYhk47fSy91/r3ReJd.L/.bbytnZyi6nG88TWU8R68nP2KCSX8u4W',52,'A',NULL,NULL),(295,'Abner','Louissaint','alouissaint@partners.org','(617) 943-2890','2016-05-31 22:19:04','2016-05-31 22:19:04','alouissa','$2a$04$Iji725J6ErFdaicCeviGS.vRcY5161OPVf1Hn6vlMqgX/Z3NB4e8C',52,'A',NULL,NULL),(296,'Leena','Gandhi','Leena_Gandhi@dfci.harvard.edu','617-632-6049','2016-05-31 22:19:04','2016-05-31 22:19:04','lgandhi','$2a$04$e/QrSz3n/IdalyRM60p/C.9P4vq8oaxJLQbiKTxVwmZbXR9quCTWe',52,'A',NULL,NULL),(297,'Rebecca','Chin','rchin1@bidmc.harvard.edu','6177352484','2016-05-31 22:19:04','2016-05-31 22:19:04','chinlab','$2a$04$pECjXYAhK3kj2CR9fdDwpOMeqaaAcRINw0jCnChFtEqxaG7P9JE4i',68,'A',NULL,NULL),(298,'Florian','Heitz','florian.heitz@gmx.net','4.92012E+12','2016-05-31 22:19:04','2016-05-31 22:19:04','Fheitz','$2a$04$70mAMBH23v2RV8Em/IJf9eQGglfWA8c1oTdSh9nG.9y9jIHkhhUIa',69,'A',NULL,NULL),(299,'Linda','Bi','lbi@partners.org','203-645-9485','2016-05-31 22:19:04','2016-05-31 22:19:04','wbi','$2a$04$e.IZg7gEw7y.bC5cmUO3Me5dEnwu9ZyjP6GKY7Rd1RTYQFXvjA/hO',70,'A',NULL,NULL),(300,'Andrew','Lane','andrew_lane@dfci.harvard.edu','617-632-4589','2016-05-31 22:19:04','2016-05-31 22:19:04','aal17','$2a$04$jNIHASCFb28FIiVBgqQeoezYfAbQCmcoUnmSIiWt7/uTJLEiceAIy',52,'A',NULL,NULL),(301,'Pankaj','Agarwalla','agarwalla@gmail.com','617-726-2000','2016-05-31 22:19:04','2016-05-31 22:19:04','agarwalla','$2a$04$9NInxRCYWKgoeF.cNTQxyuYOxehqPPPyqjS2C/ZfjcIOSFR2iPFie',52,'A',NULL,NULL),(302,'Kent','Mouw','kmouw@partners.org','617-632-5145','2016-05-31 22:19:04','2016-05-31 22:19:04','kmouw','$2a$04$HzrbgNp4.pTSmPR/a7wJRe4ASNd6zTfrbHUe.Cx.M99KpKYvaio7e',1,'A',NULL,NULL),(303,'Mark','Murakami','Mark_Murakami@DFCI.harvard.edu','617-582-9171','2016-05-31 22:19:04','2016-05-31 22:19:04','mym97','$2a$04$OXJVBEc2yf9qsP5I5vk1aehF0pFyw67gXhCOZ5AW0Ztjn1FUBMq3q',53,'A',NULL,NULL),(304,'Thomas','Melchardt','t.melchardt@salk.at','0043-662-4482','2016-05-31 22:19:04','2016-05-31 22:19:04','t.melchardt@','$2a$04$fNXuskF/a08nyGjA950BNuJagKCF2ps4zHf9EgpyttiwdjXlI8U2G',71,'A',NULL,NULL),(305,'Sam','Hunter','samuels_hunter@dfci.harvard.edu','208-546-9229','2016-05-31 22:19:04','2016-05-31 22:19:04','shunter','$2a$04$gX9idpj7shtiYxy/JysjYO./2R0nnyE01EemLG4LYH//hr/dHQtVK',53,'A',NULL,NULL),(306,'Melissa','Burns','melissa.burns@childrens.harvard.edu','617-919-7011','2016-05-31 22:19:04','2016-05-31 22:19:04','melissa.burn','$2a$04$HHOOqDkVoAySuk.UIXM9xe3v49zv8DqeXdt2daYcqjvqaMzzTdXS.',60,'A',NULL,NULL),(307,'Sima','Zacharek','sima_zacharek@dfci.harvard.edu','617-582-8026','2016-05-31 22:19:04','2016-05-31 22:19:04','simazac','$2a$04$9WHtmhT8jm9mWdJZkcz2gOHXJu7HrAVxqbNJvpH.AEEnq/lFg/3KS',52,'A',NULL,NULL),(308,'Harshabad','Singh','hsingh3@partners.org','617-620-3201','2016-05-31 22:19:04','2016-05-31 22:19:04','harshabadsin','$2a$04$iW1x18dTVHM/cfip3ub4aOfK8K.ATg4RauTnR0YTngsUcq.Qx3BqC',53,'A',NULL,NULL),(309,'Raphael','Koch','raphael_koch@dfci.harvard.edu','6174879588','2016-05-31 22:19:04','2016-05-31 22:19:04','rkoch','$2a$04$9K77Bj6JqNextx6RMnTzLeQY5sqkHv0gpoXsDwTv2HeioeOrrdfO.',53,'A',NULL,NULL),(310,'Volker','Blank','volker.blank@mcgill.ca','5145 340 8260','2016-05-31 22:19:04','2016-05-31 22:19:04','Volker','$2a$04$Qi.Dx0VXNdF3k3KWjB0pn.wwXZP7A9ZlMP/DqXnTK2JKfEK/CH5P2',72,'P',NULL,NULL),(311,'Elizabeth','Townsend','elizabethc_townsend@dfci.harvard.edu','617 582-8868','2016-05-31 22:19:04','2016-05-31 22:19:04','Townsend','$2a$04$SFsaHIxWPGSed/ISNGA.qeVf0QGB2gIXR9TiYRVpwKcsO8wUieHlG',64,'A',NULL,NULL),(312,'Brooke','Howitt','bhowitt@partners.org','6175257295','2016-05-31 22:19:04','2016-05-31 22:19:04','brookehowitt','$2a$04$JEBI2xr1lUpGUvUUiaCghu3EJgClbVkLMfgZCedW.qMF3phru12u2',73,'A',NULL,NULL),(313,'Christopher','Gibson','christopher_gibson@dfci.harvard.edu','617-510-9454','2016-05-31 22:19:04','2016-05-31 22:19:04','christopher_','$2a$04$oE/pxuGHE7iZ2GaG7aZByOD9Yh.TWyM/A5wiVzA.5qwR9QPUu.8GG',74,'A',NULL,NULL),(314,'Lori','Ramkissoon','lori_ramkissoon@dfci.harvard.edu','617-582-8768','2016-05-31 22:19:04','2016-05-31 22:19:04','ramkissl','$2a$04$L4QBAznXw9xVBqwtpOWGt.WcQril4k0rna8Fp7XYKtDnvMxSnnQFi',52,'A',NULL,NULL),(315,'Amanda','Balboni','amandal_balboni@dfci.harvard.edu','3397881634','2016-05-31 22:19:05','2016-05-31 22:19:05','balbonia','$2a$04$/VYH/gTzpNSEHqmfEJ78NO.vNDVSE/0ufXnGp3xlczk2YTi7.lDgm',52,'P',NULL,NULL),(316,'Monica','Manam','monicad_manam@dfci.harvard.edu','7036597016','2016-05-31 22:19:05','2016-05-31 22:19:05','mdm68','$2a$04$LO7Ey1l.6RxkNjbaUv/YEeSBn5NPjOMFWJrgekN/lLLN5SotV/UcG',52,'A',NULL,NULL),(317,'Catherine','Coleman','Catherine_Coleman@DFCI.HARVARD.EDU','617-632-5078','2016-05-31 22:19:05','2016-05-31 22:19:05','ccoleman','$2a$04$Fa4vNNgsfNDy1RPdXX21juJbB0.W2cMTFH/xiWeQ4TFNvLeObjCjC',52,'A',NULL,NULL),(318,'HENRY','LONG','henry_long@dfci.harvard.edu','8576543824','2016-05-31 22:19:05','2016-05-31 22:19:05','henry_long@d','$2a$04$WXO6FKMLzkz9R4yN79wm/epZ5jqdeFbNNGHH4mAVMciK2UVAlUg8K',75,'A',NULL,NULL),(319,'Dave','Rothfarb','dave.rothfarb@daverothfarb.com','555-555-5555','2016-05-31 22:19:05','2016-05-31 22:19:05','rothfarb-test','$2a$04$hPWKVH8aq/XM5XJdR/l9dO/oRMasz0xIhmfeIfS7oCv5mreI6HEva',52,'A',NULL,NULL);
/*!40000 ALTER TABLE `users` ENABLE KEYS */;
UNLOCK TABLES;
/*!40103 SET TIME_ZONE=@OLD_TIME_ZONE */;

/*!40101 SET SQL_MODE=@OLD_SQL_MODE */;
/*!40014 SET FOREIGN_KEY_CHECKS=@OLD_FOREIGN_KEY_CHECKS */;
/*!40014 SET UNIQUE_CHECKS=@OLD_UNIQUE_CHECKS */;
/*!40101 SET CHARACTER_SET_CLIENT=@OLD_CHARACTER_SET_CLIENT */;
/*!40101 SET CHARACTER_SET_RESULTS=@OLD_CHARACTER_SET_RESULTS */;
/*!40101 SET COLLATION_CONNECTION=@OLD_COLLATION_CONNECTION */;
/*!40111 SET SQL_NOTES=@OLD_SQL_NOTES */;

-- Dump completed on 2016-05-31 18:21:11
